no;nama_tempat;kategori;jenis_tempat;lokasi;keterangan;status_viral;viral_sejak;dasar_viral_sejak;kelurahan_desa;kecamatan;kota_kabupaten;provinsi;negara;latitude;longitude;presisi_koordinat;catatan_lokasi;jumlah_artikel;keyword_pencarian;judul_artikel_sumber;link_sumber
1;Amikan by Siki;Kafe;Kafe Jepang kontemporer;Bali (Nusa Dua, ITDC);"Sando, donburi, matcha; sun bed view laut";Rekomendasi (tidak disebut viral eksplisit);Tidak disebut;;Benoa;Kuta Selatan;Kab. Badung;Bali;Indonesia;-8797;11523;Kelurahan/desa/kawasan;Kawasan ITDC Nusa Dua;1;restoran viral;Deretan Restoran Baru di Bali Paling Hits, Tempat Makan Estetik dan Kuliner Kekinian Viral - jogja.disway.id - Disway Jogja;https://news.google.com/rss/articles/CBMi0gFBVV95cUxPT2dseWE4cXZrdGZTY3pMZjU4SFJoZXBMMC05VzRYUGZpd0lRTUhEOGJVa1VHZU4tQnRiOXdQaVh4TDRRVVFrVHV0Y0tyTk5KdVdpOXFMSUpwNWxMQ2NnS2R6Q2pkU1NkVE5GZEVUVHZ4c012MDJSdzlRNzZ6RC1TQ0RBRFRGdXE4Z01oYVk4M3V5aXBybFBRQXoxR1k0OGlPcUZzd2VZUGVBNUNfbWwwWHRRVXpwRllDeFZURXlnZG5YMXdvWnYxLWFwaEhrcFg5TXfSAcIBQVVfeXFMT0ZTVTZ0amgwRVdPSWxDX19ORElrdGxVTjZ1ZWNDcWdZLXR2NzlFQXVzc2FQWUFaZlpILTN5bGtvYjJKeTJHWDFSUVRLM3ZMRE53Rjh3WW5FTDd2bVFZeW5kUm5hU2dqeGhRMS14VzVxX2VPTEZtS3FtVUt3V1RPOU9BcTRRZUdGcFlWemdqanE4c0xSaTVJazQ1WVlyMWtCQ2FLYk9TNERhblhCOElwNjR1b2NqN0d4OGVGVnJZdFdwVlE?oc=5
2;Jue Kopi;Kafe;Kopi Vietnam;Bandung (Cibeunying Utara);Kopi Vietnam;Rekomendasi (tidak disebut viral eksplisit);Tidak disebut;;Cihapit;Bandung Wetan;Kota Bandung;Jawa Barat;Indonesia;-69046;1076246;Kelurahan/desa/kawasan;Jl. Taman Cibeunying Utara;1;kuliner viral;Rekomendasi kuliner viral di sepanjang Jalan Cibeunying Utara Bandung - ANTARA News Jawa Barat;https://news.google.com/rss/articles/CBMisgFBVV95cUxPRV94MWQ2eWQzQ001amJ1ak1yM3Q3V2tEeUxSOElwaHFTc1U3NmY1WWtHOVJtR2JxR2pSY0ZKOFNMY1lyM2pjSkdscW14TlFIUW43N2VDbjBWR3lENmhpeTdfMjdkWDBBZVlxTkdTaGVmeTdsV1oyQTVkUDNhSjI3eUtPY3hyVHIzemVHZk9tbFNkVUVwR3A3RWNReWxQUHIwOEtHN2VQV0ViSDBjeUY0ek5n0gG3AUFVX3lxTFA1YmxRUlJvQ0tZa1BvYlZDU18xTWZ2aG9pbW9PZndseW5fSXItSXMwam9mak1NSzhLVF9IQUQ3djBsLXFZSWsxdTNRTzBUdWU2WkFaS1lZR1p0Z1QxQnZPV0V5WS1FaUtObG9MMjF4Y0lEbWNPTVBITUxVc1JqU21CRTdkaFNMWnZ2aHp1Z1lLMmFBSEZTYWNXLUVnZ1VIQ3czMExCcUtTUEtTcEpKdnB4OF9EMi1Oaw?oc=5
3;Bagelicious;Kafe;Bakery cafe;Bandung (Jl. R.E. Martadinata);"Bagel sandwich; tempat nongkrong";Disebut viral/hits/antre;Tidak disebut;;Citarum;Bandung Wetan;Kota Bandung;Jawa Barat;Indonesia;-69052;107615;Kelurahan/desa/kawasan;Jl. R.E. Martadinata (Jl. Riau);1;tempat makan viral;13 Tempat Makan Hits dan Viral di Bandung Yang Wajib Kamu Kunjungi - TripZilla Indonesia;https://news.google.com/rss/articles/CBMiZ0FVX3lxTFBOYktCUGo5UEpQNWNnbkowTm0wUW1tOEU4YlBYU1gwdlRfUzBYQ0hBOTRHU19PZGJlX1I5c3ZER2dOQ3lUQ0k4S0t6aWU0czJiblh2OFB0QTlnQUt1VlBGS0RhSmpUY3c?oc=5
4;Toko Kopi Pasar Cihapit (Toko Kopi 1810);Kafe;Toko kopi;Bandung (Pasar Cihapit);Kopi arabika/robusta;Disebut viral/hits/antre;Tidak disebut;;Cihapit;Bandung Wetan;Kota Bandung;Jawa Barat;Indonesia;-69063;1076219;Titik tempat (perkiraan);Pasar Cihapit;1;kuliner viral;Rekomendasi Kuliner Viral Pasar Cihapit Bandung: Dari Brownies Kunafa hingga Warung Bu Eha Legendaris - ANTARA News Jawa Barat;https://news.google.com/rss/articles/CBMi2wFBVV95cUxPczVFYVg3NlJQTDRVa2dDZW16aFd4NERYUU1ibUFKZDB5YnZIMzhrYUNtMURLcnVoSkxpT1RpRS1mN2NYN0NQSXVGMkRHRWRqQ05mc3hlQzJtOEpJME9fbk5oRWxXcUJTUWJxWHBLVktIaVBDRHJ4eE5TYUEwSjVNOVNCbndpb3BwYmFaOHZEVnFvZXIyUlJsa0tiUDZSa2cwXzFWSEpkREgyNlIzQWxJY2w5YTRZazhnMVdGbzNWS0xVWXVkY09TcWFuczhnbkJRN2JHeHJiQTVTdjjSAeABQVVfeXFMT2Q0ckx4c0FCeVVqQ25HS0lQejR2aXdNR1ZMRHNQYlFkOXhxSXVKVHlxOFVDLUdxVXBwVFJNZE82eHRLY3lUWXlOOFBZR0p0NVhzQ2N3a2RMN3BuQmdoLWMzMExTQXNQMXp4eURrekJnLWQxaUg1Qi1uUDE0RzZDMFZWQ05UWGp2eGNnUTVYNkJsb29wNHdmSWpXZFBRSlFJcWpncG0tU2dWYzBHT1UxazFISVc0Qm9vYno5X0VFWlpDQzIwYldDcjZjYm1kaXVjaXBrNHQyWlRmUC1TNjhqY0s?oc=5
6;Maevan Cafe;Kafe;Kafe view laut;Bantaeng, Sulawesi Selatan (dekat Pantai Lamalaka);"Viral di Bantaeng; sunset view";Disebut viral/hits/antre;Tidak disebut;;Lamalaka;Bantaeng;Kab. Bantaeng;Sulawesi Selatan;Indonesia;-5554;119943;Kelurahan/desa/kawasan;Dekat Pantai Lamalaka;1;kuliner viral;VIRAL DI BANTAENG! MAEVAN CAFE HADIRKAN SURGA KULINER DENGAN PESONA SUNSET MEMIKAT! - Digital Desa;https://news.google.com/rss/articles/CBMizgFBVV95cUxQcHJVWWF6SG1sSW01bncyaVlMb1pYV3FkZFdyOG95bFBMa3I0dnhmeEd4dW1jSFZwSjIwMHp3eHVTbVdtdjRMX2MzWHNmQjN6aVBpUnp5U18zSmtzNGVGVjNDRXhmNzFTb0wyM3V5ME50emNFRTRMc09rUlRtaVB1bTdrMDNoZ1FZMDV4amttVkFGRDZHZy1OdnViQW1ZdTBMUlNlbUdMRVNtUW1uMXBiZ1JlZXFhOFdNUTAxT01LbVNsbm1aQ1BxMU0yRDJTUQ?oc=5
7;Kinanthi Coffee & Eatery;Kafe;Kafe;Batam (Batam Kota);Cafe baru viral;Disebut viral/hits/antre;Tidak disebut;;;Batam Kota;Kota Batam;Kepulauan Riau;Indonesia;1135;104051;Pusat kecamatan;;1;cafe viral;Viral di Batam, Ini 5 Cafe Baru Hits yang Cocok Buat Nongkrong Santai - Batam Pos;https://news.google.com/rss/articles/CBMipgFBVV95cUxNUFVBR2RnWUVmVFhjdWJqRERMRXNIc2VSS29TUXJzT205NFpraXlhUEo5VGlaczlmcWJmdDZkVmdEWmNFTzVwbmRRTTlKa1BKOWNVYklmS2pMS2dwZkxHT203czZGVDc3cmFyS1JqUkVRRVI3T092Zk5pcHZNeGFWLTdKa09FTEk3Y3RRdEZSeXpSVVJpSkw0R1RRTXlveVhBU3VqQWhB?oc=5
8;Grind Now Coffee Bar;Kafe;Specialty coffee;Batam (Lubuk Baja);Cafe baru viral;Disebut viral/hits/antre;Tidak disebut;;;Lubuk Baja;Kota Batam;Kepulauan Riau;Indonesia;1147;104008;Pusat kecamatan;;1;cafe viral;Viral di Batam, Ini 5 Cafe Baru Hits yang Cocok Buat Nongkrong Santai - Batam Pos;https://news.google.com/rss/articles/CBMipgFBVV95cUxNUFVBR2RnWUVmVFhjdWJqRERMRXNIc2VSS29TUXJzT205NFpraXlhUEo5VGlaczlmcWJmdDZkVmdEWmNFTzVwbmRRTTlKa1BKOWNVYklmS2pMS2dwZkxHT203czZGVDc3cmFyS1JqUkVRRVI3T092Zk5pcHZNeGFWLTdKa09FTEk3Y3RRdEZSeXpSVVJpSkw0R1RRTXlveVhBU3VqQWhB?oc=5
9;Blite's Coffee;Kafe;Kafe;Batam (Sagulung);Cafe baru viral;Disebut viral/hits/antre;Tidak disebut;;;Sagulung;Kota Batam;Kepulauan Riau;Indonesia;1045;10397;Pusat kecamatan;;1;cafe viral;Viral di Batam, Ini 5 Cafe Baru Hits yang Cocok Buat Nongkrong Santai - Batam Pos;https://news.google.com/rss/articles/CBMipgFBVV95cUxNUFVBR2RnWUVmVFhjdWJqRERMRXNIc2VSS29TUXJzT205NFpraXlhUEo5VGlaczlmcWJmdDZkVmdEWmNFTzVwbmRRTTlKa1BKOWNVYklmS2pMS2dwZkxHT203czZGVDc3cmFyS1JqUkVRRVI3T092Zk5pcHZNeGFWLTdKa09FTEk3Y3RRdEZSeXpSVVJpSkw0R1RRTXlveVhBU3VqQWhB?oc=5
10;Pretty Please Coffee;Kafe;Kafe;Batam (Sukajadi);Cafe baru viral;Disebut viral/hits/antre;Tidak disebut;;Sukajadi;Batam Kota;Kota Batam;Kepulauan Riau;Indonesia;1127;10402;Kelurahan/desa/kawasan;;1;cafe viral;Viral di Batam, Ini 5 Cafe Baru Hits yang Cocok Buat Nongkrong Santai - Batam Pos;https://news.google.com/rss/articles/CBMipgFBVV95cUxNUFVBR2RnWUVmVFhjdWJqRERMRXNIc2VSS29TUXJzT205NFpraXlhUEo5VGlaczlmcWJmdDZkVmdEWmNFTzVwbmRRTTlKa1BKOWNVYklmS2pMS2dwZkxHT203czZGVDc3cmFyS1JqUkVRRVI3T092Zk5pcHZNeGFWLTdKa09FTEk3Y3RRdEZSeXpSVVJpSkw0R1RRTXlveVhBU3VqQWhB?oc=5
11;Ruang Tamu Slow Bar Roastery;Kafe;Kafe;Batam (Taman Baloi);Kopi signature rempah;Rekomendasi (tidak disebut viral eksplisit);Tidak disebut;;Taman Baloi;Batam Kota;Kota Batam;Kepulauan Riau;Indonesia;1128;104043;Kelurahan/desa/kawasan;;1;tempat makan viral;Jelajah Kuliner Batam: 5 Tempat Makan Baru dengan Menu Unik dan Instagramable - Batam Pos;https://news.google.com/rss/articles/CBMisAFBVV95cUxQcGtrWlJTU0pvQnY4Q3I4cXB6eVlzSTlwaW9nQ2VrS1hPcVlHWEVjZk02RW9uaDdYVVNyWVZ1d3RhRkVONzVuT016eXpHYlp6N3VReFZJRDh4cEItNnNvZ3dmYUthNXlIblJVTk5yTDV4b1poMk5CNktpUl9VeEJfLWEtRS1rTThDVVVLekV0Vmw4SDZiMUNIaWNWU2dneW1NMy01VkxpeG1qc0pXcEVmNA?oc=5
12;odd by Common Space;Kafe;Kafe;Batam (Teluk Tering);Cold brew tap;Rekomendasi (tidak disebut viral eksplisit);Tidak disebut;;Teluk Tering;Batam Kota;Kota Batam;Kepulauan Riau;Indonesia;114;104066;Kelurahan/desa/kawasan;;1;tempat makan viral;Jelajah Kuliner Batam: 5 Tempat Makan Baru dengan Menu Unik dan Instagramable - Batam Pos;https://news.google.com/rss/articles/CBMisAFBVV95cUxQcGtrWlJTU0pvQnY4Q3I4cXB6eVlzSTlwaW9nQ2VrS1hPcVlHWEVjZk02RW9uaDdYVVNyWVZ1d3RhRkVONzVuT016eXpHYlp6N3VReFZJRDh4cEItNnNvZ3dmYUthNXlIblJVTk5yTDV4b1poMk5CNktpUl9VeEJfLWEtRS1rTThDVVVLekV0Vmw4SDZiMUNIaWNWU2dneW1NMy01VkxpeG1qc0pXcEVmNA?oc=5
13;Kenz's Hill Cafe & Resto;Kafe;Kafe & resto outdoor;Batu, Malang (Coban Rais / Batu Flower Garden);"Viral TikTok/IG; panorama 360, sunrise, citylight";Disebut viral/hits/antre;Tidak disebut;;Oro-oro Ombo;Batu;Kota Batu;Jawa Timur;Indonesia;-7908;112498;Kelurahan/desa/kawasan;Dekat Coban Rais / Batu Flower Garden;1;cafe viral;Viral di Medsos, Kenz’s Hill Cafe & Resto Batu Suguhkan Panorama 360 Derajat, Sunrise hingga Citylight Point - BACAMALANG.COM -;https://news.google.com/rss/articles/CBMixgFBVV95cUxNa1QzbmxJazNkMmtwVk9TMDRQZ0JPZmhaSnpFNjRubXZ0NEkzbm1PanU4ZXNyMlZvUV9uQjRCaU9kZkZNb3FycjR6ZFB4aHlKUzNvNUJGWmxxS3h1Ym9xVVBlZ2d2cVFjTmVoLXo4X3ZBM0Q4N2Y1MFhMN3JkTGgxbTh6dGotbWM4ejlfelotUm5BMk9DTmtTaXJ4Y3JWWFBVLTMyYnYtbk4wellER2tVUGpZZXZiV0kwVk5Sb0tBbWVrVnY0VlE?oc=5
14;Atas Langit;Kafe;Kafe/restoran view alam;Bogor (Babakan Madang);Spot healing, view alam;Rekomendasi (tidak disebut viral eksplisit);Juni 2026;Periode disebut di judul artikel;;Babakan Madang;Kab. Bogor;Jawa Barat;Indonesia;-659;1069;Pusat kecamatan;;1;tempat makan viral;10 Restoran Baru di Bogor Juni 2026 - nibble.id;https://news.google.com/rss/articles/CBMiZkFVX3lxTFBzNzNTZlc5MXpMVGVkSzg3OHFPVlBRWGhUOVE1MnlKcVJrMGU0dk5EQkEtTG5JUXlKaER6RkxuTVg1LWxuY3RHUmdQSWgwLVY3SjRlRVpTNFNaeFhGb25iRzZFeVY4dw?oc=5
15;The Layer Cafe;Kafe;Kafe;Bogor (Megamendung);View pegunungan;Rekomendasi (tidak disebut viral eksplisit);Juni 2026;Periode disebut di judul artikel;;Megamendung;Kab. Bogor;Jawa Barat;Indonesia;-6665;106915;Pusat kecamatan;;1;tempat makan viral;10 Restoran Baru di Bogor Juni 2026 - nibble.id;https://news.google.com/rss/articles/CBMiZkFVX3lxTFBzNzNTZlc5MXpMVGVkSzg3OHFPVlBRWGhUOVE1MnlKcVJrMGU0dk5EQkEtTG5JUXlKaER6RkxuTVg1LWxuY3RHUmdQSWgwLVY3SjRlRVpTNFNaeFhGb25iRzZFeVY4dw?oc=5
16;Warisan Kopi;Kafe;Kedai kopi;Bogor (Sentul);"Di tengah hutan pinus; buka Mei 2026";Rekomendasi (tidak disebut viral eksplisit);Mei 2026;Tanggal buka disebut di keterangan;;Babakan Madang;Kab. Bogor;Jawa Barat;Indonesia;-657;106875;Pusat kecamatan;Kawasan Sentul;1;tempat makan viral;10 Restoran Baru di Bogor Juni 2026 - nibble.id;https://news.google.com/rss/articles/CBMiZkFVX3lxTFBzNzNTZlc5MXpMVGVkSzg3OHFPVlBRWGhUOVE1MnlKcVJrMGU0dk5EQkEtTG5JUXlKaER6RkxuTVg1LWxuY3RHUmdQSWgwLVY3SjRlRVpTNFNaeFhGb25iRzZFeVY4dw?oc=5
17;Tamelo;Kafe;Rooftop cafe;Depok (Apartemen Taman Melati lt.25);Rooftop hits, city light Depok-Jakarta;Disebut viral/hits/antre;Tidak disebut;;Pondok Cina;Beji;Kota Depok;Jawa Barat;Indonesia;-6369;106832;Titik tempat (perkiraan);Apartemen Taman Melati Margonda;1;tempat makan viral;🍽️ [Paling Update] 30+ Tempat Makan di Depok Untuk Pecinta Kuliner! - TripZilla Indonesia;https://news.google.com/rss/articles/CBMiYkFVX3lxTE1vVTJYVFBITm10T3lIQ05wcllWUEtpYnFmc3NVUU43NWJIQTNYV3NvQk9lMGtrLXh3RmtvSVJMMTItNnVtV1l2ZzRCRTFaUzNXdUMzb1R6eE9CY0ZKNElXMFdB?oc=5
18;Heiko Matcha;Kafe;Kafe matcha;Jakarta (Blok M Hub);Aneka matcha;Disebut viral/hits/antre;Tidak disebut;;Melawai;Kebayoran Baru;Kota Jakarta Selatan;DKI Jakarta;Indonesia;-6244;1068;Titik tempat (perkiraan);Blok M Hub;1;kuliner viral;10 Kuliner Viral di Blok M Hub Jakarta, Dari Ayam Pedas Hingga Cimol Keju - TripZilla Indonesia;https://news.google.com/rss/articles/CBMiaEFVX3lxTE1hMzNEQlAtQzVGN2tVbURBclltWU5Sczdac2xycDN1MHJmSDktdFFhMjExY0k4eEtTMU5WN0VhSURHWkZaOFRQNmZsb1ZLSE5zYVBRY2VsMnV2c3NCT0Z4MGpuVE80VVhY?oc=5
30;Passion Cafe + Bar;Kafe;Kafe;PIK Avenue, Jakarta Utara;Afternoon tea set;Disebut viral/hits/antre;Tidak disebut;;Kamal Muara;Penjaringan;Kota Jakarta Utara;DKI Jakarta;Indonesia;-6109;10674;Titik tempat (perkiraan);PIK Avenue;1;cafe viral;10 Kafe Hits dan Viral di PIK, Tempat Nongkrong Estetik Favorit Anak Muda - Inilah.com;https://news.google.com/rss/articles/CBMiZkFVX3lxTE8tQkwxNG5QNnNiYUZOUEZRQkZIcVVwLUkwUjB0Tklac0wtRUNkTVlrS2g5TzFVc0E5bUxvemlENVBYdGkyZW9KU2V6VV9oR0thUlk5RHVEY0VSclVDM0Y0RDlXQWlSUQ?oc=5
31;The Coffee Academics;Kafe;Coffee shop;PIK Avenue, Jakarta Utara;Manuka Latte, Okinawa Coffee;Disebut viral/hits/antre;Tidak disebut;;Kamal Muara;Penjaringan;Kota Jakarta Utara;DKI Jakarta;Indonesia;-6109;10674;Titik tempat (perkiraan);PIK Avenue;1;cafe viral;10 Kafe Hits dan Viral di PIK, Tempat Nongkrong Estetik Favorit Anak Muda - Inilah.com;https://news.google.com/rss/articles/CBMiZkFVX3lxTE8tQkwxNG5QNnNiYUZOUEZRQkZIcVVwLUkwUjB0Tklac0wtRUNkTVlrS2g5TzFVc0E5bUxvemlENVBYdGkyZW9KU2V6VV9oR0thUlk5RHVEY0VSclVDM0Y0RDlXQWlSUQ?oc=5
32;70 Fahrenheit;Kafe;Coffee shop;PIK, Jakarta Utara;Signature coffee, Luwak coffee;Disebut viral/hits/antre;Tidak disebut;;Kamal Muara;Penjaringan;Kota Jakarta Utara;DKI Jakarta;Indonesia;-611;106742;Kelurahan/desa/kawasan;Kawasan PIK 1;1;cafe viral;10 Kafe Hits dan Viral di PIK, Tempat Nongkrong Estetik Favorit Anak Muda - Inilah.com;https://news.google.com/rss/articles/CBMiZkFVX3lxTE8tQkwxNG5QNnNiYUZOUEZRQkZIcVVwLUkwUjB0Tklac0wtRUNkTVlrS2g5TzFVc0E5bUxvemlENVBYdGkyZW9KU2V6VV9oR0thUlk5RHVEY0VSclVDM0Y0RDlXQWlSUQ?oc=5
33;LIMA;Kafe;Kafe;PIK, Jakarta Utara;Signature cakes, pastries;Disebut viral/hits/antre;Tidak disebut;;Kamal Muara;Penjaringan;Kota Jakarta Utara;DKI Jakarta;Indonesia;-611;106742;Kelurahan/desa/kawasan;Kawasan PIK 1;1;cafe viral;10 Kafe Hits dan Viral di PIK, Tempat Nongkrong Estetik Favorit Anak Muda - Inilah.com;https://news.google.com/rss/articles/CBMiZkFVX3lxTE8tQkwxNG5QNnNiYUZOUEZRQkZIcVVwLUkwUjB0Tklac0wtRUNkTVlrS2g5TzFVc0E5bUxvemlENVBYdGkyZW9KU2V6VV9oR0thUlk5RHVEY0VSclVDM0Y0RDlXQWlSUQ?oc=5
34;Raum Cream Cafe;Kafe;Boutique cafe;PIK, Jakarta Utara;Cream cakes, cream puff;Disebut viral/hits/antre;Tidak disebut;;Kamal Muara;Penjaringan;Kota Jakarta Utara;DKI Jakarta;Indonesia;-611;106742;Kelurahan/desa/kawasan;Kawasan PIK 1;1;cafe viral;10 Kafe Hits dan Viral di PIK, Tempat Nongkrong Estetik Favorit Anak Muda - Inilah.com;https://news.google.com/rss/articles/CBMiZkFVX3lxTE8tQkwxNG5QNnNiYUZOUEZRQkZIcVVwLUkwUjB0Tklac0wtRUNkTVlrS2g5TzFVc0E5bUxvemlENVBYdGkyZW9KU2V6VV9oR0thUlk5RHVEY0VSclVDM0Y0RDlXQWlSUQ?oc=5
35;Scarlett's Cafe;Kafe;Bakery cafe;PIK, Jakarta Utara;Poured tiramisu;Disebut viral/hits/antre;Tidak disebut;;Kamal Muara;Penjaringan;Kota Jakarta Utara;DKI Jakarta;Indonesia;-611;106742;Kelurahan/desa/kawasan;Kawasan PIK 1;1;cafe viral;10 Kafe Hits dan Viral di PIK, Tempat Nongkrong Estetik Favorit Anak Muda - Inilah.com;https://news.google.com/rss/articles/CBMiZkFVX3lxTE8tQkwxNG5QNnNiYUZOUEZRQkZIcVVwLUkwUjB0Tklac0wtRUNkTVlrS2g5TzFVc0E5bUxvemlENVBYdGkyZW9KU2V6VV9oR0thUlk5RHVEY0VSclVDM0Y0RDlXQWlSUQ?oc=5
36;Social Affair;Kafe;Kafe;PIK, Jakarta Utara;Martabak croissant, nasi gila;Disebut viral/hits/antre;Tidak disebut;;Kamal Muara;Penjaringan;Kota Jakarta Utara;DKI Jakarta;Indonesia;-611;106742;Kelurahan/desa/kawasan;Kawasan PIK 1;1;cafe viral;10 Kafe Hits dan Viral di PIK, Tempat Nongkrong Estetik Favorit Anak Muda - Inilah.com;https://news.google.com/rss/articles/CBMiZkFVX3lxTE8tQkwxNG5QNnNiYUZOUEZRQkZIcVVwLUkwUjB0Tklac0wtRUNkTVlrS2g5TzFVc0E5bUxvemlENVBYdGkyZW9KU2V6VV9oR0thUlk5RHVEY0VSclVDM0Y0RDlXQWlSUQ?oc=5
37;USU Matcha & Tea Bar;Kafe;Tea bar;PIK, Jakarta Utara;Matcha;Disebut viral/hits/antre;Tidak disebut;;Kamal Muara;Penjaringan;Kota Jakarta Utara;DKI Jakarta;Indonesia;-611;106742;Kelurahan/desa/kawasan;Kawasan PIK 1;1;cafe viral;10 Kafe Hits dan Viral di PIK, Tempat Nongkrong Estetik Favorit Anak Muda - Inilah.com;https://news.google.com/rss/articles/CBMiZkFVX3lxTE8tQkwxNG5QNnNiYUZOUEZRQkZIcVVwLUkwUjB0Tklac0wtRUNkTVlrS2g5TzFVc0E5bUxvemlENVBYdGkyZW9KU2V6VV9oR0thUlk5RHVEY0VSclVDM0Y0RDlXQWlSUQ?oc=5
38;Mady's Gelato, Cafe and Grill;Kafe;Kafe view laut;Pangandaran;Cafe hits menghadap laut lepas;Disebut viral/hits/antre;Tidak disebut;;Pananjung;Pangandaran;Kab. Pangandaran;Jawa Barat;Indonesia;-7698;108655;Kelurahan/desa/kawasan;;1;cafe viral;Menyusuri Cafe Viral yang Menghadap Laut di Pangandaran - 20detik;https://news.google.com/rss/articles/CBMiqwFBVV95cUxPd0R6cURLSVBiVTh2cVg2cFFkSTNhaFJXUDEtYU5lT2tJUE9jMVV5RzBxODFUOUVVNlhOQ19hSHBpWDZVaWdxVmpSMk16NURhRkt2YmdWNFF6d3pFc1RWbHJoZDRSQVc5bDZaNEZfMXcyb1VjUjBudmZKRmgtRE5QV1pZbjU4MW1RQlN3R3R5Y3BXMzdNVV9UYUxMOXFEd3FycU8yMm1ZZFRPcGs?oc=5
39;Motel Mexicola;Kafe;Restoran/kafe instagramable;Seminyak, Bali;Cafe hits, tempat instagramable;Disebut viral/hits/antre;Tidak disebut;;Seminyak;Kuta;Kab. Badung;Bali;Indonesia;-8686;115156;Kelurahan/desa/kawasan;;1;cafe viral;Mengunjungi Cafe Viral yang Instagramable di Seminyak, Bali - 20detik;https://news.google.com/rss/articles/CBMirwFBVV95cUxNTnQ3S2VJQkhxbGhTNndVaTBXdHRBcDZTbkJya1lUY3lEd0xLN1VQbERSR0lyZ0JxQ09fRG9Pcm5PLTFYWUVTVENRdVFkV29KMGw1emU1X0tXWnRQTE15VU1NN25iTjhVSEVHQzFhTnF6QmZFRHJSOTRKSUswc29Fd1g4Y256cDRNd0FxdnZ3dU9Bd2NsZXdpY3ZiUmpKX3E5aFVickNBa2VBamhTWm0w?oc=5
40;Dasawarsa Coffee Roasters;Kafe;Coffee roaster;Yogyakarta;Roasting sendiri, pet friendly;Disebut viral/hits/antre;Tidak disebut;;;;Yogyakarta (detail tidak disebut);DI Yogyakarta;Indonesia;-77956;1103695;Pusat kota/kabupaten;;1;cafe viral;7 Cafe Kucing di Jogja dan Menunya, Asiknya Ngopi dan Nongkrong Bersama Anabul - detikcom;https://news.google.com/rss/articles/CBMivwFBVV95cUxOQnBlbEw2bUNtZU0xTG5zdGxVVE85WVJRcmRudkRWZ0dNbkJ5WlBnNm1jT0Q0U25naU5IeEdQenV5NzNUbjNZdDZDa3llR0RiTnZfWWhhR2UtMk94b2hXbllaWmtTQ2c4ZXJwVWZ5aVp5eW1KblFjNmtwMktLeVFDbGY4TnZiRnBBaDNFS1FTZ3J4YTlHMlQ5OE1tSHR2WE1VRlZUcGVYbWM1V3RNU2FpUHVERzBuU2pNVllEMUhZRdIBxAFBVV95cUxOcFVNcDRmYmtZRzdDRG9iZnpZOFhWdFFaTm9fY3hmb0RwdDExeEFxWGgyQ2xGTHhLemZhaFVOMUI4Q0xDWGxSNF9hcF93cG9VdExZVGJHU2UyTG1XNFB6YkZvY2NfZzN5bnhERzNQdTMxcEw4VU43OUtUTVNPSGhqa2g3amhIRVVSeDViUmRyVkU0N1dESXc4ZGlGNkZzV0QyOHJWNlQyU3J0cU5vWWF6U0tUaExOTnJMOEdLaEg5WVY0UXV1?oc=5
41;Middag Koffiehuys;Kafe;Kafe kolonial;Yogyakarta;Bangunan kolonial, kucing penghuni;Disebut viral/hits/antre;Tidak disebut;;;;Yogyakarta (detail tidak disebut);DI Yogyakarta;Indonesia;-77956;1103695;Pusat kota/kabupaten;;1;cafe viral;7 Cafe Kucing di Jogja dan Menunya, Asiknya Ngopi dan Nongkrong Bersama Anabul - detikcom;https://news.google.com/rss/articles/CBMivwFBVV95cUxOQnBlbEw2bUNtZU0xTG5zdGxVVE85WVJRcmRudkRWZ0dNbkJ5WlBnNm1jT0Q0U25naU5IeEdQenV5NzNUbjNZdDZDa3llR0RiTnZfWWhhR2UtMk94b2hXbllaWmtTQ2c4ZXJwVWZ5aVp5eW1KblFjNmtwMktLeVFDbGY4TnZiRnBBaDNFS1FTZ3J4YTlHMlQ5OE1tSHR2WE1VRlZUcGVYbWM1V3RNU2FpUHVERzBuU2pNVllEMUhZRdIBxAFBVV95cUxOcFVNcDRmYmtZRzdDRG9iZnpZOFhWdFFaTm9fY3hmb0RwdDExeEFxWGgyQ2xGTHhLemZhaFVOMUI4Q0xDWGxSNF9hcF93cG9VdExZVGJHU2UyTG1XNFB6YkZvY2NfZzN5bnhERzNQdTMxcEw4VU43OUtUTVNPSGhqa2g3amhIRVVSeDViUmRyVkU0N1dESXc4ZGlGNkZzV0QyOHJWNlQyU3J0cU5vWWF6U0tUaExOTnJMOEdLaEg5WVY0UXV1?oc=5
42;Sua Coffee;Kafe;Kafe pet friendly;Yogyakarta;Pet friendly, buka malam;Disebut viral/hits/antre;Tidak disebut;;;;Yogyakarta (detail tidak disebut);DI Yogyakarta;Indonesia;-77956;1103695;Pusat kota/kabupaten;;1;cafe viral;7 Cafe Kucing di Jogja dan Menunya, Asiknya Ngopi dan Nongkrong Bersama Anabul - detikcom;https://news.google.com/rss/articles/CBMivwFBVV95cUxOQnBlbEw2bUNtZU0xTG5zdGxVVE85WVJRcmRudkRWZ0dNbkJ5WlBnNm1jT0Q0U25naU5IeEdQenV5NzNUbjNZdDZDa3llR0RiTnZfWWhhR2UtMk94b2hXbllaWmtTQ2c4ZXJwVWZ5aVp5eW1KblFjNmtwMktLeVFDbGY4TnZiRnBBaDNFS1FTZ3J4YTlHMlQ5OE1tSHR2WE1VRlZUcGVYbWM1V3RNU2FpUHVERzBuU2pNVllEMUhZRdIBxAFBVV95cUxOcFVNcDRmYmtZRzdDRG9iZnpZOFhWdFFaTm9fY3hmb0RwdDExeEFxWGgyQ2xGTHhLemZhaFVOMUI4Q0xDWGxSNF9hcF93cG9VdExZVGJHU2UyTG1XNFB6YkZvY2NfZzN5bnhERzNQdTMxcEw4VU43OUtUTVNPSGhqa2g3amhIRVVSeDViUmRyVkU0N1dESXc4ZGlGNkZzV0QyOHJWNlQyU3J0cU5vWWF6U0tUaExOTnJMOEdLaEg5WVY0UXV1?oc=5
43;Toko Kopi Oetama;Kafe;Kafe;Yogyakarta;Arsitektur mirip lorong Taman Sari;Disebut viral/hits/antre;Tidak disebut;;;;Yogyakarta (detail tidak disebut);DI Yogyakarta;Indonesia;-77956;1103695;Pusat kota/kabupaten;;1;cafe viral;7 Cafe Kucing di Jogja dan Menunya, Asiknya Ngopi dan Nongkrong Bersama Anabul - detikcom;https://news.google.com/rss/articles/CBMivwFBVV95cUxOQnBlbEw2bUNtZU0xTG5zdGxVVE85WVJRcmRudkRWZ0dNbkJ5WlBnNm1jT0Q0U25naU5IeEdQenV5NzNUbjNZdDZDa3llR0RiTnZfWWhhR2UtMk94b2hXbllaWmtTQ2c4ZXJwVWZ5aVp5eW1KblFjNmtwMktLeVFDbGY4TnZiRnBBaDNFS1FTZ3J4YTlHMlQ5OE1tSHR2WE1VRlZUcGVYbWM1V3RNU2FpUHVERzBuU2pNVllEMUhZRdIBxAFBVV95cUxOcFVNcDRmYmtZRzdDRG9iZnpZOFhWdFFaTm9fY3hmb0RwdDExeEFxWGgyQ2xGTHhLemZhaFVOMUI4Q0xDWGxSNF9hcF93cG9VdExZVGJHU2UyTG1XNFB6YkZvY2NfZzN5bnhERzNQdTMxcEw4VU43OUtUTVNPSGhqa2g3amhIRVVSeDViUmRyVkU0N1dESXc4ZGlGNkZzV0QyOHJWNlQyU3J0cU5vWWF6U0tUaExOTnJMOEdLaEg5WVY0UXV1?oc=5
44;Petsaga;Kafe;Cafe kucing;Yogyakarta (Jl. Kemetiran Lor, dekat Malioboro);Cafe kucing ras;Disebut viral/hits/antre;Tidak disebut;;Pringgokusuman;Gedongtengen;Kota Yogyakarta;DI Yogyakarta;Indonesia;-77905;1103605;Kelurahan/desa/kawasan;Jl. Kemetiran Lor;1;cafe viral;7 Cafe Kucing di Jogja dan Menunya, Asiknya Ngopi dan Nongkrong Bersama Anabul - detikcom;https://news.google.com/rss/articles/CBMivwFBVV95cUxOQnBlbEw2bUNtZU0xTG5zdGxVVE85WVJRcmRudkRWZ0dNbkJ5WlBnNm1jT0Q0U25naU5IeEdQenV5NzNUbjNZdDZDa3llR0RiTnZfWWhhR2UtMk94b2hXbllaWmtTQ2c4ZXJwVWZ5aVp5eW1KblFjNmtwMktLeVFDbGY4TnZiRnBBaDNFS1FTZ3J4YTlHMlQ5OE1tSHR2WE1VRlZUcGVYbWM1V3RNU2FpUHVERzBuU2pNVllEMUhZRdIBxAFBVV95cUxOcFVNcDRmYmtZRzdDRG9iZnpZOFhWdFFaTm9fY3hmb0RwdDExeEFxWGgyQ2xGTHhLemZhaFVOMUI4Q0xDWGxSNF9hcF93cG9VdExZVGJHU2UyTG1XNFB6YkZvY2NfZzN5bnhERzNQdTMxcEw4VU43OUtUTVNPSGhqa2g3amhIRVVSeDViUmRyVkU0N1dESXc4ZGlGNkZzV0QyOHJWNlQyU3J0cU5vWWF6U0tUaExOTnJMOEdLaEg5WVY0UXV1?oc=5
45;Temanlama Jogja;Kafe;Kafe vintage;Yogyakarta (Kotabaru);Bangunan kuno Kotabaru;Disebut viral/hits/antre;Tidak disebut;;Kotabaru;Gondokusuman;Kota Yogyakarta;DI Yogyakarta;Indonesia;-7785;110372;Kelurahan/desa/kawasan;;1;cafe viral;7 Cafe Kucing di Jogja dan Menunya, Asiknya Ngopi dan Nongkrong Bersama Anabul - detikcom;https://news.google.com/rss/articles/CBMivwFBVV95cUxOQnBlbEw2bUNtZU0xTG5zdGxVVE85WVJRcmRudkRWZ0dNbkJ5WlBnNm1jT0Q0U25naU5IeEdQenV5NzNUbjNZdDZDa3llR0RiTnZfWWhhR2UtMk94b2hXbllaWmtTQ2c4ZXJwVWZ5aVp5eW1KblFjNmtwMktLeVFDbGY4TnZiRnBBaDNFS1FTZ3J4YTlHMlQ5OE1tSHR2WE1VRlZUcGVYbWM1V3RNU2FpUHVERzBuU2pNVllEMUhZRdIBxAFBVV95cUxOcFVNcDRmYmtZRzdDRG9iZnpZOFhWdFFaTm9fY3hmb0RwdDExeEFxWGgyQ2xGTHhLemZhaFVOMUI4Q0xDWGxSNF9hcF93cG9VdExZVGJHU2UyTG1XNFB6YkZvY2NfZzN5bnhERzNQdTMxcEw4VU43OUtUTVNPSGhqa2g3amhIRVVSeDViUmRyVkU0N1dESXc4ZGlGNkZzV0QyOHJWNlQyU3J0cU5vWWF6U0tUaExOTnJMOEdLaEg5WVY0UXV1?oc=5
46;Blue Butter Malioboro;Kafe;Kafe;Yogyakarta (Malioboro);Kucing oyen raksasa viral 'Si Oyen';Disebut viral/hits/antre;Tidak disebut;;Sosromenduran;Gedongtengen;Kota Yogyakarta;DI Yogyakarta;Indonesia;-7792;110366;Kelurahan/desa/kawasan;Malioboro;1;cafe viral;7 Cafe Kucing di Jogja dan Menunya, Asiknya Ngopi dan Nongkrong Bersama Anabul - detikcom;https://news.google.com/rss/articles/CBMivwFBVV95cUxOQnBlbEw2bUNtZU0xTG5zdGxVVE85WVJRcmRudkRWZ0dNbkJ5WlBnNm1jT0Q0U25naU5IeEdQenV5NzNUbjNZdDZDa3llR0RiTnZfWWhhR2UtMk94b2hXbllaWmtTQ2c4ZXJwVWZ5aVp5eW1KblFjNmtwMktLeVFDbGY4TnZiRnBBaDNFS1FTZ3J4YTlHMlQ5OE1tSHR2WE1VRlZUcGVYbWM1V3RNU2FpUHVERzBuU2pNVllEMUhZRdIBxAFBVV95cUxOcFVNcDRmYmtZRzdDRG9iZnpZOFhWdFFaTm9fY3hmb0RwdDExeEFxWGgyQ2xGTHhLemZhaFVOMUI4Q0xDWGxSNF9hcF93cG9VdExZVGJHU2UyTG1XNFB6YkZvY2NfZzN5bnhERzNQdTMxcEw4VU43OUtUTVNPSGhqa2g3amhIRVVSeDViUmRyVkU0N1dESXc4ZGlGNkZzV0QyOHJWNlQyU3J0cU5vWWF6U0tUaExOTnJMOEdLaEg5WVY0UXV1?oc=5
47;Wolfgang's Steakhouse Bali;Makan;Steakhouse;Bali (Parc Valle, Petitenget);"Prime dry-aged steak; ekspansi dari Jakarta";Rekomendasi (tidak disebut viral eksplisit);Tidak disebut;;Kerobokan Kelod;Kuta Utara;Kab. Badung;Bali;Indonesia;-8676;115157;Kelurahan/desa/kawasan;Parc Valle, Petitenget;1;restoran viral;Deretan Restoran Baru di Bali Paling Hits, Tempat Makan Estetik dan Kuliner Kekinian Viral - jogja.disway.id - Disway Jogja;https://news.google.com/rss/articles/CBMi0gFBVV95cUxPT2dseWE4cXZrdGZTY3pMZjU4SFJoZXBMMC05VzRYUGZpd0lRTUhEOGJVa1VHZU4tQnRiOXdQaVh4TDRRVVFrVHV0Y0tyTk5KdVdpOXFMSUpwNWxMQ2NnS2R6Q2pkU1NkVE5GZEVUVHZ4c012MDJSdzlRNzZ6RC1TQ0RBRFRGdXE4Z01oYVk4M3V5aXBybFBRQXoxR1k0OGlPcUZzd2VZUGVBNUNfbWwwWHRRVXpwRllDeFZURXlnZG5YMXdvWnYxLWFwaEhrcFg5TXfSAcIBQVVfeXFMT0ZTVTZ0amgwRVdPSWxDX19ORElrdGxVTjZ1ZWNDcWdZLXR2NzlFQXVzc2FQWUFaZlpILTN5bGtvYjJKeTJHWDFSUVRLM3ZMRE53Rjh3WW5FTDd2bVFZeW5kUm5hU2dqeGhRMS14VzVxX2VPTEZtS3FtVUt3V1RPOU9BcTRRZUdGcFlWemdqanE4c0xSaTVJazQ1WVlyMWtCQ2FLYk9TNERhblhCOElwNjR1b2NqN0d4OGVGVnJZdFdwVlE?oc=5
48;Warung Nasi Ibu Imas;Makan;Warung nasi;Bandung (Balonggede);Buka pagi sampai tengah malam;Disebut viral/hits/antre;Tidak disebut;;Balonggede;Regol;Kota Bandung;Jawa Barat;Indonesia;-6927;107606;Kelurahan/desa/kawasan;;1;tempat makan viral;13 Tempat Makan Hits dan Viral di Bandung Yang Wajib Kamu Kunjungi - TripZilla Indonesia;https://news.google.com/rss/articles/CBMiZ0FVX3lxTFBOYktCUGo5UEpQNWNnbkowTm0wUW1tOEU4YlBYU1gwdlRfUzBYQ0hBOTRHU19PZGJlX1I5c3ZER2dOQ3lUQ0k4S0t6aWU0czJiblh2OFB0QTlnQUt1VlBGS0RhSmpUY3c?oc=5
49;Donat Subur Jaya;Makan;Donat;Bandung (Braga);"Donat klasik tanpa pengawet; antre >1 jam";Disebut viral/hits/antre;2026;Tahun disebut di judul artikel;Braga;Sumur Bandung;Kota Bandung;Jawa Barat;Indonesia;-6917;107609;Kelurahan/desa/kawasan;;1;tempat makan viral;10 Tempat Makan Viral di Bandung 2026 - nibble.id;https://news.google.com/rss/articles/CBMiaEFVX3lxTE9pZzU0UEt2M3VSYUxyTVBQdWtIMDEzaDhmRld1eWFGWk5ZaXc4Q0F0Q1FlQktpQW9fVGJBS2hFN0I0YWY1eUxJamkxUE9OVF9sWDFpbWtTVFFKRFNoaVJuUEFCeDBha0VE?oc=5
50;Tapal Market;Makan;Restoran;Bandung (Braga);Interior modern elegan;Disebut viral/hits/antre;Tidak disebut;;Braga;Sumur Bandung;Kota Bandung;Jawa Barat;Indonesia;-6917;107609;Kelurahan/desa/kawasan;;1;tempat makan viral;13 Tempat Makan Hits dan Viral di Bandung Yang Wajib Kamu Kunjungi - TripZilla Indonesia;https://news.google.com/rss/articles/CBMiZ0FVX3lxTFBOYktCUGo5UEpQNWNnbkowTm0wUW1tOEU4YlBYU1gwdlRfUzBYQ0hBOTRHU19PZGJlX1I5c3ZER2dOQ3lUQ0k4S0t6aWU0czJiblh2OFB0QTlnQUt1VlBGS0RhSmpUY3c?oc=5
51;Dimxie;Makan;Dimsum;Bandung (Cibeunying Utara);Kuliner viral kawasan Cibeunying Utara;Rekomendasi (tidak disebut viral eksplisit);Tidak disebut;;Cihapit;Bandung Wetan;Kota Bandung;Jawa Barat;Indonesia;-69046;1076246;Kelurahan/desa/kawasan;Jl. Taman Cibeunying Utara;1;kuliner viral;Rekomendasi kuliner viral di sepanjang Jalan Cibeunying Utara Bandung - ANTARA News Jawa Barat;https://news.google.com/rss/articles/CBMisgFBVV95cUxPRV94MWQ2eWQzQ001amJ1ak1yM3Q3V2tEeUxSOElwaHFTc1U3NmY1WWtHOVJtR2JxR2pSY0ZKOFNMY1lyM2pjSkdscW14TlFIUW43N2VDbjBWR3lENmhpeTdfMjdkWDBBZVlxTkdTaGVmeTdsV1oyQTVkUDNhSjI3eUtPY3hyVHIzemVHZk9tbFNkVUVwR3A3RWNReWxQUHIwOEtHN2VQV0ViSDBjeUY0ek5n0gG3AUFVX3lxTFA1YmxRUlJvQ0tZa1BvYlZDU18xTWZ2aG9pbW9PZndseW5fSXItSXMwam9mak1NSzhLVF9IQUQ3djBsLXFZSWsxdTNRTzBUdWU2WkFaS1lZR1p0Z1QxQnZPV0V5WS1FaUtObG9MMjF4Y0lEbWNPTVBITUxVc1JqU21CRTdkaFNMWnZ2aHp1Z1lLMmFBSEZTYWNXLUVnZ1VIQ3czMExCcUtTUEtTcEpKdnB4OF9EMi1Oaw?oc=5
52;Gebros;Makan;Gorengan mini;Bandung (Cibeunying Utara);Gehu cikur, combro lemet, leupeut;Rekomendasi (tidak disebut viral eksplisit);Tidak disebut;;Cihapit;Bandung Wetan;Kota Bandung;Jawa Barat;Indonesia;-69046;1076246;Kelurahan/desa/kawasan;Jl. Taman Cibeunying Utara;1;kuliner viral;Rekomendasi kuliner viral di sepanjang Jalan Cibeunying Utara Bandung - ANTARA News Jawa Barat;https://news.google.com/rss/articles/CBMisgFBVV95cUxPRV94MWQ2eWQzQ001amJ1ak1yM3Q3V2tEeUxSOElwaHFTc1U3NmY1WWtHOVJtR2JxR2pSY0ZKOFNMY1lyM2pjSkdscW14TlFIUW43N2VDbjBWR3lENmhpeTdfMjdkWDBBZVlxTkdTaGVmeTdsV1oyQTVkUDNhSjI3eUtPY3hyVHIzemVHZk9tbFNkVUVwR3A3RWNReWxQUHIwOEtHN2VQV0ViSDBjeUY0ek5n0gG3AUFVX3lxTFA1YmxRUlJvQ0tZa1BvYlZDU18xTWZ2aG9pbW9PZndseW5fSXItSXMwam9mak1NSzhLVF9IQUQ3djBsLXFZSWsxdTNRTzBUdWU2WkFaS1lZR1p0Z1QxQnZPV0V5WS1FaUtObG9MMjF4Y0lEbWNPTVBITUxVc1JqU21CRTdkaFNMWnZ2aHp1Z1lLMmFBSEZTYWNXLUVnZ1VIQ3czMExCcUtTUEtTcEpKdnB4OF9EMi1Oaw?oc=5
53;Pempek B3doloer;Makan;Pempek;Bandung (Cibeunying Utara);Pempek Palembang;Rekomendasi (tidak disebut viral eksplisit);Tidak disebut;;Cihapit;Bandung Wetan;Kota Bandung;Jawa Barat;Indonesia;-69046;1076246;Kelurahan/desa/kawasan;Jl. Taman Cibeunying Utara;1;kuliner viral;Rekomendasi kuliner viral di sepanjang Jalan Cibeunying Utara Bandung - ANTARA News Jawa Barat;https://news.google.com/rss/articles/CBMisgFBVV95cUxPRV94MWQ2eWQzQ001amJ1ak1yM3Q3V2tEeUxSOElwaHFTc1U3NmY1WWtHOVJtR2JxR2pSY0ZKOFNMY1lyM2pjSkdscW14TlFIUW43N2VDbjBWR3lENmhpeTdfMjdkWDBBZVlxTkdTaGVmeTdsV1oyQTVkUDNhSjI3eUtPY3hyVHIzemVHZk9tbFNkVUVwR3A3RWNReWxQUHIwOEtHN2VQV0ViSDBjeUY0ek5n0gG3AUFVX3lxTFA1YmxRUlJvQ0tZa1BvYlZDU18xTWZ2aG9pbW9PZndseW5fSXItSXMwam9mak1NSzhLVF9IQUQ3djBsLXFZSWsxdTNRTzBUdWU2WkFaS1lZR1p0Z1QxQnZPV0V5WS1FaUtObG9MMjF4Y0lEbWNPTVBITUxVc1JqU21CRTdkaFNMWnZ2aHp1Z1lLMmFBSEZTYWNXLUVnZ1VIQ3czMExCcUtTUEtTcEpKdnB4OF9EMi1Oaw?oc=5
54;Sate Pak Gito;Makan;Sate;Bandung (Cibeunying Utara);Kuliner viral kawasan Cibeunying Utara;Rekomendasi (tidak disebut viral eksplisit);Tidak disebut;;Cihapit;Bandung Wetan;Kota Bandung;Jawa Barat;Indonesia;-69046;1076246;Kelurahan/desa/kawasan;Jl. Taman Cibeunying Utara;1;kuliner viral;Rekomendasi kuliner viral di sepanjang Jalan Cibeunying Utara Bandung - ANTARA News Jawa Barat;https://news.google.com/rss/articles/CBMisgFBVV95cUxPRV94MWQ2eWQzQ001amJ1ak1yM3Q3V2tEeUxSOElwaHFTc1U3NmY1WWtHOVJtR2JxR2pSY0ZKOFNMY1lyM2pjSkdscW14TlFIUW43N2VDbjBWR3lENmhpeTdfMjdkWDBBZVlxTkdTaGVmeTdsV1oyQTVkUDNhSjI3eUtPY3hyVHIzemVHZk9tbFNkVUVwR3A3RWNReWxQUHIwOEtHN2VQV0ViSDBjeUY0ek5n0gG3AUFVX3lxTFA1YmxRUlJvQ0tZa1BvYlZDU18xTWZ2aG9pbW9PZndseW5fSXItSXMwam9mak1NSzhLVF9IQUQ3djBsLXFZSWsxdTNRTzBUdWU2WkFaS1lZR1p0Z1QxQnZPV0V5WS1FaUtObG9MMjF4Y0lEbWNPTVBITUxVc1JqU21CRTdkaFNMWnZ2aHp1Z1lLMmFBSEZTYWNXLUVnZ1VIQ3czMExCcUtTUEtTcEpKdnB4OF9EMi1Oaw?oc=5
55;Toko Kari;Makan;Kedai kari;Bandung (Cibeunying Utara);Menu kari;Rekomendasi (tidak disebut viral eksplisit);Tidak disebut;;Cihapit;Bandung Wetan;Kota Bandung;Jawa Barat;Indonesia;-69046;1076246;Kelurahan/desa/kawasan;Jl. Taman Cibeunying Utara;1;kuliner viral;Rekomendasi kuliner viral di sepanjang Jalan Cibeunying Utara Bandung - ANTARA News Jawa Barat;https://news.google.com/rss/articles/CBMisgFBVV95cUxPRV94MWQ2eWQzQ001amJ1ak1yM3Q3V2tEeUxSOElwaHFTc1U3NmY1WWtHOVJtR2JxR2pSY0ZKOFNMY1lyM2pjSkdscW14TlFIUW43N2VDbjBWR3lENmhpeTdfMjdkWDBBZVlxTkdTaGVmeTdsV1oyQTVkUDNhSjI3eUtPY3hyVHIzemVHZk9tbFNkVUVwR3A3RWNReWxQUHIwOEtHN2VQV0ViSDBjeUY0ek5n0gG3AUFVX3lxTFA1YmxRUlJvQ0tZa1BvYlZDU18xTWZ2aG9pbW9PZndseW5fSXItSXMwam9mak1NSzhLVF9IQUQ3djBsLXFZSWsxdTNRTzBUdWU2WkFaS1lZR1p0Z1QxQnZPV0V5WS1FaUtObG9MMjF4Y0lEbWNPTVBITUxVc1JqU21CRTdkaFNMWnZ2aHp1Z1lLMmFBSEZTYWNXLUVnZ1VIQ3czMExCcUtTUEtTcEpKdnB4OF9EMi1Oaw?oc=5
56;Gang Nikmat;Makan;Restoran;Bandung (Cihapit);"Ayam gulung telur asin, unagi asap; restoran viral & hits";Disebut viral/hits/antre;Tidak disebut;;Cihapit;Bandung Wetan;Kota Bandung;Jawa Barat;Indonesia;-69055;1076225;Kelurahan/desa/kawasan;;1;tempat makan viral;13 Tempat Makan Hits dan Viral di Bandung Yang Wajib Kamu Kunjungi - TripZilla Indonesia;https://news.google.com/rss/articles/CBMiZ0FVX3lxTFBOYktCUGo5UEpQNWNnbkowTm0wUW1tOEU4YlBYU1gwdlRfUzBYQ0hBOTRHU19PZGJlX1I5c3ZER2dOQ3lUQ0k4S0t6aWU0czJiblh2OFB0QTlnQUt1VlBGS0RhSmpUY3c?oc=5
57;Pasar Cihapit;Makan;Pasar kuliner;Bandung (Cihapit);Pasar tradisional yang jadi surga kuliner hits;Disebut viral/hits/antre;Tidak disebut;;Cihapit;Bandung Wetan;Kota Bandung;Jawa Barat;Indonesia;-69063;1076219;Titik tempat (perkiraan);Pasar Cihapit;2;"kuliner viral; tempat makan viral";13 Tempat Makan Hits dan Viral di Bandung Yang Wajib Kamu Kunjungi - TripZilla Indonesia | Rekomendasi Kuliner Viral Pasar Cihapit Bandung: Dari Brownies Kunafa hingga Warung Bu Eha Legendaris - ANTARA News Jawa Barat;https://news.google.com/rss/articles/CBMiZ0FVX3lxTFBOYktCUGo5UEpQNWNnbkowTm0wUW1tOEU4YlBYU1gwdlRfUzBYQ0hBOTRHU19PZGJlX1I5c3ZER2dOQ3lUQ0k4S0t6aWU0czJiblh2OFB0QTlnQUt1VlBGS0RhSmpUY3c?oc=5 | https://news.google.com/rss/articles/CBMi2wFBVV95cUxPczVFYVg3NlJQTDRVa2dDZW16aFd4NERYUU1ibUFKZDB5YnZIMzhrYUNtMURLcnVoSkxpT1RpRS1mN2NYN0NQSXVGMkRHRWRqQ05mc3hlQzJtOEpJME9fbk5oRWxXcUJTUWJxWHBLVktIaVBDRHJ4eE5TYUEwSjVNOVNCbndpb3BwYmFaOHZEVnFvZXIyUlJsa0tiUDZSa2cwXzFWSEpkREgyNlIzQWxJY2w5YTRZazhnMVdGbzNWS0xVWXVkY09TcWFuczhnbkJRN2JHeHJiQTVTdjjSAeABQVVfeXFMT2Q0ckx4c0FCeVVqQ25HS0lQejR2aXdNR1ZMRHNQYlFkOXhxSXVKVHlxOFVDLUdxVXBwVFJNZE82eHRLY3lUWXlOOFBZR0p0NVhzQ2N3a2RMN3BuQmdoLWMzMExTQXNQMXp4eURrekJnLWQxaUg1Qi1uUDE0RzZDMFZWQ05UWGp2eGNnUTVYNkJsb29wNHdmSWpXZFBRSlFJcWpncG0tU2dWYzBHT1UxazFISVc0Qm9vYno5X0VFWlpDQzIwYldDcjZjYm1kaXVjaXBrNHQyWlRmUC1TNjhqY0s?oc=5
58;Djaya Mandiri Sejahtera;Makan;Kopitiam;Bandung (Cihapit, Jl. Nanas);Sarapan peranakan, kopi butter, nasi hainan;Disebut viral/hits/antre;2026;Tahun disebut di judul artikel;Cihapit;Bandung Wetan;Kota Bandung;Jawa Barat;Indonesia;-69075;1076225;Kelurahan/desa/kawasan;Jl. Nanas;1;tempat makan viral;10 Tempat Makan Viral di Bandung 2026 - nibble.id;https://news.google.com/rss/articles/CBMiaEFVX3lxTE9pZzU0UEt2M3VSYUxyTVBQdWtIMDEzaDhmRld1eWFGWk5ZaXc4Q0F0Q1FlQktpQW9fVGJBS2hFN0I0YWY1eUxJamkxUE9OVF9sWDFpbWtTVFFKRFNoaVJuUEFCeDBha0VE?oc=5
59;Bakso Tjap Haji;Makan;Bakso;Bandung (Jl. Burangrang);"Bakso kuah kaldu tulang sapi; waiting list";Disebut viral/hits/antre;2026;Tahun disebut di judul artikel;Burangrang;Lengkong;Kota Bandung;Jawa Barat;Indonesia;-6928;107623;Kelurahan/desa/kawasan;;1;tempat makan viral;10 Tempat Makan Viral di Bandung 2026 - nibble.id;https://news.google.com/rss/articles/CBMiaEFVX3lxTE9pZzU0UEt2M3VSYUxyTVBQdWtIMDEzaDhmRld1eWFGWk5ZaXc4Q0F0Q1FlQktpQW9fVGJBS2hFN0I0YWY1eUxJamkxUE9OVF9sWDFpbWtTVFFKRFNoaVJuUEFCeDBha0VE?oc=5
60;TjiLaki 9;Makan;Toko oleh-oleh;Bandung (Jl. Cilaki);"Bolu pisang; spot konten vintage kolonial";Disebut viral/hits/antre;2026;Tahun disebut di judul artikel;Citarum;Bandung Wetan;Kota Bandung;Jawa Barat;Indonesia;-6904;107618;Kelurahan/desa/kawasan;Jl. Cilaki;2;tempat makan viral;10 Tempat Makan Viral di Bandung 2026 - nibble.id | 13 Tempat Makan Hits dan Viral di Bandung Yang Wajib Kamu Kunjungi - TripZilla Indonesia;https://news.google.com/rss/articles/CBMiaEFVX3lxTE9pZzU0UEt2M3VSYUxyTVBQdWtIMDEzaDhmRld1eWFGWk5ZaXc4Q0F0Q1FlQktpQW9fVGJBS2hFN0I0YWY1eUxJamkxUE9OVF9sWDFpbWtTVFFKRFNoaVJuUEFCeDBha0VE?oc=5 | https://news.google.com/rss/articles/CBMiZ0FVX3lxTFBOYktCUGo5UEpQNWNnbkowTm0wUW1tOEU4YlBYU1gwdlRfUzBYQ0hBOTRHU19PZGJlX1I5c3ZER2dOQ3lUQ0k4S0t6aWU0czJiblh2OFB0QTlnQUt1VlBGS0RhSmpUY3c?oc=5
61;RM Wangi Seruni;Makan;Rumah makan;Bandung (Jl. Cisangkuy);Ayam goreng seruni dengan serundeng;Disebut viral/hits/antre;2026;Tahun disebut di judul artikel;Citarum;Bandung Wetan;Kota Bandung;Jawa Barat;Indonesia;-69;10762;Kelurahan/desa/kawasan;Jl. Cisangkuy;1;tempat makan viral;10 Tempat Makan Viral di Bandung 2026 - nibble.id;https://news.google.com/rss/articles/CBMiaEFVX3lxTE9pZzU0UEt2M3VSYUxyTVBQdWtIMDEzaDhmRld1eWFGWk5ZaXc4Q0F0Q1FlQktpQW9fVGJBS2hFN0I0YWY1eUxJamkxUE9OVF9sWDFpbWtTVFFKRFNoaVJuUEFCeDBha0VE?oc=5
62;RM Abah Harja;Makan;Rumah makan Sunda;Bandung (Jl. Halimun);"Ayam bakakak, nasi liwet; beras & ayam dari kebun sendiri";Disebut viral/hits/antre;2026;Tahun disebut di judul artikel;Malabar;Lengkong;Kota Bandung;Jawa Barat;Indonesia;-6923;107625;Kelurahan/desa/kawasan;Jl. Halimun;2;tempat makan viral;10 Tempat Makan Viral di Bandung 2026 - nibble.id | 13 Tempat Makan Hits dan Viral di Bandung Yang Wajib Kamu Kunjungi - TripZilla Indonesia;https://news.google.com/rss/articles/CBMiaEFVX3lxTE9pZzU0UEt2M3VSYUxyTVBQdWtIMDEzaDhmRld1eWFGWk5ZaXc4Q0F0Q1FlQktpQW9fVGJBS2hFN0I0YWY1eUxJamkxUE9OVF9sWDFpbWtTVFFKRFNoaVJuUEFCeDBha0VE?oc=5 | https://news.google.com/rss/articles/CBMiZ0FVX3lxTFBOYktCUGo5UEpQNWNnbkowTm0wUW1tOEU4YlBYU1gwdlRfUzBYQ0hBOTRHU19PZGJlX1I5c3ZER2dOQ3lUQ0k4S0t6aWU0czJiblh2OFB0QTlnQUt1VlBGS0RhSmpUY3c?oc=5
63;Toko Bubur DPR (Dibawah Pohon Rindang);Makan;Bubur kanton;Bandung (Jl. Katamso / Cibeunying);"Bebek asap bumbu merah, bubur kanton; antre";Disebut viral/hits/antre;2026;Tahun disebut di judul artikel;Cihaur Geulis;Cibeunying Kaler;Kota Bandung;Jawa Barat;Indonesia;-6902;107632;Kelurahan/desa/kawasan;Jl. Katamso;2;tempat makan viral;10 Tempat Makan Viral di Bandung 2026 - nibble.id | 13 Tempat Makan Hits dan Viral di Bandung Yang Wajib Kamu Kunjungi - TripZilla Indonesia;https://news.google.com/rss/articles/CBMiaEFVX3lxTE9pZzU0UEt2M3VSYUxyTVBQdWtIMDEzaDhmRld1eWFGWk5ZaXc4Q0F0Q1FlQktpQW9fVGJBS2hFN0I0YWY1eUxJamkxUE9OVF9sWDFpbWtTVFFKRFNoaVJuUEFCeDBha0VE?oc=5 | https://news.google.com/rss/articles/CBMiZ0FVX3lxTFBOYktCUGo5UEpQNWNnbkowTm0wUW1tOEU4YlBYU1gwdlRfUzBYQ0hBOTRHU19PZGJlX1I5c3ZER2dOQ3lUQ0k4S0t6aWU0czJiblh2OFB0QTlnQUt1VlBGS0RhSmpUY3c?oc=5
64;Bakso Bintang Asia;Makan;Bakso;Bandung (Jl. Sabang, Cihapit);Bakso dengan mie beras ala pho;Disebut viral/hits/antre;Tidak disebut;;Cihapit;Bandung Wetan;Kota Bandung;Jawa Barat;Indonesia;-69055;1076225;Kelurahan/desa/kawasan;;1;tempat makan viral;13 Tempat Makan Hits dan Viral di Bandung Yang Wajib Kamu Kunjungi - TripZilla Indonesia;https://news.google.com/rss/articles/CBMiZ0FVX3lxTFBOYktCUGo5UEpQNWNnbkowTm0wUW1tOEU4YlBYU1gwdlRfUzBYQ0hBOTRHU19PZGJlX1I5c3ZER2dOQ3lUQ0k4S0t6aWU0czJiblh2OFB0QTlnQUt1VlBGS0RhSmpUY3c?oc=5
65;BMB Canteen;Makan;Restoran sandwich pastrami;Bandung (Jl. Sirnagalih);"Corned beef/pastrami sourdough; antre panjang";Disebut viral/hits/antre;2026;Tahun disebut di judul artikel;;Bandung Wetan;Kota Bandung;Jawa Barat;Indonesia;-6907;107617;Pusat kecamatan;Jl. Sirnagalih;2;tempat makan viral;10 Tempat Makan Viral di Bandung 2026 - nibble.id | 13 Tempat Makan Hits dan Viral di Bandung Yang Wajib Kamu Kunjungi - TripZilla Indonesia;https://news.google.com/rss/articles/CBMiaEFVX3lxTE9pZzU0UEt2M3VSYUxyTVBQdWtIMDEzaDhmRld1eWFGWk5ZaXc4Q0F0Q1FlQktpQW9fVGJBS2hFN0I0YWY1eUxJamkxUE9OVF9sWDFpbWtTVFFKRFNoaVJuUEFCeDBha0VE?oc=5 | https://news.google.com/rss/articles/CBMiZ0FVX3lxTFBOYktCUGo5UEpQNWNnbkowTm0wUW1tOEU4YlBYU1gwdlRfUzBYQ0hBOTRHU19PZGJlX1I5c3ZER2dOQ3lUQ0k4S0t6aWU0czJiblh2OFB0QTlnQUt1VlBGS0RhSmpUY3c?oc=5
66;Bakmie 96;Makan;Kedai mi;Bandung (Jl. Taman Cibeunying Utara);Kuliner viral kawasan Cibeunying Utara;Rekomendasi (tidak disebut viral eksplisit);Tidak disebut;;Cihapit;Bandung Wetan;Kota Bandung;Jawa Barat;Indonesia;-69046;1076246;Kelurahan/desa/kawasan;Jl. Taman Cibeunying Utara;1;kuliner viral;Rekomendasi kuliner viral di sepanjang Jalan Cibeunying Utara Bandung - ANTARA News Jawa Barat;https://news.google.com/rss/articles/CBMisgFBVV95cUxPRV94MWQ2eWQzQ001amJ1ak1yM3Q3V2tEeUxSOElwaHFTc1U3NmY1WWtHOVJtR2JxR2pSY0ZKOFNMY1lyM2pjSkdscW14TlFIUW43N2VDbjBWR3lENmhpeTdfMjdkWDBBZVlxTkdTaGVmeTdsV1oyQTVkUDNhSjI3eUtPY3hyVHIzemVHZk9tbFNkVUVwR3A3RWNReWxQUHIwOEtHN2VQV0ViSDBjeUY0ek5n0gG3AUFVX3lxTFA1YmxRUlJvQ0tZa1BvYlZDU18xTWZ2aG9pbW9PZndseW5fSXItSXMwam9mak1NSzhLVF9IQUQ3djBsLXFZSWsxdTNRTzBUdWU2WkFaS1lZR1p0Z1QxQnZPV0V5WS1FaUtObG9MMjF4Y0lEbWNPTVBITUxVc1JqU21CRTdkaFNMWnZ2aHp1Z1lLMmFBSEZTYWNXLUVnZ1VIQ3czMExCcUtTUEtTcEpKdnB4OF9EMi1Oaw?oc=5
67;Baso Gepeng 99;Makan;Kedai bakso;Bandung (Pasar Cihapit);Sarapan favorit di Pasar Cihapit;Disebut viral/hits/antre;Tidak disebut;;Cihapit;Bandung Wetan;Kota Bandung;Jawa Barat;Indonesia;-69063;1076219;Titik tempat (perkiraan);Pasar Cihapit;1;tempat makan viral;13 Tempat Makan Hits dan Viral di Bandung Yang Wajib Kamu Kunjungi - TripZilla Indonesia;https://news.google.com/rss/articles/CBMiZ0FVX3lxTFBOYktCUGo5UEpQNWNnbkowTm0wUW1tOEU4YlBYU1gwdlRfUzBYQ0hBOTRHU19PZGJlX1I5c3ZER2dOQ3lUQ0k4S0t6aWU0czJiblh2OFB0QTlnQUt1VlBGS0RhSmpUY3c?oc=5
68;Batagor Kahuripan;Makan;Batagor;Bandung (Pasar Cihapit);Batagor legendaris sejak 2007;Disebut viral/hits/antre;Tidak disebut;;Cihapit;Bandung Wetan;Kota Bandung;Jawa Barat;Indonesia;-69063;1076219;Titik tempat (perkiraan);Pasar Cihapit;1;kuliner viral;Rekomendasi Kuliner Viral Pasar Cihapit Bandung: Dari Brownies Kunafa hingga Warung Bu Eha Legendaris - ANTARA News Jawa Barat;https://news.google.com/rss/articles/CBMi2wFBVV95cUxPczVFYVg3NlJQTDRVa2dDZW16aFd4NERYUU1ibUFKZDB5YnZIMzhrYUNtMURLcnVoSkxpT1RpRS1mN2NYN0NQSXVGMkRHRWRqQ05mc3hlQzJtOEpJME9fbk5oRWxXcUJTUWJxWHBLVktIaVBDRHJ4eE5TYUEwSjVNOVNCbndpb3BwYmFaOHZEVnFvZXIyUlJsa0tiUDZSa2cwXzFWSEpkREgyNlIzQWxJY2w5YTRZazhnMVdGbzNWS0xVWXVkY09TcWFuczhnbkJRN2JHeHJiQTVTdjjSAeABQVVfeXFMT2Q0ckx4c0FCeVVqQ25HS0lQejR2aXdNR1ZMRHNQYlFkOXhxSXVKVHlxOFVDLUdxVXBwVFJNZE82eHRLY3lUWXlOOFBZR0p0NVhzQ2N3a2RMN3BuQmdoLWMzMExTQXNQMXp4eURrekJnLWQxaUg1Qi1uUDE0RzZDMFZWQ05UWGp2eGNnUTVYNkJsb29wNHdmSWpXZFBRSlFJcWpncG0tU2dWYzBHT1UxazFISVc0Qm9vYno5X0VFWlpDQzIwYldDcjZjYm1kaXVjaXBrNHQyWlRmUC1TNjhqY0s?oc=5
69;Brownies Tjihapit;Makan;Brownies;Bandung (Pasar Cihapit);Brownies fudgy, varian kunafa pistachio;Disebut viral/hits/antre;Tidak disebut;;Cihapit;Bandung Wetan;Kota Bandung;Jawa Barat;Indonesia;-69063;1076219;Titik tempat (perkiraan);Pasar Cihapit;1;kuliner viral;Rekomendasi Kuliner Viral Pasar Cihapit Bandung: Dari Brownies Kunafa hingga Warung Bu Eha Legendaris - ANTARA News Jawa Barat;https://news.google.com/rss/articles/CBMi2wFBVV95cUxPczVFYVg3NlJQTDRVa2dDZW16aFd4NERYUU1ibUFKZDB5YnZIMzhrYUNtMURLcnVoSkxpT1RpRS1mN2NYN0NQSXVGMkRHRWRqQ05mc3hlQzJtOEpJME9fbk5oRWxXcUJTUWJxWHBLVktIaVBDRHJ4eE5TYUEwSjVNOVNCbndpb3BwYmFaOHZEVnFvZXIyUlJsa0tiUDZSa2cwXzFWSEpkREgyNlIzQWxJY2w5YTRZazhnMVdGbzNWS0xVWXVkY09TcWFuczhnbkJRN2JHeHJiQTVTdjjSAeABQVVfeXFMT2Q0ckx4c0FCeVVqQ25HS0lQejR2aXdNR1ZMRHNQYlFkOXhxSXVKVHlxOFVDLUdxVXBwVFJNZE82eHRLY3lUWXlOOFBZR0p0NVhzQ2N3a2RMN3BuQmdoLWMzMExTQXNQMXp4eURrekJnLWQxaUg1Qi1uUDE0RzZDMFZWQ05UWGp2eGNnUTVYNkJsb29wNHdmSWpXZFBRSlFJcWpncG0tU2dWYzBHT1UxazFISVc0Qm9vYno5X0VFWlpDQzIwYldDcjZjYm1kaXVjaXBrNHQyWlRmUC1TNjhqY0s?oc=5
70;Nasi Telur Sumber Rezeki;Makan;Kedai nasi;Bandung (Pasar Cihapit);Sarapan favorit di Pasar Cihapit;Disebut viral/hits/antre;Tidak disebut;;Cihapit;Bandung Wetan;Kota Bandung;Jawa Barat;Indonesia;-69063;1076219;Titik tempat (perkiraan);Pasar Cihapit;1;tempat makan viral;13 Tempat Makan Hits dan Viral di Bandung Yang Wajib Kamu Kunjungi - TripZilla Indonesia;https://news.google.com/rss/articles/CBMiZ0FVX3lxTFBOYktCUGo5UEpQNWNnbkowTm0wUW1tOEU4YlBYU1gwdlRfUzBYQ0hBOTRHU19PZGJlX1I5c3ZER2dOQ3lUQ0k4S0t6aWU0czJiblh2OFB0QTlnQUt1VlBGS0RhSmpUY3c?oc=5
71;Rama Ramen;Makan;Kedai ramen;Bandung (Pasar Cihapit);Kedai populer di Pasar Cihapit;Disebut viral/hits/antre;Tidak disebut;;Cihapit;Bandung Wetan;Kota Bandung;Jawa Barat;Indonesia;-69063;1076219;Titik tempat (perkiraan);Pasar Cihapit;1;tempat makan viral;13 Tempat Makan Hits dan Viral di Bandung Yang Wajib Kamu Kunjungi - TripZilla Indonesia;https://news.google.com/rss/articles/CBMiZ0FVX3lxTFBOYktCUGo5UEpQNWNnbkowTm0wUW1tOEU4YlBYU1gwdlRfUzBYQ0hBOTRHU19PZGJlX1I5c3ZER2dOQ3lUQ0k4S0t6aWU0czJiblh2OFB0QTlnQUt1VlBGS0RhSmpUY3c?oc=5
72;Toko Bakmi Feng;Makan;Kedai bakmi;Bandung (Pasar Cihapit);Kedai populer di Pasar Cihapit;Disebut viral/hits/antre;Tidak disebut;;Cihapit;Bandung Wetan;Kota Bandung;Jawa Barat;Indonesia;-69063;1076219;Titik tempat (perkiraan);Pasar Cihapit;1;tempat makan viral;13 Tempat Makan Hits dan Viral di Bandung Yang Wajib Kamu Kunjungi - TripZilla Indonesia;https://news.google.com/rss/articles/CBMiZ0FVX3lxTFBOYktCUGo5UEpQNWNnbkowTm0wUW1tOEU4YlBYU1gwdlRfUzBYQ0hBOTRHU19PZGJlX1I5c3ZER2dOQ3lUQ0k4S0t6aWU0czJiblh2OFB0QTlnQUt1VlBGS0RhSmpUY3c?oc=5
73;Warung Nasi Bu Eha;Makan;Warung nasi Sunda;Bandung (Pasar Cihapit);Warung legendaris sejak 1947;Disebut viral/hits/antre;Tidak disebut;;Cihapit;Bandung Wetan;Kota Bandung;Jawa Barat;Indonesia;-69063;1076219;Titik tempat (perkiraan);Pasar Cihapit;1;kuliner viral;Rekomendasi Kuliner Viral Pasar Cihapit Bandung: Dari Brownies Kunafa hingga Warung Bu Eha Legendaris - ANTARA News Jawa Barat;https://news.google.com/rss/articles/CBMi2wFBVV95cUxPczVFYVg3NlJQTDRVa2dDZW16aFd4NERYUU1ibUFKZDB5YnZIMzhrYUNtMURLcnVoSkxpT1RpRS1mN2NYN0NQSXVGMkRHRWRqQ05mc3hlQzJtOEpJME9fbk5oRWxXcUJTUWJxWHBLVktIaVBDRHJ4eE5TYUEwSjVNOVNCbndpb3BwYmFaOHZEVnFvZXIyUlJsa0tiUDZSa2cwXzFWSEpkREgyNlIzQWxJY2w5YTRZazhnMVdGbzNWS0xVWXVkY09TcWFuczhnbkJRN2JHeHJiQTVTdjjSAeABQVVfeXFMT2Q0ckx4c0FCeVVqQ25HS0lQejR2aXdNR1ZMRHNQYlFkOXhxSXVKVHlxOFVDLUdxVXBwVFJNZE82eHRLY3lUWXlOOFBZR0p0NVhzQ2N3a2RMN3BuQmdoLWMzMExTQXNQMXp4eURrekJnLWQxaUg1Qi1uUDE0RzZDMFZWQ05UWGp2eGNnUTVYNkJsb29wNHdmSWpXZFBRSlFJcWpncG0tU2dWYzBHT1UxazFISVc0Qm9vYno5X0VFWlpDQzIwYldDcjZjYm1kaXVjaXBrNHQyWlRmUC1TNjhqY0s?oc=5
74;Dimsum Sembilan Ayam;Makan;Dimsum halal;Bandung (Pasir Kaliki);"Dimsum ala Hong Kong; waiting list";Disebut viral/hits/antre;2026;Tahun disebut di judul artikel;Pasirkaliki;Cicendo;Kota Bandung;Jawa Barat;Indonesia;-6906;107596;Kelurahan/desa/kawasan;;2;tempat makan viral;10 Tempat Makan Viral di Bandung 2026 - nibble.id | 13 Tempat Makan Hits dan Viral di Bandung Yang Wajib Kamu Kunjungi - TripZilla Indonesia;https://news.google.com/rss/articles/CBMiaEFVX3lxTE9pZzU0UEt2M3VSYUxyTVBQdWtIMDEzaDhmRld1eWFGWk5ZaXc4Q0F0Q1FlQktpQW9fVGJBS2hFN0I0YWY1eUxJamkxUE9OVF9sWDFpbWtTVFFKRFNoaVJuUEFCeDBha0VE?oc=5 | https://news.google.com/rss/articles/CBMiZ0FVX3lxTFBOYktCUGo5UEpQNWNnbkowTm0wUW1tOEU4YlBYU1gwdlRfUzBYQ0hBOTRHU19PZGJlX1I5c3ZER2dOQ3lUQ0k4S0t6aWU0czJiblh2OFB0QTlnQUt1VlBGS0RhSmpUY3c?oc=5
75;Obihiro Nikudon;Makan;Restoran Jepang;Bandung (Paskal Hyper Square);"Nikudon; open kitchen, antre";Disebut viral/hits/antre;2026;Tahun disebut di judul artikel;Kebon Jeruk;Andir;Kota Bandung;Jawa Barat;Indonesia;-6915;107595;Titik tempat (perkiraan);Paskal Hyper Square;1;tempat makan viral;10 Tempat Makan Viral di Bandung 2026 - nibble.id;https://news.google.com/rss/articles/CBMiaEFVX3lxTE9pZzU0UEt2M3VSYUxyTVBQdWtIMDEzaDhmRld1eWFGWk5ZaXc4Q0F0Q1FlQktpQW9fVGJBS2hFN0I0YWY1eUxJamkxUE9OVF9sWDFpbWtTVFFKRFNoaVJuUEFCeDBha0VE?oc=5
76;Toko Tahu Priangan;Makan;Restoran tahu;Bandung (Paskal Hypersquare);Konsep open kitchen, aneka olahan tahu;Disebut viral/hits/antre;Tidak disebut;;Kebon Jeruk;Andir;Kota Bandung;Jawa Barat;Indonesia;-6915;107595;Titik tempat (perkiraan);Paskal Hyper Square;1;tempat makan viral;13 Tempat Makan Hits dan Viral di Bandung Yang Wajib Kamu Kunjungi - TripZilla Indonesia;https://news.google.com/rss/articles/CBMiZ0FVX3lxTFBOYktCUGo5UEpQNWNnbkowTm0wUW1tOEU4YlBYU1gwdlRfUzBYQ0hBOTRHU19PZGJlX1I5c3ZER2dOQ3lUQ0k4S0t6aWU0czJiblh2OFB0QTlnQUt1VlBGS0RhSmpUY3c?oc=5
77;BBQ Mountain Boys Burger (BMB Burger);Makan;Burger;Bandung (The Tripark);Burger padat, chicken wings;Disebut viral/hits/antre;Tidak disebut;;;;Kota Bandung;Jawa Barat;Indonesia;-69175;1076191;Pusat kota/kabupaten;The Tripark – lokasi pasti tidak disebut;1;tempat makan viral;13 Tempat Makan Hits dan Viral di Bandung Yang Wajib Kamu Kunjungi - TripZilla Indonesia;https://news.google.com/rss/articles/CBMiZ0FVX3lxTFBOYktCUGo5UEpQNWNnbkowTm0wUW1tOEU4YlBYU1gwdlRfUzBYQ0hBOTRHU19PZGJlX1I5c3ZER2dOQ3lUQ0k4S0t6aWU0czJiblh2OFB0QTlnQUt1VlBGS0RhSmpUY3c?oc=5
78;SMOKIKI;Makan;Restoran BPK;Batam (Batam Kota);"Restoran Chef Kiki (runner up MCI 11); BPK halal";Rekomendasi (tidak disebut viral eksplisit);Tidak disebut;;;Batam Kota;Kota Batam;Kepulauan Riau;Indonesia;1135;104051;Pusat kecamatan;;1;tempat makan viral;Jelajah Kuliner Batam: 5 Tempat Makan Baru dengan Menu Unik dan Instagramable - Batam Pos;https://news.google.com/rss/articles/CBMisAFBVV95cUxQcGtrWlJTU0pvQnY4Q3I4cXB6eVlzSTlwaW9nQ2VrS1hPcVlHWEVjZk02RW9uaDdYVVNyWVZ1d3RhRkVONzVuT016eXpHYlp6N3VReFZJRDh4cEItNnNvZ3dmYUthNXlIblJVTk5yTDV4b1poMk5CNktpUl9VeEJfLWEtRS1rTThDVVVLekV0Vmw4SDZiMUNIaWNWU2dneW1NMy01VkxpeG1qc0pXcEVmNA?oc=5
79;Frui;Makan;Dessert gelato mochi;Batam (Lubuk Baja);Gelato mochi, kue;Disebut viral/hits/antre;Tidak disebut;;;Lubuk Baja;Kota Batam;Kepulauan Riau;Indonesia;1147;104008;Pusat kecamatan;;1;cafe viral;Viral di Batam, Ini 5 Cafe Baru Hits yang Cocok Buat Nongkrong Santai - Batam Pos;https://news.google.com/rss/articles/CBMipgFBVV95cUxNUFVBR2RnWUVmVFhjdWJqRERMRXNIc2VSS29TUXJzT205NFpraXlhUEo5VGlaczlmcWJmdDZkVmdEWmNFTzVwbmRRTTlKa1BKOWNVYklmS2pMS2dwZkxHT203czZGVDc3cmFyS1JqUkVRRVI3T092Zk5pcHZNeGFWLTdKa09FTEk3Y3RRdEZSeXpSVVJpSkw0R1RRTXlveVhBU3VqQWhB?oc=5
80;Bebek Kaleyo;Makan;Bebek goreng;Bekasi (Kalimalang);Bebek goreng renyah;Rekomendasi (tidak disebut viral eksplisit);Tidak disebut;;;Bekasi Selatan;Kota Bekasi;Jawa Barat;Indonesia;-6248;106975;Pusat kecamatan;Kawasan Kalimalang;1;tempat makan viral;Buat YTTA, Tempat Makan Di Bekasi Bikin Orang Jakarta Rela Antre! - TripZilla Indonesia;https://news.google.com/rss/articles/CBMikAFBVV95cUxObnhzRGlQbVdYSGxKT2luV0dxWFp2aGhnLU9zTGhSLVlieXl4aE9WSDVPOWVWdl91dHBrYWRaa2paUmZzVGR1QW90WGdvMVkzS3l1MG56aHdsejdUM25iYl9lN0NYWHFaLUVxTkMtRU5wb0FmWUhKVUtxclVfVGJGSVBiOHhldEVKWF9ETFQ0emo?oc=5
81;Sop Janda;Makan;Rumah makan;Bekasi (Pekayon);"Sop janda daging, sate maranggi; selalu ramai";Rekomendasi (tidak disebut viral eksplisit);Tidak disebut;;Pekayon Jaya;Bekasi Selatan;Kota Bekasi;Jawa Barat;Indonesia;-626;106977;Kelurahan/desa/kawasan;;1;tempat makan viral;Buat YTTA, Tempat Makan Di Bekasi Bikin Orang Jakarta Rela Antre! - TripZilla Indonesia;https://news.google.com/rss/articles/CBMikAFBVV95cUxObnhzRGlQbVdYSGxKT2luV0dxWFp2aGhnLU9zTGhSLVlieXl4aE9WSDVPOWVWdl91dHBrYWRaa2paUmZzVGR1QW90WGdvMVkzS3l1MG56aHdsejdUM25iYl9lN0NYWHFaLUVxTkMtRU5wb0FmWUhKVUtxclVfVGJGSVBiOHhldEVKWF9ETFQ0emo?oc=5
82;The Ruru Cuisines;Makan;Restoran Nusantara;Bogor (Cisarua);"Empal gepuk, nasi goreng rendang suir; ada villa";Rekomendasi (tidak disebut viral eksplisit);Juni 2026;Periode disebut di judul artikel;;Cisarua;Kab. Bogor;Jawa Barat;Indonesia;-669;10694;Pusat kecamatan;;1;tempat makan viral;10 Restoran Baru di Bogor Juni 2026 - nibble.id;https://news.google.com/rss/articles/CBMiZkFVX3lxTFBzNzNTZlc5MXpMVGVkSzg3OHFPVlBRWGhUOVE1MnlKcVJrMGU0dk5EQkEtTG5JUXlKaER6RkxuTVg1LWxuY3RHUmdQSWgwLVY3SjRlRVpTNFNaeFhGb25iRzZFeVY4dw?oc=5
83;Bakso Pa'jero;Makan;Bakso;Bogor (Halal Destination Cileungsi);"Bakso viral di Jogja; buka cabang Bogor";Rekomendasi (tidak disebut viral eksplisit);Juni 2026;Periode disebut di judul artikel;;Cileungsi;Kab. Bogor;Jawa Barat;Indonesia;-6395;10696;Pusat kecamatan;Halal Destination Cileungsi;1;tempat makan viral;10 Restoran Baru di Bogor Juni 2026 - nibble.id;https://news.google.com/rss/articles/CBMiZkFVX3lxTFBzNzNTZlc5MXpMVGVkSzg3OHFPVlBRWGhUOVE1MnlKcVJrMGU0dk5EQkEtTG5JUXlKaER6RkxuTVg1LWxuY3RHUmdQSWgwLVY3SjRlRVpTNFNaeFhGb25iRzZFeVY4dw?oc=5
84;Mie Ayam Bakso & Martabak AA Jambu Dua;Makan;Mie ayam/bakso;Bogor (Jl. A. Yani);Baru direnovasi besar;Rekomendasi (tidak disebut viral eksplisit);Juni 2026;Periode disebut di judul artikel;Tanah Sareal;Tanah Sareal;Kota Bogor;Jawa Barat;Indonesia;-657;1068;Kelurahan/desa/kawasan;Jl. A. Yani;1;tempat makan viral;10 Restoran Baru di Bogor Juni 2026 - nibble.id;https://news.google.com/rss/articles/CBMiZkFVX3lxTFBzNzNTZlc5MXpMVGVkSzg3OHFPVlBRWGhUOVE1MnlKcVJrMGU0dk5EQkEtTG5JUXlKaER6RkxuTVg1LWxuY3RHUmdQSWgwLVY3SjRlRVpTNFNaeFhGb25iRzZFeVY4dw?oc=5
85;Essel;Makan;Restoran Korea;Bogor (Jl. Pajajaran);"Gimbab & tteokbokki; outlet baru";Rekomendasi (tidak disebut viral eksplisit);Juni 2026;Periode disebut di judul artikel;;;Kota Bogor;Jawa Barat;Indonesia;-6595;106805;Kelurahan/desa/kawasan;Jl. Pajajaran;1;tempat makan viral;10 Restoran Baru di Bogor Juni 2026 - nibble.id;https://news.google.com/rss/articles/CBMiZkFVX3lxTFBzNzNTZlc5MXpMVGVkSzg3OHFPVlBRWGhUOVE1MnlKcVJrMGU0dk5EQkEtTG5JUXlKaER6RkxuTVg1LWxuY3RHUmdQSWgwLVY3SjRlRVpTNFNaeFhGb25iRzZFeVY4dw?oc=5
86;Padre;Makan;Restoran Italia;Bogor (Kanma Collective, Sukaraja);"Pasta & pizza; cabang baru";Rekomendasi (tidak disebut viral eksplisit);Juni 2026;Periode disebut di judul artikel;;Sukaraja;Kab. Bogor;Jawa Barat;Indonesia;-6575;106845;Pusat kecamatan;;1;tempat makan viral;10 Restoran Baru di Bogor Juni 2026 - nibble.id;https://news.google.com/rss/articles/CBMiZkFVX3lxTFBzNzNTZlc5MXpMVGVkSzg3OHFPVlBRWGhUOVE1MnlKcVJrMGU0dk5EQkEtTG5JUXlKaER6RkxuTVg1LWxuY3RHUmdQSWgwLVY3SjRlRVpTNFNaeFhGb25iRzZFeVY4dw?oc=5
87;RM Salam Sereh;Makan;Restoran Sunda;Bogor (Kemang);Restoran baru di tengah sawah;Rekomendasi (tidak disebut viral eksplisit);Juni 2026;Periode disebut di judul artikel;;Kemang;Kab. Bogor;Jawa Barat;Indonesia;-651;10674;Pusat kecamatan;;1;tempat makan viral;10 Restoran Baru di Bogor Juni 2026 - nibble.id;https://news.google.com/rss/articles/CBMiZkFVX3lxTFBzNzNTZlc5MXpMVGVkSzg3OHFPVlBRWGhUOVE1MnlKcVJrMGU0dk5EQkEtTG5JUXlKaER6RkxuTVg1LWxuY3RHUmdQSWgwLVY3SjRlRVpTNFNaeFhGb25iRzZFeVY4dw?oc=5
88;Nakita;Makan;Restoran + mini zoo;Bogor (Sukaraja);Hidden gem dengan mini zoo;Rekomendasi (tidak disebut viral eksplisit);Juni 2026;Periode disebut di judul artikel;;Sukaraja;Kab. Bogor;Jawa Barat;Indonesia;-6575;106845;Pusat kecamatan;;1;tempat makan viral;10 Restoran Baru di Bogor Juni 2026 - nibble.id;https://news.google.com/rss/articles/CBMiZkFVX3lxTFBzNzNTZlc5MXpMVGVkSzg3OHFPVlBRWGhUOVE1MnlKcVJrMGU0dk5EQkEtTG5JUXlKaER6RkxuTVg1LWxuY3RHUmdQSWgwLVY3SjRlRVpTNFNaeFhGb25iRzZFeVY4dw?oc=5
89;Nasi Goreng Bang Juki;Makan;Nasi goreng;Ciledug, Tangerang;"Sempat viral; antre sekitar 1 jam";Disebut viral/hits/antre;Tidak disebut;;;Ciledug;Kota Tangerang;Banten;Indonesia;-6228;106712;Pusat kecamatan;;1;tempat makan viral;7 Kuliner Hits di Ciledug yang Lagi Viral, Ada Nasi Goreng yang Antre 1 Jam! - food.detik.com;https://news.google.com/rss/articles/CBMiuwFBVV95cUxPblBtVTZvS2VxX1dwNGJpVFh0ZDlvR0duZ0k3X19FZTFEMHZvN3hwcXVqWEZqd1g3RDZtRVJUdUZZMnpzUE05ODhIREZ0WURXbDNtMTdJWVA4Ym1KdDUyYU1kbXgyekJDQjRfQmFQdGd1dUNlellsTmR2QU1aLTVKdHE0MVo0aDhFaDBpVUhkam5fRlh0MW9xZG9JX245MW1ZZjBPUnloYXhsczAtWXREZjVfdmNzTHMxUmI00gHAAUFVX3lxTE5HUHlDRHR2TXFzQ3lxc3A5MXJaN2xQeXpPV2xzUDNBbG04a1RyVkpvTFExd1VYYjFZTmNpTXQ2bUExbEVmX0N5NTBCVnhoQnlsTW41WTM4X2tMeF8wT0RQLUc4Vnp4a3NZTVQwLXZjZ1YzQ0NORUtNeWU5LW52S2FQVlBFR1NiUEpXMDg5OTI4VGt2VFphQW56RjlMb3NzVDhZbVNKUXJfQ0xTNFVpcnVNbDZtczFqVXlKbHZ5NTBWSA?oc=5
90;Barayam;Makan;Ayam goreng kaki lima;Ciledug, Tangerang (Jl. HOS Cokroaminoto);Ayam goreng bawang putih crispy;Disebut viral/hits/antre;Tidak disebut;;;Ciledug;Kota Tangerang;Banten;Indonesia;-623;106715;Pusat kecamatan;Jl. HOS Cokroaminoto;1;tempat makan viral;7 Kuliner Hits di Ciledug yang Lagi Viral, Ada Nasi Goreng yang Antre 1 Jam! - food.detik.com;https://news.google.com/rss/articles/CBMiuwFBVV95cUxPblBtVTZvS2VxX1dwNGJpVFh0ZDlvR0duZ0k3X19FZTFEMHZvN3hwcXVqWEZqd1g3RDZtRVJUdUZZMnpzUE05ODhIREZ0WURXbDNtMTdJWVA4Ym1KdDUyYU1kbXgyekJDQjRfQmFQdGd1dUNlellsTmR2QU1aLTVKdHE0MVo0aDhFaDBpVUhkam5fRlh0MW9xZG9JX245MW1ZZjBPUnloYXhsczAtWXREZjVfdmNzTHMxUmI00gHAAUFVX3lxTE5HUHlDRHR2TXFzQ3lxc3A5MXJaN2xQeXpPV2xzUDNBbG04a1RyVkpvTFExd1VYYjFZTmNpTXQ2bUExbEVmX0N5NTBCVnhoQnlsTW41WTM4X2tMeF8wT0RQLUc4Vnp4a3NZTVQwLXZjZ1YzQ0NORUtNeWU5LW52S2FQVlBFR1NiUEpXMDg5OTI4VGt2VFphQW56RjlMb3NzVDhZbVNKUXJfQ0xTNFVpcnVNbDZtczFqVXlKbHZ5NTBWSA?oc=5
91;Liwet Bakar Derajat;Makan;Nasi liwet bakar;Ciledug, Tangerang (Karang Tengah);Nasi liwet bakar, hits;Disebut viral/hits/antre;Tidak disebut;;;Karang Tengah;Kota Tangerang;Banten;Indonesia;-6215;10671;Pusat kecamatan;;1;tempat makan viral;7 Kuliner Hits di Ciledug yang Lagi Viral, Ada Nasi Goreng yang Antre 1 Jam! - food.detik.com;https://news.google.com/rss/articles/CBMiuwFBVV95cUxPblBtVTZvS2VxX1dwNGJpVFh0ZDlvR0duZ0k3X19FZTFEMHZvN3hwcXVqWEZqd1g3RDZtRVJUdUZZMnpzUE05ODhIREZ0WURXbDNtMTdJWVA4Ym1KdDUyYU1kbXgyekJDQjRfQmFQdGd1dUNlellsTmR2QU1aLTVKdHE0MVo0aDhFaDBpVUhkam5fRlh0MW9xZG9JX245MW1ZZjBPUnloYXhsczAtWXREZjVfdmNzTHMxUmI00gHAAUFVX3lxTE5HUHlDRHR2TXFzQ3lxc3A5MXJaN2xQeXpPV2xzUDNBbG04a1RyVkpvTFExd1VYYjFZTmNpTXQ2bUExbEVmX0N5NTBCVnhoQnlsTW41WTM4X2tMeF8wT0RQLUc4Vnp4a3NZTVQwLXZjZ1YzQ0NORUtNeWU5LW52S2FQVlBFR1NiUEpXMDg5OTI4VGt2VFphQW56RjlMb3NzVDhZbVNKUXJfQ0xTNFVpcnVNbDZtczFqVXlKbHZ5NTBWSA?oc=5
92;Bakso Pentol Bang Dimas;Makan;Bakso;Ciledug, Tangerang (Paninggilan Utara);Sempat viral di media sosial;Disebut viral/hits/antre;Tidak disebut;;Paninggilan Utara;Ciledug;Kota Tangerang;Banten;Indonesia;-6224;106698;Kelurahan/desa/kawasan;;1;tempat makan viral;7 Kuliner Hits di Ciledug yang Lagi Viral, Ada Nasi Goreng yang Antre 1 Jam! - food.detik.com;https://news.google.com/rss/articles/CBMiuwFBVV95cUxPblBtVTZvS2VxX1dwNGJpVFh0ZDlvR0duZ0k3X19FZTFEMHZvN3hwcXVqWEZqd1g3RDZtRVJUdUZZMnpzUE05ODhIREZ0WURXbDNtMTdJWVA4Ym1KdDUyYU1kbXgyekJDQjRfQmFQdGd1dUNlellsTmR2QU1aLTVKdHE0MVo0aDhFaDBpVUhkam5fRlh0MW9xZG9JX245MW1ZZjBPUnloYXhsczAtWXREZjVfdmNzTHMxUmI00gHAAUFVX3lxTE5HUHlDRHR2TXFzQ3lxc3A5MXJaN2xQeXpPV2xzUDNBbG04a1RyVkpvTFExd1VYYjFZTmNpTXQ2bUExbEVmX0N5NTBCVnhoQnlsTW41WTM4X2tMeF8wT0RQLUc4Vnp4a3NZTVQwLXZjZ1YzQ0NORUtNeWU5LW52S2FQVlBFR1NiUEpXMDg5OTI4VGt2VFphQW56RjlMb3NzVDhZbVNKUXJfQ0xTNFVpcnVNbDZtczFqVXlKbHZ5NTBWSA?oc=5
93;Warung Sunda Anna Raos;Makan;Warung Sunda;Ciledug, Tangerang (Paninggilan);Konsep asri & homey;Disebut viral/hits/antre;Tidak disebut;;Paninggilan;Ciledug;Kota Tangerang;Banten;Indonesia;-6231;106698;Kelurahan/desa/kawasan;;1;tempat makan viral;7 Kuliner Hits di Ciledug yang Lagi Viral, Ada Nasi Goreng yang Antre 1 Jam! - food.detik.com;https://news.google.com/rss/articles/CBMiuwFBVV95cUxPblBtVTZvS2VxX1dwNGJpVFh0ZDlvR0duZ0k3X19FZTFEMHZvN3hwcXVqWEZqd1g3RDZtRVJUdUZZMnpzUE05ODhIREZ0WURXbDNtMTdJWVA4Ym1KdDUyYU1kbXgyekJDQjRfQmFQdGd1dUNlellsTmR2QU1aLTVKdHE0MVo0aDhFaDBpVUhkam5fRlh0MW9xZG9JX245MW1ZZjBPUnloYXhsczAtWXREZjVfdmNzTHMxUmI00gHAAUFVX3lxTE5HUHlDRHR2TXFzQ3lxc3A5MXJaN2xQeXpPV2xzUDNBbG04a1RyVkpvTFExd1VYYjFZTmNpTXQ2bUExbEVmX0N5NTBCVnhoQnlsTW41WTM4X2tMeF8wT0RQLUc4Vnp4a3NZTVQwLXZjZ1YzQ0NORUtNeWU5LW52S2FQVlBFR1NiUEpXMDg5OTI4VGt2VFphQW56RjlMb3NzVDhZbVNKUXJfQ0xTNFVpcnVNbDZtczFqVXlKbHZ5NTBWSA?oc=5
94;Omah Simbah Resto;Makan;Restoran Jawa;Depok;Naik daun, 40+ lauk rumahan;Disebut viral/hits/antre;Tidak disebut;;;;Kota Depok;Jawa Barat;Indonesia;-64025;1067942;Pusat kota/kabupaten;;1;kuliner viral;5 Wisata Kuliner Viral di Depok yang Wajib Dicoba, Dijamin Bikin Ketagihan - Chanelmuslim.com;https://news.google.com/rss/articles/CBMiqAFBVV95cUxQQXU4NXltUldYRTg4TTBmZFd0dU9ic1lyVW10ekZYMGczblJweGl3Y3NHa1o3eU9VWTFGVVNIOXplOHVsNjF3a2FSeGV0UGRVR3hSWVNNYUlrTllreXg2NDNaTjN2WmJTdzJvZHNxYzZoU1NvdUZ4R0FFdENySnRHeUQ0dHBNZEVqTWF2WFBJZUl4OVFXUFMtdkRUb1BKTzdSU0txSmNrS0I?oc=5
95;Sop Durian Margando;Makan;Dessert sop durian;Depok;"Ikon kuliner Depok; ramai malam hari";Disebut viral/hits/antre;Tidak disebut;;;;Kota Depok;Jawa Barat;Indonesia;-64025;1067942;Pusat kota/kabupaten;;1;kuliner viral;5 Wisata Kuliner Viral di Depok yang Wajib Dicoba, Dijamin Bikin Ketagihan - Chanelmuslim.com;https://news.google.com/rss/articles/CBMiqAFBVV95cUxQQXU4NXltUldYRTg4TTBmZFd0dU9ic1lyVW10ekZYMGczblJweGl3Y3NHa1o3eU9VWTFGVVNIOXplOHVsNjF3a2FSeGV0UGRVR3hSWVNNYUlrTllreXg2NDNaTjN2WmJTdzJvZHNxYzZoU1NvdUZ4R0FFdENySnRHeUQ0dHBNZEVqTWF2WFBJZUl4OVFXUFMtdkRUb1BKTzdSU0txSmNrS0I?oc=5
96;Soto Bu Tjondro;Makan;Warung soto;Depok;Soto kuah gurih rempah;Disebut viral/hits/antre;Tidak disebut;;;;Kota Depok;Jawa Barat;Indonesia;-64025;1067942;Pusat kota/kabupaten;;1;kuliner viral;5 Wisata Kuliner Viral di Depok yang Wajib Dicoba, Dijamin Bikin Ketagihan - Chanelmuslim.com;https://news.google.com/rss/articles/CBMiqAFBVV95cUxQQXU4NXltUldYRTg4TTBmZFd0dU9ic1lyVW10ekZYMGczblJweGl3Y3NHa1o3eU9VWTFGVVNIOXplOHVsNjF3a2FSeGV0UGRVR3hSWVNNYUlrTllreXg2NDNaTjN2WmJTdzJvZHNxYzZoU1NvdUZ4R0FFdENySnRHeUQ0dHBNZEVqTWF2WFBJZUl4OVFXUFMtdkRUb1BKTzdSU0txSmNrS0I?oc=5
97;Warung Ayah Rojak;Makan;Warung makan;Depok;"Milik keluarga Ayu Ting Ting; ramai di medsos";Disebut viral/hits/antre;Tidak disebut;;;;Kota Depok;Jawa Barat;Indonesia;-64025;1067942;Pusat kota/kabupaten;;1;kuliner viral;5 Wisata Kuliner Viral di Depok yang Wajib Dicoba, Dijamin Bikin Ketagihan - Chanelmuslim.com;https://news.google.com/rss/articles/CBMiqAFBVV95cUxQQXU4NXltUldYRTg4TTBmZFd0dU9ic1lyVW10ekZYMGczblJweGl3Y3NHa1o3eU9VWTFGVVNIOXplOHVsNjF3a2FSeGV0UGRVR3hSWVNNYUlrTllreXg2NDNaTjN2WmJTdzJvZHNxYzZoU1NvdUZ4R0FFdENySnRHeUQ0dHBNZEVqTWF2WFBJZUl4OVFXUFMtdkRUb1BKTzdSU0txSmNrS0I?oc=5
98;Warung Pancong & Indomie Mang Kumis & Mang Dadang;Makan;Warung pancong;Depok;Pancong viral, buka 24 jam;Disebut viral/hits/antre;Tidak disebut;;;;Kota Depok;Jawa Barat;Indonesia;-64025;1067942;Pusat kota/kabupaten;;1;kuliner viral;5 Wisata Kuliner Viral di Depok yang Wajib Dicoba, Dijamin Bikin Ketagihan - Chanelmuslim.com;https://news.google.com/rss/articles/CBMiqAFBVV95cUxQQXU4NXltUldYRTg4TTBmZFd0dU9ic1lyVW10ekZYMGczblJweGl3Y3NHa1o3eU9VWTFGVVNIOXplOHVsNjF3a2FSeGV0UGRVR3hSWVNNYUlrTllreXg2NDNaTjN2WmJTdzJvZHNxYzZoU1NvdUZ4R0FFdENySnRHeUQ0dHBNZEVqTWF2WFBJZUl4OVFXUFMtdkRUb1BKTzdSU0txSmNrS0I?oc=5
99;Perang Kerang;Makan;Seafood;Depok (Jl. Margonda Raya, Beji);"Seafood tumpah di meja; disebut paling viral";Disebut viral/hits/antre;Tidak disebut;;;Beji;Kota Depok;Jawa Barat;Indonesia;-637;106832;Pusat kecamatan;Jl. Margonda Raya;1;tempat makan viral;🍽️ [Paling Update] 30+ Tempat Makan di Depok Untuk Pecinta Kuliner! - TripZilla Indonesia;https://news.google.com/rss/articles/CBMiYkFVX3lxTE1vVTJYVFBITm10T3lIQ05wcllWUEtpYnFmc3NVUU43NWJIQTNYV3NvQk9lMGtrLXh3RmtvSVJMMTItNnVtV1l2ZzRCRTFaUzNXdUMzb1R6eE9CY0ZKNElXMFdB?oc=5
100;Abuba Steak;Makan;Restoran steak;Depok (Jl. Margonda);"Steak, selalu ramai; disebut paling hits";Disebut viral/hits/antre;Tidak disebut;;;Beji;Kota Depok;Jawa Barat;Indonesia;-638;10683;Pusat kecamatan;Jl. Margonda Raya;1;tempat makan viral;🍽️ [Paling Update] 30+ Tempat Makan di Depok Untuk Pecinta Kuliner! - TripZilla Indonesia;https://news.google.com/rss/articles/CBMiYkFVX3lxTE1vVTJYVFBITm10T3lIQ05wcllWUEtpYnFmc3NVUU43NWJIQTNYV3NvQk9lMGtrLXh3RmtvSVJMMTItNnVtV1l2ZzRCRTFaUzNXdUMzb1R6eE9CY0ZKNElXMFdB?oc=5
103;Bakmie Berkat;Makan;Kedai bakmie;Jakarta (Blok M Hub);Bakmie aneka topping;Disebut viral/hits/antre;Tidak disebut;;Melawai;Kebayoran Baru;Kota Jakarta Selatan;DKI Jakarta;Indonesia;-6244;1068;Titik tempat (perkiraan);Blok M Hub;1;kuliner viral;10 Kuliner Viral di Blok M Hub Jakarta, Dari Ayam Pedas Hingga Cimol Keju - TripZilla Indonesia;https://news.google.com/rss/articles/CBMiaEFVX3lxTE1hMzNEQlAtQzVGN2tVbURBclltWU5Sczdac2xycDN1MHJmSDktdFFhMjExY0k4eEtTMU5WN0VhSURHWkZaOFRQNmZsb1ZLSE5zYVBRY2VsMnV2c3NCT0Z4MGpuVE80VVhY?oc=5
104;Biftadon Premium Donburi;Makan;Kedai donburi halal;Jakarta (Blok M Hub);Biftadon;Disebut viral/hits/antre;Tidak disebut;;Melawai;Kebayoran Baru;Kota Jakarta Selatan;DKI Jakarta;Indonesia;-6244;1068;Titik tempat (perkiraan);Blok M Hub;1;kuliner viral;10 Kuliner Viral di Blok M Hub Jakarta, Dari Ayam Pedas Hingga Cimol Keju - TripZilla Indonesia;https://news.google.com/rss/articles/CBMiaEFVX3lxTE1hMzNEQlAtQzVGN2tVbURBclltWU5Sczdac2xycDN1MHJmSDktdFFhMjExY0k4eEtTMU5WN0VhSURHWkZaOFRQNmZsb1ZLSE5zYVBRY2VsMnV2c3NCT0Z4MGpuVE80VVhY?oc=5
105;Cimol Keju Barito;Makan;Jajanan;Jakarta (Blok M Hub);Cimol keju lumer;Disebut viral/hits/antre;Tidak disebut;;Melawai;Kebayoran Baru;Kota Jakarta Selatan;DKI Jakarta;Indonesia;-6244;1068;Titik tempat (perkiraan);Blok M Hub;1;kuliner viral;10 Kuliner Viral di Blok M Hub Jakarta, Dari Ayam Pedas Hingga Cimol Keju - TripZilla Indonesia;https://news.google.com/rss/articles/CBMiaEFVX3lxTE1hMzNEQlAtQzVGN2tVbURBclltWU5Sczdac2xycDN1MHJmSDktdFFhMjExY0k4eEtTMU5WN0VhSURHWkZaOFRQNmZsb1ZLSE5zYVBRY2VsMnV2c3NCT0Z4MGpuVE80VVhY?oc=5
106;Cumitong;Makan;Kedai cumi;Jakarta (Blok M Hub);"Cumi telor asin; selalu ramai";Disebut viral/hits/antre;Tidak disebut;;Melawai;Kebayoran Baru;Kota Jakarta Selatan;DKI Jakarta;Indonesia;-6244;1068;Titik tempat (perkiraan);Blok M Hub;1;kuliner viral;10 Kuliner Viral di Blok M Hub Jakarta, Dari Ayam Pedas Hingga Cimol Keju - TripZilla Indonesia;https://news.google.com/rss/articles/CBMiaEFVX3lxTE1hMzNEQlAtQzVGN2tVbURBclltWU5Sczdac2xycDN1MHJmSDktdFFhMjExY0k4eEtTMU5WN0VhSURHWkZaOFRQNmZsb1ZLSE5zYVBRY2VsMnV2c3NCT0Z4MGpuVE80VVhY?oc=5
107;Donatopia;Makan;Dessert/donat;Jakarta (Blok M Hub);Donat mochi, dessert viral;Disebut viral/hits/antre;Tidak disebut;;Melawai;Kebayoran Baru;Kota Jakarta Selatan;DKI Jakarta;Indonesia;-6244;1068;Titik tempat (perkiraan);Blok M Hub;1;kuliner viral;10 Kuliner Viral di Blok M Hub Jakarta, Dari Ayam Pedas Hingga Cimol Keju - TripZilla Indonesia;https://news.google.com/rss/articles/CBMiaEFVX3lxTE1hMzNEQlAtQzVGN2tVbURBclltWU5Sczdac2xycDN1MHJmSDktdFFhMjExY0k4eEtTMU5WN0VhSURHWkZaOFRQNmZsb1ZLSE5zYVBRY2VsMnV2c3NCT0Z4MGpuVE80VVhY?oc=5
108;Lima Suap;Makan;Rumah makan;Jakarta (Blok M Hub);Nasi ayam jukut, iga bakar;Disebut viral/hits/antre;Tidak disebut;;Melawai;Kebayoran Baru;Kota Jakarta Selatan;DKI Jakarta;Indonesia;-6244;1068;Titik tempat (perkiraan);Blok M Hub;1;kuliner viral;10 Kuliner Viral di Blok M Hub Jakarta, Dari Ayam Pedas Hingga Cimol Keju - TripZilla Indonesia;https://news.google.com/rss/articles/CBMiaEFVX3lxTE1hMzNEQlAtQzVGN2tVbURBclltWU5Sczdac2xycDN1MHJmSDktdFFhMjExY0k4eEtTMU5WN0VhSURHWkZaOFRQNmZsb1ZLSE5zYVBRY2VsMnV2c3NCT0Z4MGpuVE80VVhY?oc=5
109;Tako Tako Club;Makan;Takoyaki;Jakarta (Blok M Hub);Takoyaki;Disebut viral/hits/antre;Tidak disebut;;Melawai;Kebayoran Baru;Kota Jakarta Selatan;DKI Jakarta;Indonesia;-6244;1068;Titik tempat (perkiraan);Blok M Hub;1;kuliner viral;10 Kuliner Viral di Blok M Hub Jakarta, Dari Ayam Pedas Hingga Cimol Keju - TripZilla Indonesia;https://news.google.com/rss/articles/CBMiaEFVX3lxTE1hMzNEQlAtQzVGN2tVbURBclltWU5Sczdac2xycDN1MHJmSDktdFFhMjExY0k4eEtTMU5WN0VhSURHWkZaOFRQNmZsb1ZLSE5zYVBRY2VsMnV2c3NCT0Z4MGpuVE80VVhY?oc=5
110;Susu Murni Bahagia;Makan;Kedai susu;"Jakarta (Blok M Hub; cabang Jabodetabek)";"Minuman susu aneka rasa; viral banyak cabang";Disebut viral/hits/antre;Tidak disebut;;Melawai;Kebayoran Baru;Kota Jakarta Selatan;DKI Jakarta;Indonesia;-6244;1068;Titik tempat (perkiraan);Blok M Hub;1;kuliner viral;10 Kuliner Viral di Blok M Hub Jakarta, Dari Ayam Pedas Hingga Cimol Keju - TripZilla Indonesia;https://news.google.com/rss/articles/CBMiaEFVX3lxTE1hMzNEQlAtQzVGN2tVbURBclltWU5Sczdac2xycDN1MHJmSDktdFFhMjExY0k4eEtTMU5WN0VhSURHWkZaOFRQNmZsb1ZLSE5zYVBRY2VsMnV2c3NCT0Z4MGpuVE80VVhY?oc=5
111;Chili's Indonesia (Plaza Senayan & Tribeca Central Park);Makan;Restoran Amerika;"Jakarta (Plaza Senayan; Tribeca Central Park Mall)";"Fried mozzarella viral; buka gerai kedua";Disebut viral/hits/antre;Tidak disebut;;Gelora;Tanah Abang;Kota Jakarta Pusat;DKI Jakarta;Indonesia;-62256;1067995;Titik tempat (perkiraan);"Plaza Senayan; gerai kedua di Tribeca Central Park (Grogol Petamburan, Jakarta Barat)";1;restoran viral;Restoran dengan Fried Mozzarella yang Viral Buka Gerai Kedua - investor.id;https://news.google.com/rss/articles/CBMingFBVV95cUxPdFBwemd3UHdNeWFiZ1ZiNXpCT2xxYkptWVdqMGkxaFpxNzJGUm9nZlRoZVVuQ2dkQWZmWUNocUQteW9ndDJyb0JHQ1VLVVdtQ2Q3cHJWNlZoUWROTTNvd25fUmJ6cGFPTnl4aWp6cU5FM3RqRmFFZHE0czhlZjR2RDV1QTFiNHM0UkFZbGZqVzlmbVcxaEVCX2lmSnZadw?oc=5
112;Aldi's Burger;Makan;Burger;Jakarta (TikTok Food Fest, GBK);Burger viral milik Aldi Taher;Disebut viral/hits/antre;2026;Tahun disebut di judul artikel;Gelora;Tanah Abang;Kota Jakarta Pusat;DKI Jakarta;Indonesia;-62186;106802;Titik tempat (perkiraan);Lokasi event TikTok Food Fest di GBK (tenant temporer);2;"kuliner viral; tempat makan viral";TikTok Food Fest 2026 Hari Terakhir di GBK, Ada 40 Lebih Tenant hingga Kuliner Viral - aktualita.co | Di TikTok Food Fest 2026 Ada Mochi Gelato hingga Nasi Lidah Enak - food.detik.com;https://news.google.com/rss/articles/CBMidEFVX3lxTE5xMXhUUkZOTGJJcWZ2VmgwdGgtcnJsZ3NnbklPWENaLWV0RTVpM2Njc25KNDhpOFZZbGxmbmtzbWx5WUhEbjh1MWlUVTFVY3FrOVZ4cEV4VUpIeFZEREFkVDZIMWdTdXpCOWNqbTEtZ2FzdnJN?oc=5 | https://news.google.com/rss/articles/CBMiugFBVV95cUxQX2RudkdjWWNkeDh3LUxfQjh2VmUxVHBTdGpOTXN6dHdVM0ZYNzRxeXQ1bkh6eW1zRjNkTGlvQi11MmtkOFNJdHJodTJTMWswbmpCd0YyUjFMZ2VnZ29pN3VSal9CYWhnbVhVWTdudXRtdjFFNkc0RGxpTmNaeDhpY0wtNTRMS0FNcW5YeExSb0pwSGs1eWFkYi0wcFRTQmJlQjg4NHpHeThVRmFVZ0lvZ2hpUWV6WDJQWHfSAb8BQVVfeXFMUGdmWWdiQmdkbGNRUkJmSk9qOG8yNzJkajZlc3dfMnV1QmdrTUt2cjkzdEZsd09rTjBSQ1hwSlNneFhvVVRjb2ZqdVIwVWZRYjFkb0EzV1F6ZU53WlBGbFFPUWM3NXlYZ08yRGtrbEZjVGhMUXdRa0NudUg1SWtjZFdFREwxX3E4UzlNd3F1a19kZXhmWTB2bF96T2QxNFdLRmp2QUxJNUhaUUc2d1pJeDllcDgxWi1CY0ZzTWtHU3c?oc=5
113;Chuchat;Makan;Kuliner kekinian;Jakarta (TikTok Food Fest, GBK);Tenant kuliner viral TikTok;Disebut viral/hits/antre;2026;Tahun disebut di judul artikel;Gelora;Tanah Abang;Kota Jakarta Pusat;DKI Jakarta;Indonesia;-62186;106802;Titik tempat (perkiraan);Lokasi event TikTok Food Fest di GBK (tenant temporer);2;"kuliner viral; tempat makan viral";TikTok Food Fest 2026 Hari Terakhir di GBK, Ada 40 Lebih Tenant hingga Kuliner Viral - aktualita.co | Di TikTok Food Fest 2026 Ada Mochi Gelato hingga Nasi Lidah Enak - food.detik.com;https://news.google.com/rss/articles/CBMidEFVX3lxTE5xMXhUUkZOTGJJcWZ2VmgwdGgtcnJsZ3NnbklPWENaLWV0RTVpM2Njc25KNDhpOFZZbGxmbmtzbWx5WUhEbjh1MWlUVTFVY3FrOVZ4cEV4VUpIeFZEREFkVDZIMWdTdXpCOWNqbTEtZ2FzdnJN?oc=5 | https://news.google.com/rss/articles/CBMiugFBVV95cUxQX2RudkdjWWNkeDh3LUxfQjh2VmUxVHBTdGpOTXN6dHdVM0ZYNzRxeXQ1bkh6eW1zRjNkTGlvQi11MmtkOFNJdHJodTJTMWswbmpCd0YyUjFMZ2VnZ29pN3VSal9CYWhnbVhVWTdudXRtdjFFNkc0RGxpTmNaeDhpY0wtNTRMS0FNcW5YeExSb0pwSGs1eWFkYi0wcFRTQmJlQjg4NHpHeThVRmFVZ0lvZ2hpUWV6WDJQWHfSAb8BQVVfeXFMUGdmWWdiQmdkbGNRUkJmSk9qOG8yNzJkajZlc3dfMnV1QmdrTUt2cjkzdEZsd09rTjBSQ1hwSlNneFhvVVRjb2ZqdVIwVWZRYjFkb0EzV1F6ZU53WlBGbFFPUWM3NXlYZ08yRGtrbEZjVGhMUXdRa0NudUg1SWtjZFdFREwxX3E4UzlNd3F1a19kZXhmWTB2bF96T2QxNFdLRmp2QUxJNUhaUUc2d1pJeDllcDgxWi1CY0ZzTWtHU3c?oc=5
114;Eight Tarts;Makan;Dessert;Jakarta (TikTok Food Fest, GBK);Egg tart berbagai varian;Disebut viral/hits/antre;2026;Tahun disebut di judul artikel;Gelora;Tanah Abang;Kota Jakarta Pusat;DKI Jakarta;Indonesia;-62186;106802;Titik tempat (perkiraan);Lokasi event TikTok Food Fest di GBK (tenant temporer);2;"kuliner viral; tempat makan viral";TikTok Food Fest 2026 Hari Terakhir di GBK, Ada 40 Lebih Tenant hingga Kuliner Viral - aktualita.co | Di TikTok Food Fest 2026 Ada Mochi Gelato hingga Nasi Lidah Enak - food.detik.com;https://news.google.com/rss/articles/CBMidEFVX3lxTE5xMXhUUkZOTGJJcWZ2VmgwdGgtcnJsZ3NnbklPWENaLWV0RTVpM2Njc25KNDhpOFZZbGxmbmtzbWx5WUhEbjh1MWlUVTFVY3FrOVZ4cEV4VUpIeFZEREFkVDZIMWdTdXpCOWNqbTEtZ2FzdnJN?oc=5 | https://news.google.com/rss/articles/CBMiugFBVV95cUxQX2RudkdjWWNkeDh3LUxfQjh2VmUxVHBTdGpOTXN6dHdVM0ZYNzRxeXQ1bkh6eW1zRjNkTGlvQi11MmtkOFNJdHJodTJTMWswbmpCd0YyUjFMZ2VnZ29pN3VSal9CYWhnbVhVWTdudXRtdjFFNkc0RGxpTmNaeDhpY0wtNTRMS0FNcW5YeExSb0pwSGs1eWFkYi0wcFRTQmJlQjg4NHpHeThVRmFVZ0lvZ2hpUWV6WDJQWHfSAb8BQVVfeXFMUGdmWWdiQmdkbGNRUkJmSk9qOG8yNzJkajZlc3dfMnV1QmdrTUt2cjkzdEZsd09rTjBSQ1hwSlNneFhvVVRjb2ZqdVIwVWZRYjFkb0EzV1F6ZU53WlBGbFFPUWM3NXlYZ08yRGtrbEZjVGhMUXdRa0NudUg1SWtjZFdFREwxX3E4UzlNd3F1a19kZXhmWTB2bF96T2QxNFdLRmp2QUxJNUhaUUc2d1pJeDllcDgxWi1CY0ZzTWtHU3c?oc=5
115;Fuku;Makan;Dessert;Jakarta (TikTok Food Fest, GBK);Gelato mochi;Disebut viral/hits/antre;2026;Tahun disebut di judul artikel;Gelora;Tanah Abang;Kota Jakarta Pusat;DKI Jakarta;Indonesia;-62186;106802;Titik tempat (perkiraan);Lokasi event TikTok Food Fest di GBK (tenant temporer);2;"kuliner viral; tempat makan viral";TikTok Food Fest 2026 Hari Terakhir di GBK, Ada 40 Lebih Tenant hingga Kuliner Viral - aktualita.co | Di TikTok Food Fest 2026 Ada Mochi Gelato hingga Nasi Lidah Enak - food.detik.com;https://news.google.com/rss/articles/CBMidEFVX3lxTE5xMXhUUkZOTGJJcWZ2VmgwdGgtcnJsZ3NnbklPWENaLWV0RTVpM2Njc25KNDhpOFZZbGxmbmtzbWx5WUhEbjh1MWlUVTFVY3FrOVZ4cEV4VUpIeFZEREFkVDZIMWdTdXpCOWNqbTEtZ2FzdnJN?oc=5 | https://news.google.com/rss/articles/CBMiugFBVV95cUxQX2RudkdjWWNkeDh3LUxfQjh2VmUxVHBTdGpOTXN6dHdVM0ZYNzRxeXQ1bkh6eW1zRjNkTGlvQi11MmtkOFNJdHJodTJTMWswbmpCd0YyUjFMZ2VnZ29pN3VSal9CYWhnbVhVWTdudXRtdjFFNkc0RGxpTmNaeDhpY0wtNTRMS0FNcW5YeExSb0pwSGs1eWFkYi0wcFRTQmJlQjg4NHpHeThVRmFVZ0lvZ2hpUWV6WDJQWHfSAb8BQVVfeXFMUGdmWWdiQmdkbGNRUkJmSk9qOG8yNzJkajZlc3dfMnV1QmdrTUt2cjkzdEZsd09rTjBSQ1hwSlNneFhvVVRjb2ZqdVIwVWZRYjFkb0EzV1F6ZU53WlBGbFFPUWM3NXlYZ08yRGtrbEZjVGhMUXdRa0NudUg1SWtjZFdFREwxX3E4UzlNd3F1a19kZXhmWTB2bF96T2QxNFdLRmp2QUxJNUhaUUc2d1pJeDllcDgxWi1CY0ZzTWtHU3c?oc=5
116;Mad Bagel;Makan;Bagel;Jakarta (TikTok Food Fest, GBK);"Bagel manis & gurih; tenant kuliner viral TikTok";Disebut viral/hits/antre;2026;Tahun disebut di judul artikel;Gelora;Tanah Abang;Kota Jakarta Pusat;DKI Jakarta;Indonesia;-62186;106802;Titik tempat (perkiraan);Lokasi event TikTok Food Fest di GBK (tenant temporer);2;"kuliner viral; tempat makan viral";TikTok Food Fest 2026 Hari Terakhir di GBK, Ada 40 Lebih Tenant hingga Kuliner Viral - aktualita.co | Di TikTok Food Fest 2026 Ada Mochi Gelato hingga Nasi Lidah Enak - food.detik.com;https://news.google.com/rss/articles/CBMidEFVX3lxTE5xMXhUUkZOTGJJcWZ2VmgwdGgtcnJsZ3NnbklPWENaLWV0RTVpM2Njc25KNDhpOFZZbGxmbmtzbWx5WUhEbjh1MWlUVTFVY3FrOVZ4cEV4VUpIeFZEREFkVDZIMWdTdXpCOWNqbTEtZ2FzdnJN?oc=5 | https://news.google.com/rss/articles/CBMiugFBVV95cUxQX2RudkdjWWNkeDh3LUxfQjh2VmUxVHBTdGpOTXN6dHdVM0ZYNzRxeXQ1bkh6eW1zRjNkTGlvQi11MmtkOFNJdHJodTJTMWswbmpCd0YyUjFMZ2VnZ29pN3VSal9CYWhnbVhVWTdudXRtdjFFNkc0RGxpTmNaeDhpY0wtNTRMS0FNcW5YeExSb0pwSGs1eWFkYi0wcFRTQmJlQjg4NHpHeThVRmFVZ0lvZ2hpUWV6WDJQWHfSAb8BQVVfeXFMUGdmWWdiQmdkbGNRUkJmSk9qOG8yNzJkajZlc3dfMnV1QmdrTUt2cjkzdEZsd09rTjBSQ1hwSlNneFhvVVRjb2ZqdVIwVWZRYjFkb0EzV1F6ZU53WlBGbFFPUWM3NXlYZ08yRGtrbEZjVGhMUXdRa0NudUg1SWtjZFdFREwxX3E4UzlNd3F1a19kZXhmWTB2bF96T2QxNFdLRmp2QUxJNUhaUUc2d1pJeDllcDgxWi1CY0ZzTWtHU3c?oc=5
117;RM Lokiin;Makan;Rumah makan;Jakarta (TikTok Food Fest, GBK);"Nasi lidah; kuliner viral TikTok";Disebut viral/hits/antre;2026;Tahun disebut di judul artikel;Gelora;Tanah Abang;Kota Jakarta Pusat;DKI Jakarta;Indonesia;-62186;106802;Titik tempat (perkiraan);Lokasi event TikTok Food Fest di GBK (tenant temporer);2;"kuliner viral; tempat makan viral";TikTok Food Fest 2026 Hari Terakhir di GBK, Ada 40 Lebih Tenant hingga Kuliner Viral - aktualita.co | Di TikTok Food Fest 2026 Ada Mochi Gelato hingga Nasi Lidah Enak - food.detik.com;https://news.google.com/rss/articles/CBMidEFVX3lxTE5xMXhUUkZOTGJJcWZ2VmgwdGgtcnJsZ3NnbklPWENaLWV0RTVpM2Njc25KNDhpOFZZbGxmbmtzbWx5WUhEbjh1MWlUVTFVY3FrOVZ4cEV4VUpIeFZEREFkVDZIMWdTdXpCOWNqbTEtZ2FzdnJN?oc=5 | https://news.google.com/rss/articles/CBMiugFBVV95cUxQX2RudkdjWWNkeDh3LUxfQjh2VmUxVHBTdGpOTXN6dHdVM0ZYNzRxeXQ1bkh6eW1zRjNkTGlvQi11MmtkOFNJdHJodTJTMWswbmpCd0YyUjFMZ2VnZ29pN3VSal9CYWhnbVhVWTdudXRtdjFFNkc0RGxpTmNaeDhpY0wtNTRMS0FNcW5YeExSb0pwSGs1eWFkYi0wcFRTQmJlQjg4NHpHeThVRmFVZ0lvZ2hpUWV6WDJQWHfSAb8BQVVfeXFMUGdmWWdiQmdkbGNRUkJmSk9qOG8yNzJkajZlc3dfMnV1QmdrTUt2cjkzdEZsd09rTjBSQ1hwSlNneFhvVVRjb2ZqdVIwVWZRYjFkb0EzV1F6ZU53WlBGbFFPUWM3NXlYZ08yRGtrbEZjVGhMUXdRa0NudUg1SWtjZFdFREwxX3E4UzlNd3F1a19kZXhmWTB2bF96T2QxNFdLRmp2QUxJNUhaUUc2d1pJeDllcDgxWi1CY0ZzTWtHU3c?oc=5
118;Ayam Renald;Makan;Kedai ayam;"Jakarta (TikTok Food Fest, GBK; Blok M Hub)";"Olahan ayam berbagai bumbu; milik influencer";Disebut viral/hits/antre;2026;Tahun disebut di judul artikel;Gelora;Tanah Abang;Kota Jakarta Pusat;DKI Jakarta;Indonesia;-62186;106802;Titik tempat (perkiraan);Lokasi event TikTok Food Fest di GBK (tenant temporer);3;"kuliner viral; tempat makan viral";TikTok Food Fest 2026 Hari Terakhir di GBK, Ada 40 Lebih Tenant hingga Kuliner Viral - aktualita.co | 10 Kuliner Viral di Blok M Hub Jakarta, Dari Ayam Pedas Hingga Cimol Keju - TripZilla Indonesia | Di TikTok Food Fest 2026 Ada Mochi Gelato hingga Nasi Lidah Enak - food.detik.com;https://news.google.com/rss/articles/CBMidEFVX3lxTE5xMXhUUkZOTGJJcWZ2VmgwdGgtcnJsZ3NnbklPWENaLWV0RTVpM2Njc25KNDhpOFZZbGxmbmtzbWx5WUhEbjh1MWlUVTFVY3FrOVZ4cEV4VUpIeFZEREFkVDZIMWdTdXpCOWNqbTEtZ2FzdnJN?oc=5 | https://news.google.com/rss/articles/CBMiaEFVX3lxTE1hMzNEQlAtQzVGN2tVbURBclltWU5Sczdac2xycDN1MHJmSDktdFFhMjExY0k4eEtTMU5WN0VhSURHWkZaOFRQNmZsb1ZLSE5zYVBRY2VsMnV2c3NCT0Z4MGpuVE80VVhY?oc=5 | https://news.google.com/rss/articles/CBMiugFBVV95cUxQX2RudkdjWWNkeDh3LUxfQjh2VmUxVHBTdGpOTXN6dHdVM0ZYNzRxeXQ1bkh6eW1zRjNkTGlvQi11MmtkOFNJdHJodTJTMWswbmpCd0YyUjFMZ2VnZ29pN3VSal9CYWhnbVhVWTdudXRtdjFFNkc0RGxpTmNaeDhpY0wtNTRMS0FNcW5YeExSb0pwSGs1eWFkYi0wcFRTQmJlQjg4NHpHeThVRmFVZ0lvZ2hpUWV6WDJQWHfSAb8BQVVfeXFMUGdmWWdiQmdkbGNRUkJmSk9qOG8yNzJkajZlc3dfMnV1QmdrTUt2cjkzdEZsd09rTjBSQ1hwSlNneFhvVVRjb2ZqdVIwVWZRYjFkb0EzV1F6ZU53WlBGbFFPUWM3NXlYZ08yRGtrbEZjVGhMUXdRa0NudUg1SWtjZFdFREwxX3E4UzlNd3F1a19kZXhmWTB2bF96T2QxNFdLRmp2QUxJNUhaUUc2d1pJeDllcDgxWi1CY0ZzTWtHU3c?oc=5
119;Soto Kudus (Jl. Sabang);Makan;Warung soto;Jakarta Pusat (Jl. H. Agus Salim);Soto kudus murah;Rekomendasi (tidak disebut viral eksplisit);Tidak disebut;;Kebon Sirih;Menteng;Kota Jakarta Pusat;DKI Jakarta;Indonesia;-6185;106825;Kelurahan/desa/kawasan;Jl. H. Agus Salim (Sabang);1;kuliner viral;Murah Tapi Melegenda, Kuliner Jalan Sabang Memang Beda! - TripZilla Indonesia;https://news.google.com/rss/articles/CBMif0FVX3lxTE1KVHNXYV9uMy1yaFczOFl3ZkxKdWtsVW4waVBSNm1xOTBEclRsU2tkU0tUQjlTNERlWUdTSE9vRXZkUWp2MUZEbHoySE5WNEFha3hQSno4Y0ZzUThnLVRUUTJkcDdNYWZCTzllZG1LNzVFUnp6M0VVOTkwQktDWHc?oc=5
120;Nasi Goreng Bang Roby;Makan;Nasi goreng;Jakarta Pusat (Jl. Sabang);Nasi goreng gila;Rekomendasi (tidak disebut viral eksplisit);Tidak disebut;;Kebon Sirih;Menteng;Kota Jakarta Pusat;DKI Jakarta;Indonesia;-6185;106825;Kelurahan/desa/kawasan;Jl. H. Agus Salim (Sabang);1;kuliner viral;Murah Tapi Melegenda, Kuliner Jalan Sabang Memang Beda! - TripZilla Indonesia;https://news.google.com/rss/articles/CBMif0FVX3lxTE1KVHNXYV9uMy1yaFczOFl3ZkxKdWtsVW4waVBSNm1xOTBEclRsU2tkU0tUQjlTNERlWUdTSE9vRXZkUWp2MUZEbHoySE5WNEFha3hQSno4Y0ZzUThnLVRUUTJkcDdNYWZCTzllZG1LNzVFUnp6M0VVOTkwQktDWHc?oc=5
121;Bakmi Roxy;Makan;Kedai bakmi;Jakarta Pusat (Jl. Sabang/H. Agus Salim);Mie ayam;Rekomendasi (tidak disebut viral eksplisit);Tidak disebut;;Kebon Sirih;Menteng;Kota Jakarta Pusat;DKI Jakarta;Indonesia;-6185;106825;Kelurahan/desa/kawasan;Jl. H. Agus Salim (Sabang);1;kuliner viral;Murah Tapi Melegenda, Kuliner Jalan Sabang Memang Beda! - TripZilla Indonesia;https://news.google.com/rss/articles/CBMif0FVX3lxTE1KVHNXYV9uMy1yaFczOFl3ZkxKdWtsVW4waVBSNm1xOTBEclRsU2tkU0tUQjlTNERlWUdTSE9vRXZkUWp2MUZEbHoySE5WNEFha3hQSno4Y0ZzUThnLVRUUTJkcDdNYWZCTzllZG1LNzVFUnp6M0VVOTkwQktDWHc?oc=5
122;Sate Pak Heri Asli;Makan;Sate ayam;Jakarta Pusat (Jl. Wahid Hasyim);Sate legendaris sejak 1974;Rekomendasi (tidak disebut viral eksplisit);Tidak disebut;;Kebon Sirih;Menteng;Kota Jakarta Pusat;DKI Jakarta;Indonesia;-6186;106827;Kelurahan/desa/kawasan;Jl. Wahid Hasyim;1;kuliner viral;Murah Tapi Melegenda, Kuliner Jalan Sabang Memang Beda! - TripZilla Indonesia;https://news.google.com/rss/articles/CBMif0FVX3lxTE1KVHNXYV9uMy1yaFczOFl3ZkxKdWtsVW4waVBSNm1xOTBEclRsU2tkU0tUQjlTNERlWUdTSE9vRXZkUWp2MUZEbHoySE5WNEFha3hQSno4Y0ZzUThnLVRUUTJkcDdNYWZCTzllZG1LNzVFUnp6M0VVOTkwQktDWHc?oc=5
123;Blok M Hub;Makan;Pusat jajanan/food hub;Jakarta Selatan (Blok M);Pusat kuliner viral, selalu ramai & antre;Disebut viral/hits/antre;Tidak disebut;;Melawai;Kebayoran Baru;Kota Jakarta Selatan;DKI Jakarta;Indonesia;-6244;1068;Titik tempat (perkiraan);Blok M Hub;1;kuliner viral;10 Kuliner Viral di Blok M Hub Jakarta, Dari Ayam Pedas Hingga Cimol Keju - TripZilla Indonesia;https://news.google.com/rss/articles/CBMiaEFVX3lxTE1hMzNEQlAtQzVGN2tVbURBclltWU5Sczdac2xycDN1MHJmSDktdFFhMjExY0k4eEtTMU5WN0VhSURHWkZaOFRQNmZsb1ZLSE5zYVBRY2VsMnV2c3NCT0Z4MGpuVE80VVhY?oc=5
124;Rahang Tuna Pemuda;Makan;Restoran serba tuna;Larangan Indah, Tangerang;Rahang tuna;Disebut viral/hits/antre;Tidak disebut;;Larangan Indah;Larangan;Kota Tangerang;Banten;Indonesia;-6232;10673;Kelurahan/desa/kawasan;;1;tempat makan viral;7 Kuliner Hits di Ciledug yang Lagi Viral, Ada Nasi Goreng yang Antre 1 Jam! - food.detik.com;https://news.google.com/rss/articles/CBMiuwFBVV95cUxPblBtVTZvS2VxX1dwNGJpVFh0ZDlvR0duZ0k3X19FZTFEMHZvN3hwcXVqWEZqd1g3RDZtRVJUdUZZMnpzUE05ODhIREZ0WURXbDNtMTdJWVA4Ym1KdDUyYU1kbXgyekJDQjRfQmFQdGd1dUNlellsTmR2QU1aLTVKdHE0MVo0aDhFaDBpVUhkam5fRlh0MW9xZG9JX245MW1ZZjBPUnloYXhsczAtWXREZjVfdmNzTHMxUmI00gHAAUFVX3lxTE5HUHlDRHR2TXFzQ3lxc3A5MXJaN2xQeXpPV2xzUDNBbG04a1RyVkpvTFExd1VYYjFZTmNpTXQ2bUExbEVmX0N5NTBCVnhoQnlsTW41WTM4X2tMeF8wT0RQLUc4Vnp4a3NZTVQwLXZjZ1YzQ0NORUtNeWU5LW52S2FQVlBFR1NiUEpXMDg5OTI4VGt2VFphQW56RjlMb3NzVDhZbVNKUXJfQ0xTNFVpcnVNbDZtczFqVXlKbHZ5NTBWSA?oc=5
125;Pangsit Bu Tin;Makan;Pangsit goreng;Larangan, Tangerang;Sempat viral;Disebut viral/hits/antre;Tidak disebut;;;Larangan;Kota Tangerang;Banten;Indonesia;-6235;106735;Pusat kecamatan;;1;tempat makan viral;7 Kuliner Hits di Ciledug yang Lagi Viral, Ada Nasi Goreng yang Antre 1 Jam! - food.detik.com;https://news.google.com/rss/articles/CBMiuwFBVV95cUxPblBtVTZvS2VxX1dwNGJpVFh0ZDlvR0duZ0k3X19FZTFEMHZvN3hwcXVqWEZqd1g3RDZtRVJUdUZZMnpzUE05ODhIREZ0WURXbDNtMTdJWVA4Ym1KdDUyYU1kbXgyekJDQjRfQmFQdGd1dUNlellsTmR2QU1aLTVKdHE0MVo0aDhFaDBpVUhkam5fRlh0MW9xZG9JX245MW1ZZjBPUnloYXhsczAtWXREZjVfdmNzTHMxUmI00gHAAUFVX3lxTE5HUHlDRHR2TXFzQ3lxc3A5MXJaN2xQeXpPV2xzUDNBbG04a1RyVkpvTFExd1VYYjFZTmNpTXQ2bUExbEVmX0N5NTBCVnhoQnlsTW41WTM4X2tMeF8wT0RQLUc4Vnp4a3NZTVQwLXZjZ1YzQ0NORUtNeWU5LW52S2FQVlBFR1NiUEpXMDg5OTI4VGt2VFphQW56RjlMb3NzVDhZbVNKUXJfQ0xTNFVpcnVNbDZtczFqVXlKbHZ5NTBWSA?oc=5
126;Harmadha Joglo;Makan;Restoran & kafe;Magetan (Selosari);"Sop iga, rawon; restoran sekaligus kafe hits";Disebut viral/hits/antre;Tidak disebut;;Selosari;Magetan;Kab. Magetan;Jawa Timur;Indonesia;-7655;11134;Kelurahan/desa/kawasan;;1;tempat makan viral;Harmadha Joglo, Tempat Kuliner Hits Magetan - RRI.co.id;https://news.google.com/rss/articles/CBMiiwFBVV95cUxNZWRTUUZsRjMxU2dWTEN4WE5YZXZvNVJ4NmRqdGZhY3pLOUNlMUhpcXZOVVltYUppMmtDUlpxQU5hc0JYSVl5eTNLTEdpYmVOUkcydE9aNGdwSktFb1Z4WVRDTUFmUXA2M2FzRXVZSUV1STFiLVRkUklYc2hYZ0hRZFl1RUM4VXJ3b1hn?oc=5
128;Goela Djana;Makan;Restoran arsitektur Timur Tengah;Patuk, Gunungkidul (dalam Pictniq Land);Tenant restoran di Pictniq Land;Disebut viral/hits/antre;Tidak disebut;;;Patuk;Kab. Gunungkidul;DI Yogyakarta;Indonesia;-785;110495;Pusat kecamatan;Pictniq Land;1;wisata viral;Pictniq Land Jogja: Wisata Viral Keliling Dunia dan Petualangan Offroad di Perbukitan Gunungkidul - Harapan Rakyat;https://news.google.com/rss/articles/CBMi0AFBVV95cUxPSVA1ZVVPNHE4bWEwSFNfMDExeUFrLWtQdHRRT2lnRHZJTU5Idm9sWDE5OENUSG9GUXktbEZ5cUU4eDFCbG9DRW5jTGRKNnB6VG11a203LVVUNjVKMWluWGVXa1NMTS1IMXRtdzNTNU9qLWhiNlZLM0NOaE5iRjlQZGZ6LVRKckZBNHdFcFRMQ1BockZQcFF3UUJodUMxWk9xYmZYMlZvZ0VTSmgyZkF4dEpqdWs5R3RCVTVLbGxVUDZXY1V4ZlJUTEVvQUd1eXFN?oc=5
129;NILAGIRI (Vila Riung Gunung);Makan;Restoran Indonesia;Puncak, Jawa Barat;"Tangga viral menuju restoran; bekas vila era Soekarno";Disebut viral/hits/antre;Tidak disebut;;Tugu Utara;Cisarua;Kab. Bogor;Jawa Barat;Indonesia;-6702;10699;Kelurahan/desa/kawasan;Kawasan Riung Gunung, Puncak;1;restoran viral;Baru! Tangga Viral di Puncak Ini Mengarah ke Restoran Indonesia 'NILAGIRI' - food.detik.com;https://news.google.com/rss/articles/CBMitwFBVV95cUxOcW1jRW9YNWFJc2pLX2IzLU4wN3JMMVUwbkxSU1l4cWJlZ2lja3ZoZkgtT0hJbG1SVTRWWmUtVks4SGRKVzJyV2JhRkk4RUJpY0RlRmZGTUV2UHMxZEVpemdjenVvWF94ZFZJVVcxLUpvRXo0aWtOcUxleXhYcVZrTUdWV2RwWUViNlBzOU1kMG50UTUwOXBvNl9IVUNfeU1QbXYyUnpEQXF5QTZXOHQ5a1VybnRKc2M?oc=5
130;Ayam Goreng Sae Niki;Makan;Rumah makan;Purwokerto (Jl. Masjid);"Ayam kremes; legendaris";Disebut viral/hits/antre;Tidak disebut;;;;Purwokerto, Kab. Banyumas;Jawa Tengah;Indonesia;-7424;109234;Pusat kota/kabupaten;;1;tempat makan viral;Deretan Warung Ayam Goreng Legendaris Paling Hits di Purwokerto dengan Cita Rasa Rempah - jogja.disway.id - Disway Jogja;https://news.google.com/rss/articles/CBMizwFBVV95cUxOYy1wRXhmRUtDWkcxZU1NWUFWREdKV01kYXJqT29VQ21QNkhSRGprSzIySHp0LVI2VGUtenhCNEplTWtGY1A2T1RJaWcxVEVxbF9FbVV4Z3RWRHhhYzhUR1FrZVc5cjdDMDJQRWlubC1LTXY3dXI2Mk5zcGVDZmNLa0d4dGFaY2poQlc1Z3hkT3FrTERzRTZoWkJMbGxmU0o4SXlIa0xNbjdDcDl4ZXVUbXQyRFFRaWFGcU40Qzl6eEZQV3gzcXdIRFhLRGxSeHPSAb8BQVVfeXFMTWh2alpvNkhkMVdJVjRGUC16cWVBWURPVHVwSUIwdDYxd0Yxc09oM1pRYzdjWEJ5b0dRSEpzZHRJV1hTc1VJencxRTdZd1FPWmwtNkJZV2FjRUhDSEIxOUJJcl9DMEFlWGpTTUk1SkExVi1HWXVpSHAyZkI0OFM1ZDlMd01yYkNiSzVxb084cGlHbFI4UmZ2VmYzM2xPOWFSc3k1eEZOcF9EdW15T3BMX0lTdUxfSDgtNk5DbUtnY2c?oc=5
131;Ayam Goreng Kalibogor;Makan;Rumah makan;Purwokerto (Jl. Yos Sudarso);Ayam kampung goreng legendaris;Disebut viral/hits/antre;Tidak disebut;;;;Purwokerto, Kab. Banyumas;Jawa Tengah;Indonesia;-7424;109234;Pusat kota/kabupaten;;1;tempat makan viral;Deretan Warung Ayam Goreng Legendaris Paling Hits di Purwokerto dengan Cita Rasa Rempah - jogja.disway.id - Disway Jogja;https://news.google.com/rss/articles/CBMizwFBVV95cUxOYy1wRXhmRUtDWkcxZU1NWUFWREdKV01kYXJqT29VQ21QNkhSRGprSzIySHp0LVI2VGUtenhCNEplTWtGY1A2T1RJaWcxVEVxbF9FbVV4Z3RWRHhhYzhUR1FrZVc5cjdDMDJQRWlubC1LTXY3dXI2Mk5zcGVDZmNLa0d4dGFaY2poQlc1Z3hkT3FrTERzRTZoWkJMbGxmU0o4SXlIa0xNbjdDcDl4ZXVUbXQyRFFRaWFGcU40Qzl6eEZQV3gzcXdIRFhLRGxSeHPSAb8BQVVfeXFMTWh2alpvNkhkMVdJVjRGUC16cWVBWURPVHVwSUIwdDYxd0Yxc09oM1pRYzdjWEJ5b0dRSEpzZHRJV1hTc1VJencxRTdZd1FPWmwtNkJZV2FjRUhDSEIxOUJJcl9DMEFlWGpTTUk1SkExVi1HWXVpSHAyZkI0OFM1ZDlMd01yYkNiSzVxb084cGlHbFI4UmZ2VmYzM2xPOWFSc3k1eEZOcF9EdW15T3BMX0lTdUxfSDgtNk5DbUtnY2c?oc=5
132;Hana Chagiya Korean Street Food;Makan;Kedai Korea;Sidoarjo (Alun-alun);Odeng, bulgogi, tteokbokki;Rekomendasi (tidak disebut viral eksplisit);Tidak disebut;;Magersari;Sidoarjo;Kab. Sidoarjo;Jawa Timur;Indonesia;-7447;112718;Kelurahan/desa/kawasan;Alun-alun Sidoarjo;1;tempat makan viral;10 Rekomendasi Kuliner Malam Sidoarjo, Gak Takut Lapar Saat Begadang - IDN Times Jatim;https://news.google.com/rss/articles/CBMizwFBVV95cUxQbG9QZ2VwZ3NYR3lVb1N2Z25GTkkxWU93Tko3SGtkakhXN2JVVmFhXzRJc1NsSWpHbEpEelJrZjRydDd1clVDVzVVbzdfQkM5SG96RlJhYjJzNUdSQ1I0ZTlGamFIOVdJQklQeVNYTGpkSnpfT21zekUxeTNsWHJmV09LaEtCRWVjVlBUSUdNRVBMWE5mQ3pxZllNTXhhX2NORzllNTFtOGY3N0lQaVI2b000aFotTF9MQTNpRXltYlhrdS1LWkVzUG41bVZkS2_SAdQBQVVfeXFMTlpxTkZVdG0tZWxNYm96bzZTdmpZVHItLURuQ3dCT1hsTVo5UUdJdHphclVRTjhucG5vby16VnZ6ci1JZXFDdE1weHZmcHJTNmlmblB4UU5YeXcybmFFRDAyQUhlbzF5aUVDb1NCbHFZU0hpa1NsMWRaMFdZZmtlMmRsYmlzSTZISHo0WlpJRWpad0gxeFlDbDhIbkxRXzA0ZmNfUUlzNjNXTlNsa0lwaWJxYkd2VFIyTWNFRWxHbV9YLWt6dm5JVnVWbTlEb0hQbk5DUUQ?oc=5
133;Warung Amanda;Makan;Warung nasi;Sidoarjo (Banjarbendo);Sego sambel lento;Rekomendasi (tidak disebut viral eksplisit);Tidak disebut;;Banjarbendo;Sidoarjo;Kab. Sidoarjo;Jawa Timur;Indonesia;-7438;112705;Kelurahan/desa/kawasan;;1;tempat makan viral;10 Rekomendasi Kuliner Malam Sidoarjo, Gak Takut Lapar Saat Begadang - IDN Times Jatim;https://news.google.com/rss/articles/CBMizwFBVV95cUxQbG9QZ2VwZ3NYR3lVb1N2Z25GTkkxWU93Tko3SGtkakhXN2JVVmFhXzRJc1NsSWpHbEpEelJrZjRydDd1clVDVzVVbzdfQkM5SG96RlJhYjJzNUdSQ1I0ZTlGamFIOVdJQklQeVNYTGpkSnpfT21zekUxeTNsWHJmV09LaEtCRWVjVlBUSUdNRVBMWE5mQ3pxZllNTXhhX2NORzllNTFtOGY3N0lQaVI2b000aFotTF9MQTNpRXltYlhrdS1LWkVzUG41bVZkS2_SAdQBQVVfeXFMTlpxTkZVdG0tZWxNYm96bzZTdmpZVHItLURuQ3dCT1hsTVo5UUdJdHphclVRTjhucG5vby16VnZ6ci1JZXFDdE1weHZmcHJTNmlmblB4UU5YeXcybmFFRDAyQUhlbzF5aUVDb1NCbHFZU0hpa1NsMWRaMFdZZmtlMmRsYmlzSTZISHo0WlpJRWpad0gxeFlDbDhIbkxRXzA0ZmNfUUlzNjNXTlNsa0lwaWJxYkd2VFIyTWNFRWxHbV9YLWt6dm5JVnVWbTlEb0hQbk5DUUQ?oc=5
134;Rawon Gajah Mada;Makan;Warung rawon;Sidoarjo (Jl. Gajah Mada);Rawon kuah kluwek medok;Rekomendasi (tidak disebut viral eksplisit);Tidak disebut;;;Sidoarjo;Kab. Sidoarjo;Jawa Timur;Indonesia;-745;112718;Pusat kecamatan;Jl. Gajah Mada;1;tempat makan viral;10 Rekomendasi Kuliner Malam Sidoarjo, Gak Takut Lapar Saat Begadang - IDN Times Jatim;https://news.google.com/rss/articles/CBMizwFBVV95cUxQbG9QZ2VwZ3NYR3lVb1N2Z25GTkkxWU93Tko3SGtkakhXN2JVVmFhXzRJc1NsSWpHbEpEelJrZjRydDd1clVDVzVVbzdfQkM5SG96RlJhYjJzNUdSQ1I0ZTlGamFIOVdJQklQeVNYTGpkSnpfT21zekUxeTNsWHJmV09LaEtCRWVjVlBUSUdNRVBMWE5mQ3pxZllNTXhhX2NORzllNTFtOGY3N0lQaVI2b000aFotTF9MQTNpRXltYlhrdS1LWkVzUG41bVZkS2_SAdQBQVVfeXFMTlpxTkZVdG0tZWxNYm96bzZTdmpZVHItLURuQ3dCT1hsTVo5UUdJdHphclVRTjhucG5vby16VnZ6ci1JZXFDdE1weHZmcHJTNmlmblB4UU5YeXcybmFFRDAyQUhlbzF5aUVDb1NCbHFZU0hpa1NsMWRaMFdZZmtlMmRsYmlzSTZISHo0WlpJRWpad0gxeFlDbDhIbkxRXzA0ZmNfUUlzNjNXTlNsa0lwaWJxYkd2VFIyTWNFRWxHbV9YLWt6dm5JVnVWbTlEb0hQbk5DUUQ?oc=5
135;Soto Ayam Ambengan Pak Sadi;Makan;Warung soto;Sidoarjo (Lemahputro);Soto ayam ikon, hampir tidak pernah sepi;Rekomendasi (tidak disebut viral eksplisit);Tidak disebut;;Lemahputro;Sidoarjo;Kab. Sidoarjo;Jawa Timur;Indonesia;-7453;112712;Kelurahan/desa/kawasan;;1;tempat makan viral;10 Rekomendasi Kuliner Malam Sidoarjo, Gak Takut Lapar Saat Begadang - IDN Times Jatim;https://news.google.com/rss/articles/CBMizwFBVV95cUxQbG9QZ2VwZ3NYR3lVb1N2Z25GTkkxWU93Tko3SGtkakhXN2JVVmFhXzRJc1NsSWpHbEpEelJrZjRydDd1clVDVzVVbzdfQkM5SG96RlJhYjJzNUdSQ1I0ZTlGamFIOVdJQklQeVNYTGpkSnpfT21zekUxeTNsWHJmV09LaEtCRWVjVlBUSUdNRVBMWE5mQ3pxZllNTXhhX2NORzllNTFtOGY3N0lQaVI2b000aFotTF9MQTNpRXltYlhrdS1LWkVzUG41bVZkS2_SAdQBQVVfeXFMTlpxTkZVdG0tZWxNYm96bzZTdmpZVHItLURuQ3dCT1hsTVo5UUdJdHphclVRTjhucG5vby16VnZ6ci1JZXFDdE1weHZmcHJTNmlmblB4UU5YeXcybmFFRDAyQUhlbzF5aUVDb1NCbHFZU0hpa1NsMWRaMFdZZmtlMmRsYmlzSTZISHo0WlpJRWpad0gxeFlDbDhIbkxRXzA0ZmNfUUlzNjNXTlNsa0lwaWJxYkd2VFIyTWNFRWxHbV9YLWt6dm5JVnVWbTlEb0hQbk5DUUQ?oc=5
136;Lontong Kupang Cak Slamet;Makan;Warung lontong kupang;Sidoarjo (Pasar Suko);"Lontong kupang; selalu ramai";Rekomendasi (tidak disebut viral eksplisit);Tidak disebut;;Suko;Sidoarjo;Kab. Sidoarjo;Jawa Timur;Indonesia;-7467;1127;Kelurahan/desa/kawasan;Pasar Suko;1;tempat makan viral;10 Rekomendasi Kuliner Malam Sidoarjo, Gak Takut Lapar Saat Begadang - IDN Times Jatim;https://news.google.com/rss/articles/CBMizwFBVV95cUxQbG9QZ2VwZ3NYR3lVb1N2Z25GTkkxWU93Tko3SGtkakhXN2JVVmFhXzRJc1NsSWpHbEpEelJrZjRydDd1clVDVzVVbzdfQkM5SG96RlJhYjJzNUdSQ1I0ZTlGamFIOVdJQklQeVNYTGpkSnpfT21zekUxeTNsWHJmV09LaEtCRWVjVlBUSUdNRVBMWE5mQ3pxZllNTXhhX2NORzllNTFtOGY3N0lQaVI2b000aFotTF9MQTNpRXltYlhrdS1LWkVzUG41bVZkS2_SAdQBQVVfeXFMTlpxTkZVdG0tZWxNYm96bzZTdmpZVHItLURuQ3dCT1hsTVo5UUdJdHphclVRTjhucG5vby16VnZ6ci1JZXFDdE1weHZmcHJTNmlmblB4UU5YeXcybmFFRDAyQUhlbzF5aUVDb1NCbHFZU0hpa1NsMWRaMFdZZmtlMmRsYmlzSTZISHo0WlpJRWpad0gxeFlDbDhIbkxRXzA0ZmNfUUlzNjNXTlNsa0lwaWJxYkd2VFIyTWNFRWxHbV9YLWt6dm5JVnVWbTlEb0hQbk5DUUQ?oc=5
137;Nasi Kebuli Arafah;Makan;Nasi kebuli;Sidoarjo (Sukodono);Nasi kebuli & mandhi;Rekomendasi (tidak disebut viral eksplisit);Tidak disebut;;;Sukodono;Kab. Sidoarjo;Jawa Timur;Indonesia;-7402;11267;Pusat kecamatan;;1;tempat makan viral;10 Rekomendasi Kuliner Malam Sidoarjo, Gak Takut Lapar Saat Begadang - IDN Times Jatim;https://news.google.com/rss/articles/CBMizwFBVV95cUxQbG9QZ2VwZ3NYR3lVb1N2Z25GTkkxWU93Tko3SGtkakhXN2JVVmFhXzRJc1NsSWpHbEpEelJrZjRydDd1clVDVzVVbzdfQkM5SG96RlJhYjJzNUdSQ1I0ZTlGamFIOVdJQklQeVNYTGpkSnpfT21zekUxeTNsWHJmV09LaEtCRWVjVlBUSUdNRVBMWE5mQ3pxZllNTXhhX2NORzllNTFtOGY3N0lQaVI2b000aFotTF9MQTNpRXltYlhrdS1LWkVzUG41bVZkS2_SAdQBQVVfeXFMTlpxTkZVdG0tZWxNYm96bzZTdmpZVHItLURuQ3dCT1hsTVo5UUdJdHphclVRTjhucG5vby16VnZ6ci1JZXFDdE1weHZmcHJTNmlmblB4UU5YeXcybmFFRDAyQUhlbzF5aUVDb1NCbHFZU0hpa1NsMWRaMFdZZmtlMmRsYmlzSTZISHo0WlpJRWpad0gxeFlDbDhIbkxRXzA0ZmNfUUlzNjNXTlNsa0lwaWJxYkd2VFIyTWNFRWxHbV9YLWt6dm5JVnVWbTlEb0hQbk5DUUQ?oc=5
138;Penyetan Cak Gundul;Makan;Warung penyetan;Sidoarjo (Taman);Aneka penyetan, tempat luas;Rekomendasi (tidak disebut viral eksplisit);Tidak disebut;;;Taman;Kab. Sidoarjo;Jawa Timur;Indonesia;-7355;11269;Pusat kecamatan;;1;tempat makan viral;10 Rekomendasi Kuliner Malam Sidoarjo, Gak Takut Lapar Saat Begadang - IDN Times Jatim;https://news.google.com/rss/articles/CBMizwFBVV95cUxQbG9QZ2VwZ3NYR3lVb1N2Z25GTkkxWU93Tko3SGtkakhXN2JVVmFhXzRJc1NsSWpHbEpEelJrZjRydDd1clVDVzVVbzdfQkM5SG96RlJhYjJzNUdSQ1I0ZTlGamFIOVdJQklQeVNYTGpkSnpfT21zekUxeTNsWHJmV09LaEtCRWVjVlBUSUdNRVBMWE5mQ3pxZllNTXhhX2NORzllNTFtOGY3N0lQaVI2b000aFotTF9MQTNpRXltYlhrdS1LWkVzUG41bVZkS2_SAdQBQVVfeXFMTlpxTkZVdG0tZWxNYm96bzZTdmpZVHItLURuQ3dCT1hsTVo5UUdJdHphclVRTjhucG5vby16VnZ6ci1JZXFDdE1weHZmcHJTNmlmblB4UU5YeXcybmFFRDAyQUhlbzF5aUVDb1NCbHFZU0hpa1NsMWRaMFdZZmtlMmRsYmlzSTZISHo0WlpJRWpad0gxeFlDbDhIbkxRXzA0ZmNfUUlzNjNXTlNsa0lwaWJxYkd2VFIyTWNFRWxHbV9YLWt6dm5JVnVWbTlEb0hQbk5DUUQ?oc=5
139;Warung Pecel Pincuk AE;Makan;Warung pecel;Sidoarjo (Taman);Pecel Madiun, buka sampai tengah malam, selalu ramai;Rekomendasi (tidak disebut viral eksplisit);Tidak disebut;;;Taman;Kab. Sidoarjo;Jawa Timur;Indonesia;-7355;11269;Pusat kecamatan;;1;tempat makan viral;10 Rekomendasi Kuliner Malam Sidoarjo, Gak Takut Lapar Saat Begadang - IDN Times Jatim;https://news.google.com/rss/articles/CBMizwFBVV95cUxQbG9QZ2VwZ3NYR3lVb1N2Z25GTkkxWU93Tko3SGtkakhXN2JVVmFhXzRJc1NsSWpHbEpEelJrZjRydDd1clVDVzVVbzdfQkM5SG96RlJhYjJzNUdSQ1I0ZTlGamFIOVdJQklQeVNYTGpkSnpfT21zekUxeTNsWHJmV09LaEtCRWVjVlBUSUdNRVBMWE5mQ3pxZllNTXhhX2NORzllNTFtOGY3N0lQaVI2b000aFotTF9MQTNpRXltYlhrdS1LWkVzUG41bVZkS2_SAdQBQVVfeXFMTlpxTkZVdG0tZWxNYm96bzZTdmpZVHItLURuQ3dCT1hsTVo5UUdJdHphclVRTjhucG5vby16VnZ6ci1JZXFDdE1weHZmcHJTNmlmblB4UU5YeXcybmFFRDAyQUhlbzF5aUVDb1NCbHFZU0hpa1NsMWRaMFdZZmtlMmRsYmlzSTZISHo0WlpJRWpad0gxeFlDbDhIbkxRXzA0ZmNfUUlzNjNXTlNsa0lwaWJxYkd2VFIyTWNFRWxHbV9YLWt6dm5JVnVWbTlEb0hQbk5DUUQ?oc=5
140;Angkringan Bolokurowo;Makan;Angkringan;Sidoarjo (dekat alun-alun);Sate-satean, nasi bakar, nasi kucing;Rekomendasi (tidak disebut viral eksplisit);Tidak disebut;;Magersari;Sidoarjo;Kab. Sidoarjo;Jawa Timur;Indonesia;-7447;112718;Kelurahan/desa/kawasan;Alun-alun Sidoarjo;1;tempat makan viral;10 Rekomendasi Kuliner Malam Sidoarjo, Gak Takut Lapar Saat Begadang - IDN Times Jatim;https://news.google.com/rss/articles/CBMizwFBVV95cUxQbG9QZ2VwZ3NYR3lVb1N2Z25GTkkxWU93Tko3SGtkakhXN2JVVmFhXzRJc1NsSWpHbEpEelJrZjRydDd1clVDVzVVbzdfQkM5SG96RlJhYjJzNUdSQ1I0ZTlGamFIOVdJQklQeVNYTGpkSnpfT21zekUxeTNsWHJmV09LaEtCRWVjVlBUSUdNRVBMWE5mQ3pxZllNTXhhX2NORzllNTFtOGY3N0lQaVI2b000aFotTF9MQTNpRXltYlhrdS1LWkVzUG41bVZkS2_SAdQBQVVfeXFMTlpxTkZVdG0tZWxNYm96bzZTdmpZVHItLURuQ3dCT1hsTVo5UUdJdHphclVRTjhucG5vby16VnZ6ci1JZXFDdE1weHZmcHJTNmlmblB4UU5YeXcybmFFRDAyQUhlbzF5aUVDb1NCbHFZU0hpa1NsMWRaMFdZZmtlMmRsYmlzSTZISHo0WlpJRWpad0gxeFlDbDhIbkxRXzA0ZmNfUUlzNjNXTlNsa0lwaWJxYkd2VFIyTWNFRWxHbV9YLWt6dm5JVnVWbTlEb0hQbk5DUUQ?oc=5
141;Septy Andyni Resto;Makan;Resto murah;Surabaya;Viral karena menu rata-rata di bawah Rp20.000;Disebut viral/hits/antre;Tidak disebut;;;;Kota Surabaya;Jawa Timur;Indonesia;-72575;1127521;Pusat kota/kabupaten;;1;tempat makan viral;10 Tempat Makan Murah di Surabaya dengan Menu Legendaris yang Bikin Nagih - Hipwee;https://news.google.com/rss/articles/CBMibkFVX3lxTE1lOWlHOEhzUGhhWXhSVnpsbW5YVHJ4UFB1RkZ6cUdQdzhEN1RfcTE3Umx0THRKSEJmSGpxZUw3MjVkdEJrTW9KZjlocGZ0UGg4Z04tcWxuWDNncnpzTUxQQjBRZkFQNmlFMTJZVjZB?oc=5
142;RM Sari Moerni;Makan;Rumah makan Betawi-Sunda;Tangerang (Jl. Kisamaun, dekat Pasar Lama);"Destinasi kuliner baru; ayam bakar/kukus/goreng";Disebut viral/hits/antre;Tidak disebut;;Sukasari;Tangerang;Kota Tangerang;Banten;Indonesia;-61785;1066325;Kelurahan/desa/kawasan;Kawasan Pasar Lama;1;kuliner viral;Hadirkan Cita Rasa Betawi-Sunda, RM Sari Moerni Jadi Destinasi Kuliner Baru di Kota Tangerang - Pemerintah Kota Tangerang;https://news.google.com/rss/articles/CBMi1wFBVV95cUxOUkJlMWpoZVN6Y2FrR01PVzl6RUFSQ1Z2cmhmNXItVnNZbGNOc2NqZjBfRmgzbEhpMVB2YTJGQ0dvSTVKb3J2S0l0TXRuNkFLeWxhb2c4UU9jU3puZDJRUE1nWVlqaWNVb0dfWllKT2c4c3pxeE15MnNHQ2VQZlA3c0wxX3ZId2NzcXFwR3NtM0xfMEVEdFE1U2xTYWd3TDBzSmdPVC1KWGFQZ3hpNFVPcDZwZDRGTXJyeS1xLXFzY2FZY1RkOW9qN2RrZXFSdWlkTVAxOUpMYw?oc=5
143;Sambal Bakar Indonesia;Makan;Warung sambal bakar;Tangerang (dekat Pasar Lama);"Lauk di cobek tanah liat bakar; disebut tempat makan viral Tangerang";Disebut viral/hits/antre;Tidak disebut;;Sukasari;Tangerang;Kota Tangerang;Banten;Indonesia;-61785;1066325;Kelurahan/desa/kawasan;Kawasan Pasar Lama;1;tempat makan viral;8 Tempat Makan Murah di Tangerang yang Enak dan Bikin Kenyang - Hipwee;https://news.google.com/rss/articles/CBMib0FVX3lxTE5wWUtsdUlMUTF1ci1Cc3VLUHd4RnIwb2drc3JCVjVBTzNqYUFfMmxJdGxPYlhINzIySlM5OHpPQzFzRHRRbDVmMXNfOERSYWIxY3FmeF9DM3FITnlENVM0b3RvWXJpR0FRajJoZ3g4Zw?oc=5
144;Yilan Restaurant;Makan;Restoran BBQ;Tongchuan, Shaanxi, China;Viral karena chef mirip Elon Musk;Disebut viral/hits/antre;Tidak disebut;;;;Tongchuan;Shaanxi;China;348967;1089451;Pusat kota/kabupaten;;1;restoran viral;Viral Disebut Mirip Elon Musk, Restoran BBQ Chef Ini Langsung Laris! - food.detik.com;https://news.google.com/rss/articles/CBMisgFBVV95cUxNSi1oWEd5M3FmZFVYdVFTNG1lZDl0X21GVFFfX203U0NhVkdaUDYxWWFRTFN0R0ljT3RFUXJJaTZmTG55VlpqZmpmY0FZOUViVTFZNmJyYlBOR204bUVSZ0VPN20xOS15WEEzRzA5YlRoa2MxblJPel9QZmtkZEhTTWhsSi1mOGphTzJ3R1h6NG1CMHI4MTFIOXNMWktLbTh3MUZRSnZYNi15aVpWaDZQNU9R0gG3AUFVX3lxTE1IZU9jZ0pDaDV6cVJGSFRsODNwa2g0cVNvclpPOHF5VzV2WTE2ZVNfRFRnVEd2aEJvYnFheWtSeURpdkdwbS05c2g0Zy16dDRVY1RYV3ZwLTJWZ0R4QWRjcVh1Q0syTE82NUthdGRzQlBmQ1NsMWRzYmh6cXJFbHhrdEh1T0JONjNmM1BoTlM2Ukp5S1poSEZVRWNBNXBRUzBlbHNRbE1raUdEUWdIdVowUDRJU1ctZw?oc=5
145;Nusa Penida (Pantai Kelingking);Wisata;Pulau & pantai;Bali;Tebing mirip punggung dinosaurus;Disebut viral/hits/antre;Tidak disebut;;Bunga Mekar;Nusa Penida;Kab. Klungkung;Bali;Indonesia;-87508;1154747;Titik tempat (perkiraan);Pantai Kelingking;1;destinasi wisata viral;Sedang Hits, Ini 5 Tempat Wisata Viral di Indonesia yang Wajib Dikunjungi - RRI.co.id;https://news.google.com/rss/articles/CBMiuAFBVV95cUxObUN4TDB1OGNQOXVIN0tUYVdlZERRSklTb0JicW1HTzVmSVVaanExc0E4UFRoQzlPMENnZGRhNWJoVFhmUG5rT1BaVmp0NmJuYTQ1SnptTHdNTnMwLXFoOHZTbzdTekNNendkeEROVm9uQTlYR1MyYnllRDl2M0xzOUNNak5sd0JkelpVVjJ4bFk4MnRDTVQ5aGVFZ3RBb3FFbUVpYUtzRGR0NVd0dW1NdU96OUgwME5L?oc=5
146;Song Wat;Wisata;Kawasan hits;Bangkok, Thailand;"Disebut 'Blok M-nya Bangkok'; kafe, mural";Disebut viral/hits/antre;Tidak disebut;;;Samphanthawong;Bangkok;Bangkok;Thailand;13739;100507;Kelurahan/desa/kawasan;Jalan Song Wat;1;spot wisata viral;12 Tempat Baru dan Viral di Bangkok, Thailand Dari Wisata Hingga Kafe - TripZilla Indonesia;https://news.google.com/rss/articles/CBMidEFVX3lxTE5ZUFZJS0VkbWV2anNTYWVUdl9sMThFaVROTHZyZ29rWWRvd3JsczlTZG1VUHVSZnFBOWQtdVBKbU5CYjBaN1ZTanUxVzFyd1pCQWRvb1Zxa2pVWVdxZlpWeGxnWEdWYUw4OVpwU3QtYks5YllE?oc=5
147;SkyFlyers Asiatique;Wisata;Wahana ayunan raksasa;Bangkok, Thailand (Asiatique The Riverfront);"Ayunan tertinggi di Asia Pasifik (135 m); viral";Disebut viral/hits/antre;Tidak disebut;;;Bang Kho Laem;Bangkok;Bangkok;Thailand;137045;100503;Titik tempat (perkiraan);Asiatique The Riverfront;1;spot wisata viral;12 Tempat Baru dan Viral di Bangkok, Thailand Dari Wisata Hingga Kafe - TripZilla Indonesia;https://news.google.com/rss/articles/CBMidEFVX3lxTE5ZUFZJS0VkbWV2anNTYWVUdl9sMThFaVROTHZyZ29rWWRvd3JsczlTZG1VUHVSZnFBOWQtdVBKbU5CYjBaN1ZTanUxVzFyd1pCQWRvb1Zxa2pVWVdxZlpWeGxnWEdWYUw4OVpwU3QtYks5YllE?oc=5
148;Wisata Perahu Sungai Serayu (Desa Srowot);Wisata;Wisata perahu dadakan;Banyumas, Jawa Tengah;"Sungai surut; wisata perahu dadakan viral";Disebut viral/hits/antre;Tidak disebut;;Srowot;Kalibagor;Kab. Banyumas;Jawa Tengah;Indonesia;-7488;10931;Kelurahan/desa/kawasan;;1;wisata viral;Video: Sungai Serayu Surut, Warga Banyumas Buka Wisata Perahu Dadakan - 20detik;https://news.google.com/rss/articles/CBMiuwFBVV95cUxPd1loS0VnREV2ZWtkRWlDX1o1VDhPdFdWVFI1NVFUdU5hSk16VXhVdzBRTFlvQk5HQVVIX1d5LXlDOTdpaTFTV3ZfQWRha1lVWE9qZFltZTNhMXdvRXJBYTlIVjlmV2xiSFBPQTZfcm5fWmVYdGo1U2tSdlUwQWxLeVlOcTl0Wk5TWWNiUXg2RmQ1azE0Tkk0M05qRXNKNG1qT3RYeW5HaHNRZkcwczlIS1VmMUQ4R3BZQng4?oc=5
149;Kawah Ijen;Wisata;Kawah gunung;Banyuwangi/Bondowoso, Jawa Timur;Api biru & danau kawah toska;Disebut viral/hits/antre;Tidak disebut;;;Licin;Kab. Banyuwangi;Jawa Timur;Indonesia;-8058;114242;Titik tempat (perkiraan);Berbatasan dengan Kab. Bondowoso;1;destinasi wisata viral;Sedang Hits, Ini 5 Tempat Wisata Viral di Indonesia yang Wajib Dikunjungi - RRI.co.id;https://news.google.com/rss/articles/CBMiuAFBVV95cUxObUN4TDB1OGNQOXVIN0tUYVdlZERRSklTb0JicW1HTzVmSVVaanExc0E4UFRoQzlPMENnZGRhNWJoVFhmUG5rT1BaVmp0NmJuYTQ1SnptTHdNTnMwLXFoOHZTbzdTekNNendkeEROVm9uQTlYR1MyYnllRDl2M0xzOUNNak5sd0JkelpVVjJ4bFk4MnRDTVQ5aGVFZ3RBb3FFbUVpYUtzRGR0NVd0dW1NdU96OUgwME5L?oc=5
150;Mikutopia Batu;Wisata;Taman tematik;Batu, Malang (Bumiaji);"Viral; spot foto estetik & wahana (juga ada berita insiden keselamatan)";Disebut viral/hits/antre;Tidak disebut;;;Bumiaji;Kota Batu;Jawa Timur;Indonesia;-7855;112525;Pusat kecamatan;;1;tempat wisata baru viral;Mikutopia Batu, Surga Wisata Baru yang Lagi Viral di Malang - NativeIndonesia.com;https://news.google.com/rss/articles/CBMiVkFVX3lxTE84ZnpWVEJHbjFla1FqNEV2STJ1YkpTclIzd3BLWnFZamUyRl95OHJEZGttTmZMZ0RTS3RiN0NYTTR3NGhkYVBaVU0wT1Q5NjAwb2pIREVR?oc=5
151;Trans Snow World;Wisata;Wahana salju indoor;Bintaro, Tangerang Selatan (Transpark);Ski lift, snow tube;Rekomendasi (tidak disebut viral eksplisit);Tidak disebut;;Pondok Jaya;Pondok Aren;Kota Tangerang Selatan;Banten;Indonesia;-6285;106727;Titik tempat (perkiraan);Transpark Bintaro;1;spot wisata viral;Jangan Bingung Liburan di Tangsel, Ada 8 Spot Wisata Menarik - detikTravel;https://news.google.com/rss/articles/CBMiqgFBVV95cUxQZDRCVENFbGlwaEI3MHBxREplMHRJTDRkRkh1YUJVZlMwV2I4NzNLeVdYTUtOdzJUQkd3Nm5ESnpWT29kRklZY0MtVUZsY2hsNlpUc18tQmN6M2ZEQnNRdVh1WHRaa0FyckpIVkh5emR5WjlZMENfN3AwZjBhV2pjZzliR053YTlwZmtiVlpnOEFrbEd5eXRNTk1PWlUtSmR6MW90WlpnX0UxQdIBrwFBVV95cUxOMHE4SVlLY1JYTEh2Y09pbHZiVUlxZmdyTUJhR3hxdWdwN0xQR1JxbDExdUxnaU5tZlZKYTNKcjJjV0JxYVFxUUVtR2UzYVhpbDd5RVpITkhFanluQWNrbzJBM3B2N0tUbzZWcUI5RTZLakR3WDZ5Snh6NFJvR3BvYXpNU19HV2VSQlZoTkZfOG45a0dXa3lSY3g4WFZMcVVGSlRrZXduMVowUWx5bFNN?oc=5
152;Canyoning Bogor - Curug Bungsu;Wisata;Canyoning;Bogor;Tebing 27 m, dibuka Oktober 2025;Disebut viral/hits/antre;Oktober 2025;Tanggal buka disebut di keterangan;;;Kab. Bogor;Jawa Barat;Indonesia;-6485;106842;Pusat kota/kabupaten;Lokasi pasti tidak disebut di data;1;tempat wisata baru viral;Viral, Canyoning Banyak Digemari Kalangan Muda dan Jadi Destinasi Baru di Bogor - Chanelmuslim.com;https://news.google.com/rss/articles/CBMirwFBVV95cUxOb01xLWZHc3NTXzVPSTM5SkRDSnp4VF9EMkpENlFaRXlhSjF3NGNNWllrVzVsQUNoR3dDelNfUU5LODljbzVtdEx3aU83eXZJckdmRmJ5YThrc2pfSjd6WVUxTjZaTDlDZEswcy1SS1VMMi1JcjRQSHlicERSQVFVWm12bWZEbFpwcU1leU8xSlFWT3ptcS1FYlJQU2RRYjZTMkNsZzZEdjNKbHVlc3RZ?oc=5
153;Canyoning Bogor - Curug Tebing;Wisata;Canyoning;Bogor;Tebing 16 m, dibuka Agustus 2024;Disebut viral/hits/antre;Agustus 2024;Tanggal buka disebut di keterangan;;;Kab. Bogor;Jawa Barat;Indonesia;-6485;106842;Pusat kota/kabupaten;Lokasi pasti tidak disebut di data;1;tempat wisata baru viral;Viral, Canyoning Banyak Digemari Kalangan Muda dan Jadi Destinasi Baru di Bogor - Chanelmuslim.com;https://news.google.com/rss/articles/CBMirwFBVV95cUxOb01xLWZHc3NTXzVPSTM5SkRDSnp4VF9EMkpENlFaRXlhSjF3NGNNWllrVzVsQUNoR3dDelNfUU5LODljbzVtdEx3aU83eXZJckdmRmJ5YThrc2pfSjd6WVUxTjZaTDlDZEswcy1SS1VMMi1JcjRQSHlicERSQVFVWm12bWZEbFpwcU1leU8xSlFWT3ptcS1FYlJQU2RRYjZTMkNsZzZEdjNKbHVlc3RZ?oc=5
154;Wisata Lalay;Wisata;Wisata kreatif bekas tambang;Bogor;Restorasi lahan bekas tambang ilegal;Disebut viral/hits/antre;2026;Tahun disebut di judul artikel;;;Kab. Bogor;Jawa Barat;Indonesia;-6485;106842;Pusat kota/kabupaten;Lokasi pasti tidak disebut di data;1;destinasi wisata viral;12 Rekomendasi Tempat Wisata Keluarga Paling Hits di Bogor 2026 - detikTravel;https://news.google.com/rss/articles/CBMiuwFBVV95cUxNck5pczBaV3BQX2NENnZkN2RWMlNnSHg5LUJKa3ZZM2c2YVNkNGd3YmxteGE5QnBqRk9OcFh6ZXRvT0ZxZTBkakRYYUhDY1psQUh0RGpTSTIwYTU4b2NabzlpMEpQWVlzNXNYRWdlWWRhalcxVC1Kc1JNM2tGYXlzS2pla3BCX1lna001aXlSa1AyUF9ZckZhQ0xsRkxwYW9QbHM5MlEyZ2s4azJia1liYURISDdYbVRRZmsw0gHAAUFVX3lxTFBydHdxTzI3dnZVQXlqcDZsVjhjNXdTRTZacjllMDRGMUUzUTJZdENyczYwSkNWUlVDNnB0enlLM1htM3RmN0lmQXdnQlZSZFQxb092d0FtcXJvYU5wdXhjNllyRXpNLXZvQVVKdzRNYUZDR1FRU21hdExRZDVuTFB3MWtlYW5Xcml5VG9ldTZMNnk4cV9oTmtMcXh1N1J1M2lrUVJJQ2ppY2xYSWhxR1ZEM2pQTHVWaXpZbE5Db2VtOQ?oc=5
155;Canyoning Bogor - Curug Ciampea;Wisata;Canyoning;Ciampea, Bogor;Tebing 23 m, dibuka Januari 2025;Disebut viral/hits/antre;Januari 2025;Tanggal buka disebut di keterangan;;Ciampea;Kab. Bogor;Jawa Barat;Indonesia;-6555;1067;Pusat kecamatan;;1;tempat wisata baru viral;Viral, Canyoning Banyak Digemari Kalangan Muda dan Jadi Destinasi Baru di Bogor - Chanelmuslim.com;https://news.google.com/rss/articles/CBMirwFBVV95cUxOb01xLWZHc3NTXzVPSTM5SkRDSnp4VF9EMkpENlFaRXlhSjF3NGNNWllrVzVsQUNoR3dDelNfUU5LODljbzVtdEx3aU83eXZJckdmRmJ5YThrc2pfSjd6WVUxTjZaTDlDZEswcy1SS1VMMi1JcjRQSHlicERSQVFVWm12bWZEbFpwcU1leU8xSlFWT3ptcS1FYlJQU2RRYjZTMkNsZzZEdjNKbHVlc3RZ?oc=5
156;Bukit Sikunir;Wisata;Bukit sunrise;Dieng, Wonosobo;Spot sunrise;Disebut viral/hits/antre;Tidak disebut;;Sembungan;Kejajar;Kab. Wonosobo;Jawa Tengah;Indonesia;-7236;109923;Titik tempat (perkiraan);;1;spot wisata viral;5 Tempat Wisata di Wonosobo yang Lagi Hits, Indahnya Telaga Menjer - Tribun Travel;https://news.google.com/rss/articles/CBMisgFBVV95cUxPSDlpa2JTZl9YWExGMXh5dC03UnFVWU0wZ3BWUHNWZUhrQjVlcFNfazlpTzZDb0Q3dFdmSUR0SU04eFJNRjZBSDV4YTdIQTBRME05aDJmcHJhNEVhUzZ0S1lZSnRKMng1YU5vUHlKZndzOGVmZ3hSbmVEN2ZBdE5xWEhCcE90djFuak5kbHNPTDBfWDZ1WjRfUVhpVUJmU2t2X1Z6N0JIV0ZRUEZzeG5uaXBn?oc=5
157;Bendungan Kampili;Wisata;Bendungan;Gowa, Sulawesi Selatan;"Bebatuan & aliran air saat debit turun; wisata viral";Disebut viral/hits/antre;Tidak disebut;;Kampili;Pallangga;Kab. Gowa;Sulawesi Selatan;Indonesia;-5235;11947;Kelurahan/desa/kawasan;;1;wisata viral;Bendungan Kampili Kabupaten Gowa Jadi Wisata Viral - RRI.co.id;https://news.google.com/rss/articles/CBMilwFBVV95cUxNSmRQbVQ0ZFZGelhLWDYxQkUtS3UydVdkZXdEVUpZVnI2Qk9CMGhuQ003Z1FOX0Q3amFIMFJaUkNXc1dJanRsREUtUlFkUmVPcEtMS2p1YWlpRC0xZWhRRXFpQmhxTGJxamdkR05iRUhkc2dZdXFiQW5Qb0U4NWhxZDNpMXdsUVphc2FFQm12NFI4RHBxRi1R?oc=5
158;Bukit Krisna;Wisata;Bukit savana & Danau Sentani;Jayapura, Papua (Kampung Yokiwa);Viral di TikTok;Disebut viral/hits/antre;Tidak disebut;;Yokiwa;Sentani Timur;Kab. Jayapura;Papua;Indonesia;-2595;14063;Kelurahan/desa/kawasan;;1;wisata viral;Usai Viral di TikTok, Keindahan Bukit Krisna Jayapura Jadi Destinasi Wisata Ikonik Terbaru di Papua - Tribunpapuatengah.com;https://news.google.com/rss/articles/CBMi4AFBVV95cUxORDd4VlBKV3hkWUJycHFJRG9nanRwWVI0UDdGWi1CQUJtRjFZQzJXdENnTk95VXY5YzNPV2NoRHoyaTlyR0VmYndaUTZMbHE5VUU4RHJ5Z0Npa1hCc2FodTlPUzQ0ampZU2tTZVFoTm5UUkp3c2JCcGNxYzJHZlBMMFdDdTFqVlR0QWY3YkhCM1JQOXZoOFhTMHIycDNFX1pENWhKbmQ1UlQ4SndNRThLWVBQa08xWkVfZFhTSk5KUUotSXcxWEJSdXRQMEJDS3lNNDN1eDREbm5FMzdRejUweA?oc=5
159;Pulau Derawan;Wisata;Pulau;Kalimantan Timur;Berenang bersama penyu;Disebut viral/hits/antre;Tidak disebut;;Pulau Derawan;Derawan;Kab. Berau;Kalimantan Timur;Indonesia;2287;118247;Titik tempat (perkiraan);;1;destinasi wisata viral;Sedang Hits, Ini 5 Tempat Wisata Viral di Indonesia yang Wajib Dikunjungi - RRI.co.id;https://news.google.com/rss/articles/CBMiuAFBVV95cUxObUN4TDB1OGNQOXVIN0tUYVdlZERRSklTb0JicW1HTzVmSVVaanExc0E4UFRoQzlPMENnZGRhNWJoVFhmUG5rT1BaVmp0NmJuYTQ1SnptTHdNTnMwLXFoOHZTbzdTekNNendkeEROVm9uQTlYR1MyYnllRDl2M0xzOUNNak5sd0JkelpVVjJ4bFk4MnRDTVQ5aGVFZ3RBb3FFbUVpYUtzRGR0NVd0dW1NdU96OUgwME5L?oc=5
160;K'Ville Kaliurang;Wisata;Wisata bergaya Eropa;Kaliurang, Sleman, DIY;Destinasi viral nuansa Eropa dengan latar Merapi;Disebut viral/hits/antre;Tidak disebut;;Hargobinangun;Pakem;Kab. Sleman;DI Yogyakarta;Indonesia;-76;110427;Kelurahan/desa/kawasan;Kaliurang;1;tempat wisata baru viral;Menjelajahi K'Ville Kaliurang, Destinasi Viral di Jogja dengan Nuansa Eropa yang Memukau - jogja.disway.id - Disway Jogja;https://news.google.com/rss/articles/CBMiyAFBVV95cUxOUTU2NlRmbWdCUEtBMVQ5ZWFZenZqSlEyMWZ5bDdtSjYwcWN4bHNHaTNVM0tPM1JIV21kWF93NTdxN3lYVE5TeXc4S0pqMzVqR3RrNXBKd0NwbWk0MEFpUzY3U3poYUIzaUhMS3lRNUdrenpqUWluTktHM25BSkVxNVlMYm1Da3VYNVNRZ3JxS3pIRWtpYXN2aEpLSjZVY3BUZjFPclBtdkwwdGN0Q2xCZUJ6RlVxOGtqb0JKZU05ZEg3U0xIalRXR9IBvgFBVV95cUxOT2pQd0tfSUZsVXd2UWJlckNzQnNyYXNRNnI3VjBKT3VYZlpBOWdiSFBqNUJtdzJ4SUx1a0FCdy1xQmViV0RHdU5NanlwenJ2M3FmbXMyQURwazY0U3Z3MHlDMWxTTTdtc0ZiM01reF9SYWtlY3dyazBUd1FhbVdySl95MUhLTFZPLU9WM3dXcTFncml6MGg3LUEzdGR6aDA1UWRaYlVTUHBiRlVONUJVanJQZjdEQ2ZpR0FNekpn?oc=5
161;Pitris Ocean View;Wisata;Wisata pantai/bukit;Kebumen (Karangduwur, Ayah);"Viral; perosotan pelangi, gazebo hadap laut; tiket Rp15 ribu";Disebut viral/hits/antre;Tidak disebut;;Karangduwur;Ayah;Kab. Kebumen;Jawa Tengah;Indonesia;-774;10943;Kelurahan/desa/kawasan;;1;wisata viral;Wisata Viral di Kebumen, Pemandangan Laut Lepas dari Ketinggian Bikin Betah - Kompas.com;https://news.google.com/rss/articles/CBMixAFBVV95cUxNTERoMVNpRnpSVWVKUWxQUGhaOWx5Z0hPUWZ3ZnVyMG9OOVBQVnppdTJzQXA0ajlsUjVqem5HZmVNb0JSTEk3RTZmUFV3aERjTVBwWmlVLVR2OUJzTFdXTHdfLU0zSmx3dU5KVlJoYVNBWXl1Zk11dXRaZDdWeUFNbS05RTJ5MDdtX3BCWHpobjU4SVpZMTllRHNsbC1UWFlDMFZYX1lUTlBfYUpjdjJSUTR1dUxJblNjQS03VzFBc0hQaG1D?oc=5
162;Pantai Glagah & Pantai Congot (Kulon Progo);Wisata;Pantai & kafe baru;Kulon Progo, DIY (Temon);"Destinasi viral; kunjungan Mei 2026 467 ribu";Disebut viral/hits/antre;Mei 2026;Data kunjungan Mei 2026 disebut;Glagah;Temon;Kab. Kulon Progo;DI Yogyakarta;Indonesia;-7915;11007;Titik tempat (perkiraan);"Koordinat Pantai Glagah; Pantai Congot di Desa Jangkaran, Temon";1;wisata viral;PAD Wisata Kulon Progo Terkerek 30,66 Persen di 2026, Imbas Destinasi Viral di Pantai Glagah - BPK RI Perwakilan Provinsi Daerah Istimewa Yogyakarta;https://news.google.com/rss/articles/CBMivwFBVV95cUxOY0JwejhlUEVMbUcxWE4wb21uMkc0VmRwbFJYZHl3WE9ObF9lUC1hSkxMWHhYMjZBQjR1cTFmdXdUclZKcjBOWS1GdmVLOS1OOHBwN1JDbHhYcklRMnRXWGZjNGpOcDBMRkFwaGdHZ0MtWG9aUHl0TjhEcTRfb0JseG1pS1ZPaEExSml1cHdQcGRkNnhiY0pER1NDcTRZelU3NEtyRlZ6T29ZODFUQjZmSGdpS0MzbWt1MU14UDN6WQ?oc=5
163;Negeri Kahyangan;Wisata;Wisata alam lereng Merbabu;Magelang, Jawa Tengah;"Viral 'Tol Khayangan'; view lima gunung";Disebut viral/hits/antre;2026;Tahun disebut di judul artikel;;;Kab. Magelang;Jawa Tengah;Indonesia;-746;11038;Pusat kota/kabupaten;Lereng Merbabu – desa/kecamatan tidak disebut;1;destinasi wisata viral;Wisata Negeri Kahyangan Magelang 2026, Destinasi Viral di Lereng Merbabu Paling Menakjubkan - jogja.disway.id - Disway Jogja;https://news.google.com/rss/articles/CBMizgFBVV95cUxNSDZfdkVnTTlTSGtJdnFjYUo5UHIzYU9ULXdQYXhEaE01dERhVUtIZ1o0d0xDYmQ0VElJMF9ha1BMZE85Z3ZsRUJmME04aDNWR2VETmhsOGFrRFFqSG1IM2JLY0ZUSDNRY0FGQ2FwbGIyVEFQUGtwY1RNd29xbDl2SklhZVU2a2lhREtqU1BYb3lVRTVHdUlQclBJVkx4UnhNckc4VkUzVjdTS3NhYUZIenR5QlM5aHlwak1CQ0VzZE0tN0NWRnVlTkczSE5Md9IBwwFBVV95cUxOQ1VxWVpZQXh2dFdTX3phNVdmYUY2aXlVSEcyZnhkcTJyNUZOUVBIOUZBWGlpc3B0U0pxa2NEZVY4allZWExqLXo4MElYYV9nQ1lyQmw4VkxRMFlzU0VYM3ZRYVRfSVJFWFU3NW5TSGc5Mlg1OUd4QndUMFE5c3pFNWpzN0pmMmJHcWx3dzlObU8ycHU5Ml9vOWNlb1dIOXZGMTNSZGJ2Qkd1TUFHOVotcWN2TG1pb2RtSXNKRHh2YUVONDA?oc=5
164;Telaga Sarangan (spot foto bugenvil mirip Danau Como);Wisata;Telaga / spot foto;Magetan, Jawa Timur;"Spot bugenvil viral; kunjungan sampai 9.000/hari";Disebut viral/hits/antre;Tidak disebut;;Sarangan;Plaosan;Kab. Magetan;Jawa Timur;Indonesia;-7676;111217;Titik tempat (perkiraan);;1;wisata viral;Disbudpar: Spot foto viral mirip di Italia dongkrak wisata Sarangan - Antara News jatim;https://news.google.com/rss/articles/CBMirwFBVV95cUxObGxSSTJZWDU1LVpGT2RMdnpWaG5nVkNqRFBQZ2EzcDQtLUlnTlEzYmtQQnEzQTZHSC1ZcWVvRmI4bUJLRDEtWDhPTGFubThtT01UcWxpSXphclRnTXNIQjJLc0NtdXNFTjJmOXpkNVQtaEVRTnZPdHdwRzRBTm1VNERuSnR2ZXVSQTJfOV9HVHdTZFZVTVA1STRwVVNINUZZR1NINFp1WUlXUktpeElV0gG0AUFVX3lxTE44UjhuUk9ZemI1LVpud1B4cE1VcEtld0YwYVl6MUNVQnpKOVRGdkVzSGY2cGV3MklSUEk3THNCR2VRRzdzSE5xTFFCY0VBOVIyMUNWYWNYNFgxOGRURUFST3ZHSTdjTlBFbTQtRVhGLUszcklzQ0paXzdjQVVGRGg5QjZMWDMyUXJTOTZIWGhmWllQWmI3OGJqNEF6WVN1eDFScjVIQ3ZES1NDalo2RGFadEZLTA?oc=5
165;Labuan Bajo;Wisata;Destinasi kepulauan;Nusa Tenggara Timur;Gerbang Taman Nasional Komodo;Disebut viral/hits/antre;Tidak disebut;;Labuan Bajo;Komodo;Kab. Manggarai Barat;Nusa Tenggara Timur;Indonesia;-84964;1198877;Kelurahan/desa/kawasan;;1;destinasi wisata viral;Sedang Hits, Ini 5 Tempat Wisata Viral di Indonesia yang Wajib Dikunjungi - RRI.co.id;https://news.google.com/rss/articles/CBMiuAFBVV95cUxObUN4TDB1OGNQOXVIN0tUYVdlZERRSklTb0JicW1HTzVmSVVaanExc0E4UFRoQzlPMENnZGRhNWJoVFhmUG5rT1BaVmp0NmJuYTQ1SnptTHdNTnMwLXFoOHZTbzdTekNNendkeEROVm9uQTlYR1MyYnllRDl2M0xzOUNNak5sd0JkelpVVjJ4bFk4MnRDTVQ5aGVFZ3RBb3FFbUVpYUtzRGR0NVd0dW1NdU96OUgwME5L?oc=5
166;Riverwalk Island PIK 2;Wisata;Spot sunset gratis;PIK 2, Jakarta Utara;Sunset dengan latar hutan mangrove;Disebut viral/hits/antre;Tidak disebut;;;Kosambi;Kab. Tangerang;Banten;Indonesia;-6065;10669;Kelurahan/desa/kawasan;Artikel menyebut Jakarta Utara, tetapi kawasan PIK 2 secara administratif mayoritas di Kab. Tangerang;1;cafe viral;10 Kafe Hits dan Viral di PIK, Tempat Nongkrong Estetik Favorit Anak Muda - Inilah.com;https://news.google.com/rss/articles/CBMiZkFVX3lxTE8tQkwxNG5QNnNiYUZOUEZRQkZIcVVwLUkwUjB0Tklac0wtRUNkTVlrS2g5TzFVc0E5bUxvemlENVBYdGkyZW9KU2V6VV9oR0thUlk5RHVEY0VSclVDM0Y0RDlXQWlSUQ?oc=5
167;Raja Ampat;Wisata;Kepulauan;Papua Barat Daya;Gugusan pulau karst, wisata bawah laut;Disebut viral/hits/antre;Tidak disebut;;;;Kab. Raja Ampat;Papua Barat Daya;Indonesia;-43;13082;Pusat kota/kabupaten;Koordinat Waisai (ibu kota kabupaten);1;destinasi wisata viral;Sedang Hits, Ini 5 Tempat Wisata Viral di Indonesia yang Wajib Dikunjungi - RRI.co.id;https://news.google.com/rss/articles/CBMiuAFBVV95cUxObUN4TDB1OGNQOXVIN0tUYVdlZERRSklTb0JicW1HTzVmSVVaanExc0E4UFRoQzlPMENnZGRhNWJoVFhmUG5rT1BaVmp0NmJuYTQ1SnptTHdNTnMwLXFoOHZTbzdTekNNendkeEROVm9uQTlYR1MyYnllRDl2M0xzOUNNak5sd0JkelpVVjJ4bFk4MnRDTVQ5aGVFZ3RBb3FFbUVpYUtzRGR0NVd0dW1NdU96OUgwME5L?oc=5
168;Bendung Karet Sungai Juana;Wisata;Wisata dadakan;Pati, Jawa Tengah (Jakenan);Viral karena sungai kering & ikan terdampar;Disebut viral/hits/antre;Tidak disebut;;;Jakenan;Kab. Pati;Jawa Tengah;Indonesia;-678;11115;Pusat kecamatan;;1;wisata viral;Sungai Juana Pati Jadi Wisata Dadakan gegara Viral Ribuan Ikan Terdampar - detikcom;https://news.google.com/rss/articles/CBMiugFBVV95cUxQejRHa1pFak5aZndGMzhELWhlMXFwcVROYURpOG1hdXR4dWxhdVNMRjRjNVR0U1BHNW52WnNsVWNrZS1EUlh3OFBtdzAzSkdUS2MxclBfczZ1V09XcXN1S3B0M2NKN1c1MFVKM1h0M1I4S29oOFpoekNiSDVJRExJM0I4dnk2ZEFseU83Ui1OTXU1dTB6TFc3QVM5a3NTU0VHYXBSUTFtNzZnSVFUMEtsbkRxV1F3NTFqM1HSAb8BQVVfeXFMT0MwLWIxMDY5eUdHNTEzRUhteDBHaFVtVUE1TGlEeTFQZV9iRUtUNXFnRWV6MzdDU1JVR3daSU10S3NWVW9SUE1tcmlIWGFTN1FPU0UyTlZIN1h2anJwOTAxaURTd3NaSkF5OWRIbDRDS1RRVjh1QndSNHhocDFQMy1nTzlIc09XenZDSUNpdWdaSklacmt6X1VlaVltSEc1Q3N1UVRmM3RhS2x4RmFvcElEcVRjQlpJbGtVZEp5cEE?oc=5
169;Pictniq Land Jogja;Wisata;Wisata replika landmark dunia;Patuk, Gunungkidul, DIY;"Miniatur Colosseum, Merlion, Santorini; jeep offroad";Disebut viral/hits/antre;Tidak disebut;;;Patuk;Kab. Gunungkidul;DI Yogyakarta;Indonesia;-785;110495;Pusat kecamatan;Pictniq Land;1;wisata viral;Pictniq Land Jogja: Wisata Viral Keliling Dunia dan Petualangan Offroad di Perbukitan Gunungkidul - Harapan Rakyat;https://news.google.com/rss/articles/CBMi0AFBVV95cUxPSVA1ZVVPNHE4bWEwSFNfMDExeUFrLWtQdHRRT2lnRHZJTU5Idm9sWDE5OENUSG9GUXktbEZ5cUU4eDFCbG9DRW5jTGRKNnB6VG11a203LVVUNjVKMWluWGVXa1NMTS1IMXRtdzNTNU9qLWhiNlZLM0NOaE5iRjlQZGZ6LVRKckZBNHdFcFRMQ1BockZQcFF3UUJodUMxWk9xYmZYMlZvZ0VTSmgyZkF4dEpqdWs5R3RCVTVLbGxVUDZXY1V4ZlJUTEVvQUd1eXFN?oc=5
170;Agrowisata Gunung Mas;Wisata;Kebun teh;Puncak, Bogor;Hamparan kebun teh;Disebut viral/hits/antre;Tidak disebut;;Tugu Selatan;Cisarua;Kab. Bogor;Jawa Barat;Indonesia;-6705;106973;Titik tempat (perkiraan);;1;wisata viral;5 Tempat Wisata di Puncak yang Lagi Viral, Cocok untuk Liburan Keluarga - rentak.id;https://news.google.com/rss/articles/CBMikwFBVV95cUxNRXo2Q1pjbXlkXzVYUlEzemgwSkZEZmZUSENrYnZKSm1hdXVfMmhuUDdJQjBKS0pyQWpsVlJScGNjSTVMcEpQckkxSDdiYjlrXzlERUZrM3NPUzhoMEk0OWxkMlJ6VlBmYW01dlFLcVZMVi10NUN5Ulk1RlppQzI2NXNhTDhfVHVUdFRwSGViblUxcVk?oc=5
171;Enchanting Valley (Taman Safari Indonesia);Wisata;Wisata alam & foto;Puncak, Bogor;Menarik perhatian, spot foto;Disebut viral/hits/antre;Tidak disebut;;Cibeureum;Cisarua;Kab. Bogor;Jawa Barat;Indonesia;-6717;106949;Titik tempat (perkiraan);Area Taman Safari Indonesia;1;wisata viral;5 Tempat Wisata di Puncak yang Lagi Viral, Cocok untuk Liburan Keluarga - rentak.id;https://news.google.com/rss/articles/CBMikwFBVV95cUxNRXo2Q1pjbXlkXzVYUlEzemgwSkZEZmZUSENrYnZKSm1hdXVfMmhuUDdJQjBKS0pyQWpsVlJScGNjSTVMcEpQckkxSDdiYjlrXzlERUZrM3NPUzhoMEk0OWxkMlJ6VlBmYW01dlFLcVZMVi10NUN5Ulk1RlppQzI2NXNhTDhfVHVUdFRwSGViblUxcVk?oc=5
172;Melrimba Garden;Wisata;Taman bunga;Puncak, Bogor;"Balon udara 15 menit; istana bernuansa Jepang";Disebut viral/hits/antre;2026;Tahun disebut di judul artikel;Tugu Utara;Cisarua;Kab. Bogor;Jawa Barat;Indonesia;-6698;106986;Kelurahan/desa/kawasan;;2;"destinasi wisata viral; wisata viral";5 Tempat Wisata di Puncak yang Lagi Viral, Cocok untuk Liburan Keluarga - rentak.id | 12 Rekomendasi Tempat Wisata Keluarga Paling Hits di Bogor 2026 - detikTravel;https://news.google.com/rss/articles/CBMikwFBVV95cUxNRXo2Q1pjbXlkXzVYUlEzemgwSkZEZmZUSENrYnZKSm1hdXVfMmhuUDdJQjBKS0pyQWpsVlJScGNjSTVMcEpQckkxSDdiYjlrXzlERUZrM3NPUzhoMEk0OWxkMlJ6VlBmYW01dlFLcVZMVi10NUN5Ulk1RlppQzI2NXNhTDhfVHVUdFRwSGViblUxcVk?oc=5 | https://news.google.com/rss/articles/CBMiuwFBVV95cUxNck5pczBaV3BQX2NENnZkN2RWMlNnSHg5LUJKa3ZZM2c2YVNkNGd3YmxteGE5QnBqRk9OcFh6ZXRvT0ZxZTBkakRYYUhDY1psQUh0RGpTSTIwYTU4b2NabzlpMEpQWVlzNXNYRWdlWWRhalcxVC1Kc1JNM2tGYXlzS2pla3BCX1lna001aXlSa1AyUF9ZckZhQ0xsRkxwYW9QbHM5MlEyZ2s4azJia1liYURISDdYbVRRZmsw0gHAAUFVX3lxTFBydHdxTzI3dnZVQXlqcDZsVjhjNXdTRTZacjllMDRGMUUzUTJZdENyczYwSkNWUlVDNnB0enlLM1htM3RmN0lmQXdnQlZSZFQxb092d0FtcXJvYU5wdXhjNllyRXpNLXZvQVVKdzRNYUZDR1FRU21hdExRZDVuTFB3MWtlYW5Xcml5VG9ldTZMNnk4cV9oTmtMcXh1N1J1M2lrUVJJQ2ppY2xYSWhxR1ZEM2pQTHVWaXpZbE5Db2VtOQ?oc=5
173;Telaga Saat Puncak;Wisata;Telaga;Puncak, Bogor;Panorama telaga asri;Disebut viral/hits/antre;Tidak disebut;;Tugu Selatan;Cisarua;Kab. Bogor;Jawa Barat;Indonesia;-6705;1070;Kelurahan/desa/kawasan;;1;wisata viral;5 Tempat Wisata di Puncak yang Lagi Viral, Cocok untuk Liburan Keluarga - rentak.id;https://news.google.com/rss/articles/CBMikwFBVV95cUxNRXo2Q1pjbXlkXzVYUlEzemgwSkZEZmZUSENrYnZKSm1hdXVfMmhuUDdJQjBKS0pyQWpsVlJScGNjSTVMcEpQckkxSDdiYjlrXzlERUZrM3NPUzhoMEk0OWxkMlJ6VlBmYW01dlFLcVZMVi10NUN5Ulk1RlppQzI2NXNhTDhfVHVUdFRwSGViblUxcVk?oc=5
174;Wonderful Citamiang;Wisata;Wisata alam & camping;Puncak, Bogor;Nuansa perkemahan;Disebut viral/hits/antre;Tidak disebut;;Tugu Utara;Cisarua;Kab. Bogor;Jawa Barat;Indonesia;-6698;106982;Kelurahan/desa/kawasan;;1;wisata viral;5 Tempat Wisata di Puncak yang Lagi Viral, Cocok untuk Liburan Keluarga - rentak.id;https://news.google.com/rss/articles/CBMikwFBVV95cUxNRXo2Q1pjbXlkXzVYUlEzemgwSkZEZmZUSENrYnZKSm1hdXVfMmhuUDdJQjBKS0pyQWpsVlJScGNjSTVMcEpQckkxSDdiYjlrXzlERUZrM3NPUzhoMEk0OWxkMlJ6VlBmYW01dlFLcVZMVi10NUN5Ulk1RlppQzI2NXNhTDhfVHVUdFRwSGViblUxcVk?oc=5
175;Minimania (Sentul Paradise Park);Wisata;Miniatur landmark dunia;Sentul, Bogor;Miniatur landmark dunia & skyride;Disebut viral/hits/antre;2026;Tahun disebut di judul artikel;;Babakan Madang;Kab. Bogor;Jawa Barat;Indonesia;-656;10687;Kelurahan/desa/kawasan;Sentul Paradise Park;1;destinasi wisata viral;12 Rekomendasi Tempat Wisata Keluarga Paling Hits di Bogor 2026 - detikTravel;https://news.google.com/rss/articles/CBMiuwFBVV95cUxNck5pczBaV3BQX2NENnZkN2RWMlNnSHg5LUJKa3ZZM2c2YVNkNGd3YmxteGE5QnBqRk9OcFh6ZXRvT0ZxZTBkakRYYUhDY1psQUh0RGpTSTIwYTU4b2NabzlpMEpQWVlzNXNYRWdlWWRhalcxVC1Kc1JNM2tGYXlzS2pla3BCX1lna001aXlSa1AyUF9ZckZhQ0xsRkxwYW9QbHM5MlEyZ2s4azJia1liYURISDdYbVRRZmsw0gHAAUFVX3lxTFBydHdxTzI3dnZVQXlqcDZsVjhjNXdTRTZacjllMDRGMUUzUTJZdENyczYwSkNWUlVDNnB0enlLM1htM3RmN0lmQXdnQlZSZFQxb092d0FtcXJvYU5wdXhjNllyRXpNLXZvQVVKdzRNYUZDR1FRU21hdExRZDVuTFB3MWtlYW5Xcml5VG9ldTZMNnk4cV9oTmtMcXh1N1J1M2lrUVJJQ2ppY2xYSWhxR1ZEM2pQTHVWaXpZbE5Db2VtOQ?oc=5
176;RIMBUN Agrowisata;Wisata;Agrowisata edukasi;Serpong, Tangerang Selatan;Edukasi menanam sayuran;Rekomendasi (tidak disebut viral eksplisit);Tidak disebut;;;Serpong;Kota Tangerang Selatan;Banten;Indonesia;-631;10667;Pusat kecamatan;;1;spot wisata viral;Jangan Bingung Liburan di Tangsel, Ada 8 Spot Wisata Menarik - detikTravel;https://news.google.com/rss/articles/CBMiqgFBVV95cUxQZDRCVENFbGlwaEI3MHBxREplMHRJTDRkRkh1YUJVZlMwV2I4NzNLeVdYTUtOdzJUQkd3Nm5ESnpWT29kRklZY0MtVUZsY2hsNlpUc18tQmN6M2ZEQnNRdVh1WHRaa0FyckpIVkh5emR5WjlZMENfN3AwZjBhV2pjZzliR053YTlwZmtiVlpnOEFrbEd5eXRNTk1PWlUtSmR6MW90WlpnX0UxQdIBrwFBVV95cUxOMHE4SVlLY1JYTEh2Y09pbHZiVUlxZmdyTUJhR3hxdWdwN0xQR1JxbDExdUxnaU5tZlZKYTNKcjJjV0JxYVFxUUVtR2UzYVhpbDd5RVpITkhFanluQWNrbzJBM3B2N0tUbzZWcUI5RTZLakR3WDZ5Snh6NFJvR3BvYXpNU19HV2VSQlZoTkZfOG45a0dXa3lSY3g4WFZMcVVGSlRrZXduMVowUWx5bFNN?oc=5
177;Curug Cikaso;Wisata;Air terjun;Sukabumi;Tiga aliran air, kolam hijau toska;Disebut viral/hits/antre;2026;Tahun disebut di judul artikel;Ciniti;Cibitung;Kab. Sukabumi;Jawa Barat;Indonesia;-7362;106618;Titik tempat (perkiraan);;1;tempat wisata baru viral;10 Tempat Wisata Hits di Sukabumi 2026 yang Wajib Masuk Bucket List Kamu! - Radar Sukabumi;https://news.google.com/rss/articles/CBMiqgFBVV95cUxQSk9ZajJRNFdtX0szU0FaLXJsMEYzVmp6V1B2d2JoV1JFcFhLeUUzUm94SGlyUlkzNlVMV2h3eWREYzd1bkptRzQ1R0ZnTnFJTjkyOGpNdkdVdXF1MFZLYl96Rkx3U245ME1RRUV1MWs2WUM3UnBkYzFBOW44R1BvQ1JLdkpDVUt4VExsS21jbGdDQ2Yxci1jX3lBVjNWX3AtYzBVdU90RXlPQQ?oc=5
178;Curug Sawer;Wisata;Air terjun;Sukabumi;Aliran deras, jembatan pandang;Disebut viral/hits/antre;2026;Tahun disebut di judul artikel;Kadudampit;Kadudampit;Kab. Sukabumi;Jawa Barat;Indonesia;-6833;10692;Kelurahan/desa/kawasan;Kawasan Situ Gunung;1;tempat wisata baru viral;10 Tempat Wisata Hits di Sukabumi 2026 yang Wajib Masuk Bucket List Kamu! - Radar Sukabumi;https://news.google.com/rss/articles/CBMiqgFBVV95cUxQSk9ZajJRNFdtX0szU0FaLXJsMEYzVmp6V1B2d2JoV1JFcFhLeUUzUm94SGlyUlkzNlVMV2h3eWREYzd1bkptRzQ1R0ZnTnFJTjkyOGpNdkdVdXF1MFZLYl96Rkx3U245ME1RRUV1MWs2WUM3UnBkYzFBOW44R1BvQ1JLdkpDVUt4VExsS21jbGdDQ2Yxci1jX3lBVjNWX3AtYzBVdU90RXlPQQ?oc=5
179;Goalpara Tea Park (GTP);Wisata;Kebun teh;Sukabumi;"Spot paling viral di TikTok; rainbow slide, ATV";Disebut viral/hits/antre;2026;Tahun disebut di judul artikel;;;Kab. Sukabumi;Jawa Barat;Indonesia;-687;10695;Pusat kota/kabupaten;Lokasi pasti tidak disebut;1;tempat wisata baru viral;10 Tempat Wisata Hits di Sukabumi 2026 yang Wajib Masuk Bucket List Kamu! - Radar Sukabumi;https://news.google.com/rss/articles/CBMiqgFBVV95cUxQSk9ZajJRNFdtX0szU0FaLXJsMEYzVmp6V1B2d2JoV1JFcFhLeUUzUm94SGlyUlkzNlVMV2h3eWREYzd1bkptRzQ1R0ZnTnFJTjkyOGpNdkdVdXF1MFZLYl96Rkx3U245ME1RRUV1MWs2WUM3UnBkYzFBOW44R1BvQ1JLdkpDVUt4VExsS21jbGdDQ2Yxci1jX3lBVjNWX3AtYzBVdU90RXlPQQ?oc=5
180;Pantai Pelabuhan Ratu;Wisata;Pantai;Sukabumi;Sunset di tebing karang, kuliner laut;Disebut viral/hits/antre;2026;Tahun disebut di judul artikel;;Palabuhanratu;Kab. Sukabumi;Jawa Barat;Indonesia;-6987;10655;Pusat kecamatan;;1;tempat wisata baru viral;10 Tempat Wisata Hits di Sukabumi 2026 yang Wajib Masuk Bucket List Kamu! - Radar Sukabumi;https://news.google.com/rss/articles/CBMiqgFBVV95cUxQSk9ZajJRNFdtX0szU0FaLXJsMEYzVmp6V1B2d2JoV1JFcFhLeUUzUm94SGlyUlkzNlVMV2h3eWREYzd1bkptRzQ1R0ZnTnFJTjkyOGpNdkdVdXF1MFZLYl96Rkx3U245ME1RRUV1MWs2WUM3UnBkYzFBOW44R1BvQ1JLdkpDVUt4VExsS21jbGdDQ2Yxci1jX3lBVjNWX3AtYzBVdU90RXlPQQ?oc=5
181;Pantai Ujung Genteng;Wisata;Pantai;Sukabumi;Ombak untuk surfing, penangkaran penyu;Disebut viral/hits/antre;2026;Tahun disebut di judul artikel;Ujunggenteng;Ciracap;Kab. Sukabumi;Jawa Barat;Indonesia;-737;1064;Kelurahan/desa/kawasan;;1;tempat wisata baru viral;10 Tempat Wisata Hits di Sukabumi 2026 yang Wajib Masuk Bucket List Kamu! - Radar Sukabumi;https://news.google.com/rss/articles/CBMiqgFBVV95cUxQSk9ZajJRNFdtX0szU0FaLXJsMEYzVmp6V1B2d2JoV1JFcFhLeUUzUm94SGlyUlkzNlVMV2h3eWREYzd1bkptRzQ1R0ZnTnFJTjkyOGpNdkdVdXF1MFZLYl96Rkx3U245ME1RRUV1MWs2WUM3UnBkYzFBOW44R1BvQ1JLdkpDVUt4VExsS21jbGdDQ2Yxci1jX3lBVjNWX3AtYzBVdU90RXlPQQ?oc=5
182;Situ Gunung Suspension Bridge;Wisata;Jembatan gantung;Sukabumi;Jembatan gantung tengah hutan terpanjang di Asia Tenggara;Disebut viral/hits/antre;2026;Tahun disebut di judul artikel;Kadudampit;Kadudampit;Kab. Sukabumi;Jawa Barat;Indonesia;-6836;106923;Titik tempat (perkiraan);;1;tempat wisata baru viral;10 Tempat Wisata Hits di Sukabumi 2026 yang Wajib Masuk Bucket List Kamu! - Radar Sukabumi;https://news.google.com/rss/articles/CBMiqgFBVV95cUxQSk9ZajJRNFdtX0szU0FaLXJsMEYzVmp6V1B2d2JoV1JFcFhLeUUzUm94SGlyUlkzNlVMV2h3eWREYzd1bkptRzQ1R0ZnTnFJTjkyOGpNdkdVdXF1MFZLYl96Rkx3U245ME1RRUV1MWs2WUM3UnBkYzFBOW44R1BvQ1JLdkpDVUt4VExsS21jbGdDQ2Yxci1jX3lBVjNWX3AtYzBVdU90RXlPQQ?oc=5
183;UNESCO Global Geopark Ciletuh;Wisata;Geopark;Sukabumi;Bukit batu purba, laut, air terjun;Disebut viral/hits/antre;2026;Tahun disebut di judul artikel;;Ciemas;Kab. Sukabumi;Jawa Barat;Indonesia;-724;10647;Pusat kecamatan;;1;tempat wisata baru viral;10 Tempat Wisata Hits di Sukabumi 2026 yang Wajib Masuk Bucket List Kamu! - Radar Sukabumi;https://news.google.com/rss/articles/CBMiqgFBVV95cUxQSk9ZajJRNFdtX0szU0FaLXJsMEYzVmp6V1B2d2JoV1JFcFhLeUUzUm94SGlyUlkzNlVMV2h3eWREYzd1bkptRzQ1R0ZnTnFJTjkyOGpNdkdVdXF1MFZLYl96Rkx3U245ME1RRUV1MWs2WUM3UnBkYzFBOW44R1BvQ1JLdkpDVUt4VExsS21jbGdDQ2Yxci1jX3lBVjNWX3AtYzBVdU90RXlPQQ?oc=5
184;Wisata Alam OASIS Sukabumi;Wisata;Wisata bergaya Eropa;Sukabumi;Arsitektur Eropa abad pertengahan, mini zoo;Disebut viral/hits/antre;2026;Tahun disebut di judul artikel;;;Sukabumi (detail tidak disebut);Jawa Barat;Indonesia;-692;10693;Pusat kota/kabupaten;;1;tempat wisata baru viral;10 Tempat Wisata Hits di Sukabumi 2026 yang Wajib Masuk Bucket List Kamu! - Radar Sukabumi;https://news.google.com/rss/articles/CBMiqgFBVV95cUxQSk9ZajJRNFdtX0szU0FaLXJsMEYzVmp6V1B2d2JoV1JFcFhLeUUzUm94SGlyUlkzNlVMV2h3eWREYzd1bkptRzQ1R0ZnTnFJTjkyOGpNdkdVdXF1MFZLYl96Rkx3U245ME1RRUV1MWs2WUM3UnBkYzFBOW44R1BvQ1JLdkpDVUt4VExsS21jbGdDQ2Yxci1jX3lBVjNWX3AtYzBVdU90RXlPQQ?oc=5
185;Kalipangus;Wisata;Wisata alam air terjun/aliran sungai;Ungaran Barat, Kab. Semarang (Desa Lerep/Kalisidi);Wisata dadakan viral dari konten KKN;Disebut viral/hits/antre;Tidak disebut;;Lerep / Kalisidi;Ungaran Barat;Kab. Semarang;Jawa Tengah;Indonesia;-714;11037;Kelurahan/desa/kawasan;;1;wisata viral;Ini Dia Kalipangus, Obyek Wisata Dadakan yang Viral di Ungaran - rasikafm.com;https://news.google.com/rss/articles/CBMiiwFBVV95cUxQYVZUeWN1MmNCanNiWENWXzBacXZ3VHhxTDVzX09PSUZBdk1CbXdvTXdyZkNfbXJoT0YxUE1aZXJFcGh5eVlyTkl5SjRIM09wMjZRZ3lsNndFanItMGdpbjNiM0ZtenhmNm5HdHIyaGVXTmc4RVBwR1lfaUdpZFFLNTNsZkFkZlpoTlRF?oc=5
186;Curug Silawe;Wisata;Air terjun;Wonosobo;Air terjun;Disebut viral/hits/antre;Tidak disebut;;Sutopati;Kajoran;Kab. Magelang;Jawa Tengah;Indonesia;-742;11006;Kelurahan/desa/kawasan;"Artikel menyebut Wonosobo; lokasi berada di perbatasan Magelang–Wonosobo";1;spot wisata viral;5 Tempat Wisata di Wonosobo yang Lagi Hits, Indahnya Telaga Menjer - Tribun Travel;https://news.google.com/rss/articles/CBMisgFBVV95cUxPSDlpa2JTZl9YWExGMXh5dC03UnFVWU0wZ3BWUHNWZUhrQjVlcFNfazlpTzZDb0Q3dFdmSUR0SU04eFJNRjZBSDV4YTdIQTBRME05aDJmcHJhNEVhUzZ0S1lZSnRKMng1YU5vUHlKZndzOGVmZ3hSbmVEN2ZBdE5xWEhCcE90djFuak5kbHNPTDBfWDZ1WjRfUVhpVUJmU2t2X1Z6N0JIV0ZRUEZzeG5uaXBn?oc=5
187;Kebun Teh Tambi;Wisata;Kebun teh;Wonosobo;Hamparan kebun teh;Disebut viral/hits/antre;Tidak disebut;;Tambi;Kejajar;Kab. Wonosobo;Jawa Tengah;Indonesia;-7275;10995;Kelurahan/desa/kawasan;;1;spot wisata viral;5 Tempat Wisata di Wonosobo yang Lagi Hits, Indahnya Telaga Menjer - Tribun Travel;https://news.google.com/rss/articles/CBMisgFBVV95cUxPSDlpa2JTZl9YWExGMXh5dC03UnFVWU0wZ3BWUHNWZUhrQjVlcFNfazlpTzZDb0Q3dFdmSUR0SU04eFJNRjZBSDV4YTdIQTBRME05aDJmcHJhNEVhUzZ0S1lZSnRKMng1YU5vUHlKZndzOGVmZ3hSbmVEN2ZBdE5xWEhCcE90djFuak5kbHNPTDBfWDZ1WjRfUVhpVUJmU2t2X1Z6N0JIV0ZRUEZzeG5uaXBn?oc=5
188;Telaga Menjer;Wisata;Danau;Wonosobo (Garung);Danau alami dengan latar bukit hijau;Disebut viral/hits/antre;Tidak disebut;;Maron;Garung;Kab. Wonosobo;Jawa Tengah;Indonesia;-7261;109928;Titik tempat (perkiraan);;1;spot wisata viral;5 Tempat Wisata di Wonosobo yang Lagi Hits, Indahnya Telaga Menjer - Tribun Travel;https://news.google.com/rss/articles/CBMisgFBVV95cUxPSDlpa2JTZl9YWExGMXh5dC03UnFVWU0wZ3BWUHNWZUhrQjVlcFNfazlpTzZDb0Q3dFdmSUR0SU04eFJNRjZBSDV4YTdIQTBRME05aDJmcHJhNEVhUzZ0S1lZSnRKMng1YU5vUHlKZndzOGVmZ3hSbmVEN2ZBdE5xWEhCcE90djFuak5kbHNPTDBfWDZ1WjRfUVhpVUJmU2t2X1Z6N0JIV0ZRUEZzeG5uaXBn?oc=5
189;Dataran Tinggi Dieng;Wisata;Dataran tinggi;Wonosobo, Jawa Tengah;Telaga Warna, Kawah Sikidang, Candi Arjuna;Disebut viral/hits/antre;Tidak disebut;;;Kejajar;Kab. Wonosobo;Jawa Tengah;Indonesia;-7209;109907;Pusat kecamatan;Dataran Dieng membentang ke Kec. Batur, Kab. Banjarnegara;1;spot wisata viral;5 Tempat Wisata di Wonosobo yang Lagi Hits, Indahnya Telaga Menjer - Tribun Travel;https://news.google.com/rss/articles/CBMisgFBVV95cUxPSDlpa2JTZl9YWExGMXh5dC03UnFVWU0wZ3BWUHNWZUhrQjVlcFNfazlpTzZDb0Q3dFdmSUR0SU04eFJNRjZBSDV4YTdIQTBRME05aDJmcHJhNEVhUzZ0S1lZSnRKMng1YU5vUHlKZndzOGVmZ3hSbmVEN2ZBdE5xWEhCcE90djFuak5kbHNPTDBfWDZ1WjRfUVhpVUJmU2t2X1Z6N0JIV0ZRUEZzeG5uaXBn?oc=5
190;Ibarbo Park;Wisata;Destinasi wisata baru;Yogyakarta;Destinasi wisata baru di Jogja;Rekomendasi (tidak disebut viral eksplisit);Tidak disebut;;;;Yogyakarta (detail tidak disebut);DI Yogyakarta;Indonesia;-77956;1103695;Pusat kota/kabupaten;;1;tempat wisata baru viral;Destinasi Wisata Baru di Jogja, Ini 6 Hal yang Ditawarkan Di Ibarbo Park! - SWA.co.id;https://news.google.com/rss/articles/CBMiowFBVV95cUxNVGxiWFpVSzhNWllDOGRqVG1XWWg5SDJKN1VodU0wUzE0M0RMcnUxQmw5dmpzVzNXOW9tejB3REJCeEppUktKMzJMS2FRMF83Wjl2SXVmTjRDUE0yRm0tYnZRYUhrX3JPRDMxRnhtS1lNeTR3Mkt1Xzd0WDBSLXcxbUthR0p6UU1HNUJPSmR4UE1zWFFLbnVrR3pCak1EdVNMelQ0?oc=5
