keyword,title,link,published,source,final_url,article_text,article_text_length
tempat belanja viral Kepulauan Riau,Pengalaman Baru Menginap di Fox Hotel Nagoya Batam - Jawa Pos,https://news.google.com/rss/articles/CBMinAFBVV95cUxNQUFKLWZpMFpsa3JkOUI5UzlmcEpJRkQ0QzQ2UVY1cnZEbGhhaVQ1dGMtRW1VRlZXQUpvM2hIZGszSHBjSXQyRVYzNDNYMTNOSFk1ZVJYSUhVYlRTN2FHaXhpemo0c21tOWQ3VzJPLUJPWnE0Y2YzdGZiZVNUV1Q2ZGM1VFVHOGpqSElySUhZeDh5a1hYWFdWLTNZNl_SAaIBQVVfeXFMTmRzUWUwWGpIeGVRVlFjaFN3QlQ2djNDcFYtUHJmSzhhbU5WczloZFFYYUZsNWloSHVuY0JBNm96NVZTN0tfT2pINjlaNkJXVHJJUENmRmJ0djB0MkZCeG9uekt1OTV0cGVsY1JISXl4VUVScUZzbldDNDNoQU5qMkF5ODBKWVV6ZXNKRThnV1psRG5JaWV5RGUxa1NsOXRHWDBn?oc=5,2026-05-18 07:00:00+00:00,Jawa Pos,https://www.viralnasional.com/nusantara/6472/2-wni-1-warga-tanjung-pinang-disekap-di-myanmar-kondisi-tangan-diborgol/,viralnasional.com  Viral video memperlihatkan dua perempuan dalam kondisi tangan diborgol dan mengaku disekap di Myanmar viral di media so,138
tempat belanja viral Kepulauan Riau,7 Tempat Liburan di Batam yang Lagi Hits dan Worth Visiting - Hipwee,https://news.google.com/rss/articles/CBMiZEFVX3lxTE9XM2xxemxodUxaN1lPQk1aeWhNQ1VnX3RlRGRiRTBSM2F5YURyUDlpMVE5Z2FfRHhBRkhGOXlGUERyOWV4dEZKYXFOMWF3MTFvWi0xb3NyOTFqcFZnY3JGUHJfaU8?oc=5,2026-07-08 07:00:00+00:00,Hipwee,https://batampos.jawapos.com/ekbis/2605180039/pengalaman-baru-menginap-di-fox-hotel-nagoya-batam,"Fox Hotel Nagoya Batam resmi soft opening, tawarkan hotel bintang 4 modern di pusat Nagoya dengan fasilitas lengkap dan lokasi strategis.",137
pasar viral Kepulauan Riau,"International Business Forum 2026 Digelar di Batam, Perluas Akses Pasar Pelaku UMKM ke Pasar Global - gotvnews.co.id",https://news.google.com/rss/articles/CBMivwFBVV95cUxNQ1hHd0tXNEZjeXB5MWFyUl9pMFp1anRoZTdZOGZtcE9RR3BjU3hlYXZ3SFAtOTNERUozeEx2SmVnLTc4THBnUC0wZW5hNDhYVk1mRWlORGtzQXU2NHVUdzBmM3JBRXRUR1NocHhEQlZXbGVod2RENXk1bGJGR2d3WW1FMjRSbGozbXhvMnJIM2lBQjh6YnlUZEZoM0FzTXdhd055bDViS1JuV09kSDhOcFYwd3dZN0RvRk9IczR4cw?oc=5,2026-09-24 05:46:30+00:00,gotvnews.co.id,https://www.hipwee.com/travel/tempat-liburan-di-batam/,"Identik dengan julukan kota industri dan destinasi belanja murah, Batam ternyata juga termasuk salah satu kota di Indonesia yang terkenal dengan sektor pariwisatanya. Kota terbesar di kepulauan Riau ini menawarkan banyak spot wisata hits yang bisa menjadi pilihan buat liburan keluarga, solo traveling, hingga short gateway bersama pasangan. Lalu, apa saja rekomendasi tempat liburan di Batam yang lagi hits hari ini dan worth it buat dikunjungi?? Ulasan kami kali ini akan memberikan bocorannya buat kamu. Lengkapnya, simak pembahasannya di bawah ini! Dalam beberapa tahun terakhir, sektor pariwisata Batam terus mengalami upgrade. Berbagai pembenahan fasilitas sudah dilakukan di banyak spot wisata. Hasilnya; banyak spot tersebut hari ini menjadi destinasi favorit banyak wisatawan, selain spot belanja barang impor. Berikut adalah beberapa diantara tempat liburan di Batam yang lagi hits tersebut: Sumber gambar: @new.ocarina & @nggii_poo dari Instagram Berlokasi di kecamatan Bengkong, Mega Wisata Ocarina adalah salah satu tempat liburan terkenal di Batam berformat taman rekreasi keluarga. Salah satu daya tarik utama dari destinasi wisata ini sendiri adalah keberadaan ferris wheel raksasa (bianglala raksasa) yang menjadi spot foto favorit bagi para wisatawan. Selain itu, tersedia juga berbagai wahana seru yang bisa kamu nikmati, mulai dari Spin tower, 360 Madness, Waterpark, hingga Kiddy Land & Flying Fox. Karena menghadap langsung ke perairan selat Singapura, Mega Wisata Ocarina Batam juga menawarkan panorama laut biru yang memukau – menjadikannya destinasi ideal buat chilling dan healing. Lokasi: Kawasan Sadai, Kecamatan Bengkong, Kota Batam, Kepulauan Riau. Harga tiket: Rp25.000 – Rp75.000/orang. Tarif tiket bisa bervariasi tergantung hari kunjungan dan jenis tiket. Sumber gambar: Eric Kong & farid rizkia Destinasi tempat liburan di Batam yang terkenal lainnya yang worth it buat masuk itinerary liburan adalah Jembatan Barelang. Nama Barelang berasal dari singkatan Batam, Rempang, dan Galang ; 3 pulau utama yang dihubungkan oleh struktur jembatan megah ini. Jembatan Barelang sendiri hingga hari ini menjadi objek fotografi paling populer di Kepulauan Riau. Dari atas jembatan ini, kamu akan bisa menikmati panorama memukau dari hamparan laut dan lalu lintas kapal yang melewati selat Singapura, khususnya pada saat menjelang Sore. Sedangkan buat berfoto langsung dengan latar jembatan ini, kamu bisa melakukannya di beberapa spot yang memang disediakan, yaitu Taman di kaki Jembatan Barelang (Jembatan 1) dan Dendang Melayu. Harga tiket: Gratis. Pengunjung hanya perlu membayar parkir kendaraan jika menggunakan area parkir resmi. Sumber gambar: Chin Jimmy & Muhadir al Mendahari Jika kamu adalah salah satu beach lover, Pantai Nongsa menjadi salah satu spot wisata Batam yang sebaiknya tidak kamu lewatkan. Pantai yang berlokasi di kelurahan Sambau ini menawarkan pemandangan hamparan pasir putih, laut tenang, serta gedung pencakar langit Singapura dari kejauhan yang memukau – menjadikannya salah satu spot terbaik buat healing. Selain menikmati pemandangan, di pantai ini, kamu juga bisa menikmati berbagai water activity, seperti berenang, jet ski, dan kayaking. Waktu terbaik buat mengunjungi pantai Nongsa ini sendiri adalah pada waktu pagi atau sore menjelang petang – saat cuaca lebih sejuk. Lokasi: Pesisir utama pulau Batam, di kelurahan Sambau, Kecamatan Nongsa, kota Batam. Harga tiket: Gratis. Pantai umum umumnya gratis atau hanya dikenakan biaya parkir. Sumber gambar: Rajhgun & Gopala Subramanium Buat kamu yang mencari destinasi wisata bersejarah di Batam, Kampung Vietnam adalah salah satu yang bisa masuk ke itinerary liburanmu. Kawasan ini sendiri dulunya adalah tempat penampungan bagi puluhan ribu pengungsi perang saudara Vietnam antara tahun 1979 hingga 1996. Hingga hari ini, berbagai fasilitas pengungsian seperti gereja, sekolah, rumah sakit, hingga barak pengungsi masih dipertahankan di kawasan berluas 80 hektar ini sebagai bagian dari salah satu sejarah kemanusiaan di Asia Tenggara. Bahkan, ada juga monumen yang bernama Humanity Statue (patung kemanusiaan) yang dibangun untuk mengenang kisah tragis seorang pengungsi bernama Tinh Nhan yang mengakhiri hidupnya, karena diperkosa oleh sesama pengungsi di masa krisis tersebut. Lokasi: Desa Sijantung, Kecamatan Galang, Kota Batam, Kepulauan Riau. Harga tiket: Gratis. Cukup membayar biaya parkir jika membawa kendaraan pribadi. Sumber gambar: Ms Noi & Alvin Toh Di Batam, kamu tidak harus keluar dari pusat kota buat menikmati pemandangan hijau. Pasalnya, kota ini memiliki eco park yang menawarkan perpaduan wisata alam hijau, wisata edukasi, dan aktivitas outdoor. Di taman eco park ini, kamu bisa menyusuri jalur pejalan kaki sambil menikmati pemandangan alam asri, dan area danau buatan di dalamnya. Selain itu, kamu juga bisa melakukan berbagai aktivitas outdoor ser, seperti interaksi langsung dengan satwa jinak, mengendarai ATV, hingga bermain paintball. Panbil Nature Reserve Eco Edu Park sendiri hingga hari ini menjadi salah satu tempat liburan di Batam yang sangat terkenal, khususnya buat liburan keluarga. Lokasi: Jl. Taman Golf Sukajadi No.113-127, Sukajadi, Kec. Batam Kota, Kota Batam, Kepulauan Riau, Harga tiket: Mulai Rp35.000/orang. Harga tiket bisa berbeda tergantung area dan aktivitas yang dipilih. Beberapa wahana edukasi dan aktivitas outdoor dikenakan biaya tambahan. Sumber gambar: Denver Agpianka & eri metria Kepri Coal adalah salah satu destinasi wisata bahari unggulan yang ada di Batam. Spot wisata ini terkenal dengan pantai pasir putih, ponton terapung, berbagai wahana air, hingga underwater viewing gallery (sea aquarium) yang memungkinkan kamu buat bisa menikmati pemandangan bawah laut tanpa menyelam. Umumnya, kamu bisa mengunjungi wisata bahari ini melalui paket day trip, yang sudah mencakup transportasi speedboat pulang-pergi, akses ke Sea Aquarium, pantai hingga water activity. Namun, jika kamu ingin menikmati keindahan Kepri Coral lebih lama, kamu bisa mempertimbangkan membeli paket 2D1N yang sudah mencakup penginapan di Villa. Lokasi: Pulau Pengalap, Pulau Abang, Galang, Kota Batam, Kepulauan Riau Harga tiket: Mulai Rp450.000 – Rp650.000/orang (paket day trip). Tidak ada tiket masuk yang dijual terpisah dan umumnya sudah mencakup transportasi speedboat, makan siang, akses pantai, dan beberapa aktivitas. Harga bisa bervariasi tergantung operator dan fasilitas. Sumber gambar: @_.zattyy & @rf.baiti_jannati dari Instagram Rekomendasi tempat liburan di Batam terkenal terakhir di daftar kami adalah Welcome to Batam Sign. Spot ini termasuk salah satu landmark favorit banyak wisatawan buat mengabadikan momen liburan di Batam. Tulisan raksasa “Welcome to Batam” yang berdiri di atas bukit Clara ini memberikan vibe layaknya berfoto dengan latar Hollywood Sign di Amerika Serikat . Selain itu, kawasan ini juga menawarkan panorama memukau pelabuhan Batam Centre dari ketinggian, deretan gedung bertingkat, dan hamparan laut biru yang membentang. Lokasi: Jl. Ahmad Yani, Tlk. Tering, Kec. Batam Kota, Kota Batam, Kepulauan Riau Harga tiket: Gratis. Pengunjung hanya perlu membayar parkir kendaraan jika menggunakan area parkir resmi. Singkatnya, Batam bukan hanya sekedar kota yang dikenal sebagai surga belanja barang Impor. Kota yang namanya berasal dari akronim Batu Ampa ini juga menyimpan banyak spot wisata menawan yang layak dikunjungi. Adapun beberapa diantaranya adalah tujuh tempat liburan di Batam yang kami ulas diatas. Setiap spot di atas menawarkan pengalaman liburan yang berbeda yang bisa masukkan ke itinerary jika berkunjung ke kota ini. Gimana? Ada salah satu rekomendasi spot wisata Batam di atas yang ingin kamu kunjungi?, Share opinimu di kolom komentar. Senior content writer - Wordsmith with 10 years experience. I do write everything; lifestyle, technology, finance, economic, entertainment, business, viral things, etc.
Business inquiries: 0895422334529 Seorang SEO Specialist dan Editor dengan pengalaman lebih dari 5 tahun dalam optimasi website, pengelolaan konten, dan peningkatan performa SEO secara organik.",8106
pasar viral Kepulauan Riau,"Bazar MTQ XII Kepri 2026, Targetkan Produk UMKM Tembus Pasar Regional - Batamnews",https://news.google.com/rss/articles/CBMitgFBVV95cUxPbWxBU1I4YTE4WVp0c2UyZ0FJazRoMUZZOHU0QjJUVDhMdnBPUGI2UEU0Q0pxX082ZU1iV1hPbFBDTVAwVmNTN0g1alR0ZXpiNks1Y2JuS3Bzc0lXZ2d0eExzWS01bG5nMUpVd0FlR04tTFRrRGo3a1RVUTdfR3hzazUyZ0VCRC1DalVBUFJkeWozclY0VE9Zcy11cXZuLUpNeHNrN3oxNnBzX2FWeGVCWjhDdHRRUQ?oc=5,2026-07-05 07:00:00+00:00,Batamnews,https://gotvnews.co.id/international-business-forum-2026-digelar-di-batam-perluas-akses-pasar-pelaku-umkm-ke-pasar-global/,"GOTVNEWS, Tanjungpinang – Wakil Gubernur Kepulauan Riau Nyanyang Haris Pratamura membuka secara resmi kegiatan Kepri International Business Forum Tahun 2026, yang dilaksanakan di Ballroom Hotel Harmoni One Kota Batam Provinsi Kepri, Rabu (23/9/2026). Kegiatan yang dirancang untuk memperluas akses pasar pelaku UMKM ke pasar global kali ini, diikuti delagasi dan pelaku usaha dari 10 negara. Mulai dari Korea Selatan, Turki Singapura, Malaysia, Vietnam, Kamboja, Myanmar, Thailand dan tuan rumah Indonesia. Forum kali ini juga merupakan kelanjutan dari kegiatan serupa yang juga telah dilaksanakan pada tahun lalu yakni ASEAN Business Forum Tahun 2025, dengan mengangkat dua tema utama yakni Halal World Forum dan Women Entrepreneur. Dalam sambutannya Wagub Nyanyang mengatakan, bahwa forum ini dirancang untuk mempertemukan pelaku UMKM dengan berbagai pemangku kepentingan, baik dari dalam negeri maupun mancanegara. Kepri sendiri memiliki posisi yang sangat unik. Kami karena berada di salah satu jalur perdagangan internasional yang sangat strategis dan berhadapan langsung dengan negara-negara tetangga seperti Singapura dan juga Malaysia. Posisi strategis tersebut didukung oleh kekuatan pertumbuhan ekonomi Kepri. Data BPS per Triwulan II 2026 menunjukan ekonomi kita tumbuh 6,99 persen secara year-on-year. Sehingga ini menjadi yang tertinggi di Sumatera dan ketiga secara nasional. “Ini tentu memberikan optimisme bahwa Kepri mempunyai fondasi yang kuat untuk mengambil peran yang lebih besar dalam perdagangan dan investasi internasional, ” kata Nyanyang. Namun bagi kami, lanjutnya, pertumbuhan ekonomi saja belum cukup. Pertanyaan terpentingnya adalah bagaimana pertumbuhan ini memberikan ruang yang semakin besar bagi UMKM untuk masuk ke dalam rantai pasok regional dan global. “Inilah salah satu agenda besar Kita untuk mendorong Kepulauan Riau menjadi hub UMKM Indonesia bagian Barat, yang bisa menghubungkan produk-produk unggulan Indonesia dengan negara-negara di Asean, Timur Tengah dan juga Eropa, “imbuhnya. Terkait kebijakan halal economy, Kepri tidak lagi hanya berbicara mengenai sertifikasi. Halal telah berkembang menjadi sebuah global value chain yang mencakup kualitas produk, keamanan pangan, packaging, traceability, logistik, pembiayaan, teknologi, branding, hingga kemampuan memenuhi standar pasar internasional. Kepulauan Riau lanjutnya, memiliki kekuatan yang dapat kita tawarkan kepada dunia. Karena kita memiliki budaya Melayu yang kuat, ekonomi maritim, serta potensi sumber daya kelautan dan perikanan yang sangat besar. “Karenanya produk kita mulai dari ikan dan seafood, olahan hasil laut, kuliner Melayu, fesyen dan kriya, hingga berbagai produk UMKM kita mempunyai peluang untuk dikembangkan menjadi produk halal berstandar internasional, “jelasnya. Tantangan Kepri sekarang adalah, tegas Nyanyang, bagaimana membawa UMKM tersebut naik kelas, dari local product menjadi global product. Pun dari sekadar menjual produk menjadi bagian dari global supply chain. Karena itu, saya berharap forum ini tidak berhenti sebagai webinar dan pertukaran gagasan. Lebih dari itu, Kepri ingin membangun business matching, investment matching, knowledge sharing, market access, dan yang paling penting adalah real business collaboration. Dengan mempertemukan UMKM di akepri kepada para buyer, distributor, investor, lembaga sertifikasi, penyedia teknologi, industri packaging dan mitra internasional, pungkasnya. Sementara itu Kepala Dinas Koperasi Dan UKM Provinsi Kepri Riki Rionladi berharap melalui forum ini, Pemprov Kepri dapat meyakinkan kepada berbagai pihak bahwa Kota Batam Kepulauan Riau adalah hub Indonesia bagian barat untuk tempat pengembangan pemasaran produk UKM yang ada ke pasar global. Pada kesempatan tersebut juga di lakukan pemotongan tumpeng bersempana Hari Jadi Provinsi Kepri Ke- 24 Tahun 2026, yang di tandai dengan pemotongan nasi tumpeng oleh Wagub Kepri Nyanyang Haris Pratamura dan diberikan kepada utusan delegasi negara peserta. Juga dalam kesempatan tersebut dilalukan penandatangan kerjasama yang melibatkan seluruh perwakilan delegasi, untuk melakukan pemasaran produk unggulan dari seluruh negara peserta Kepri Internasional Business Forum 2026 ini. (*) Ikuti Berita gotvnews.co.id di Google News Alamat email Anda tidak akan dipublikasikan. Ruas yang wajib ditandai * Simpan nama, email, dan situs web saya pada peramban ini untuk komentar saya berikutnya.",4418
pasar viral Kepulauan Riau,"Gerindra Sanksi Teguran Tertulis ke Ketua DPRD Kepri, Kendarai Harley Tanpa Helm - kumparan.com - Kumparan.com",https://news.google.com/rss/articles/CBMiwwFBVV95cUxQMUoyeWd0ZkZSZ0ZMTEZCemxvQmQyUTNXNm1LbDYwc253clJLNG9KV0FpRERhWVdwZDZQSExaNXVYMXJqa2h6Y3VKbXFIc3RjVFJFVHBGT1BzTzY1UjlNRzFMVlVZSl8zOGV6OVZSNEdHQm1rTmR3LTVSZHFHTzkyUklZS2tGN0owVTJmd2M5WTNDdEYwZm1neXhyMnNua2FIWVRvNFdFQzN4dEc0MUZqVlpjc2ZxUU9YdklteUJhb0NYbm_SAcsBQVVfeXFMTjF6SFV5SUNzbzlXZlJWQW1zY01DM1Z4RkJ1RVpBeGdFQ2VEd3AxZFZRY25mZEhUcGxLSGlaemtJZjF3VVQxYTZZeEt5VTlnVFdab3k3WDhwSG52QkM2NzJoelY4eFhKQUw3VnF3VFA1dnlaQ3ZUU09tVDkxWEFaNElsN1RoOU5OTmRZZnZTd29CaU5PZDQ2b1AySE9lOWM1dDBsOWdkaVRmUGVuT1FfOG9yS2ZtYno0dlF6bEV3X0hjR1g4eU9Qb0xiQ2c?oc=5,2026-05-15 07:00:00+00:00,Kumparan.com,https://www.batamnews.co.id/berita-128521-bazar-mtq-xii-kepri-2026-targetkan-produk-umkm-tembus-pasar-regional.html,"Copyright  2014 - batamnews.co.id All rights reserved Dikelola dan Dikembangkan Oleh : PT. Batam Media Siber Ketua TP PKK Kepri Dewi Kumalasari Ansar bersama Ketua TP PKK Tanjungpinang Yuniarni Pustoko Weni memotong pita, membuka Bazar MTQ XII Kepri yang dipusatkan di Gedung Dekranasda Provinsi Kepri, di kawasan Taman Gurindam 12, Sabtu (4/7/2026). Login untuk menyimpan artikel favorit kamu Tanjungpinang, Batamnews — Suasana di Gedung Dekranasda Provinsi Kepulauan Riau, Jalan Hang Tuah, Tepi Laut, Tanjungpinang, Kepulauan Riau, tampak ramai sejak Sabtu pagi 4 Juli 2026. Puluhan stan berjejer rapi memajang aneka produk unggulan dari kabupaten dan kota se-Kepri. Tepat pukul 09.00 WIB, Minggu, 5 Juli 2026 pagi, Ketua Tim Penggerak PKK Provinsi Kepulauan Riau, Dewi Kumalasari, menggunting pita di Gerbang Masuk MTQ Expo. Beberapa balon warna-warni pun dilepaskan ke udara. Itulah tanda Bazar dan Expo Musabaqah Tilawatil Quran (MTQ) XII Tingkat Provinsi Kepulauan Riau Tahun 2026 resmi dimulai. Acara pembukaan berlangsung khidmat dan dihadiri sejumlah pejabat penting. Tampak hadir Sekretaris Daerah Provinsi Kepulauan Riau Misni, Ketua TP PKK Kota Tanjungpinang Yuniarni Pustoko Weni, para kepala Organisasi Perangkat Daerah (OPD) Provinsi Kepri, Ketua Organisasi Wanita unsur FKPD, serta jajaran pengurus TP PKK Provinsi Kepri dan Kota Tanjungpinang. Baca juga: MTQ XII Kepri Resmi Digelar, 96 Hakim Dilantik untuk Jaga Kualitas dan Keadilan Usai peresmian, Dewi Kumalasari bersama rombongan langsung berkeliling meninjau stan-stan pameran. Dari kerajinan tangan, kuliner khas, hingga batik dan songket khas Melayu, semua tersaji rapi. Para pengunjung pun tampak antusias melihat langsung produk-produk lokal yang dipamerkan. Dalam sambutannya di atas panggung utama, Dewi Kumalasari menegaskan bahwa bazar dan pameran bukan sekadar hiburan pelengkap MTQ. Ia menyebut kegiatan ini sudah menjadi bagian tak terpisahkan dari perhelatan MTQ maupun Seleksi Tilawatil Quran (STQ) di Kepri. ""Bazar ini diharapkan menjadi langkah nyata dalam menggeliatkan perekonomian masyarakat. Sentra-sentra kerajinan berbasis ekonomi kerakyatan harus terus dikembangkan agar mampu meningkatkan kesejahteraan para pelaku usaha,"" ujar Dewi di hadapan para tamu undangan dan puluhan pelaku UMKM yang memenuhi ruangan. Menurut Dewi, ajang seperti MTQ Expo adalah ruang strategis bagi pelaku usaha mikro, kecil, dan menengah (UMKM) serta ekonomi kreatif untuk mempromosikan produk unggulan daerah. Ia berharap produk-produk lokal Kepri tidak hanya dikenal di tingkat kabupaten dan kota, tetapi juga mampu menembus pasar regional hingga nasional. ""Pelaku UMKM dan ekonomi kreatif perlu terus diberikan ruang. Melalui MTQ Expo ini, kita dorong produk-produk kita semakin dikenal luas,"" tambahnya. Di akhir sambutan, Dewi Kumalasari menyampaikan apresiasi setinggi-tingginya kepada pemerintah kabupaten dan kota serta seluruh pemangku kepentingan yang telah mendukung penyelenggaraan Bazar MTQ XII Kepri Tahun 2026. Menurutnya, kolaborasi yang kuat adalah kunci utama dalam membangun ekosistem yang kondusif bagi pertumbuhan UMKM dan ekonomi kreatif di Kepulauan Riau. Baca juga: Jari Tersangkut di Lubang Shock Motor, Damkar Batam Evakuasi Pemuda Iseng Dini Hari ""Terima kasih kepada seluruh pihak yang telah berkontribusi menyukseskan kegiatan ini. Semoga sinergi yang telah terjalin terus diperkuat dengan menjaga kualitas produk yang dipasarkan sehingga mampu meningkatkan daya saing UMKM Kepulauan Riau,"" tutupnya. Bazar dan Expo MTQ XII ini akan berlangsung selama sepekan penuh seiring dengan rangkaian lomba MTQ Tingkat Provinsi Kepri. Masyarakat diimbau memanfaatkan momen ini untuk berbelanja produk lokal sekaligus menikmati kemeriahan event keagamaan terbesar di Bumi Segantang Lada. Copyright batamnews.co.id All rights reserved Dikelola dan Dikembangkan Oleh : PT. Batam Media Siber",3879
pasar viral Kepulauan Riau,Viral Pengakuan Wanita Diduga Asal Tanjungpinang Disekap di Myanmar - Jawa Pos,https://news.google.com/rss/articles/CBMivgFBVV95cUxQSkIxVjh5UGZYdHhMWFg5eklJS2xlQ2QzX3I2YnBpMGk2ZmcyaVE5OTVWaDdLU0JKWmJ5c1ZfX0NoS3YxU1lrZlEtSEJhV0dxTG13SzFKSWt5TVVCS2JueGcycmJfRjl2NGNfS3lMaHptZGJpUmFFSXkya04zUVpnS1lNRUEzRG5qVzJnWkp6LUJYN2VPSkxSbnFrNElyZG5kR05lUkcwemhsa3UxY29veTU1U2I0OXRyWWY3dVRn0gHDAUFVX3lxTFAxUlpLNk1SQS1TeHhmbERGU1E3ZmE3QWprN29HMEIxaW1mSXRwY0J5aUVTSFU0cnJsTVh1eU5GdVJOSy1DSU5aQV9LM3ZKbTJqVmUxaDl5OVdJbWo5eGc1amo1VktwbDRNY19hbjZLaDB5dXc2eWU5WnlDV0ExLUhtQ1RHVktudUlKaWItaVFLMXE4VDlPWWNKeFNtYkVQNHRPbFpPVGYxR2V6dTFkcXZQRVBGYVRtZmcyWVZCaWlISmVPWQ?oc=5,2026-07-19 07:00:00+00:00,Jawa Pos,https://kumparan.com/kumparannews/gerindra-sanksi-teguran-tertulis-ke-ketua-dprd-kepri-kendarai-harley-tanpa-helm-27P5XYH7OoY,"Mahkamah Partai Gerindra menjatuhkan sanksi teguran tertulis kepada Ketua DPRD Kepri Iman Setiawan yang viral mengendarai Harley-Davidson tanpa helm. Putusan itu dibacakan dalam sidang terbuka Majelis Kehormatan Partai Gerindra di ruang sidang DPP Partai Gerindra, Pasar Minggu, Jakarta Selatan, Jumat (15/5). “Memberikan hukuman teguran tertulis kepada Saudara Iman Sutiawan, anggota Fraksi Partai Gerindra DPRD Provinsi Kepulauan Riau atau Kepri,” kata Pimpinan Sidang membacakan amar putusan. “Majelis Kehormatan Partai Gerindra telah melakukan pemeriksaan terhadap saudara Iman Sutiawan, anggota fraksi Partai Gerindra DPRD Provinsi Kepulauan Riau yang kemarin pemberitaannya telah viral mengenai yang bersangkutan naik sepeda motor tanpa menggunakan helm,” kata Pimpinan Sidang. Anggota Majelis Kehormatan Gerindra telah melakukan pemeriksaan. Dalam putusan nomor 05-003/PTS/MK.Gerindra/2026. Majelis menyatakan Iman terbukti melanggar sejumlah pasal AD/ART Partai Gerindra, yakni Pasal 16 ayat 2 AD soal menjunjung tinggi nama dan kehormatan partai. Selain itu majelis hakim menyebut Iman melanggar Pasal 16 ayat 3 AD soal memegang teguh AD/ART serta peraturan partai yang berlaku, dan Pasal 67 ayat 5 AD soal sumpah kader untuk tunduk dan patuh pada ideologi dan disiplin partai serta menjaga kehormatan, martabat, dan kekompakan partai. “Menyatakan Saudara Iman Sutiawan selaku kader Partai Gerindra terbukti telah melanggar anggaran dasar, anggaran rumah tangga Partai Gerindra,” ujar Pimpinan Sidang. Sebelumnya, Iman Sutiawan viral setelah video dirinya mengendarai Harley-Davidson FXDR bernomor polisi BP 6215 VF tanpa helm melintasi sejumlah ruas jalan protokol di Batam beredar di media sosial. Satlantas Polresta Barelang langsung menilangnya pada hari yang sama dengan denda Rp 500 ribu atas dua pelanggaran, yakni tidak memakai helm dan tidak dapat menunjukkan SIM.​​​​​​​​​​​​​​​​",1898
pasar viral Kepulauan Riau,Kapolsek Lubuk Baja Kompol Deni Langie Terima Penghargaan dari Kapolda Kepri - Batamline.com,https://news.google.com/rss/articles/CBMirwFBVV95cUxPenpoanRlM2lKWXZFMmpQcExXNXdIQmNtYmFVS0ZlanJSVXdFVlZ2QXJWTGx3RE12UWg5djRaWTVUcWJtU0Rya3A5NVRNRnpMalpiajlTaWdRaHlGbXlYSTBfWWtjSm9sVG1sVGFYRVA3SzFZLWV1TjN0UU5jSFhJa0lNX0FYd3ZYcUpuM0N5bVhEODNqcm5UTUxXUXY4cGZXd2ZJeXV4TzRqUi1iU3Jv?oc=5,2026-04-09 07:00:00+00:00,Batamline.com,https://batampos.jawapos.com/tanjungpinang/2607190025/viral-pengakuan-wanita-diduga-asal-tanjungpinang-disekap-di-myanmar,BP3MI Kepulauan Riau menelusuri video viral seorang perempuan yang mengaku disekap di Myanmar dan mengaku berasal dari Tanjungpinang.,133
pasar viral Kepulauan Riau,"Viral Disebut Makan Biji Cempedak Setiap Hari, Pasutri Lansia di Bintan Bantah: Tetap Makan Nasi - Jawa Pos",https://news.google.com/rss/articles/CBMi2AFBVV95cUxPLU9uenBBTXE5UHpDaHo0V3JXMVdUYVp0dUtfSWZqT3R3OVVLWHU2Y0duOFVDUGhzOE1JR2JPbDJZYkFTdFYtT3VCZWhDSGZOQlFaWHp0emtNMDN2aFlteHB6a2NkYjR4NjBtMHljYmtwZGY5OGJXMzRMM2NzdXppVW02cFhVS1YweDR6QWpmcDVjblZoVmZhc1BCekx4NVBxNjdBZHlCSE5nQlQ4dFFpMFlPQy1TQUtQSVVWdGZFbUk2RXA3YnMyLUVnZXk0UXc1bG9VYnBRWFDSAd4BQVVfeXFMTjJIS2VRbF90M3E1c3NiSVdBZ3NRbGNqYno5ZUhWblRpcXhzN0tZeGdXc3pNYmxEU2k3VW0wamJWZWlQMWpPX2liMXZDWHlLZE1wMV9sa2dHVjhIalIzTUp5MVlUWm1RN3lXOUY2OG1LVEhtSjlCV2ZkVS1BVU53SWVOenhFZF9aMFJoaEVkRi1NRUpPY0lnWEZjQTRvMnVvNnZ5X0Z3aXFKc3VULTVFa3luUk1NcDBsZlFXbG5zN1R6WkJVei1TSXdCWjVtbzBhZUFGLUhVVHpJTHR4eTNB?oc=5,2026-07-27 07:00:00+00:00,Jawa Pos,https://batamline.com/2026/04/09/kapolsek-lubuk-baja-kompol-deni-langie-terima-penghargaan-dari-kapolda-kepri/,"Batamline.com , Batam – Polsek Lubuk Baja kembali mendapat apresiasi setelah berhasil mengungkap kasus-kasus viral dan menghebohkan masyarakat Batam. Diantaranya, kasus copet di Pasar Tos 3000 Batam. Pengungkapan kasus tersebut dilakukan di bawah kepemimpinan Kapolsek Lubuk Baja, Deni Langie. Atas capaian tersebut, Kapolda Kepulauan Riau, Asep Safrudin, memberikan penghargaan sebagai bentuk apresiasi terhadap kinerja dan profesionalisme personel di lapangan. Asep Safrudin menyampaikan bahwa penghargaan tersebut merupakan bentuk pengakuan institusi atas kerja keras anggota dalam menjaga keamanan dan ketertiban masyarakat. Baca: Copet di Pasar Tos 3000 Batam yang Viral di Media Sosial Berhasil Ditangkap Polisi Baca: Tiga Kali Dipenjara Tak Jera, Polisi Ungkap Fakta Kelam Copet Pasar Tos 3000 “Penghargaan ini diberikan sebagai bentuk apresiasi atas dedikasi dan kinerja personel dalam mengungkap kasus yang menjadi perhatian publik,” ujarnya. Momen penyerahan penghargaan itu turut menjadi sorotan, mengingat kasus yang diungkap sebelumnya ramai diperbincangkan di media sosial dan memicu perhatian luas masyarakat Batam. Keberhasilan tersebut dinilai sebagai bukti keseriusan aparat kepolisian dalam menjaga situasi kamtibmas tetap kondusif, khususnya di wilayah Kota Batam. Deni Langie menegaskan bahwa penghargaan yang diterima merupakan hasil kerja kolektif seluruh personel, bukan semata-mata keberhasilan individu. “Penghargaan ini kami persembahkan untuk seluruh personel yang telah bekerja keras siang dan malam. Ini menjadi motivasi bagi kami untuk terus memberikan pelayanan terbaik kepada masyarakat,” katanya. Mantan Kasatresnarkoba  menambahkan, keberhasilan pengungkapan kasus tersebut tidak terlepas dari respons cepat anggota di lapangan dalam menindaklanjuti laporan masyarakat. Kasus yang sempat viral itu sebelumnya menjadi perhatian luas warga. Namun, berkat gerak cepat aparat kepolisian, pelaku berhasil diamankan dan penanganan perkara dapat diselesaikan dalam waktu relatif singkat. Keberhasilan Polsek Lubuk Baja tersebut pun menuai respons positif dari masyarakat, khususnya di media sosial. Warganet menilai aparat kepolisian telah bertindak cepat dalam mengungkap kasus yang meresahkan publik. Batamline. com merupakan media pemberitaan harian yang berlokasi di Batam, kami fokus menyampaikan berita terkini seputar Batam dan Kepri. © 2022 BatamLine. All right reserved.",2407
event viral Kepulauan Riau,"Tiga Hari Perlombaan, Dragon Boat Race 2026 Siap Jadi Event Internasional Kepulauan Riau - Batamnews",https://news.google.com/rss/articles/CBMizwFBVV95cUxOTkhwdkhNbUV1cWZsQzQzV1UzSG9GQzczTkNqZXoydTZRazh3Q2gxVExJQmhOTW5CbTF1V2RSM2JkMzFqdTZFeDNIc3pqTEEyZ2RYVHhhV25DSUdIbUJxeUZYZkJGZ3NiMFJqYW5uanpabmNHVkdhYkI3UkcyaDk0bkdudHA0OG84NWNWTXpNNGVHdndhMjA2XzA3dlZ5SUN4WDFIWW5NOXN5T0QyVDlzSWUybTFKNVdfcXUzWFJqQWZZNXZTcC1veFI4SjN6cFk?oc=5,2026-06-28 07:00:00+00:00,Batamnews,https://batampos.jawapos.com/bintan/2607270024/viral-disebut-makan-biji-cempedak-setiap-hari-pasutri-lansia-di-bintan-bantah-tetap-makan-nasi,Video viral di media sosial yang menyebut pasangan suami istri (pasutri) lansia hanya makan biji cempedak setiap hari akhirnya diklarifikasi.,141
event viral Kepulauan Riau,Ketika Secangkir Kopi Menjadi Strategi Pariwisata dan Ekonomi Kreatif Kepulauan Riau - batamtoday.com,https://news.google.com/rss/articles/CBMisgFBVV95cUxNNVM2Zmt6ZXdjZWdyMVczaEZSTy0wM0JuNnNwSkFYZEJ1bEV5cEMxb0VjalBUNEE5ZDNlN2NXTWVac083MkxiUS1zLWVqMFVlTFZjZmZ0azlRWndFWGYyYzI0YklkdXZKS20wQjR4V2tqVVF1Mkt4Q01ETHJtbXExamc1TGtFeE13RlE3TzRTUXlYVG9ERDRpQ0pPNjk2N2dQZVk0Uno3MDlTbURaZ1FITE53?oc=5,2026-08-24 07:00:00+00:00,batamtoday.com,https://www.batamnews.co.id/berita-128376-tiga-hari-perlombaan-dragon-boat-race-2026-siap-jadi-event-internasional-kepulauan-riau.html,"Copyright  2014 - batamnews.co.id All rights reserved Dikelola dan Dikembangkan Oleh : PT. Batam Media Siber Suasana perhelatan Lomba Perahu Naga (Dragon Boat Race) 2026 di perairan Pelantar 3, Tanjungpinang, Jumat (26/6/2026). Login untuk menyimpan artikel favorit kamu Tanjungpinang, Batamnews – Gubernur Kepulauan Riau H. Ansar Ahmad bersama Wakil Menteri Pendidikan Dasar dan Menengah Republik Indonesia Atip Latipulhayat secara resmi membuka Dragon Boat Race 2026 di kawasan Pelantar 3, Kota Tanjungpinang, Sabtu, 27 Juni 2026. Perlombaan perahu naga yang menjadi agenda tahunan masyarakat itu akan berlangsung selama tiga hari hingga Minggu, 28 Juni 2026. Pembukaan ditandai dengan pemotongan pita perlombaan yang disaksikan ribuan warga yang memadati pesisir Pelantar 3. Wakil Gubernur Kepri Nyanyang Haris Pratamura dan Wakil Wali Kota Tanjungpinang Raja Ariza turut hadir dalam acara tersebut. Baca juga: Kronologi Penelantaran 38 Peserta Pesparawi Kepri Hingga Viral Nyanyi di Bandara Soetta Gubernur Ansar dalam sambutannya mengatakan Dragon Boat Race bukan sekadar lomba olahraga air, tapi juga simbol keberagaman budaya, semangat kebersamaan, dan kekayaan tradisi bahari Kepri. “Dragon Boat Race adalah warisan budaya yang jadi bagian identitas masyarakat Tanjungpinang. Pemprov Kepri akan terus mendukung pelestarian event budaya seperti ini karena mampu mempererat persatuan dan jadi daya tarik wisata yang potensial,” ujarnya. Ansar menjelaskan event yang dikemas profesional ini menjadi bagian dari strategi pemprov mengembangkan sektor pariwisata berbasis budaya dan olahraga atau sport tourism. Menurutnya, kehadiran ribuan pengunjung berdampak langsung terhadap pertumbuhan ekonomi masyarakat. Mulai dari pelaku UMKM, kuliner, perhotelan, transportasi, hingga jasa wisata. “Kita ingin setiap event di Kepri memberi dampak ekonomi nyata bagi masyarakat. Semakin banyak wisatawan, semakin besar perputaran ekonomi yang dirasakan pelaku usaha lokal,” kata Ansar. Perlombaan tahun ini menyuguhkan persaingan sengit antartim. Kayuhan atlet diiringi tabuhan genderang dan sorak sorai penonton menciptakan suasana semarak yang jadi ciri khas Dragon Boat Race. Tradisi perahu naga sendiri merupakan warisan masyarakat Tionghoa yang turun-temurun dan jadi bagian penting kehidupan warga pesisir Tanjungpinang. Event ini juga berkaitan erat dengan tradisi Sembahyang Keselamatan Laut, sebagai rasa syukur dan penghormatan terhadap budaya maritim yang sudah mengakar. Keunikan itu membuat Dragon Boat Race bukan sekadar kompetisi olahraga tradisional, tapi juga atraksi budaya yang menarik wisatawan domestik dan mancanegara. Baca juga: Daftar Lengkap Tim Lolos 32 Besar Piala Dunia 2026: Brasil Juara Grup, Hanya 2 Wakil Asia Selama perlombaan, kawasan Pelantar 3 diperkirakan kembali padat. Seperti tahun sebelumnya, sebagian warga memilih menyaksikan dari atas pompong yang berjajar di sekitar lintasan balap untuk mendapat sudut pandang terbaik. Pemprov Kepri berharap Dragon Boat Race 2026 memperkuat posisi Tanjungpinang sebagai destinasi wisata budaya unggulan di Indonesia. Lewat kolaborasi pemerintah, masyarakat, dan pemangku kepentingan, event ini diharapkan terus berkembang menjadi agenda internasional yang memperkenalkan kekayaan budaya Melayu dan Tionghoa serta kehidupan maritim Kepri ke dunia. Copyright batamnews.co.id All rights reserved Dikelola dan Dikembangkan Oleh : PT. Batam Media Siber",3421
event viral Kepulauan Riau,"Jalin Silaturahmi, Mahasiswa KKN STAIN Sultan Abdurrahman Kepri Sambangi Ketua PKK Bahas Program Kerja - kepripedia.com",https://news.google.com/rss/articles/CBMiwwFBVV95cUxNSnM4TjlORUpjTW1VWVZtMFNsTDFVUEVQR2dpVVktR1c3ZWxJMDg5MmtEZ2pQNjJVVlpwemcxNTBqbHVNOUFmTkJyeHp2Y092UV9SYjhYNWZhaUxMZ2pGSHQ0VUdNbF8zMklLa29ScElZcmVFSXc0LTFPQl9JRkwyenlydVo3V3RidlpGMHJKeUxaNFcyTm9tbXZzdGlmSkFXQTFtR19jSUl1V2lUQ0UwSTRnYmw3SzJOZ0VadWtXVFd2UjQ?oc=5,2026-07-24 07:00:00+00:00,kepripedia.com,https://batamtoday.com/news/ketika-secangkir-kopi-menjadi-strategi-pariwisata-dan-ekonomi-kreatif-kepulauan-riau,"Lulus Verifikasi Dewan Pers No.126/DP-Terverifikasi/K/X/2017 BATAMTODAY.COM , Tanjungpinang – Secangkir kopi mungkin terlihat sederhana. Namun di tangan sebuah festival, kopi dapat menjadi pintu masuk untuk memperkenalkan budaya, menggerakkan UMKM dan menarik masyarakat datang ke sebuah daerah. Gambaran itu terlihat dalam Puncak Riuh Festival Kopi Merdeka di Jalan Merdeka Kawasan Kota Lama, Tanjungpinang, Minggu (23/8/2026) malam. Puluhan ribu masyarakat dari berbagai kabupaten/kota di Kepulauan Riau memenuhi kawasan tersebut untuk menyaksikan puncak Festival Kopi Merdeka (FKM) Tahun 2026. Bagi Pemerintah Provinsi Kepulauan Riau, kemeriahan tersebut bukan semata-mata ukuran keberhasilan sebuah acara. Lebih jauh, Festival Kopi Merdeka memperlihatkan bagaimana sebuah kegiatan yang berangkat dari budaya masyarakat dapat berkembang menjadi instrumen pembangunan pariwisata. Gubernur Kepri Ansar Ahmad menyebut Festival Kopi Merdeka telah melalui perjalanan sejak 2022. Berawal dari gagasan untuk menggairahkan ekonomi masyarakat melalui budaya ngopi khas Kota Gurindam, festival tersebut kemudian terus berkembang. Festival ini digagas sejumlah pihak, seniman, pengusaha, serta pelaku ekonomi kreatif yang ada di Kota Tanjungpinang. Di antaranya mantan Kejari Tanjungpinang Joko Yuhono dan Husnizar Hood. Pada 2023 dan 2024, festival menjadi bagian dari Tanjungpinang Fest yang masuk dalam rangkaian Karisma Event Nusantara. Setahun berikutnya, kegiatan tersebut masuk dalam rangkaian event pariwisata Provinsi Kepri dan menjadi bagian dari persiapan Calendar of Events Pariwisata Kepri Tahun 2026. Perubahan posisi tersebut menunjukkan bahwa event lokal dapat memiliki nilai yang lebih besar ketika dikelola secara berkelanjutan. Festival tidak hanya menjadi tempat masyarakat berkumpul, tetapi juga menjadi ruang promosi destinasi, produk UMKM, seni budaya dan kreativitas masyarakat. Pendekatan inilah yang kemudian disebut sebagai event based tourism. Kepri tidak hanya menjual keindahan alam dan destinasi wisatanya, tetapi juga menghadirkan alasan bagi wisatawan dan masyarakat untuk datang melalui berbagai kegiatan yang memiliki karakter lokal. Data pariwisata dan ekonomi memberikan konteks terhadap strategi tersebut. Kunjungan wisatawan mancanegara ke Kepri sepanjang Januari hingga Mei 2026 mencapai 837.015 orang, sementara pada Mei saja tercatat 210.737 kunjungan. Pertumbuhan ekonomi Kepri pada Triwulan II 2026 yang mencapai 6,99 persen secara year-on-year juga memperlihatkan bahwa geliat ekonomi daerah berjalan cukup kuat. Kepri tercatat berada di posisi pertama di Sumatera dan peringkat ketiga nasional. Dari sisi kebudayaan, Indeks Pembangunan Kebudayaan Kepri pada 2024 mencapai 60,34 poin, naik dari 59,80 poin pada 2023. Perkembangan tersebut menjadi salah satu indikator bahwa agenda ekonomi dan pariwisata dapat berjalan beriringan dengan penguatan kebudayaan. Karena itu, Festival Kopi Merdeka memiliki makna yang lebih luas daripada sekadar festival minuman. Di dalamnya terdapat pertemuan antara budaya, ekonomi kreatif, pariwisata, UMKM dan ruang publik masyarakat. “Atas nama Pemerintah Provinsi Kepulauan Riau, saya sangat menyambut baik dan menyampaikan apresiasi atas penyelenggaraan Festival Kopi Merdeka Tahun 2026 ini,” kata Ansar. Ia juga mengajak masyarakat Kepri, khususnya Kota Tanjungpinang, untuk terus mendukung berbagai penyelenggaraan event nasional maupun internasional. Ajakan tersebut menjadi penting karena keberhasilan sebuah event pada akhirnya tidak hanya ditentukan oleh pemerintah atau penyelenggara. Karena keramaian yang terlihat di Jalan Merdeka menjadi modal sosial yang menunjukkan adanya antusiasme masyarakat terhadap kegiatan yang mengangkat identitas daerah. Malam puncak festival kemudian ditutup dengan berbagai pertunjukan, mulai dari penampilan sanggar tari, pemenang Fashion Kopi Merdeka, hingga Fauzana dan Aprilian. Gubernur Ansar bersama Wagub Nyanyang juga menyerahkan hadiah kepada para pemenang lomba. Pada akhirnya, Festival Kopi Merdeka memperlihatkan satu hal, potensi pariwisata tidak selalu harus dimulai dari sesuatu yang besar. Sebuah kebiasaan masyarakat, ketika dikemas secara kreatif dan dikelola berkelanjutan, dapat berkembang menjadi kekuatan ekonomi, budaya sekaligus identitas sebuah daerah. BATAMTODAY.COM, Karimun - Bupati Karimun, Iskandarsyah menginginkan agar pada Hari Ulang Tahun (HUT) Kabupaten Karimun tahun 2026, seluruh rangkaian kegiatan diselenggarakan secara efektif, efesien dan membawa manfaat langsung bagi masyarakat luas. BATAMTODAY.COM, Bintan - Tidak ada kejelasan dari pihak PT Bintan Alumina Indonesia (BAI) maupun Kantor Desa Toapaya selatan, Kelompok Masyarakat Tupang dan Anas CS kembali menguasai lahan yang diduga telah dibeli oleh PT BAI. Pendataan aktivitas ekonomi masyarakat tidak hanya dilakukan di pusat perdagangan maupun kawasan usaha. Lingkungan pemerintahan juga menjadi salah satu bagian yang perlu dipotret untuk memperoleh gambaran ekonomi secara menyeluruh. BATAMTODAY.COM, Batam - Polisi kembali menetapkan empat orang sebagai tersangka dalam kasus bentrokan dua kelompok di Setokok, Kecamatan Bulang, Batam, Kepulauan Riau (Kepri). BATAMTODAY.COM, Pekanbaru – PT Bank Pembangunan Daerah Riau Kepri Syariah (Perseroda) atau BRK Syariah menetapkan sejumlah nama calon jajaran pengurus bank (Komisaris Utama, Komisaris Independen dan Direksi untuk selanjutnya mengikuti proses Penilaian Kemampuan dan Kepatutan (PKK) di Otoritas Jasa Keuangan (OJK). BATAMTODAY.COM, Jakarta - Presiden Prabowo Subianto mulai merealisasikan program ambulans udara untuk mempermudah akses layanan kesehatan bagi masyarakat di daerah terisolasi atau sulit dijangkau melalui jalur darat. BATAMTODAY.COM, Karimun - Bupati Karimun, Iskandarsyah menginginkan agar pada Hari Ulang Tahun (HUT) Kabupaten Karimun tahun 2026, seluruh rangkaian kegiatan diselenggarakan secara efektif, efesien dan membawa manfaat langsung bagi masyarakat luas. Perkembangan penanganan kasus Setokok kembali menjadi perhatian publik. Sebagai salah satu tokoh masyarakat NTT di Kota Batam, saya merasa perlu menyampaikan seruan moral ini. Tokoh pejuang pembentukan Provinsi Kepri, Huzrin Hood, menyoroti proyek pembangunan Museum dan Monumen Bahasa Nasional di Pulau Penyengat senilai Rp 101 miliar. Huzrin meminta pemerintah memastikan prioritas anggaran tetap berorientasi pada kebutuhan masyarakat, termasuk pendidikan, kesehatan, pekerjaan, dan ekonomi rakyat. Sementara itu, Pemprov Kepri menyatakan monumen tersebut diarahkan untuk memperkuat sejarah bahasa nasional sekaligus menjadi bagian dari pembangunan kawasan Pulau Penyengat. Tiga orang yang diduga sebagai pelaku pencurian meson pompa Suistem Penyedian Air Minum Ibu Kota Kecamatan (SPAM IKK) Serikuala Lobam, berhasil ditangkqp oleh personil unit Reskrim Polsek Bintan Utara di Tanjungpinang, Sabtu (26/9/2026). Atlet renang Kabupaten Karimun meraih 40 medali dan empat gelar Best Swimmer pada Fun Swimming Kepri 2026 di Tanjungpinang. Prestasi tersebut diraih meski para atlet selama ini berlatih menggunakan kolam 20 meter. Tim pelatih mendorong Pemkab Karimun menghadirkan kolam renang standar 50 meter untuk memperkuat pembinaan atlet akuatik.",7206
event viral Kepulauan Riau,BP Batam International Football Festival 2026 Gandeng Ramadhan Sananta untuk Motivasi Talenta Muda Kepri - WartaKepri.co.id,https://news.google.com/rss/articles/CBMi2AFBVV95cUxQam15aWJvbE9JeEFJZjBlckQtZzhTNzVDMmloR2twb1VvaTdHVzZDRFFuMGktQms5LVM5SHpOWlNHWFUtTFJqalJZMTN3NTZXd25ySkFNYW16VzBZeGFvbnZPX3lUZno5cjRYZmhVMTVaYzRzRmkzdGJ2SU00bzNVMExRZlEya1pxSWNtMW5sLXFETFM5TzFwUndXRFhSZ0RCUlVmSkl1MDlSSmtOVElsOS1EMG5jRVYtSU9nU085Q0x1Wl94RUlpUnZmQlo1NkNWel8tQzVQRkc?oc=5,2026-06-24 07:00:00+00:00,WartaKepri.co.id,https://kepripedia.com/jalin-silaturahmi-mahasiswa-kkn-stain-sultan-abdurrahman-kepri-sambangi-ketua-pkk-bahas-program-kerja/,"Bintan – Mahasiswa Kuliah Kerja Nyata (KKN) Sekolah Tinggi Agama Islam Negeri (STAIN) Sultan Abdurrahman Kepulauan Riau yang ditempatkan di Desa Dendun melaksanakan kunjungan silaturahmi ke kediaman Ketua PKK Desa Dendun, Ibu Ayu, Jumat (24/7/2026). Kegiatan ini dilakukan dalam rangka mempererat hubungan dengan masyarakat sekaligus mempersiapkan pelaksanaan sejumlah program kerja yang akan dilaksanakan dalam waktu dekat, agar dapat berjalan lancar dan mendapat dukungan dari pihak PKK. Kedatangan mahasiswa KKN disambut hangat dan penuh antusias oleh Ibu Ayu. Dalam suasana yang akrab, mahasiswa KKN memaparkan beberapa program kerja yang telah disusun berdasarkan kebutuhan masyarakat Desa Dendun. Salah satu program yang dibahas adalah sosialisasi pencegahan pernikahan dini dengan sasaran utama ibu-ibu PKK. Melalui kegiatan tersebut, para ibu diharapkan dapat memahami dampak negatif pernikahan dini baik dari segi kesehatan, pendidikan, maupun kehidupan sosial, sehingga nantinya mampu memberikan pemahaman dan edukasi kepada anak-anak mereka sebagai upaya pencegahan sejak dini. Selain itu, mahasiswa KKN juga menyampaikan rencana pelaksanaan program latihan hadroh yang akan dimulai pekan depan. Program ini ditujukan bagi anak-anak Desa Dendun sebagai wadah untuk mengembangkan bakat dan kecintaan terhadap seni islami, dengan mahasiswa KKN turut mendampingi dan mengajarkan teknik dasar bermain hadroh kepada para peserta. Tidak hanya itu, mahasiswa KKN juga akan menyelenggarakan pelatihan Maulidiba’ yang ditujukan kepada ibu-ibu pengajian di Desa Dendun. Program ini diharapkan dapat meningkatkan kemampuan membaca Maulidiba’ dengan baik dan benar, sekaligus memperkuat syiar Islam serta melestarikan tradisi keagamaan yang telah berkembang di tengah masyarakat. Melalui kegiatan silaturahmi ini, mahasiswa KKN STAIN Sultan Abdurrahman Kepulauan Riau berharap dapat terjalin kerja sama yang baik dengan PKK Desa Dendun dalam mendukung seluruh program yang akan dilaksanakan. Setiap kegiatan diharapkan mampu memberikan manfaat nyata bagi masyarakat sekaligus menjadi bentuk pengabdian yang berdampak positif bagi kemajuan Desa Dendun. Dengan adanya program-program ini, mahasiswa KKN berharap dapat membantu ibu-ibu PKK untuk lebih aktif dalam berbagai kegiatan yang ada. Selain itu, pelatihan hadroh dan Maulidiba’ yang akan digelar juga diharapkan dapat memberikan manfaat serta menumbuhkan minat masyarakat, khususnya generasi muda, terhadap seni dan tradisi islami di Desa Dendun. Penulis: Tim | Editor: Redaksi",2531
event viral Kepulauan Riau,Bupati Bintan Pastikan Program Pembangunan Sinkron dengan Provinsi Kepri - kepripedia.com,https://news.google.com/rss/articles/CBMinAFBVV95cUxQWTQ4aHJWX0NtVjcyS05xUVlnV2Jab29Qakp6OVY2Yks3VFVZY0JPcVZ6UUItejJQZ1Zld2ltak16OFduSGw4ckpxQjgwbjNNNzhpdWVPVHA2eEhZRC1pMEEtRzBwLWVoU2J2dm9UajJRZjZQVnB0X3ZvWUlUczJEMjE1V1dfdEZDVkg4eG8wNDZDM0pCam1UWktiUEU?oc=5,2026-04-06 07:00:00+00:00,kepripedia.com,https://batamtoday.com/news/festival-kopi-merdeka-2026-meriah-ribuan-warga-padati-kota-lama-tanjungpinang,"Lulus Verifikasi Dewan Pers No.126/DP-Terverifikasi/K/X/2017 Pelestarian Budaya Khas Provinsi Kepri BATAMTODAY.COM, Tanjungpinang - Puncak Festival Kopi Merdeka (FKM) 2026 berlangsung meriah di Jalan Merdeka, kawasan Kota Lama Tanjungpinang, Minggu (23/8/2026) malam. Ribuan masyarakat memadati kawasan tersebut untuk menikmati rangkaian hiburan, pertunjukan budaya, serta penampilan penyanyi Fauzana dan Aprilian. Festival Kopi Merdeka 2026 berlangsung selama lima hari, 20–24 Agustus 2026, dengan mengusung tema “Diplomasi Wisata Budaya sebagai Penggerak Ekonomi Kepri”. Kepala Dinas Pariwisata Provinsi Kepulauan Riau (Kepri) Hasan mengatakan, FKM 2026 tidak hanya berfokus pada promosi kopi, tetapi juga menghadirkan berbagai kegiatan pendukung untuk memperkuat daya tarik wisata dan budaya daerah. Rangkaian kegiatan tersebut meliputi lomba fashion show, bazar usaha mikro, kecil, dan menengah (UMKM), atraksi budaya, serta berbagai pertunjukan hiburan. “Festival ini diikuti sebanyak 241 stan UMKM. Berbagai atraksi dan pertunjukan budaya juga dihadirkan sebagai upaya melestarikan sekaligus memperkenalkan budaya khas Provinsi Kepulauan Riau,” ujar Hasan. Menurut Hasan, kegiatan tersebut menjadi salah satu sarana untuk memperkenalkan potensi pariwisata dan kebudayaan Kepri kepada masyarakat. Selain itu, festival diharapkan memberikan dampak ekonomi bagi pelaku UMKM yang terlibat. Ansar: Pariwisata Jadi Penggerak Ekonomi Gubernur Kepri, Ansar Ahmad, mengatakan Festival Kopi Merdeka merupakan agenda tahunan yang terus dilaksanakan sebagai bagian dari upaya memperkuat sektor pariwisata dan ekonomi kreatif daerah. “Festival Kopi Merdeka ini merupakan agenda rutin yang dilaksanakan setiap tahun. Tahun 2026 ini kita bersyukur sekaligus bangga karena antusiasme masyarakat sangat tinggi,” kata Ansar. Ansar menilai sektor pariwisata memiliki peran strategis dalam menggerakkan perekonomian daerah. Aktivitas usaha restoran, hotel, hingga kedai kopi di Tanjungpinang dinilai memberikan kontribusi terhadap Pendapatan Asli Daerah (PAD). Ia menyebut sekitar 30 persen PAD Kota Tanjungpinang bersumber dari sektor tersebut. Menurut Ansar, Kepri juga memiliki potensi besar untuk menjadi salah satu destinasi wisata utama di Indonesia. Saat ini, Kepri berada di posisi ketiga setelah Bali dan Jakarta dari sisi jumlah kunjungan wisatawan. Dari sisi ekonomi, Ansar menyebut Kepri mencatat pertumbuhan ekonomi sebesar 6,99 persen pada triwulan II 2026. Pertumbuhan tersebut menjadi yang tertinggi di wilayah Sumatera dan menempatkan Kepri di posisi ketiga secara nasional. Tugu Bahasa Disiapkan Jadi Ikon Baru Kepri Pada malam puncak FKM 2026, pemerintah juga menampilkan video pembangunan Tugu Bahasa di Pulau Penyengat. Monumen tersebut direncanakan memiliki ketinggian sekitar 60 meter dan diproyeksikan menjadi salah satu ikon wisata baru Provinsi Kepri. Ansar mengatakan keberadaan Tugu Bahasa diharapkan tidak hanya memperkuat daya tarik Pulau Penyengat, tetapi juga memberikan dampak ekonomi bagi masyarakat. “Monumen ini diharapkan menjadi salah satu ikon baru daerah yang dikenal lintas generasi. Tidak hanya menjadi daya tarik wisata, tetapi juga dapat mendorong aktivitas ekonomi masyarakat dan memberikan nilai tambah bagi sektor pariwisata serta perekonomian Kepri,” ujar Ansar. Pembangunan Tugu Bahasa sekaligus menjadi bagian dari upaya pemerintah mengangkat nilai sejarah, budaya, dan identitas Pulau Penyengat sebagai salah satu kawasan penting dalam sejarah perkembangan bahasa dan kebudayaan Melayu. Fauzana dan Aprilian Hibur Ribuan Penonton Kemeriahan malam puncak Festival Kopi Merdeka 2026 semakin terasa dengan penampilan Fauzana dan Aprilian. Kedua penyanyi tersebut menghibur masyarakat yang memenuhi kawasan Kota Lama Tanjungpinang. Sejumlah lagu dibawakan dalam pertunjukan tersebut, antara lain “Tungkek Mambao Rabah”, “Satu Rasa Satu Cinta”, “Mudik Arau”, dan “Cinan Bana”. Ribuan penonton tampak antusias mengikuti pertunjukan hingga akhir acara. Kepadatan masyarakat di kawasan Jalan Merdeka membuat malam puncak FKM 2026 berlangsung semarak. Melalui Festival Kopi Merdeka 2026, Pemerintah Provinsi Kepri tidak hanya mendorong promosi produk kopi dan UMKM, tetapi juga menggabungkan sektor pariwisata, budaya, dan ekonomi kreatif sebagai bagian dari strategi menggerakkan perekonomian daerah. BATAMTODAY.COM, Karimun - Bupati Karimun, Iskandarsyah menginginkan agar pada Hari Ulang Tahun (HUT) Kabupaten Karimun tahun 2026, seluruh rangkaian kegiatan diselenggarakan secara efektif, efesien dan membawa manfaat langsung bagi masyarakat luas. BATAMTODAY.COM, Bintan - Tidak ada kejelasan dari pihak PT Bintan Alumina Indonesia (BAI) maupun Kantor Desa Toapaya selatan, Kelompok Masyarakat Tupang dan Anas CS kembali menguasai lahan yang diduga telah dibeli oleh PT BAI. Pendataan aktivitas ekonomi masyarakat tidak hanya dilakukan di pusat perdagangan maupun kawasan usaha. Lingkungan pemerintahan juga menjadi salah satu bagian yang perlu dipotret untuk memperoleh gambaran ekonomi secara menyeluruh. BATAMTODAY.COM, Batam - Polisi kembali menetapkan empat orang sebagai tersangka dalam kasus bentrokan dua kelompok di Setokok, Kecamatan Bulang, Batam, Kepulauan Riau (Kepri). BATAMTODAY.COM, Pekanbaru – PT Bank Pembangunan Daerah Riau Kepri Syariah (Perseroda) atau BRK Syariah menetapkan sejumlah nama calon jajaran pengurus bank (Komisaris Utama, Komisaris Independen dan Direksi untuk selanjutnya mengikuti proses Penilaian Kemampuan dan Kepatutan (PKK) di Otoritas Jasa Keuangan (OJK). BATAMTODAY.COM, Jakarta - Presiden Prabowo Subianto mulai merealisasikan program ambulans udara untuk mempermudah akses layanan kesehatan bagi masyarakat di daerah terisolasi atau sulit dijangkau melalui jalur darat. BATAMTODAY.COM, Karimun - Bupati Karimun, Iskandarsyah menginginkan agar pada Hari Ulang Tahun (HUT) Kabupaten Karimun tahun 2026, seluruh rangkaian kegiatan diselenggarakan secara efektif, efesien dan membawa manfaat langsung bagi masyarakat luas. Perkembangan penanganan kasus Setokok kembali menjadi perhatian publik. Sebagai salah satu tokoh masyarakat NTT di Kota Batam, saya merasa perlu menyampaikan seruan moral ini. Tokoh pejuang pembentukan Provinsi Kepri, Huzrin Hood, menyoroti proyek pembangunan Museum dan Monumen Bahasa Nasional di Pulau Penyengat senilai Rp 101 miliar. Huzrin meminta pemerintah memastikan prioritas anggaran tetap berorientasi pada kebutuhan masyarakat, termasuk pendidikan, kesehatan, pekerjaan, dan ekonomi rakyat. Sementara itu, Pemprov Kepri menyatakan monumen tersebut diarahkan untuk memperkuat sejarah bahasa nasional sekaligus menjadi bagian dari pembangunan kawasan Pulau Penyengat. Tiga orang yang diduga sebagai pelaku pencurian meson pompa Suistem Penyedian Air Minum Ibu Kota Kecamatan (SPAM IKK) Serikuala Lobam, berhasil ditangkqp oleh personil unit Reskrim Polsek Bintan Utara di Tanjungpinang, Sabtu (26/9/2026). Atlet renang Kabupaten Karimun meraih 40 medali dan empat gelar Best Swimmer pada Fun Swimming Kepri 2026 di Tanjungpinang. Prestasi tersebut diraih meski para atlet selama ini berlatih menggunakan kolam 20 meter. Tim pelatih mendorong Pemkab Karimun menghadirkan kolam renang standar 50 meter untuk memperkuat pembinaan atlet akuatik.",7245
event viral Kepulauan Riau,"500 Alumni PGAN Tanjungpinang Reuni, Gubernur Ajak Alumni Perkuat Kontribusi untuk Kepri - Batamnews",https://news.google.com/rss/articles/CBMizAFBVV95cUxNUHlPYm1kZ2xWNFgteWE0TE5YNWNDS1lXbWtKTW5HLXB4STNhc3JqOHpSWGU4WXRZWVdMTVJTRklETlhibmgzQ0hiWU1WeEZwSzdpMnlHclUteFlVWi1lTFNxMTNrRzJNMFZHamdON3pRRmNZMkhmTzItdUNSQU9iLWZTVnlLOVAweTFkNk9XcndWT2RJSnpSWV91RWlmNk1JSk1FanBMajRWSnN1NW9HaG9od1EzamV6RGhZT1p6X1pCSkFacU83NHRFNEM?oc=5,2026-06-28 07:00:00+00:00,Batamnews,https://kepripedia.com/bupati-bintan-pastikan-program-pembangunan-sinkron-dengan-provinsi-kepri/,"TANJUNGPINANG – Pemerintah Provinsi Kepulauan Riau menggelar Musyawarah Perencanaan Pembangunan (Musrenbang) Tahun 2026 untuk menyusun Rencana Kerja Pemerintah Daerah (RKPD) Tahun 2027. Acara berlangsung di Balairung Wan Seri Beni, Dompak, dan dihadiri oleh jajaran kepala daerah se-Kepri. Menteri Perencanaan Pembangunan Nasional/Kepala Bappenas, melalui Staf Ahli Bidang Pemerataan Pembangunan, Tri Dewi Virgiyanti, menyampaikan target pertumbuhan ekonomi Kepri pada 2027 sebesar 7,4 hingga 8,0 persen. Target ini untuk mendukung pertumbuhan ekonomi nasional yang diproyeksikan 6,3 hingga 7,5 persen. Wakil Menteri Dalam Negeri Bima Arya Sugiarto, yang hadir secara daring, menekankan pentingnya pelaksanaan Program Makan Bergizi Gratis (MBG) dengan tata kelola yang baik dari hulu ke hilir. Program ini menyasar pelajar, ibu hamil, dan balita. Ia juga mendorong pengembangan Koperasi Desa Merah Putih untuk memperkuat ekonomi lokal dan ketahanan pangan. Gubernur Kepri Ansar Ahmad menegaskan, Musrenbang ini merupakan forum strategis untuk menyatukan arah kebijakan pembangunan daerah. Temanya: “Pengembangan Potensi Perekonomian Daerah dan Sumber Daya Manusia yang Berkualitas dan Berkarakter, Didukung oleh Pelayanan Publik yang Bermutu”. Kegiatan ini melibatkan pemerintah, akademisi, dunia usaha, dan masyarakat. Bupati Bintan Roby Kurniawan menyambut baik Musrenbang sebagai wadah sinkronisasi program pusat, provinsi, dan kabupaten/kota. Ia menegaskan, Pemkab Bintan siap mendukung penuh arah kebijakan pembangunan provinsi. “Bintan akan terus mendorong potensi unggulan daerah, terutama di sektor pariwisata dan ekonomi maritim, serta peningkatan kualitas sumber daya manusia agar selaras dengan prioritas pembangunan provinsi. Sinergi ini penting agar manfaat pembangunan benar-benar dirasakan masyarakat,” ujar Roby. Ia berharap program strategis provinsi, seperti pembangunan infrastruktur konektivitas dan penguatan ekonomi kawasan, berdampak langsung pada percepatan pembangunan di Kabupaten Bintan. Sebagai penutup, Pemprov Kepri menyerahkan penghargaan kepada kabupaten/kota atas capaian Indeks Pengelolaan Keuangan Daerah (IPKD) Tahun Anggaran 2024 (tahun ukur 2025). Penghargaan ini bentuk apresiasi atas kinerja pengelolaan keuangan daerah. Penulis: Nurjali | Editor: Redaksi",2295
tempat makan viral Jambi,"Bukan Food Vlogger, Kenapa Rombongan PNS Justru Sering Jadi Patokan Cari Tempat Makan? - https://jambiindependent.disway.id/ - Jambi Independent",https://news.google.com/rss/articles/CBMi1gFBVV95cUxORk9fSGFzMHhIdDR4RTc1bXExRUhlSHBheGlFdGZ1bTUyMURtQ1lCOVdaZVFNUzBySm9naVJKWTRjTVFkNGhvSlNCVDRMeTZQLU1UR1NpdmNvLTZ3d3N6ZkVQRWVkbmhYUkFKZFJCVW94Y1FvaHVPY3VZRHBuMkZwc2xCMW5lUl9DWVU3aC1lUUxjX09TRDZRQkJVQXZibmtrT01BeWFoZ0pMRG9pbDdMV2MxSUVGdzFCNHRnd2JETWo0M2hXTDlvU0dOaGNiWkhBSEZITEd30gHKAUFVX3lxTE9NVmNMM29OY1JiUTc1MkotUmpWZ0Q0b1ZvU3FJOVVHWHg0Mzh5cEZTSzRaRm1Ma25Va0hEbGplNTJIMFR4d3Q1WUhaTnRuc2ZYQjZ6bTV4SEg5VEdRdFdkM0cyT1hrLVlyR3YtMGhTWU1QRkMzcDBYVUJuc1ZodGRBNFQzZkxHUkJ4NkQ5UTNGYi11TmNTQTlMSVRWd2dEVzdQTnRfSmI4aEw5V01MWEZZNklfQ3ZrbkIyRFpFdFNYUG4zWkJoc0FrYlE?oc=5,2026-09-16 07:00:00+00:00,Jambi Independent,https://www.batamnews.co.id/feed-128377-500-alumni-pgan-tanjungpinang-reuni-gubernur-ajak-alumni-perkuat-kontribusi-untuk-kepri.html,"28 Juni 2026 • 15:52 Tanjungpinang, Batamnews - Suasana hangat dan penuh kekeluargaan menyelimuti Ballroom Hotel CK Tanjungpinang, Sabtu malam 27 Juni 2026. Sekitar 500 orang yang merupakan alumni Pendidikan Guru Agama Negeri (PGAN) angkatan 1962 hingga 1992 berkumpul dalam acara Reuni Akbar. Mereka datang dari berbagai penjuru untuk ""Menjalin yang Terputus, Mengenang yang Terlupa"", sesuai tema yang diusung. Gubernur Kepulauan Riau, Ansar Ahmad, turut hadir dalam pertemuan bersejarah itu. Dalam sambutannya, ia menegaskan bahwa reuni ini jauh lebih dari sekadar ajang bertemu teman lama. Baca juga: Kronologi Penelantaran 38 Peserta Pesparawi Kepri Hingga Viral Nyanyi di Bandara Soetta ""Ini adalah wadah untuk memperkuat ukhuwah, mengikat tali persaudaraan antargenerasi, dan mengenang jejak pengabdian para alumni yang telah nyata berkontribusi bagi masyarakat,"" ujar Ansar di hadapan para guru dan tokoh yang hadir. Orang nomor satu di Kepri itu mengenang betapa istimewanya peran PGAN di masa lalu. Menurutnya, institusi ini adalah salah satu pilar penting dalam pembangunan sumber daya manusia di daerah. ""PGAN memiliki tempat yang istimewa. Dari sinilah lahir para pendidik, tokoh masyarakat, pemuka agama, hingga aparatur pemerintahan. Mereka semua telah memberi warna bagi perjalanan pembangunan kita, khususnya di Tanjungpinang dan Kepulauan Riau,"" ungkapnya. Gubernur Ansar juga menyoroti peran abadi seorang guru agama. Ia menilai, tugas mereka bukan hanya mengajar ilmu, tetapi juga menanamkan akhlak, adab, dan keteladanan. Karena itu, para alumni PGAN dianggap mengemban amanah besar sebagai penjaga moral dan pembentuk karakter masyarakat. Ia pun berharap reuni akbar ini bisa melahirkan semangat baru. ""Saya berharap semangat ini terus membara untuk berkontribusi bagi daerah, baik lewat pemikiran, pengalaman, jejaring, maupun keteladanan di tengah masyarakat,"" harapnya. Ansar turut memaparkan sejumlah program strategis Pemprov Kepri yang berkaitan dengan keagamaan dan kemasyarakatan. Di antaranya adalah pengiriman 50 mubalig ke wilayah hinterland, serta pemberian insentif kepada 13.348 penerima yang terdiri dari guru TPQ dan MDT, penyuluh agama Islam non-ASN, hingga pemuka agama tetap. Selain itu, Pemprov Kepri juga telah menyalurkan hibah untuk 334 rumah ibadah dan menyediakan Rumah Singgah di Batam serta Jakarta bagi warga Kepri yang sedang menjalani pengobatan. Di akhir sambutannya, Ansar menyampaikan apresiasi kepada panitia yang telah mensukseskan acara ini. Ia mengajak seluruh keluarga besar alumni PGAN untuk terus menjaga persaudaraan dan menjadi inspirasi bagi generasi muda. Baca juga: Tiga Hari Perlombaan, Dragon Boat Race 2026 Siap Jadi Event Internasional Kepulauan Riau ""Mari kita kuatkan kepedulian sosial, cintai ilmu pengetahuan, junjung tinggi nilai agama, dan tingkatkan semangat pengabdian kepada bangsa dan daerah,"" tutupnya. Turut mendampingi Gubernur dalam acara tersebut, Kepala Dinas Kepemudaan dan Olahraga Kepri Darson, Kepala Dinas Sosial Kepri Mahadi Rahman, Sekretaris DPRD Provinsi Kepulauan Riau Ika Hasillah, serta para kepala sekolah, guru, dan ratusan alumni PGAN Tanjungpinang.",3150
tempat makan viral Jambi,Teras Nyai: Sensasi Kuliner Hidden Gem Otentik khas Melayu Jambi - Kompasiana.com,https://news.google.com/rss/articles/CBMiwwFBVV95cUxQNExFbnZBREhiR0pEUFhydkZBYTZFaDVXZmdVbm9nVWdZWjlON1VzQWtxNHJUanBPa0I0eHNSVTdPeTZweThPTHV3TjRLT3Z4blEtQWpYQUl3UHl1RDZ6WEVSdEFYdmxqOUREeWxHTmV6eDNWZmU4YjFrVGw0UUhSS2VWeDB4YVZrMmRqTmdtcHUwakg4cFB1TG9XMWpPWm1Ndmp1dTRqWjRDb3g3RnZqOFpzQXpXVXVsUlB5RWFnOVViWUU?oc=5,2026-09-08 13:14:51+00:00,Kompasiana.com,https://jambiindependent.disway.id/hiburan/read/717365/bukan-food-vlogger-kenapa-rombongan-pns-justru-sering-jadi-patokan-cari-tempat-makan,"Rombongan PNS Bisa Jadi Rekomendasi Tempat Makan-ist/jambi-independent.co.id- JAMBI, JAMBI-INDEPENDENT.CO.ID - Kalau melihat rombongan orang datang ke sebuah warung makan , biasanya ada satu hal yang langsung membuat penasaran. “Wah, ini kayaknya enak.” Apalagi kalau yang datang bukan hanya satu atau dua orang, melainkan satu rombongan pekerja kantoran yang terlihat sudah cukup sering makan di tempat tersebut. Fenomena seperti ini cukup menarik. Di tengah maraknya food vlogger yang membagikan rekomendasi kuliner melalui TikTok, Instagram, hingga YouTube, sebagian orang justru lebih percaya pada tempat makan yang ramai didatangi rombongan pekerja, termasuk pegawai negeri sipil atau PNS. Bukan berarti rekomendasi food vlogger tidak dipercaya. Namun, bagi sebagian masyarakat, keramaian sebuah tempat makan bisa menjadi bentuk “ulasan” yang terlihat secara langsung. Ketika melihat rombongan PNS atau pekerja kantoran makan bersama, muncul anggapan bahwa mereka sudah mengetahui tempat tersebut, terutama jika terlihat datang berulang kali. Apalagi, pekerja yang berada di sekitar suatu kawasan biasanya memiliki banyak kesempatan untuk mencoba berbagai tempat makan saat jam istirahat. BACA JUGA: Sering Bingung Saat Pesan Kopi? Ini Arti Istilah di Menu Kafe yang Wajib Kamu Tahu Dari situ muncul semacam logika sederhana: kalau tempatnya biasa saja, mungkin tidak akan dipilih berkali-kali. Hal berbeda bisa dirasakan ketika melihat konten food vlogger. Meskipun mereka memberikan ulasan secara detail, mulai dari rasa, harga, porsi, hingga suasana tempat, sebagian penonton tetap memiliki keraguan karena menganggap konten tersebut merupakan bagian dari pekerjaan atau promosi. Terlebih ketika sebuah tempat mendapatkan banyak pujian dalam video, tetapi pengalaman pelanggan ternyata berbeda. Hal inilah yang membuat sebagian orang lebih tertarik melihat bukti nyata berupa antrean atau pelanggan yang datang secara rutin. Namun, keramaian juga tidak selalu menjadi jaminan bahwa makanan tersebut paling enak. Bisa saja lokasinya strategis, harganya murah, porsinya banyak, atau memang sudah memiliki pelanggan tetap. Karena itu, rekomendasi terbaik sebenarnya bisa berasal dari berbagai sumber. Food vlogger dapat memberikan gambaran awal mengenai menu dan suasana tempat, sementara melihat pelanggan yang datang secara langsung dapat menjadi pertimbangan tambahan. BACA JUGA: Kasus Narkotika, Oknum ASN Ditjenpas Jambi Hadapi Sidang Perdana Pada akhirnya, selera setiap orang tetap berbeda. Makanan yang dianggap enak oleh satu orang belum tentu cocok bagi orang lain. Jadi, kalau suatu hari melihat warung makan dipenuhi rombongan pekerja kantoran, jangan heran kalau rasa penasaran langsung muncul. Bisa jadi, sebelum viral di media sosial, tempat tersebut memang sudah lebih dulu punya reviewer tetap yang datang hampir setiap hari.* Cek Berita dan Artikel lainnya di Google News",2894
tempat makan viral Jambi,"Jelajah Pesona Kawasan Kuliner di Kota Jambi Saat Weekend, Ini 4 Tempat yang Bikin Diet Auto Lupa! - https://jambiindependent.disway.id/ - Jambi Independent",https://news.google.com/rss/articles/CBMi5gFBVV95cUxQWDhpcXNlOXdzUWpHUUdVTk9uQlFLTnU5V2hkMU1xSVE0SGszWDRVcXJ4ejNiM0dEWFhMX2NNWjNPOHdLVlcyRVY3b2xtV0djSC1aZzR3STNFUnczejNVNlRESnk0U1RvVVdFZ05oYzVHcmVjdnF4TVM3cFc2TzI2azlTRTF1bzE0eHdXaFp5SGx3V2xZWXRUd2pkak5jR1ozZFYzY19vOEltcEJqaDRTRGswbjVzdE14T2hwbTB2b0NrYV9QUkNIenN4Z0NKTTZfNVh4Z3Uwajl4M2tXUjVuako3RkxyUdIB2gFBVV95cUxQd0hWMVpGYjZZRjE2RXJyMVlVOG0zaUU5R09INkVsZHJ6NHZGdXVBUFF6LWVyY3J2anYtRmUzUTBmeGYxTDlhNHA3SFlWMVpHM05vOUV6UnZVc2J1VFEzVVIyY1NmcXFTYTV1c25MSHc3VEJ3ZFM5dFg0Qmg2Z1BCWWlEcGJCX1V0VktfdVNGT3FWS1E4S05QTVpGa0llNTR2T0dHOHJpNzRlaHJnZWdCSnl0ZjF4ZUlYZmgxWnN6SzhzWTNHODZwNVA3UjZHTDJRMVNpclFMTWRydw?oc=5,2026-04-11 07:00:00+00:00,Jambi Independent,https://www.kompasiana.com/rion35636/6aa00a4bed6415209a56ac23/teras-nyai-sensasi-kuliner-hidden-gem-otentik-khas-melayu-jambi,"Tertarik pada bidang psikologi, pengembangan diri, wisata dan kuliner. Siapa yang tidak tergiur jika menemukan tempat makan tersembunyi dengan cita rasa masakan tradisional yang luar biasa di Kota Jambi? Belakangan ini, perhatian para pecinta kuliner tengah tertuju pada salah satu destinasi masakan khas Melayu Jambi yang berkonsep hidden gem. Tempat tersebut bernama Teras Nyai, sebuah rumah makan yang berlokasi di Jalan Layang-Layang Nomor 67, Kota Jambi. Menariknya, rumah makan ini baru saja merayakan momen first anniversary mereka pada 1 September kemarin, menandai perjalanan suksesnya dalam memanjakan lidah para penikmat kuliner lokal. Untuk menemukan lokasinya, pengunjung cukup mengarahkan kendaraan ke kawasan bundaran Tugu Tari Sekapur Sirih The Hok, kemudian memasuki lorong kecil di sekitarnya. Begitu melangkah masuk, suasana nostalgia langsung terasa begitu pekat, menghadirkan atmosfer hangat layaknya menikmati sajian di teras rumah nenek. Tempat makan ini beroperasi setiap hari Senin hingga Sabtu, mulai pukul 10.00 hingga 17.00 WIB, menjadi opsi ideal bagi masyarakat yang mencari suasana makan siang tenang di tengah hiruk-pikuk kota. Menilik daftar menu yang ditawarkan, Teras Nyai menyajikan ragam olahan masakan Melayu Jambi yang sangat bervariasi, terutama bagi para penggemar ikan sungai. Pengelola menyediakan pilihan ikan segar berkualitas, mulai dari ikan baung, gabus, patin, lais, hingga nila yang diolah dengan bumbu racikan tradisional kaya rempah. Salah satu menu andalan yang menjadi daya tarik utama adalah olahan tempoyak. Aromanya yang khas berpadu sempurna dengan cita rasa asam gurih yang pas di lidah tanpa memberikan kesan berlebihan. Pengunjung dapat menikmati brengkes tempoyak yang dikukus bersama bumbu rempah hingga meresap sempurna ke serat daging ikan terdalam. Bagi penyuka sensasi sajian berkaldu, tersedia tempoyak kepala ikan dengan porsi mantap serta kuah kental yang menggugah selera, hingga tempoyak ikan bagian badan atau buntut yang memiliki tekstur daging tebal dan lembut. Selain tempoyak, varian menu pindang di Teras Nyai juga patut mendapat apresiasi tinggi. Kuah pindangnya menghadirkan kesegaran berkat perpaduan rasa gurih, asam manis, serta sentuhan pedas yang seimbang. Pilihan menu pindang meliputi pindang daging dengan kelembutan tekstur yang sempurna, pindang kepala ikan yang kaya bumbu, serta pindang ikan bagian badan atau buntut yang meninggalkan sensasi gurih bertahan lama di rongga mulut. Bagi pengunjung yang menginginkan alternatif selain ikan sungai, Teras Nyai menyediakan beragam olahan daging dan unggas yang tidak kalah memikat. Terdapat malbi daging dengan kuah manis gurih pekat berempah, ikan nila goreng nyai yang renyah di luar namun tetap juicy di dalam, serta iga bakar nyai dengan bumbu karamelisasi bakar aromatis yang meresap hingga ke bagian tulang. Daftar kuliner di tempat ini semakin lengkap dengan hadirnya menu ikonik lain seperti dendeng ibok yang gurih renyah, ayam kampung goreng bumbu perapan meresap, hingga ayam goreng telur dengan balutan telur renyah yang menggoda. Sebagai pelengkap sajian utama, pengunjung dapat memesan aneka lauk pendamping untuk menyempurnakan hidangan. Pilihan tersebut mencakup pepes pedo bernuansa wangi daun pisang dengan rasa gurih pedas, ikan seluang goreng garing, ikan asin, serta kudapan tradisional khas seperti tepek dan lupis bertekstur kenyal manis sebagai penutup hidangan yang pas. Keunggulan lain dari Teras Nyai terletak pada nilai pelayanan dan kelengkapan porsi yang ditawarkan kepada para pengunjung. Setiap pemesanan satu porsi menu utama sudah mencakup paket lengkap berupa nasi hangat, sambal khas berkarakter pedas pas, tempe goreng, dan lalapan segar. Menariknya, pihak pengelola juga memberikan fasilitas tambahan berupa es teh manis dan kerupuk secara gratis untuk melengkapi kenyamanan bersantap. Kelezatan setiap sajian di Teras Nyai mencerminkan dedikasi serta pemahaman mendalam terhadap seni olah rasa masakan Melayu Jambi yang otentik. Keseimbangan bumbu yang presisi tanpa menutupi kesegaran bahan utama menjadikan Teras Nyai sebagai salah satu rekomendasi kuliner yang sangat layak dikunjungi saat berada di Kota Jambi. Belum ada komentar. Punya sudut pandang? Yuk, mulai diskusinya. Berikan masukan kepada kami agar Kompasiana baru ini sesuai dengan ekspektasimu!",4335
wisata viral Jambi,TANTANGAN INDUSTRI AVIASI DAN DAMPAKNYA PADA SEKTOR PARIWISATA DI PROVINSI JAMBI - JambiLINK.id,https://news.google.com/rss/articles/CBMisgFBVV95cUxPdmwyNWxpU3JiTFNFb2EtczdIbTUzdUVwcl9JTndyM0xHSDdSTEpKVHREMlh5SkNFUWF0SGNva0dHR1FtTnNNRXR3RE5GSzRCWk1wTnJhY2JVb2tlazZhaUtuQWMwOUpxcEp4SktxRDc3VTNOLWViVXZFV3FzSkF5X1o3bm1kSERGVUVwc0s3clVrN1UxZDEzRlYtMldLQzdsM0NzOXJrb25Bbk9HTnBfN1dR?oc=5,2026-09-09 12:54:52+00:00,JambiLINK.id,https://jambiindependent.disway.id/hiburan/read/711746/jelajah-pesona-kawasan-kuliner-di-kota-jambi-saat-weekend-ini-4-tempat-yang-bikin-diet-auto-lupa,"Wisata Kuliner Kota Tua ini teranyar di luncurkan Pemerintah Kota Jambi.  Wisata ini diharapkan dapat menggenjot kebangkitan kawasan bersejarah. -Finarman/jamb-independent.co.id - JAMBI, JAMBI-INDEPENDENT.CO.ID - Mau kemana weekend ini? Belum ada rencana? Atau kamu baru “Tibo” di Kota Jambi dan lagi scroll- scroll handphone nyari tempat asyik untuk nongkrong sambil ngopi atau hanya sekedar jalan dan cuci mata! Weekend ini, yuk jelajahi kuliner seru di Kota Jambi! Jangan khawatir. Kota Jambi menawarkan banyak tempat pilihan bagi kamu yang suka icip-icip kuliner. Mulai kulener “kaki lima” hingga kuliner “bintang lima”, khususnya malam hari. Kamu mau romansa yang seperti apa?  Ingin yang romantis, hangat atau penuh warna warni dengan live musik? BACA JUGA: Dua Momentum Besar, Pemkot Jambi Rilis Logo HUT ke-80 dan 625 Tahun Kota Jambi Atau kamu sedang mencari tempat terbuka, lesehan sambil duduk selonjoran dipinggir jalan menikmati jajanan kota. Ada dan lengkap. Pokoknya, weekend kamu kali ini penuh dengan kulineran  yang kaya rasa menggugah rasa hingga diet auto lupa. Ini beberapa tempat terfavorit yang Jambi Independent tawarkan. PERTAMA, WISATA KULINER KOTA TUA Wisata Kuliner Kota Tua ini teranyar diluncurkan Pemerintah Kota Jambi. Wisata ini diharapkan dapat menggenjot kebangkitan kawasan bersejarah. Kawasam kuliner Kota Tua yang berada di Area depan Hotel Duta Jambi, Jl. Sultan Thaha, Kecamatan Pasar, Kota Jambi.-Finarman/jamb-independent.co.id- BACA JUGA: Ketahui Jenis dan Manfaat Alat Gym untuk Pemula, Kurangi Risiko Cidera Peluncuran pusat Wisata Kuliner Kota Tua yang diproyeksikan menjadi destinasi malam baru sekaligus motor penggerak ekonomi masyarakat , Kamis 2 April 2026. Tempat wisata kuliner baru yang berlokasi di area depan Hotel Duta Jambi, Jl. Sultan Thaha, Kecamatan Pasar, Kota Jambi, siap memanjakan lidah dengan beragam cita rasa khas Jambi, dari jajanan tradisional hingga kuliner kekinian—semua dalam satu tempat yang nyaman dan estetik. KEDUA, KULINER SOEMANTRI Cek Berita dan Artikel lainnya di Google News",2057
wisata viral Jambi,7 Rekomendasi Wisata Religi di Jambi yang Sarat Nilai Sejarah dan Spiritualitas - lahatpos.disway.id - lahat pos,https://news.google.com/rss/articles/CBMixgFBVV95cUxPV3YzdXh1M01ObUV3cTBHbndHX254VkxERG9fRTdiaW5JNS16Mllsczd4cGtSYTI1SE9Qb1UtdldJajN6TW1iNmI1c2lzWUFPcXlRM2JTYV9za0JYVFpKbHFnbEZzeFM4dXE5T04zYk9IRDhsa25LQ3l3U1NNZ1RZTXFBbTNTVE53VGk0bENIakJDMU5fZDdqTThLSGljejlsYzhBeHh0QXc4dzBwUXlJR2c1ODdwTkpSbkRkVVZBMkJ2by1zZXfSAbgBQVVfeXFMT01BNFZRM1NwMGxZYnRzTzBMdEsxRTUwQkpTRXExNDhQV3doXzVxMFFFYnlUMEZ3QUQyX21WV2RBQXYtekFKVlc3ZHpwSExWNVlxRkZHaTJZdWdXZUdnMTR5SHN3LUFHMjN5R3JVVVhjVlUtVk1KWkwwdkFLMkYtQldjUElQY3RTSWFwU0hxZDZHN0xnLXJ1NlVsSWtoSnZ5UEE0OGlCVE5Semx5MDdDNDZKWllBVm5XVg?oc=5,2026-08-02 07:00:00+00:00,lahat pos,https://jambilink.id/post/10195/tantangan-industri-aviasi-dan-dampaknya-pada-sektor-pariwisata-di-provinsi-jambi,"Home Headline Politik Ngaji Politik Daerah Kriminal Ragam Opini Catatan Awin Cari Indek Oleh: Thamrin B. Bachri Beberapa penulis asing terkemuka yang secara khusus mendedikasikan karyanya untuk membahas dinamika aviasi (penerbangan), pariwisata dan fusi (penggabungan) keduanya dalam bentuk literatur perjalanan (travel writing) global di antaranya adalah Antoine de Saint Exupery yang berfokus utama pada pelopor tulisan filosofis dengan karya terkenalnya Night Flight dan Sand and Stars. Pilot yang berasal dari Perancis ini buku-bukunya menggambarkan bagaimana aviasi membuka batas-batas dunia dan menghubungkan budaya terpencil. Sedangkan, penulis Alain de Botton yang terkenal dengan The Art of Travel and A Week at The Airport. Filsuf terkenal ini membedah psikologi pariwisata – mengapa manusia melakukan perjalanan dan bagaimana ekspektasi pariwisata seiring berbeda dengan realitas, sedangkan dalam bukunya A Week At The Airport ia mendokumentasikan bandara sebagai “jantung penggerak pariwisata global” tempat jutaan cerita manusia bersilangan. Di samping itu, ekonom transportasi terkemuka Kenneth Botton banyak meniliti liberasi pasar penerbangan, regulasi serta bagaimana konektivitas udara menopang wilayah terpencil dan global serta menekankan poin penting transportasi udara dalam pandangan ekonomi. Sektor penerbangan menyumbang triliunan US Dollar secara langsung maupun tidak langsung terhadap aktivitas ekonomi dunia. Transportasi udara memainkan peran sebagai “katalisator utama” dalam perekonomian global, regional, nasional maupun lokal. Berbeda dengan transportasi lainnya, transportasi udara memiliki keunggulan mutlak pada kecepatan tinggi dan kemampuan menembus hambatan geografis (seperti laut dan pegunungan). Keunggulan ini menciptakan efisiensi waktu yang luar biasa bagi mobilitas manusia dan barang. Lebih lanjut industri aviasi menjadi tulang punggung industri pariwisata global karena aktivitas pariwisata internasional maupun nasional hampir mustahil berkembang pesat tanpa kehadiran maskapai penerbangan. Sejumlah tantangan industri aviasi atau penerbangan di provinsi Jambi adalah terdapat pada keterbatasan konektivitas udara, faktor cuaca musiman serta infrastruktur yang belum merata. Meskipun memiliki produk inti (core products) seperti Candi Muaro Jambi, Keindahan alam Kerinci, Unesco Global Geopark Merangin, dan sejumlah taman nasional, pergerakan wisatawan masih terhambat 0leh beberapa persoalan mendasar seperti friksi jarak antar destinasi dan keterbatasan konektivitas udara. Sehingga sulit mendesain paket-paket wisata yang menjual (salable) khususnya untuk turis massal (mass tourist) yang dampak ekonominya relatif besar dibandingkan turis minat khusus meskipun jumlah destinasi wisata minat khusus cukup banyak. Perlu diketahui bahwa Jambi merupakan satu-satunya provinsi di tengah jaringan tengah-selatan Sumatera yang belum memiliki rute internasional aktif di bandara utamanya. Bandara Sultan Thaha. Wisatawan mancanegara harus transit melalui Jakarta, Batam atau Palembang, yang menjadikan waktu tempuh dan biaya perjalanan menjadi tidak budget friendly atau kompetitif. Berikutnya ada tantangan musiman akibat kebakaran hutan dan lahan (karhutla) berdampak langsung pada operasional penerbangan akibat kabut asap tebal, jarak pandang sering menurun drastis dan hal ini memicu penundaan (delay) hingga pengalihan (divert) pesawat ke kota lain yang sangat mengganggu kenyamanan wisatawan/penumpang. Lebih lanjut adalah, tingkat keterisian penumpang yang tidak stabil membuat maskapai kerap melakukan penyesuaian atau pengurangan jadwal penerbangan dari dan menuju Jambi. Terkait dengan pariwisata Bandara Sultan Thaha berada di kota Jambi sedangkan core product utama wisata alam seperti Gunung Kerinci berada sangat jauh, jalur darat dari kota Jambi ke Kerinci membutuhkan waktu tempuh hingga 10 - 12 Jam dengan kondisi jalan yang fluktuatif dan rest area yang masih dibawah standar minimal terutama keberadaan air bersihnya, sementara itu, Jalur udara ke Bandara Depati Parbo di Kerinci pun belum melayani penerbangan komersial terjadwal secara masif atau kontinyu disamping kurangnya fasilitas publik dan pengelolaan. Bagaimana dengan Bandara Muara Bungo dan Bandara Depati Parbo Kerinci? Bandara Muara Bungo memegang peranan sangat strategis sebagai hub konektivitas udara wilayah barat provinsi jambi. Jika Bandara Sultan Thaha berfokus melayani area timur dan tengah. Bandara Muara Bungo menjadi pintu gerbang utama bagi masyarakat di wilayah barat Jambi serta kabupaten-kabupaten tetangga. Posisi strategisnya sangat menguntungkan karena menjadi penyangga bagi 7 kabupaten di sekitarnya yang berjarak rata-rata di bawah 100-kilometer dari bandara. Keberadaan bandara ini akan mereduksi waktu perjalanan masyarakat wilayah barat Jambi (seperti Bungo, Tebo, Merangin hingga Sarolangun) yang sebelumnya harus menempuh jalur darat hingga 6 - 8 jam menuju kota jambi untuk terbang keluar pulau. Konektivitas bandara ini terus diperkuat secara komersial oleh maskapai nasional Batik Air yang sejak 15 Juni 2026 resmi membuka layanan penerbangan langsung rute Jakarta - Muara Bungo (pulang-pergi), dengan tingkat keterisian kursi (load factor) yang rata-rata stabil mencapai 80%. Melalui kementerian terkait, pemerintah terus mendorong optimalisasi slot penerbangan ke Muara Bungo untuk menstimulasi pertumbuhan ekonomi dan pariwisata, bandara ini menjadi alternatif terdekat bagi wisatawan darat yang ingin menuju ke destinasi wisata nasional seperti Taman Nasional Kerinci Seblat (TNKS), mengingat jalur udara langsung ke bandara Depati Parbo Kerinci masih menghadapi kendala operasional akibat kabut tebal di pagi hari. Selanjutnya, Bandara Muara Bungo juga memberikan multi manfaat bagi UNESCO Global Geopark Merangin utamanya adalah akses cepat karena jarak dari Bandara Muara Bungo ke Pusat Informasi Geopark Merangin di Bangko hanya 76 kilometer, jauh lebih dekat dibandingkan darat dari kota Jambi yang memakan waktu berjam-jam dan mempermudah (efisiensi perjalanan) kunjungan wisatawan domestik maupun mancanegara, terutama dengan tersedianya rute penerbangan langsung seperti layanan Batik Air dari Jakarta dan terbukti pula bahwa Bandara Muara Bungo mendukung status sebagai UNESCO Global Geopark dengan mempermudah mobilitas tim ahli, peneliti dan evaluator baik untuk keperluan riset maupun revalidasi. Karena itu, Bandara Muara Bungo akan menjadi driver bagi peningkatan kunjungan wisatawan yang pada akhirnya akan menggerakan roda perekonomian lokal, UMKM serta investasi di sekitar kawasan wisata Merangin. Upaya pengembangan Bandara Sultan Thaha saat ini difokuskan pada peningkatan kapasitas infrastruktur guna menopang ambisi menjadi bandara internasional, di samping wacana jangka panjang membangun bandara baru di wilayah pesisir. Dua lokasi pilihan yang dilirik adalah Kabupaten Muaro Jambi dan Kabupaten Tanjung Timur. Wilayah Tanjung Jabung Timur pada tahap inisial dianggap paling strategis karena lokasinya berada di wilayah pesisir dekat laut, cocok untuk merancang landasan pacu sepanjang 2.602 meter yang dapat melayani penerbangan global berskala besar. Sedangkan Bandara Sultan Thaha ada kendala pengembangan landasan pacu karena secara fisik berada di tengah kawasan perkotaan (Kecamatan Paal Merah) membuat perluasan landasan pacu (runway) cukup terbatas. Hal ini terus menjadi topik pembahasan di forum pembangunan daerah karena panjang runway yang ada belum ideal untuk pendaratan pesawat berbadan lebar (wide-body) dalam jumlah besar. Karena keterbatasan lahan inilah Pemerintah Provinsi Jambi membuka peluang bekerja sama dengan investor untuk mematangkan opsi pembangunan bandara baru bertaraf internasional seperti sudah diuraikan di atas. Sementara itu, Pemerintah Provinsi Jambi bersama PT Angkasa Pura II terus pula mengupayakan peningkatan status bandara agar bisa melayani rute penerbangan internasional komersial langsung. Beberapa target pasar luar negeri yang dinilai potensial adalah Malaysia, Singapura, China, dan Arab Saudi (untuk Umroh/Haji). Sedangkan sisi darat dan area publik (Landside) direncanakan secara bertahap perluasan terminal penumpang dari kapasitas yang ada menjadi area yang dapat menampung penumpang hingga 2,6 juta penumpang per tahun, termasuk optimalisasi lahan parkir dan aksesibilitas. Selanjutnya, upaya utama untuk meningkatkan peran Bandara Muara Bungo dan Bandara Depati Parbo Kerinci adalah memperkuat sinergi antar daerah antara kabupaten Bungo, kabupaten Kerinci dan kota Sungai Penuh untuk mendukung konektivitas udara wilayah barat provinsi Jambi, menambah rute dan maskapai penerbangannya serta peningkatan fasilitas dan infrastruktur (seperti: pembangunan VIP Room di bandara Muara Bungo dan peningkatan komersial area di bandara dan menjadikan bandara sebagai creative-hub), serta perbaikan infrastruktur menuju bandara. Upaya-upaya tersebut di atas akan berprestasi secara langsung terhadap sektor pariwisata. Potensi pariwisata wilayah barat provinsi Jambi akan didukung secara langsung oleh kehadiran Bandara Muara Bungo dan Bandara Depati Parbo Kerinci seperti berbagai obyek wisata di Bungo, UNESCO Global Geopark Merangin, wisata alam berskala internasional dan ekowisata Kerinci, serta wisata dan rekreasi keluarga. Keberadaan kedua bandara ini memangkas waktu tempuh perjalanan darat yang memakan waktu 10 - 12 jam dari kota Jambi. Untuk dapat mewujudkan upaya-upaya tersebut di atas maka perilaku dan langkah nyata yang harus diambil Pemerintah adalah mempermudah perizinan dengan memangkas birokrasi yang berbelit-belit untuk sertifikasi bandara, AMDAL (Analisis Dampak Lingkungan) dan izin ruang udara, bernegosiasi secara internasional terkait pengaturan wilayah udara (open sky policy) agar maskapai asing mau membuka rute, dan menyediakan insentif pajak bagi investor dan maskapai penerbangan di masa-masa awal operasional. Lebih lanjut, Pemerintah harus aktif menjemput bola dengan mempromosikan bandara ke maskapai internasional agar mereka bersedia membuka rute pemerbangan langsung, dan tak kalah pentingnya memperkuat sektor Pariwisata dan Bisnis dengan mengembangkan potensi daerah (destinasi wisata dengan berbagai fasilitas pendukungnya) agar ada permintaan (demand) nyata dari penumpang mancanegara maupun nusantara serta menjamin keamanan dan imigrasi dengan menyediakan fasilitas bea-cukai, imigrasi, dan karantina (CIQ) yang modern, cepat, serta bebas dari pungutan liar. Pemerintah pusat dan pemerintah daerah (Pemda) harus menunjukan perilaku yang sinergis, kolaboratif dan tidak tumpang tindih karena keduanya memiliki porsi tanggung jawab yang berbeda namun saling mengikat. Pemerintah pusat (Kemenhub) sebagai pemegang otoritas tertinggi, regulator makro, dan penghubung internasional sedangkan Pemda bertindak sebagai fasilitator lokal, penyedia ruang, dan penggerak ekonomi daerah yang menjamin ketersediaan lahan melalui RTRW daerah, membangun aksesibilitas non-udara, mempermudah izin lokal, serta menyiapkan daya tarik daerah dengan aktif membangun industri pariwisatanya untuk menciptakan demand (penumpang dan kargo) yang berkelanjutan. Akhirnya, transparansi dan Anti-Korupsi dalam mengelola proyek pembangunan secara jujur demi menjaga kepercayaan investor asing maupun nasional. SEMOGA. Senior Advisor, Indonesia Tourism Support Mantan Deputi Peningkatan Kapasitas & Kerjasama Luar Negeri Kementerian Kebudayaan dan Pariwisata periode 2001-2003, Dirjen Pemasaran Pariwisata Departemen Kebudayaan dan Pariwisata periode 2003-2008 dan alumni Lemhannas KSA-X 2002, yang mengenyam pendidikan di Department of International Resources, Hospitality and Tourism, University of Wisconsin-Stout, USA (1990) ini mendedikasikan sebagian hidupnya di Bidang Pariwisata. Staf pengajar di Pasca Sarjana Pariwisata STP Bandung dan penggagas buku Responsible Tourism Marketing ini sangat peduli dan banyak memberikan pandangan dan pemikiran yang terkait dengan pembangunan dan pariwisata yang bertanggungjawab dan berkelanjutan (Sustainable Tourism Development). Ia berpendapat bahwa kombinasi yang akan menghancurkan pariwisata adalah MATERIALISM plus SHORT-TERMISM . Saat ini berdomisili di Jambi dan menjadi Tenaga Ahli Gubernur (TAG) Jambi Bidang Pariwisata.",12230
wisata viral Jambi,7 Rekomendasi Wisata Jambi yang Wajib Masuk Daftar Liburan Anda - lahatpos.disway.id - lahat pos,https://news.google.com/rss/articles/CBMisAFBVV95cUxPa01NTWd5cjRKMG5acFNwTFVUUl9NbXhIMGFwaFJjZkNKcVZ5dXpDYUU2QkNSWldXY19tV19FYmx3ZFhEMHJPcUtLeU02YWlSUGNWNko5UkRqUFRvZWZwQkZmNExRb1ZqZjdTdUx2UWlhNjdubHE1Zm1sTHNyQ1VnQ2stZTA1dk1SdmhLcTE4RThIYVRwUU5zQ0hxZG5BMVBGdHJ2NlhZWFBJVzJjZExGQdIBowFBVV95cUxQRmFEVEMtYjk0TEo1MXRtX2xJc29oZU1Vb3VqQXdRQ2NkZktDRUVNZmZJeXduaEtuTDI3TG4zeGt4RGVPYi1PSFBTMzZKMk9vVFcyLXh6TXJ6NzJJd3VGSnV3UDRvTGt3anlaVDlKUG14a2tyNVF0V004QXFuSVNUa3hjS0JfTlJfYWRuN0sxTE8tZWVmeWNGZF83QlJCU3c0aHgw?oc=5,2026-08-01 07:00:00+00:00,lahat pos,https://lahatpos.disway.id/nasional/read/662180/7-rekomendasi-wisata-religi-di-jambi-yang-sarat-nilai-sejarah-dan-spiritualitas,"7 Rekomendasi Wisata Religi di Jambi yang Sarat Nilai Sejarah dan Spiritualitas-RERI ALFIAN-RERI ALFIAN Lahatpos.co - Jambi tidak hanya dikenal dengan kekayaan alam dan budayanya, tetapi juga memiliki beragam destinasi wisata religi yang menarik untuk dikunjungi. Mulai dari masjid megah, kompleks candi bersejarah, hingga makam tokoh penting, setiap tempat menawarkan pengalaman spiritual sekaligus wawasan sejarah yang mendalam. Berikut tujuh rekomendasi wisata religi di Jambi yang layak masuk dalam daftar perjalanan Anda. Masjid Agung Al-Falah merupakan ikon wisata religi Kota Jambi. Masjid ini dikenal dengan julukan ""Masjid Seribu Tiang"" karena memiliki banyak tiang penyangga dan desain tanpa dinding yang menciptakan suasana terbuka serta sejuk. Selain menjadi pusat ibadah umat Islam, masjid ini juga menarik perhatian wisatawan karena arsitekturnya yang unik dan nilai sejarahnya yang tinggi. BACA JUGA: 7 Rekomendasi Wisata Religi di Jambi yang Sarat Nilai Sejarah dan Spiritualitas Candi Muaro Jambi adalah salah satu kompleks percandian Buddha terbesar di Asia Tenggara. Situs bersejarah ini menjadi bukti kejayaan peradaban dan perkembangan agama Buddha di Sumatra pada masa lampau. Selain menawarkan nilai spiritual, kawasan candi juga menjadi destinasi edukasi yang memperkenalkan sejarah Kerajaan Melayu dan Sriwijaya kepada para pengunjung. Makam Sultan Thaha Syaifuddin menjadi salah satu tujuan ziarah yang banyak dikunjungi masyarakat. Sultan Thaha dikenal sebagai pahlawan nasional yang gigih melawan penjajahan Belanda. Berziarah ke makam beliau tidak hanya menjadi kegiatan spiritual, tetapi juga sarana mengenang perjuangan tokoh besar Jambi tersebut. BACA JUGA: Masyarakat Desa Seronggo Somasi PT PCM dan Tuntut Pengembalian Hutan Ramuan 250 Hektare Menara Gentala Arasy merupakan destinasi yang memadukan unsur religi dan sejarah. Di dalam kawasan ini terdapat museum yang menyimpan berbagai koleksi mengenai perkembangan Islam di Jambi. Dari puncak menara, pengunjung juga dapat menikmati panorama Sungai Batanghari yang indah. Pura Giri Indra Loka menjadi salah satu simbol keberagaman agama di Jambi. Tempat ibadah umat Hindu ini menawarkan suasana yang tenang dan arsitektur khas Bali yang memikat. Banyak wisatawan datang untuk menikmati ketenangan sekaligus mengenal lebih dekat kehidupan umat Hindu di Jambi. BACA JUGA: Pembobol Rumah di Pagar Alam Diringkus di Sungsang, Korban Kehilangan 80 Juta dan 18 Suku Emas Vihara Sakyakirti merupakan salah satu tempat ibadah umat Buddha yang cukup terkenal di Jambi. Bangunannya yang megah dengan nuansa khas Tionghoa menjadikan vihara ini menarik untuk dikunjungi. Selain sebagai tempat beribadah, vihara ini juga menjadi destinasi wisata budaya dan religi yang memperkaya pengalaman wisatawan. Makam Raja-Raja Jambi menyimpan nilai sejarah dan spiritual yang tinggi. Kompleks pemakaman ini menjadi tempat peristirahatan para pemimpin Kesultanan Jambi pada masa lalu. Suasana yang tenang dan penuh penghormatan menjadikan lokasi ini sering dikunjungi peziarah maupun wisatawan yang tertarik pada sejarah daerah. Wisata religi di Jambi menawarkan lebih dari sekadar perjalanan spiritual. Setiap destinasi menyimpan kisah sejarah, budaya, dan nilai-nilai kehidupan yang dapat memperkaya wawasan pengunjung. Dengan mengunjungi berbagai tempat tersebut, wisatawan tidak hanya mendapatkan ketenangan batin, tetapi juga kesempatan untuk mengenal lebih dekat warisan budaya dan peradaban yang telah berkembang di Tanah Pilih Pusako Betuah.*** Cek Berita dan Artikel lainnya di Google News",3561
wisata viral Jambi,Kampung Batik Ulu Gedong Diproyeksikan Jadi Ikon Wisata Budaya Melayu di Kota Jambi - jambitv.disway.id - Jambitv.co,https://news.google.com/rss/articles/CBMiywFBVV95cUxORW5RRDZYdy1abjBKQ3c3Qnp0dVl4QnZTSUwtYkcwVTRCZFFyb2ItbEppTUV0STBNakdEOUVFYWRSaVlyem55Qk4xYVYwWnVuSlpmaGVFX054M0sxdTBjT1hjMjF3REpqT0xzcTJvWm1ScDl5QzVxN2FJbzFsX1k3cGYxTHRieVFvTWp1V3VSYXYtRjFVR01UQjZRUEtwQkhXSXpZOWNtVm4yRHRUN3BHZUtOZ2dqdWxYckQ2SS1QRzEwb3dNdllzQWFac9IBuwFBVV95cUxNanFyTkZueURTeUZiUkxvbVFLZ1RjSTBVQ3JIRGlxSUMxaGozOXY1MTdFVFlZLVZhazBFVjFGaXo3UjFSQW0wNi1uV3pTZzd2WTJxQXNONlVfNWNoLXQwaWxGZFNiTDAtNzNCYXgxS1htOEtFeFBrZnhGaDFsTFpjaFJHSVBMZ2tCWFJxck15R0VwbENMeF9zVmFuOFpsUTlob2dSVVlGY0Q2MUt5aEgtcnNYOExWNjFZZEUw?oc=5,2026-06-26 07:00:00+00:00,Jambitv.co,https://lahatpos.disway.id/nasional/read/662145/7-rekomendasi-wisata-jambi-yang-wajib-masuk-daftar-liburan-anda,"7 Rekomendasi Wisata Jambi yang Wajib Masuk Daftar Liburan Anda-RERI ALFIAN-RERI ALFIAN Lahatpos.co - Provinsi Jambi menyimpan beragam destinasi wisata yang memadukan keindahan alam , sejarah, dan budaya. Mulai dari danau eksotis di tengah hutan hingga situs bersejarah yang menjadi saksi kejayaan masa lampau, Jambi menawarkan pengalaman liburan yang berbeda bagi setiap wisatawan. Berikut tujuh rekomendasi wisata terbaik di Jambi yang patut Anda kunjungi. Candi Muaro Jambi merupakan salah satu kompleks percandian Buddha terbesar di Asia Tenggara. Kawasan ini menyuguhkan suasana tenang dengan hamparan pepohonan rindang, kanal kuno, dan bangunan candi yang masih terawat. Selain menikmati nilai sejarahnya, wisatawan juga dapat bersepeda atau berjalan santai mengelilingi area candi yang luas. BACA JUGA: Banyak yang Nggak Tau, Nih 5 Rekomendasi Wisata Bandar Lampung yang Wajib Dikunjungi Terletak di kawasan Taman Nasional Kerinci Seblat, Danau Kaco terkenal karena airnya yang sangat jernih berwarna biru kristal. Keunikan danau ini adalah kemampuannya memantulkan cahaya sehingga tampak bercahaya, terutama saat malam hari. Meski membutuhkan trekking melewati hutan, keindahan yang ditawarkan sepadan dengan perjuangan menuju lokasi. Danau Gunung Tujuh merupakan danau vulkanik tertinggi di Asia Tenggara yang berada di ketinggian sekitar 1.950 meter di atas permukaan laut. Dikelilingi tujuh puncak gunung, tempat ini menawarkan panorama alam yang memukau serta udara pegunungan yang sejuk. Destinasi ini sangat cocok bagi pencinta petualangan dan fotografi alam. BACA JUGA: Polsek Kota Lahat Laksanakan Patroli Antisipasi Kejahatan 3C di Sejumlah Titik Rawan Geopark Merangin menjadi salah satu destinasi unggulan Jambi yang terkenal dengan kekayaan geologinya. Kawasan ini menyimpan fosil tumbuhan purba berusia ratusan juta tahun serta pemandangan sungai yang indah. Wisatawan dapat menikmati aktivitas susur sungai, arung jeram, hingga menjelajahi situs-situs geologi yang unik. Berada di kaki Gunung Kerinci, Perkebunan Teh Kayu Aro menawarkan hamparan kebun teh hijau yang luas dan menyegarkan mata. Perkebunan yang telah beroperasi sejak masa kolonial ini menjadi salah satu perkebunan teh tertua di Indonesia. Suasana sejuk dan pemandangan alam yang menawan menjadikannya tempat favorit untuk bersantai dan berfoto. BACA JUGA: Melihat Sejarah Muara Enim: Asal Usul, Fakta-Fakta, Tokoh, dan Budaya Gentala Arasy merupakan ikon wisata Kota Jambi yang berdiri megah di tepi Sungai Batanghari. Menara ini memiliki desain yang memadukan unsur budaya Melayu dan arsitektur modern. Pada malam hari, cahaya warna-warni yang menghiasi bangunan membuat suasana semakin menarik. Di sekitar kawasan ini juga terdapat jembatan pedestrian dan museum budaya yang dapat dikunjungi. Bagi wisatawan yang berlibur bersama keluarga, Jambi Paradise menjadi pilihan yang tepat. Destinasi ini menawarkan berbagai wahana rekreasi, taman bunga, area bermain anak, hingga spot foto yang menarik. Dengan konsep wisata keluarga yang lengkap, tempat ini cocok untuk menghabiskan waktu bersama orang-orang terdekat. Jambi memiliki daya tarik wisata yang sangat beragam, mulai dari situs sejarah, danau eksotis, hingga panorama alam pegunungan yang memukau. Ketujuh destinasi di atas dapat menjadi pilihan terbaik untuk menikmati keindahan Provinsi Jambi. Dengan pesona alam dan budayanya yang khas, Jambi siap memberikan pengalaman liburan yang berkesan bagi setiap pengunjung.*** Cek Berita dan Artikel lainnya di Google News",3514
wisata viral Jambi,"Kota Tua Jambi Resmi Dibuka, Wali Kota Dorong Wisata Sejarah dan UMKM Terpadu - jambitv.disway.id - Jambitv.co",https://news.google.com/rss/articles/CBMiwgFBVV95cUxOeHk4ci1reE9RNXl6bVJPam9Kd0I2TDBRaWJwXy1nd1lRUmlHVmxETVA4YkhPdHI5WkYyaFhaYTJTV2l6V1M1TWs3c0JVMVdaaVJRdDh0S2dxQkZ0QVVHaG92MUlNVzlxUGx4bVhQX0huWGg4bFdkSXN6cXFqbURRRFhHRXY0WGtjbF9KYWJrdEhvMnhYd25YR1c0STRFQXBCODBIU2YxUEFzMFRIWHN1TVFJZm1KcEotdW8tMDJ6WGRLUdIBsgFBVV95cUxQdFVLdmxMOUY2V0xXMHU1RTFGZ1poSGhpajBsc3VsZFpIMWdnOVdwNUFKTlVsd1VONFVNYVNoYV80SWFETDBwQzlSMld0dUQ1Smg1eWNQQnlxZGkzT3BYSUxVMlFJUThFVWVNYkhCbHVpcF9yZXA5Z0pZcF81bGh2QnZqakdYU2hRdGdsdWJqVEhFeEQ0M0xuNlhwNTRrTTNyTGdJZXY3QWJ2Nk5lY0YxYm1n?oc=5,2026-04-06 07:00:00+00:00,Jambitv.co,https://jambitv.disway.id/kota-jambi/read/14699/kampung-batik-ulu-gedong-diproyeksikan-jadi-ikon-wisata-budaya-melayu-di-kota-jambi,"Kampung Batik Ulu Gedong Diproyeksikan Jadi Ikon Wisata Budaya Melayu di Kota Jambi-Kodri-Jambitv.co KOTAJAMBI, JAMBITV.CO – Sebagai Kota perdagangan dan Jasa, Pemerintah Kota (Pemkot) Jambi berkomitmen untuk mempercepat pengembangan kawasan wisata dan budaya Melayu di wilayah Seberang Kota Jambi. Komitmen tersebut ditegaskan dalam Forum Diskusi bersama yang digelar di Ruang Rapat Kerja Wali Kota Jambi, Rabu (24/06/2026), dalam agenda mendengar laporan perkembangan kegiatan Kampung Batik yang digelar Dinas Perdagangan dan Perindustrian Kota Jambi di Kelurahan Ulu Gedong, Kecamatan Danau Teluk. Forum yang dipimpin langsung oleh Wali Kota Jambi, Dr. dr. H. Maulana, M.K.M., itu dihadiri sejumlah kepala Organisasi Perangkat Daerah (OPD), perwakilan Bank Indonesia Provinsi Jambi, BAZNAS Kota Jambi, Camat Danau Teluk, Lurah Ulu Gedong, serta tokoh dan unsur masyarakat setempat. Pengembangan Kampung Batik Ulu Gedong merupakan bagian dari visi besar Pemerintah Kota Jambi untuk mengangkat budaya Melayu sekaligus mendorong pertumbuhan ekonomi masyarakat melalui sektor pariwisata berbasis budaya dan kearifan lokal masyarakat kota Jambi di wilayah Seberang. Dalam arahannya, Wali Kota Maulana menegaskan bahwa kawasan Seberang Kota Jambi harus berkembang dan terintegrasi dengan menghubungkan berbagai potensi wisata budaya, religi, sejarah, dan ekonomi kreatif yang dimiliki kawasan tersebut. ""Memang kawasan ini disambut dengan nuansa wisata budaya Melayu. Kita ingin kawasan ini berkembang secara integratif. Dari Gentala Arasy nantinya akan terkoneksi dengan seluruh sistem layanan wisata di bidang budaya, religi, dan sektor lainnya,"" ujar Maulana. BACA JUGA: Optimalkan Peran Data dan Informasi, Pemkot Jambi Teken Nota Kesepahaman Dengan Badan Informasi Geospasial Menurutnya, Kampung Batik akan menjadi salah satu stimulus utama dalam percepatan pembangunan kawasan wisata budaya Melayu yang mencakup Kecamatan Danau Teluk dan Kecamatan Pelayangan. ""Kita ingin mengangkat budaya Melayu dengan berbagai macam aspeknya. Salah satu yang kita tonjolkan adalah Batik Jambi. Ini budaya leluhur yang harus kita angkat dan lestarikan,"" tegasnya. Ia menjelaskan, selain Kampung Batik, Pemerintah Kota Jambi juga tengah memperjuangkan sejumlah program strategis lainnya, di antaranya pembangunan Kampung Nelayan seluas dua hektare di kawasan Danau Teluk yang telah diusulkan kepada pemerintah pusat. ""Kita sudah siapkan lahannya. Saya sudah bertemu menteri terkait dan Insya Allah sedang diproses. Nantinya akan menjadi kawasan wisata kampung nelayan yang dilengkapi pasar ikan, pusat kuliner ikan, keramba, wisata perahu hingga aktivitas memancing,"" jelasnya. Sebagai aspek penunjang, akan disiapkan sebuah rumah sebagai titik pertemuan dan pusat aktivitas wisata yang pengelolaannya dilakukan secara bersama-sama dengan masyarakat setempat. Bangunan tersebut merupakan aset yang dipinjamkan oleh warga dan akan diperbaiki oleh pemerintah untuk mendukung pengembangan kawasan. ""Ini merupakan upaya kita untuk mendorong pertumbuhan ekonomi masyarakat melalui sektor pariwisata, sekaligus menjaga dan memperkenalkan budaya Melayu kepada masyarakat luas,"" tutur Maulana. Selain itu, Pemkot Jambi juga tengah mengusulkan revitalisasi kawasan Rumah Batu yang sangat bersejarah di kota Jambi berada di Olak Kemang melalui Kementerian Kebudayaan. BACA JUGA: Pemkot Jambi Salurkan Bantuan Terhadap 3 Tempat Ibadah Cek Berita dan Artikel lainnya di Google News",3456
museum viral Jambi,Museum Sriwijaya Dharmakirti Muaro Jambi di Buka untuk Umum - RRI.co.id,https://news.google.com/rss/articles/CBMiogFBVV95cUxPbTF3V0F0VWJEX1RWSGlFS1lJeHdNNkhUcGhKdmlHcXlyckRTVGZkZjZ3eF96V2VhclhXMkxJNTJGRmlsVmlKZjd0YXBGUXJwb0wzMnB6NE5yTWgwWWlHNk1UMzFMM1luUk95YkZsZzk5UnQ2a2JlbWJzbzJFWWtSakwxQlUxQ1NMSjFmUjBsTElUYW9UY1VDRnV6bHpVNW51dkE?oc=5,2026-08-30 07:00:00+00:00,RRI.co.id,https://jambitv.disway.id/kota-jambi/read/13193/kota-tua-jambi-resmi-dibuka-wali-kota-dorong-wisata-sejarah-dan-umkm-terpadu,"Kota Tua Jambi Resmi Dibuka, Wali Kota Dorong Wisata Sejarah dan UMKM Terpadu-Kodri-Jambitv.co KOTAJAMBI, JAMBITV.CO — Pemerintah Kota Jambi resmi menggelar grand opening Kawasan Wisata Kota Tua yang berlokasi di Kecamatan Pasar, Jumat 3 April 2026 malam. Kawasan ini diproyeksikan menjadi ikon baru pariwisata berbasis sejarah, kuliner, dan ekonomi kreatif yang terintegrasi, sekaligus menghidupkan kembali denyut perdagangan di pusat kota. Wali Kota Jambi dalam sambutannya menegaskan bahwa penataan kawasan Kota Tua dilakukan secara menyeluruh dan terintegrasi dengan berbagai sektor, mulai dari sejarah, religi, kuliner hingga fashion. “Kawasan kota tua ini akan kita tata secara integratif agar mampu menarik wisatawan dari luar daerah. Kita memang bukan daerah dengan sumber daya seperti batu bara atau minyak, tapi kita punya potensi besar dari sisi SDM dan pengusaha. Ini yang harus kita angkat,” ujar Wali Kota Jambi. BACA JUGA: 2.806 Aset Pasar Jambi Didata Ulang, Wawako Diza Turun Langsung ke Pasar Sitimang Kawasan Terintegrasi: Sejarah, Kuliner, hingga Fashion Kawasan Kota Tua Pasar Jambi akan dikembangkan menjadi destinasi wisata terpadu. Pengunjung tidak hanya menikmati suasana bangunan bersejarah, tetapi juga dapat merasakan pengalaman wisata kuliner khas Melayu dan India seperti nasi minyak, serta menikmati aktivitas ekonomi kreatif dari pelaku UMKM. Pemerintah juga akan membagi segmentasi kawasan untuk menghindari konflik ruang. Area tertentu difokuskan untuk wisata religi, khususnya di sekitar Masjid Margasari, sementara area lainnya dikembangkan sebagai pusat kuliner dan fashion. “Nanti ada segmentasi, ada kawasan religi, ada kuliner, ada juga fashion. Tidak setiap malam, tapi akan ada event tertentu supaya tidak mengganggu fungsi jalan umum,” jelasnya. BACA JUGA: Wali Kota Jambi Maulana Ungkap Kinerja 2025: Ekonomi Tumbuh di Tengah Tekanan Global Penataan Infrastruktur dan Penertiban Kawasan Sebagai bagian dari revitalisasi, pemerintah melakukan pembenahan infrastruktur seperti pembangunan pedestrian, penataan parkir, hingga pengaturan lalu lintas di kawasan padat seperti Talang Banjar. Wali Kota juga menekankan pentingnya penertiban aktivitas yang mengganggu ketertiban umum, termasuk pedagang yang tidak tertata. Cek Berita dan Artikel lainnya di Google News",2304
museum viral Jambi,"Museum Sriwijaya Dharmakirti Resmi Dibuka, Bupati BBS: Jadi Pusat Edukasi dan Kebanggaan Muaro Jambi - Sekato Jambi",https://news.google.com/rss/articles/CBMiwAFBVV95cUxQNGZrcXQ4anZqZ1RhV3lmNmQ5TFBrMmd0Y1BzbGZEUDAzWVBkX2FnanFuTHNCc2E3UG5UVGZUdlRGUDlHSVlrVC1GVjRTV3hkQTdDZnFiS0hIVG9XN2RwNEkxOHMwTm5oX2RFck8zTDR0VHVSVk5pWDZ5a3lFTWJ1SzVVb0dBZm1XaXB1bXBsQ1ZtdGExaTNlNWh4RXJ2YjZhTFFmZWgzS3J4a1N1VWt1cU5VVjVJakxoOU15dGUzSWM?oc=5,2026-08-01 07:00:00+00:00,Sekato Jambi,https://rri.co.id/jambi/regional/2692271/museum-sriwijaya-dharmakirti-muaro-jambi-di-buka-untuk-umum,"RRI.CO.ID,Jambi - Bagi masyarakat umum yang ingin menikmati wisata sejarah dengan konsep kekinian. Museum Sriwijaya Dharmakirti Kawasan Cagar Budaya Nasional (KCBN) Muaro Jambi resmi dibuka untuk kunjungan umum mulai hari ini, Sabtu 29 Agustus 2026. Museum yang sebelumnya diresmikan Menteri Kebudayaan Fadli Zon pada 31 Juli 2026 tersebut kini dapat dikunjungi masyarakat. Kehadirannya menawarkan pengalaman baru untuk mengenal sejarah Kedatuan Sriwijaya sekaligus menikmati sajian museum dengan sentuhan teknologi modern. Informasi pembukaan untuk umum tersebut disampaikan melalui akun Instagram resmi @candimuarajambi, Sabtu 29 Agustus 2026. Tak hanya menyajikan koleksi artefak dan informasi sejarah, Museum Sriwijaya Dharmakirti juga memiliki wahana Imersif Museum yang menghadirkan pengalaman visual dan audio untuk membawa pengunjung lebih dekat dengan kisah sejarah. Tiket Promo Museum Sriwijaya Dharmakirti Khusus dalam rangka pembukaan perdana, pengelola memberikan harga tiket promo yang berlaku mulai 29 Agustus hingga 13 September 2026. Untuk harga tiket masuk Museum Sriwijaya Dharmakirti: - Pelajar/Mahasiswa: Rp10.000 per orang - Dewasa WNI: Rp20.000 per orang - Wisatawan asing: Rp50.000 per orang - Anak usia 0–3 tahun: Gratis - Lansia di atas 60 tahun : Gratis dengan menunjukkan kartu identitas Pengunjung juga perlu menyiapkan biaya parkir kendaraan, yakni Rp5.000 untuk sepeda motor, Rp10.000 untuk mobil, Rp15.000 untuk Elf, dan Rp25.000 untuk bus pariwisata. Ada Wahana Imersif, Tiketnya Rp25 Ribu Salah satu daya tarik yang diperkirakan membuat museum ini berbeda adalah Imersif Museum. Untuk menikmati wahana tersebut, pengunjung dikenakan tiket sebesar Rp25.000 per orang. Pertunjukan imersif digelar dalam 8 sesi setiap hari, yaitu: - Sesi 1: 09.30 WIB - Sesi 2: 10.10 WIB - Sesi 3: 10.50 WIB - Sesi 4: 11.30 WIB - Sesi 5: 13.20 WIB - Sesi 6: 14.00 WIB - Sesi 7: 14.40 WIB - Sesi 8: 15.20 WIB. Buka Selasa-Minggu Museum Sriwijaya Dharmakirti melayani kunjungan masyarakat setiap Selasa hingga Minggu, pukul 09.00 WIB sampai 16.00 WIB. Pembelian tiket terakhir dilayani hingga pukul 15.30 WIB. Sementara itu, setiap Senin museum ditutup untuk kunjungan umum karena digunakan untuk kegiatan perawatan rutin. Dengan dibukanya Museum Sriwijaya Dharmakirti untuk masyarakat umum, KCBN Muaro Jambi kini memiliki tambahan destinasi wisata edukasi yang menggabungkan sejarah, budaya, koleksi peninggalan masa lalu, dan teknologi imersif. Bagi masyarakat yang penasaran ingin melihat seperti apa museum baru tersebut, periode promo tiket hingga 13 September 2026 bisa menjadi momentum untuk berkunjung. Memuat berita terbaru.....",2649
museum viral Jambi,"Video Diduga Staf DPRD Muaro Jambi Konsumsi Narkotika Viral, Polisi Lakukan Penyelidikan - Orasi.ID",https://news.google.com/rss/articles/CBMiswFBVV95cUxQWGhiSXI2Q3RxVWd6dEVWRDRCamtIa2hiU0RFX3lJamlHYWE3bzh1MDQwRFNybGZ1XzlWWEVjak1DeVNNZUlDeU1kMXNXd1hkSXVWZ0pPOHdYcG9YU2ktSVZFbDdaMF83NGM4UXdkRlhPU0hicmM3aHJuRzJUSUxpLU51NU1kQlBrZUh3cU9ST0hUSzRfSGxYb2F1MDBuQ1BaNTlQUFVuOG1EMF9tWXYwMXpPWQ?oc=5,2026-04-17 07:00:00+00:00,Orasi.ID,https://sekatojambi.com/museum-sriwijaya-dharmakirti-resmi-dibuka-bupati-bbs-jadi-pusat-edukasi-dan-kebanggaan-muaro-jambi/,"<strong><a href=""http://Museum Sriwijaya Dharmakirti Resmi Dibuka, Bupati BBS: Jadi Pusat Edukasi dan Kebanggaan Muaro Jambi"">SEKATOJAMBI.COM</a></strong>, MUARO JAMBI - Bupati Muaro Jambi, Dr. Bambang Bayu Suseno, S.P., M.M., M.Si., menghadiri peresmian Museum Sriwijaya Dharmakirti di Kawasan Cagar Budaya Nasional Muaro Jambi, Jumat (31/7/2026). Museum tersebut diresmikan secara langsung oleh Menteri Kebudayaan Republik Indonesia, Prof. (Hon) Dr. Fadli Zon, M.Sc. Rangkaian kegiatan diawali dengan penampilan seni tradisi yang menampilkan kekayaan budaya lokal. Peresmian turut dihadiri Gubernur Jambi, Dr. H. Al Haris, S.Sos., MH, Forkopimda, akademisi, budayawan, tokoh masyarakat, serta berbagai pemangku kepentingan yang memiliki perhatian terhadap pelestarian sejarah dan kebudayaan Indonesia. Dalam acara tersebut, Bupati Bambang Bayu Suseno mendampingi Menteri Kebudayaan menandatangani prasasti dan memotong pita sebagai simbol dibukanya museum untuk umum. Rombongan kemudian meninjau arsitektur museum serta melihat secara langsung berbagai koleksi artefak dan benda-benda bersejarah yang merekam jejak kejayaan Peradaban Melayu dan Sriwijaya. Dalam kesempatan tersebut, Bupati Muaro Jambi menyampaikan apresiasi atas diresmikannya Museum Sriwijaya Dharmakirti yang diharapkan menjadi pusat edukasi, penelitian, dan pengembangan ilmu pengetahuan mengenai sejarah serta kebudayaan Nusantara. ""Kehadiran Museum Sriwijaya Dharmakirti merupakan momentum strategis dalam memperkuat pelestarian warisan budaya bangsa. Pemerintah Kabupaten Muaro Jambi berkomitmen untuk terus bersinergi dalam menjaga, merawat, dan mempromosikan warisan peradaban ini agar menjadi sumber pembelajaran sekaligus kebanggaan mendatang,"" ujar Bupati. Menurut Bupati, keberadaan museum tidak hanya menjadi ruang pelestarian sejarah, tetapi juga diharapkan mampu mendorong pengembangan pariwisata berbasis budaya, meningkatkan aktivitas riset dan pendidikan, serta memberikan dampak positif terhadap pertumbuhan ekonomi masyarakat melalui sektor pariwisata.(Noval)",2048
museum viral Jambi,"Usai Gibran, Kini Giliran Fadli Zon yang Janji Tutup Stockpile Batubara di Sekitar Candi - https://jambiekspres.disway.id/ - Jambi Ekspres",https://news.google.com/rss/articles/CBMi1gFBVV95cUxOZXVYMlZYMDdpV2daNlkxT0lpLWZXb0ZKYUFkLVBZRTJ4WDRkaUtET3lYZ2Vwb0FEaUtUczB6akhPYzVJTlUzY3d6NWdIdnVvWEFON1h0TUdGMW9LVC1SY1FXWER4dEpPcEhmWXlYNU5wODQ2V29GdDIzWEJrLXB6THdudzh1akhkVFdFOVVOaHBhMmg5ci1ubGVXVFlmam4tSHlmZFNRWHFGMVViMDRCMFlDYTM0U1h5dXZUSzJqRHVNV3ZTaEdzRlpnYktLN3VKTnJiRmFn0gHIAUFVX3lxTE9LdzVfTmpKaGhCcVhqUkxZRHE4QThYRk11WXVSRE1jWFQ5MzJoVnpvdVRsTEZXSWs4d1k5THYzS2pVVlJyWDV1cGQ1UmpPdGpWQXd5RGlWdEJmbldwSTBqSnBHR0R6SlVVcFU5MWZNYmVvU2lVaWZGYXBRV0VnNm9TN2NEWlgwT3RpblBxSlJfclFLcDVZOWxqS2p3eURzcjdkZkdiRVRJVm03a3MwUl8zcWU5MFNscVowT0NNMU9oemUyVDFINkZm?oc=5,2026-08-01 07:00:00+00:00,Jambi Ekspres,https://orasi.id/2026/04/video-diduga-staf-dprd-muaro-jambi-konsumsi-narkotika-viral-polisi-lakukan-penyelidikan/,"MUARO JAMBI — Citra lembaga DPRD Kabupaten Muaro Jambi menjadi sorotan setelah beredarnya video yang diduga memperlihatkan oknum staf sekretariat tengah mengonsumsi narkotika jenis sabu. Rekaman berdurasi 16 detik tersebut viral dan tersebar melalui pesan berantai di aplikasi WhatsApp sejak pagi hari. Dalam video itu, seorang pria yang diduga berinisial TS terlihat memegang alat isap (bong) dan melakukan aktivitas yang mengarah pada penyalahgunaan narkotika di dalam sebuah ruangan. Peredaran video tersebut memicu reaksi dari masyarakat, khususnya di wilayah Kabupaten Muaro Jambi . Sejumlah pihak menilai dugaan tindakan tersebut dapat mencoreng nama baik institusi legislatif daerah. Hingga kini, pihak sekretariat DPRD Muaro Jambi belum memberikan keterangan resmi secara rinci. Namun, seorang narasumber internal menyebut sosok dalam video memiliki kemiripan dengan staf berinisial TS. “Kami sangat menyayangkan jika hal ini benar terjadi. Ini jelas mencoreng nama baik institusi. Kami menyerahkan sepenuhnya proses hukum kepada pihak kepolisian,” ujar salah satu anggota DPRD yang tidak ingin disebutkan namanya. Sementara itu, Polres Muaro Jambi dikabarkan tengah melakukan penyelidikan terkait video tersebut. Tim Satuan Reserse Narkoba akan menelusuri lokasi dan waktu perekaman guna memastikan kebenaran serta status hukum terduga pelaku. Kasus ini menjadi perhatian terkait pentingnya pengawasan internal di lingkungan instansi pemerintahan. Selain itu, pelaksanaan tes urine secara berkala dinilai sebagai salah satu langkah untuk menjaga lingkungan kerja tetap bebas dari penyalahgunaan narkotika. Nomor TDPSE : 018116.01/DJAI.PSE/04/2025",1655
museum viral Jambi,Gubernur Dorong Candi Muaro Jambi Jadi Magnet Investasi dan Penggerak Ekonomi - imcnews.id,https://news.google.com/rss/articles/CBMiugFBVV95cUxOTHhQYkMyaDk2X0w3NGZTVUg2NTlRVWdLQ1hYdGplU3lyMUpwc1lqVjFDQ2l5dFQ3a2JhMDdEM015MElKbzczVThQVGxMemJ0V0t3RnZtVnVqMUZlWDItNTQwUWEyRXV1NU9TTmZNSDJ4b0hpY1dBWVZ4QS1sSEZad1BNWHA3YzR0Q29EN3JaOUVrZ1Q3RWZENFVIeEE5WDJWRjVGNHNrSXc1TlR0THNOZmNZSUplZ3psSlE?oc=5,2026-09-05 07:00:00+00:00,imcnews.id,https://jambiekspres.disway.id/nasional/read/719848/usai-gibran-kini-giliran-fadli-zon-yang-janji-tutup-stockpile-batubara-di-sekitar-candi,"Mahasiswa kembali suarakan penutupan stockpile batubara di Sekitar Candi Muaro Jambi, giliran Fadli Zon yang didesak-Foto: Istimewa- JAMBI, JAMBIEKSPRES.DISWAY.ID – Kunjungan Menteri Kebudayaan Republik Indonesia Fadli Zon ke Jambi, Jumat (31/7/2026), diwarnai sorotan terhadap keberadaan stockpile batu bara di sekitar kawasan Candi Muaro Jambi . Isu tersebut mencuat dalam sejumlah agenda kunjungan Fadli Zon, mulai dari kuliah umum di Universitas Jambi, kunjungan ke Museum Bioskop Tempoa, hingga peresmian Museum Sriwijaya Dharmakirti di kawasan Candi Muaro Jambi. Saat konferensi pers, sejumlah aktivis mahasiswa, pegiat lingkungan, dan pegiat budaya menyampaikan langsung keluhan terkait dampak debu batu bara yang dinilai telah mengotori kawasan cagar budaya tersebut. ""Izin Pak Menteri, Candi Muaro Jambi itu sedang kotor akibat debu batubara pak Menteri,"" ujar Adjie, aktivis Gerakan Mahasiswa Pagar Budaya (GEMA PB) Jambi. Adjie juga menyampaikan bahwa hingga kini belum ada tindakan terhadap stockpile batu bara yang berada di sekitar kawasan candi dan aktivitasnya masih berlangsung. Menanggapi hal itu, Fadli Zon mengatakan bahwa pihaknya telah menyurati pihak terkait mengenai keberadaan stockpile batu bara di sekitar Candi Muaro Jambi sejak sekitar satu setengah tahun lalu. Ia menyebut akan kembali mengundang pihak perusahaan untuk membahas persoalan tersebut. ""Siapa pemiliknya akan saya undang, kalau misalnya masih membandel juga saya akan usulkan supaya ditutup saja!,"" tegas Fadli Zon. Menurut dia, persoalan tersebut bukan semata menyangkut aktivitas ekonomi. Perekonomian, kata Fadli Zon, tetap dapat berjalan tanpa mengorbankan kelestarian situs budaya. Karena itu, keberadaan stockpile dinilai masih memungkinkan untuk dipindahkan ke lokasi lain. Pernyataan tersebut disambut para aktivis yang hadir dalam konferensi pers. Adjie mengatakan masyarakat telah berulang kali mendengar janji penyelesaian persoalan stockpile di sekitar Candi Muaro Jambi. Menurut dia, yang dibutuhkan saat ini adalah komitmen nyata pemerintah untuk menyelamatkan kawasan cagar budaya tersebut. Hal senada disampaikan Mukhtar Hadi atau Borju dari komunitas Rumah Menapo Muaro Jambi. Ia mengatakan persoalan debu batu bara di kawasan Candi Muaro Jambi telah berulang kali disampaikan kepada pemerintah, namun hingga kini belum diikuti langkah konkret. Borju mengaku pernah menyampaikan langsung persoalan itu kepada Presiden Joko Widodo pada April 2022. Namun, menurut dia, setelah empat tahun berlalu belum ada perubahan berarti. ""Kalau saya prinsipnya menunggu Eksennya saja . Kalau terealisasi berarti beliau serius menangani masalah ini. Karna sampai hari ini blum yg ada cuma janji janji. Tugas kita terus memantik api perlawanan ini,"" kata Borju lagi. Cek Berita dan Artikel lainnya di Google News",2806
toko viral Jambi,"Dukung Tranformasi Tata Kelola Persampahan di Kota Jambi, Masyarakat Solok Sipin Hadirkan OPBM Solok Sipin viral - Pemerintah Kota Jambi",https://news.google.com/rss/articles/CBMi3wFBVV95cUxNQUFIb2xGQXJDV0lUZWtUNDdDbFFuQzNabmdvcVAzNU0yS2ZxTUtYQThCd0xKVEcwdTc0ZVdNZEk0M1lJUTc3cm1Xbnp4dlNsdXlEdEVOMTl2RThLcE5OaWRQam9DaUVMS3JHbU9FdE05dmlDbDU3UkZic1FQWDJhaVc2R3FoWE9laTNuTGI1eTNPU1lVVjc5TWdvbkhmWFh0ZkJ4Q3hkVHJBUnBfNjdFVzI2VG5ZRzZOaFlpbDBrZVA0cXd5em9IMlg0aDdyZHUyd3BiaUMtNUkyelBWRXhz?oc=5,2026-06-12 13:25:01+00:00,Pemerintah Kota Jambi,https://imcnews.id/read/2026/09/05/27290/gubernur-dorong-candi-muaro-jambi-jadi-magnet-investasi-dan-penggerak-ekonomi,"IMCNews.ID, Jambi - Gubernur Jambi Al Haris secara resmi membuka High Level Meeting (HLM) Tim Percepatan dan Perluasan Digitalisasi Daerah (TP2DD) Provinsi Jambi tahun 2026 di Museum Sriwijaya Dharmakirti, Kabupaten Muaro Jambi, Jumat (4/9/2026). Dalam kesempatan tersebut, Al Haris menekankan pentingnya kolaborasi dan penguatan potensi daerah untuk mendorong pertumbuhan ekonomi Provinsi Jambi. Menurutnya, kawasan Candi Muaro Jambi memiliki peluang besar untuk dikembangkan sebagai pusat aktivitas ekonomi berbasis pariwisata, kuliner, dan sektor usaha lainnya. ""Candi Muaro Jambi ini yang kelak meramu ekonomi yang ada disini kedepannya, mulai dari pariwisata, kuliner, dan sebagainya. Museum ini sama dengan candi borobudur, tinggal lagi kita mengisinya secara jelas,"" kata Al Haris. Ia menilai, pengembangan kawasan wisata harus diiringi dengan perencanaan yang matang agar mampu memberikan dampak ekonomi bagi masyarakat sekaligus meningkatkan daya tarik investasi di Provinsi Jambi. Al Haris juga menyebut Jambi sebagai wilayah yang efektif dan layak untuk berinvestasi. Ia menyoroti indikator kemudahan berusaha di Jambi yang dinilai menjadi salah satu keunggulan dibandingkan daerah lain di Sumatera. “Jambi adalah wilayah yang efektif dan paling layak untuk berinvestasi, karena iklimnya paling rendah di Sumatera,” ujarnya. Selain pengembangan kawasan wisata, Gubernur mendorong penguatan kolaborasi antardaerah, khususnya antara Kota Jambi dan Kabupaten Muaro Jambi. Menurutnya, kedua daerah memiliki potensi yang dapat saling melengkapi dalam mendukung pertumbuhan ekonomi. “Kota Jambi memiliki hotel yang berbintang, Muaro Jambi yang memiliki wilayah (wisata),” tambah Al Haris. Ia menilai, sinergi tersebut dapat menjadi kekuatan dalam membangun ekosistem pariwisata dan ekonomi daerah yang lebih terintegrasi. Dalam kesempatan itu, Al Haris juga menyampaikan apresiasi kepada Bank Indonesia yang terus mendukung penguatan ekonomi di Provinsi Jambi. Ia menilai, peran perbankan sangat penting dalam mendorong pertumbuhan ekonomi, termasuk melalui dukungan terhadap pelaku usaha mikro, kecil, dan menengah (UMKM). ""Saya mengucapkan terima kasih kepada Bank Indonesia yang sudah memperkuat ekonomi di Provinsi Jambi kedepan, peran perbankan luar biasa, pelaku UMKM kita juga ikut mewarnai semuanya,"" ucap Al Haris. (*) Klinik Pratama 16 Medika Buka Layanan Baru Mulai 1 Oktober Anggaran, Efisiensi dan Ilusi Keberhasilan Pembangunan Generasi Muda Harus Mampu Beradaptasi dengan Perubahan Dunia Kerja Sempat Tertunda, Porprov Dipastikan Digelar Tahun Depan PHR Penuhi Hampir Sepertiga Produksi Migas Nasional Banding Dikabulkan, Hukuman Nadiem Makarim Diringankan Titik Hotspot Terus Bertambah, Ivan Wirata: Api Berpindah, Asap Bergerak",2749
toko viral Jambi,"Modus Belanja di Minimarket, Tiga Pria Gondol HP di Jalan Panglima Polim Jambi - Terasbatam",https://news.google.com/rss/articles/CBMipwFBVV95cUxOOVRQMEtFZDEzOXJXSjlPb1F2eWM4dWZVWGo3Q3pqb0RDdy1SYVdzWWtQYmN4ZTg2Q1FMWmdLNnRXQzlEbWVSNUZsRHloOHNQODl0Q3pNeEZqV05PZE1VdjdMNU9xTlFoYVZYcUtLNU1Sb2FfY3MxeThIcmlZZTRlRXVPbzBHN2NCTmRRTjdDbjF0MVJLZklJWGxHVVpXYjk2TGVrZFRTSdIBrAFBVV95cUxNTURyeHB3RGJaVDVOMXhuZWRlZHM1ek9qM0d3ZUd1czVWSVhfelU3RzZNR2xGU0NDY1VuS3RXcnpIeFlncVFtMGhuY0ljLVYyMnZQd0E2ZFZQeTU3OWd0eWd2dVM0UXhfY29aSTg4UWd3MnhRcXBkSENCV3NneFZ3WmFjbklUVWt2OGZZdUc0TUJ5a1RCYlk4RmhVVlliSkJYLW05SkdpX2lSWFpR?oc=5,2026-06-01 07:00:00+00:00,Terasbatam,https://www.jambikota.go.id/berita/dukung-tranformasi-tata-kelola-persampahan-di-kota-jambi-masyarakat-solok-sipin-hadirkan-opbm-solok-sipin-viral,"Penulis: Johanes Afrizal | Editor: Eko Oktavianus Jambi - Pemerintah Kota (Pemkot) Jambi terus memperkuat komitmennya dalam mewujudkan lingkungan bersih dan sehat melalui program prioritas Kampung Bahagia. Hal itu dibuktikan, melalui launching 5 unit bentor OPBM (Operator Pengumpul Sampah Berbasis Masyarakat) yang dipusatkan di RT 22, Kelurahan Solok Sipin, Kecamatan Danau Sipin Kota Jambi, pada Jumat sore (12/06/2026). Launching dipimpin langsung oleh Wali Kota Jambi Dr. dr. H. Maulana, M.K.M., didampingi sejumlah Kepala  Perangkat Daerah dengan ditandai pemasangan stiker OPBM pada gerobak motor sebagai tanda resmi beroperasinya OPBM di Kelurahan Solok Sipin. Kegiatan juga dirangkai dengan penandatanganan prasasti oleh tokoh adat RT.16 Kelurahan Sungai Putri atas terlaksananya program Kampung Bahagia dan serah terima bantuan UMKM berupa gerobak cilok dari pemanfaatan program Kampung Bahagia. Dalam sambutannya, Wali Kota Jambi Maulana menyampaikan rasa bangga terhadap warga Kelurahan Solok Sipin bagaimana kekompakan para Ketua RT dan seluruh toko adat, toko agama bisa berhasil melasakanakan program Kampung Bahagia secara lengkap berupa infrastruktur, keamanan CCTV, sosial kemasyarakatan lewat bantuan UMKM. ""Sore ini saya hadir di RT 22 dalam rangka serah terima hasil pelaksanaan program Kampung Bahagia, disini lengkap untuk keamanan ada CCTV, untuk kebersihan pengadaan gerobak motor dalam mendukung pelaksaan OPBM dan bantuan UMKM untuk masyarakat dan infrastruktur,"" ucapnya. Maulana juga mengapresiasi masyarakat Solok Sipin dengan seluruh tokoh masyarakatnya yang telah membentuk suatu lembaga masyarakat yang sudah dilegalkan lewat OSS bernama OPBM Solok Sipin Viral. ""Dengan tujuannya mengorganisir dimana satu Kelurahan di organisir melalui forum yang ditunjuk untuk mengelola sampah yang ada di satu Kelurahan ini,"" ungkapnya. Maulana juga menjelaskan bagaimana proses tahapan dalam pelaksaan OPBM nantinya. Seperti, pengambilan sampah dari rumah kerumah, dan sosialisasi pemilahan antara sampah organik dan anorganik sehingga sampah memiliki nilai ekonomi. ""Sampah organik setiap hari akan diambil OPBM berjalan berkeliling dan sampah anorganik akan ditentukan hari dalam pengambilan langsung dimanfaatkan secara ekonomi jual sehingga punya nilai menjadi pendapatan dan dapat digunakan bersama sama untuk kepentingan masyarakat,"" jelasnya. ""Bernilai secara ekonomi, sehingga nantinya bagi warga yang tidak mampu bisa gratis tapi yang penting pilah sampah dari rumah karena sampah punya nilai ekonomi dengan menggunakan sistem subsidi ini sebuah contoh yang luar biasa,"" pungkas Wali Kota Jambi. Dikesempatan itu, Camat Danau Sipin, Ferdinand Faizal menyampaikan kegiatan ini merupakan bentuk dukungan seluruh elemen masyarakat, khususnya masyarakat di Kelurahan Solok Sipin dalam pelaksanaan program Kampung Bahagia. Ia juga melaporkan terkait pelaksaan program Kampung Bahagia di tahap I Kelurahan Solok Sipin untuk pengadaan bentor ada sebanyak 5 bentor, ditambah 2 yang sudah aktip dari BKBK dan DHU, untuk CCTV sebanyak 23 dan bantuan UMKM berupa gerobak cilok. ""Alhamdulillah terkait pelaksaan OPBM di Kelurahan Solok Sipin semua warga mendukung penuh dalam pelaksaannya dan warga ingin Kota Jambi menjadi kota yang bersih dan nyaman bagi masyarakat,"" singkatnya. Selain itu, Ketua Forum RT Kelurahan Solok Sipin  Syahroni menyampaikan rasa bangga dengan adanya kegiatan ini karena masyarakat kota Jambi terkhusus masyarakat Solok Sipin sangat menanti tata kelola persampahan yang merupakan permasalahan bersama. ""Saya mengakui jika kita sendiri - sendiri mengurusi masalah sampah tidak akan pernah selesai, karena permasalahan sampah ini bagian dari masalah kita bersama,"" ucapnya. ""Dengan banyaknya permasalahan- permasalahan yang terjadi kami seluruh masyarakat Solok Sipin bersepakat membuat suatu wadah yang kami namakan OPBM Solok Sipin viral sebagai wadah untuk meyelesaikan permasalahan sampah yang ada di Kelurahan Solok Sipin,"" tutupnya.",3983
tempat belanja viral Jambi,"Viral Pamer Gaji ke-13 Buat Beli Mobil dan iPhone, 4 ASN Pemkot Jambi Terancam Sanksi Etik - wamanews.id",https://news.google.com/rss/articles/CBMirwFBVV95cUxNMlFUMnp5eTA2UnFfdG9sNkF2UUZPUUJPdy1EdlF3enRLTjdjaWxNOG84VDRvQW5XbF9uQ3dYOGZCeUxmeS1WbVZ6T2dsN3VXazF1amtvR2RCUllYdFlmMFFVUWlHU2RFSW5MOTE1Zjl0QURiT0ZVX2NlMGJzNnFWaUlNc3VvdVhMYklPVVlLM3pYMEE5eEFiZ3NVa3ptU0RqM1ltMUQyNVJtZ1lkLURn?oc=5,2026-06-13 07:00:00+00:00,wamanews.id,https://www.terasbatam.id/modus-belanja-di-minimarket-tiga-pria-gondol-hp-di-jalan-panglima-polim-jambi/,"TERASBATAM.ID – Aksi pencurian ponsel dengan modus berpura-pura berbelanja kembali terjadi di Kota Jambi. Sebuah toko yang buka 24 jam di Jalan Panglima Polim Rajawali (Kasang), Kecamatan Jambi Timur, menjadi sasaran pelaku pada Senin (1/6/2026) dini hari. Peristiwa berlangsung sekitar pukul 03.30 WIB dalam suasana subuh yang sepi. Pelaku yang datang berboncengan tiga orang dari arah Kelurahan Tanjungpinang tiba di lokasi dengan mengendarai sepeda motor bebek berwarna hitam. Ketiganya mengenakan baju serba hitam dan terlihat masih berusia muda. Berdasarkan rekaman kamera pengawas (CCTV) di lokasi, modus yang digunakan pelaku cukup terencana. Satu orang pelaku terlebih dahulu mengisi bahan bakar minyak senilai Rp5.000 di dispenser pompa yang berada di depan toko. Sementara dua rekannya menunggu tidak jauh dari lokasi. Pelaku utama kemudian masuk ke dalam toko dengan pura-pura meminta api untuk menyalakan rokok. Setelah itu, ia berpura-pura membeli jajanan sambil mengamati situasi. Momen pencurian terjadi saat penjaga toko meninggalkan meja kasir untuk mengisi bensin kendaraan pelaku ke depan toko. Pelaku yang melihat ponsel tergeletak di atas meja kasir segera mengambilnya dengan tangan kiri. Dengan cepat, pelaku memasukkan ponsel tersebut ke kantong celana bagian belakang. Ia kemudian kembali berpura-pura menanyakan harga jajanan yang hendak dibelinya seolah tidak terjadi apa-apa. Lia, pemilik toko, mengatakan bahwa dirinya baru menyadari ponsel miliknya hilang setelah penjaga toko kembali ke meja kasir. Begitu dicek melalui rekaman CCTV, tampak jelas ponsel tersebut telah diambil oleh pelaku. “HP itu dulu saya beli baru seharga sekitar Rp3 juta. Sekarang saya rugi jutaan rupiah,” ujar Lia kepada www.terasbatam.id. Lia mengimbau warga khususnya para pemilik toko yang buka 24 jam agar lebih waspada. Modus berpura-pura berbelanja, meminta api, atau mengisi bensin dengan nominal kecil kerap digunakan pelaku untuk mengalihkan perhatian korban. “Harap hati-hati. Maling HP dengan modus belanja sudah bergentayangan di Jambi Timur,” kata Lia. Jika pelaku tidak menunjukkan niat baik mengembalikan ponsel yang dicuri, Lia menyatakan akan mempolisikan kasus ini. “Kami akan melaporkan ke pihak berwajib,” tegasnya.",2240
tempat belanja viral Jambi,"Viral ASN Pemkot Jambi Pamer Rencana Belanja Gaji ke-13, Warganet Beri Kritik Pedas - Kabar Jambi Kito - Kabar Jambi Kito",https://news.google.com/rss/articles/CBMizwFBVV95cUxQSlFxbTRFV2dBUjNOYjBYZmFCRlltVmJFc3FJb3hjODJrOWgzTldRajB4QktnUkJFN1p6RmkyRUw0MlNpT2I5SUE3bGFSQ1Npb195aDVIMVE0VnNBVWxXLW9iQWdILVUwcUxLQ1gzLU9QNG5Ga01uY2JPQWxjNV9KaVA0amducFF5N1l0SjdoX3hGYkVSTGM2WTAxRDVVX3A0V3pNZVNKc29KVExha0FuVE8ydjZURm8yU3hPclRTQmhUMmRMTUlvLU9JWERsdEHSAdQBQVVfeXFMT1JQSVN2dk1SSlMyU3FmRVc4eTdPUTNJNTZXYldMTmtyUkFXUFFzN2xHRHNuRDdGZjBOY2JoTlhfOGFTN2ZoWm4wXzRQTVk3akhreERVWnhDQzZ2NXFIOFUzRGZpNXhsSVczWW5nU1lRRkpxYURLR3A0aEZESDZxMTVuYVNHUjlXTkkxN3hOVGJhNVJ6bEF3aTFfdVdQT1YwMWprYlBTMFV5M2tWTFJJbUNpakxLaHdJanMyaGl0YU5wZjZzZmtWbDFISVctdWl6UDRoVXk?oc=5,2026-06-11 07:00:00+00:00,Kabar Jambi Kito,https://wamanews.id/viral-pamer-gaji-ke-13-buat-beli-mobil-dan-iphone-4-asn-pemkot-jambi-terancam-sanksi-etik/,"Wamanews.id, 13 Juni 2026&nbsp;- Jagat media sosial kembali dihebohkan oleh aksi pamer atau&nbsp;flexing&nbsp;yang diduga dilakukan oleh oknum pelayan publik. Kali ini, aksi empat orang perempuan yang diduga kuat merupakan Aparatur Sipil Negara (ASN) di lingkungan Pemerintah Kota (Pemkot) Jambi mendadak memicu polemik luas di tengah masyarakat. Hal ini terjadi setelah video pendek yang mereka buat beredar viral di berbagai platform digital. Video tersebut langsung memancing perdebatan sengit dan menuai sentimen negatif dari warganet. Pasalnya, konten tersebut secara terang-terangan menampilkan percakapan mengenai rencana penggunaan dana tunjangan gaji ke-13 untuk membeli deretan barang mewah yang dinilai tidak realistis. Imbas dari tindakan ceroboh tersebut, keempat abdi negara ini kini berada dalam bayang-bayang pemeriksaan intensif hingga ancaman sanksi disiplin berat dari instansi tempat mereka bernaung. Dalam rekaman video yang beredar luas, keempat ASN wanita yang masih mengenakan seragam dinas cokelat resmi tersebut tampak bergantian menjawab pertanyaan di depan kamera mengenai rencana penggunaan uang gaji ke-13 yang baru saja dicairkan oleh pemerintah. Secara bergiliran, masing-masing dari mereka menyebutkan daftar keinginan belanja bernilai fantastis. Daftar barang mewah yang mereka sebutkan mulai dari investasi emas logam mulia Antam, pendaftaran haji furoda (haji jalur undangan khusus tanpa antre), pembayaran uang muka atau&nbsp;down payment&nbsp;(DP) mobil baru, hingga pembelian gawai kasta tertinggi iPhone 17 Pro Max. Tidak berhenti di situ, pada penghujung video, salah satu dari mereka juga melontarkan pertanyaan interaktif yang dinilai memancing netizen:&nbsp;""Kalau kamu untuk apa?"" Konten ini seketika memanen kritik tajam dari publik digital. Banyak warganet menilai bahwa pamer kemewahan dengan menggunakan seragam dinas sangat tidak patut dan tidak peka, terutama di tengah kondisi ekonomi makro masyarakat bawah yang saat ini masih terseok-seok menghadapi berbagai tekanan daya beli. Merespons kegaduhan yang berkembang di masyarakat, Pemerintah Kota Jambi langsung mengambil tindakan tegas dan cepat. Sekretaris Daerah (Sekda) Kota Jambi, A. Ridwan, menegaskan bahwa pihaknya telah menginstruksikan jajaran terkait untuk segera melacak dan menelusuri identitas lengkap keempat ASN yang bertindak tidak bijak dalam video tersebut. Penelusuran identitas ini akan menjadi dasar hukum utama untuk melakukan pemanggilan dan klarifikasi secara resmi. A. Ridwan secara terbuka mengaku sangat menyayangkan dan kecewa atas tindakan bawahannya tersebut. Menurutnya, perilaku itu sama sekali tidak mencerminkan nilai etika, moralitas, dan kesederhanaan yang wajib melekat pada seorang aparatur negara. Ia memaparkan, esensi dan tujuan utama pemerintah mencairkan dana gaji ke-13 adalah untuk meringankan beban finansial pegawai, khususnya dalam memenuhi kebutuhan domestik yang mendesak seperti biaya pendidikan menyambut tahun ajaran baru anak sekolah. ""Sebenarnya mereka tidak harus seperti itu, karena gaji ke-13 itu juga tidak besar. Saya tahu besaran untuk golongan II dan III itu bervariasi, ada yang Rp2,5 juta, ada yang Rp3 juta,"" cetus A. Ridwan dengan nada kesal pada Sabtu (13/6/2026). Lebih lanjut, Sekda menegaskan bahwa tindakan menjadikan dana tunjangan negara sebagai materi konten komedi atau pamer sangat tidak pantas karena melahirkan persepsi keliru di mata publik seolah-olah ASN hidup bergelimang kemewahan dari uang negara. ""Mau dibeli apa dengan uang segitu? Jadi tidak pantas dipamerkan, hal itu justru memicu persepsi negatif di tengah masyarakat,"" tegasnya. Pemkot Jambi memastikan proses hukum internal terhadap keempat oknum tersebut tidak akan berjalan formalitas belaka. Langkah penindakan ini diambil demi menjaga marwah, wibawa institusi, serta mendisiplinkan seluruh jajaran ASN maupun Pegawai Pemerintah dengan Perjanjian Kerja (PPPK) agar lebih bijak dan profesional dalam menggunakan media sosial. Terkait dengan sanksi yang membayangi, Ridwan menyerahkan tahapan awal kepada pihak Inspektorat Kota Jambi untuk mendalami tingkat kesalahan melalui proses klarifikasi verbal. Namun, jika dalam perkembangannya ditemukan adanya bukti kuat pelanggaran serius terhadap peraturan disiplin pegawai, perkara ini dipastikan akan menggelinding ke tingkat yang lebih tinggi. ""Kita lihat nanti sanksinya seperti apa setelah pemeriksaan. Persoalan ini sangat bisa saja kita bawa dan limpahkan ke ranah Majelis Kode Etik ASN. Biar nanti ada majelis khusus yang menilai dan menjatuhkan sanksinya,"" pungkas A. Ridwan mengakhiri keterangannya.",4601
pasar viral Jambi,"Viral Video Diduga Perkelahian Remaja Putri di Tebo, Polisi Turun Tangan - jambiprima.com",https://news.google.com/rss/articles/CBMiuAFBVV95cUxOVC1Ndm9uQktoTUVUMDN3a196cEE1d3VyY2NjcnBGVkp5cEdIWTVxWFJkdEV5Z2hMeE54elFrN21DY0xEQnp2emJLeXZKWEJvUUpDUFlrOTlsbjFLM01LR3NzZ2g0TVp4alVqRXZQblFzaWhzVjFWSFZYNlkydDVFajcwWG5FVlo2NTJaUmNkTUdndmhmdERELVRjakp5N1MxSGp6SzI1aGwxakswYm84ekp5NzJHNUNk?oc=5,2026-05-25 07:00:00+00:00,jambiprima.com,https://www.kabarjambikito.id/peristiwa/59117236441/viral-asn-pemkot-jambi-pamer-rencana-belanja-gaji-ke-13-warganet-beri-kritik-pedas,"Kabarjambikito.id - Sejumlah Aparatur Sipil Negara ( ASN ) perempuan di lingkungan Pemerintah Kota Jambi menjadi sorotan setelah mengunggah video mengenai rencana penggunaan gaji ke-13 yang baru mereka terima. Video tersebut viral di media sosial dan memicu beragam tanggapan dari masyarakat. Dalam video yang beredar, para ASN tersebut menyampaikan berbagai rencana penggunaan gaji ke-13, mulai dari membeli emas batangan sebagai investasi, membeli iPhone baru, menabung untuk biaya haji, hingga membeli mobil baru. Gaji ke-13 sendiri mulai dicairkan pemerintah pada Juni 2026 kepada ASN, TNI, Polri, dan pensiunan sesuai ketentuan yang berlaku. Baca Juga: Tidak Ada Toleransi, ASN Dilarang Bikin Konten Live Saat Jam Kerja Unggahan tersebut kemudian menuai kritik dari sejumlah warganet. Mereka menilai konten yang menampilkan gaya hidup dan rencana belanja tersebut kurang tepat dipertontonkan di tengah kondisi ekonomi masyarakat yang masih menghadapi berbagai tekanan. Di berbagai platform media sosial, netizen mempertanyakan sensitivitas para ASN dalam membuat konten publik. Sebagian menilai penggunaan gaji merupakan hak pribadi masing-masing pegawai, namun ada pula yang berpendapat ASN perlu lebih berhati-hati menjaga citra dan etika sebagai pelayan masyarakat. Perdebatan pun berkembang antara pihak yang menganggap video tersebut sekadar hiburan dan ekspresi pribadi, dengan pihak yang menilai unggahan tersebut berpotensi menimbulkan kesan kurang empati terhadap kondisi masyarakat saat ini.",1506
pasar viral Jambi,Terungkap! Ini Penjelasan Polisi soal Video Viral Remaja Bawa Sajam di Kota Jambi - https://jambiindependent.disway.id/ - Jambi Independent,https://news.google.com/rss/articles/CBMizgFBVV95cUxNNjBON2Uzd1ZPcWpkUmJvOFA5LVFfeXYwazA4NTJRZzBMNW1xUGxndDUtejFMY2hTeXlpeHZTdDRMNXFCV1F4WUVsU3JieXpXdFo1ZmNwUloxZEstVHpJUUcteWN0SzJhU2JnekNTSWRBVkFucjk2d0NadDVRbWM3LWkwd1YySTl5VEhUSHN6MGNuYzJJMHBjaGxVOHg1QzR6UU5IWVdDcXFaSFg1ZzNWQlluS0pBQm5Ic2xIRmlIWFNSOWxVTEZGZmpPblppQdIBxAFBVV95cUxPRFNlX2IyOEJ2Y21DQTlrNEFOTWU0LXZ5dnl1OVIwbGJxMVpjUGlrQkRKOFhaV01Pd3MyWjR3X3FiblZkdy1Oa21XZlVfZ2dCMXNHQ1ZXV1NDWlBjd09JQlRqVEgtZ3FKUF92ZUcwd0FOMC1aalFmZkxEMmhhRDdfNnlaZ2JLVnV5alBTT05HUW02QlppTkRYMERLU1p5VmNOOUluSjVrREpqbzRqVVFxR0hrSGxheTZKdDFUN1J5ZlRZY0JB?oc=5,2026-08-02 07:00:00+00:00,Jambi Independent,https://jambiprima.com/read/2026/05/25/21420/viral-video-diduga-perkelahian-remaja-putri-di-tebo-polisi-turun-tangan/,"JAMBIPRIMA.COM, TEBO – Sebuah video yang diduga memperlihatkan aksi perkelahian antar remaja putri di kawasan Pasar Desa Aur Cino, Kecamatan VII Koto, Kabupaten Tebo, Provinsi Jambi, viral di media sosial dan menyita perhatian masyarakat. Peristiwa tersebut disebut terjadi pada Sabtu, 23 Mei 2026. Dalam video yang beredar, tampak sejumlah remaja terlibat keributan yang diduga memicu aksi kekerasan terhadap beberapa korban. Berdasarkan informasi yang dihimpun, salah satu remaja yang diduga terlibat diketahui berinisial OL dan disebut masih berstatus pelajar di salah satu SMP di wilayah Aur Cino. Sementara itu, korban disebut berjumlah tiga orang. Salah satunya berinisial AN, warga Desa Tabun, yang masih menempuh pendidikan di salah satu pondok pesantren di Koto Baru. Dua korban lainnya diketahui berasal dari Sungai Abang dan Dusun Baru. Kasus tersebut memicu reaksi keluarga korban. Salah satu orang tua korban, Titi, mengaku telah melaporkan kejadian itu ke Kepolisian Sektor VII Koto. “Kami sudah membuat laporan ke Polsek VII Koto. Saya berharap kasus ini diproses sesuai hukum yang berlaku karena saya tidak terima anak saya diperlakukan seperti itu,” ujar Titi saat dikonfirmasi, Minggu (24/05/2026). Kapolsek VII Koto, AKP Moh. Hasyim Asy’ari, S.H., M.H., membenarkan pihaknya telah menerima laporan terkait dugaan perkelahian tersebut. “Laporan sudah kami terima. Rencananya besok, Senin, pihak-pihak yang diduga terlibat maupun korban akan dipanggil untuk dimintai keterangan lebih lanjut,” kata Kapolsek melalui pesan WhatsApp. Saat ini, pihak kepolisian masih melakukan penanganan awal dan penyelidikan guna mengetahui kronologi lengkap serta penyebab terjadinya insiden tersebut. (Syh) Pemkab Tebo Tegaskan PT SMS Wajib Patuhi Tonase 16 Ton Pemkab Tebo Jemput Bola Pembiayaan, Rp167,86 Miliar untuk Jalan dan Kesehatan Khalis Mustiko Bakar Semangat Kader Golkar Muara Tabir: Kompak dan Menang Bersama! Status Siaga Darurat Karhutla Tebo Berakhir 30 September, Bakal Dievaluasi Tersandung Indisipliner, Dua ASN DLH-Hub Tebo Terancam Dipecat Khalis Mustiko Buka Muscam VI, Sunyoto dan H. Sabli Kembali Nahkodai Golkar Datuk Rio Peninjau Serukan Perang Total terhadap Narkoba di Bungo",2203
event viral Jambi,"MX Asia Bupati Kerinci 2026 Heboh di Medsos, Hadiah Motor Juara Umum Diprotes Pembalap - JambiLINK.id",https://news.google.com/rss/articles/CBMitwFBVV95cUxOTkF3d3VmSHZsSFhuQlRSNHRfbTBUdVlRaDZIUEJ5Mk9FcWZEeWNpMllTMW5rVkRMQUFGOXVaalpNLWtiMmFxcHpXMFJROEFFUTdLQ2pzYUpqU0tLYXZ4blJYbThOQ3doZkxGaWJIZEFhendpMkl3alJlUkQ2NGhHeE1rMk8yYWZNeGNFZUNsMmxTQ3A2dm9VV3h3dlVzOWZZZnhwSzk1RFlMWjFZVEdXaUpydVY2YzA?oc=5,2026-06-01 07:00:00+00:00,JambiLINK.id,https://jambiindependent.disway.id/hukum/read/715872/terungkap-ini-penjelasan-polisi-soal-video-viral-remaja-bawa-sajam-di-kota-jambi,"Video yang berisi sekelompok remaja bawa senjata tajam di Kota Jambi.-ist/jambi-independent.co.id- KOTA JAMBI , JAMBI-INDEPENDENT.CO.ID – Video yang memperlihatkan sekelompok remaja membawa senjata tajam dan diduga terlibat aksi tawuran di KOTA JAMBI belakangan menjadi perhatian masyarakat. Dalam rekaman yang beredar di media sosial, sejumlah remaja terlihat bergerak dalam satu kelompok sambil membawa benda yang diduga senjata tajam. Kasi Humas Polresta Jambi Iptu Edy Hariyanto membenarkan adanya penanganan perkara terkait aksi tawuran yang melibatkan remaja dan membawa senjata tajam di wilayah hukum Polsek Pasar . Menurut Edy, peristiwa yang ditangani polisi tersebut terjadi pada Jumat 5 Juni 2026 lalu sekitar pukul 19.00 WIB. Lokasinya berada di sekitar Jalan Gatot Subroto, Kelurahan Sungai Asam, Kecamatan Pasar, Kota Jambi, tepatnya di depan SMPN 2 Kota Jambi. BACA JUGA: Panti ODGJ Jambi Penuh, Butuh Penambahan Ruang Perawatan Penanganan kasus bermula setelah polisi menerima laporan masyarakat mengenai sekelompok anak yang mengendarai sepeda motor dan diduga membawa senjata tajam. Mendapat informasi tersebut, personel piket Polsek Pasar kemudian melakukan penyisiran di sekitar wilayah hukum Polsek Pasar. Petugas selanjutnya menemukan sekelompok remaja yang diduga sedang terlibat tawuran di sekitar depan SMPN 2 Kota Jambi. ""Dari laporan masyarakat, personel kemudian melakukan penyisiran dan menemukan sekelompok anak yang sedang tawuran di depan SMPN 2 Kota Jambi. Dalam penanganan tersebut, dua orang diamankan karena kedapatan membawa senjata tajam,"" kata Iptu Edy Hariyanto. Dua remaja yang diamankan tersebut masih berusia di bawah 18 tahun. Polisi kemudian membawa keduanya ke Polsek Pasar untuk menjalani pemeriksaan dan proses hukum sesuai ketentuan yang berlaku. BACA JUGA: Kemarau Panjang, Debit Sungai Batanghari Terancam Terus Menyusut, BPBD Minta Masyarakat Bijak Gunakan Air Dari penanganan tersebut, polisi mengamankan tiga bilah senjata tajam sebagai barang bukti. Barang bukti itu terdiri dari dua bilah celurit dan satu bilah egrek. Salah satu celurit memiliki panjang sekitar dua meter, sedangkan celurit lainnya memiliki panjang bilah sekitar 121 sentimeter. Sementara satu bilah egrek yang turut diamankan memiliki panjang bilah sekitar 47 sentimeter dan dilengkapi gagang yang dibalut lakban bening. Kasus tersebut tidak berhenti pada penangkapan. Setelah proses penyidikan berjalan, perkara kemudian dinyatakan lengkap atau P21. Cek Berita dan Artikel lainnya di Google News",2521
event viral Jambi,Jambi Kota Seberang Siap Gelar Festival Budaya “Baselang Ka Umo” 2026 - jambitv.disway.id - Jambitv.co,https://news.google.com/rss/articles/CBMitgFBVV95cUxPMkFsUDU5dGFFU05TMDlQSkV6c0RYUGFvNURBX2NzXzdpVUhITnZwVXFhLVAwUzZnSTN6SGFkWjBRbVdaTjVZRk4xSmlYd1daQy1Jd3BMQVlUVVFDY3lZSlRoX2YwZ1ZEci1TQk55SXk5Smt2Y1J4Uml5OXRib0lkYjNmNTZoaVhpb0JNcXY4cGJrZzBWVzhqTlg5TmNuMk5QaTVXSHJHdjRuTE9SSFlITlhvQ3EyQdIBpgFBVV95cUxPVUY1VWhTT0g5MG9aaVF6d2tJVG10Y1VpWF9sUUNsOWR3dVRwQ0Y0ZnI0OFRUZ0ZmckVqdC16TDQ2Zm1UQlNBdGpwNEpNSXkxcnJCSTAtNDY1TkdtQmJvb2dBckRCYmtDVWYxdHd3dFNFRkRTMzd2YVY2R1lkZ2phNnNUdXFZM3IwdkdSQ1pOQkFHbVN2bWFUYklHb0tOYl9FdTM1ZklR?oc=5,2026-05-11 07:00:00+00:00,Jambitv.co,https://jambilink.id/post/8696/mx-asia-bupati-kerinci-2026-heboh-di-medsos-hadiah-motor-juara-umum-diprotes-pembalap,"Home Headline Politik Ngaji Politik Daerah Kriminal Ragam Opini Catatan Awin Cari Indek Kerinci – Ajang Motocross MX Asia Bupati Kerinci Cup 2026 resmi berakhir pada Minggu, 31 Mei 2026, di kawasan Kayu Aro, Kabupaten Kerinci. Event balap garuk tanah itu sempat diklaim berlangsung meriah. Sirkuit ramai. Penonton tumpah. Pembalap datang. Sponsor tampil. Panggung penyerahan hadiah pun dibuat megah. Tapi setelah bendera finis dikibarkan, cerita lain justru meledak di media sosial. Bukan soal siapa yang tercepat di lintasan. Bukan pula soal debu sirkuit atau kerasnya persaingan pembalap. Yang ramai dibahas justru soal hadiah. Sejumlah tangkapan layar komentar Facebook dan TikTok menunjukkan kekecewaan netizen dan peserta terhadap hadiah yang diterima pemenang. Hadiah motor untuk juara umum diduga tidak sesuai dengan ekspektasi, bahkan disebut tidak sesuai brosur. Narasi yang paling banyak beredar: hadiah dalam brosur disebut Aerox, namun yang diterima disebut Jupiter MX second. Bahkan ada komentar yang menyebut motor itu tidak layak pakai. Belum ada keterangan resmi dari panitia terkait polemik hadiah ini. Namun di ruang digital, isu itu telanjur bergerak cepat. Seperti motor lepas kopling di tikungan tanah basah: liar, keras, dan sulit dihentikan. Salah satu komentar yang banyak memantik perhatian ditulis akun Reza Dwi Winata. Ia menyinggung perjuangan pembalap yang disebut tidak sebanding dengan hadiah yang diterima. “PERJUANGAN DI BAYAR DENGAN KEKECEWAAN. HADIAH GAK SESUAI JUARA UMUM KERINCI MOTOR JUPITER MX SECOND GAK LAYAK,” tulisnya dalam komentar yang terlihat pada tangkapan layar. Dalam komentar itu, Reza juga menandai sejumlah akun, di antaranya Ahmad Apdul Soleh, Nurul Anisa, Wringgo Ariandi, Ceceng Wrtt, Adib Lendra, Artiko Irvan Arifki, Hendri, serta beberapa nama lain. Komentar itu kemudian mendapat balasan dari akun Ahmad Apdul Soleh. “Bener boss ngk sesuai brosur dengan perkataan. Enek ivent enak nonton orak resiko,” tulis Ahmad Apdul Soleh. Dalam komentar lain, akun yang sama juga menulis: “ASIA MX TAPI MLESET SEMUA.” Komentar-komentar itu membuat isu hadiah semakin panas. Publik menangkap ada jarak antara promosi event, ekspektasi peserta, dan hadiah yang diterima di lapangan. “Wes Rak Masok Berjuang Sampai Jatuh Bangun demi Motor” Komentar pedas juga muncul dari akun Hendri. Ia menulis dalam bahasa campuran Jawa/Jambi, menggambarkan perjuangan pembalap yang disebut sampai jatuh bangun demi mengejar hadiah motor. “Wes rak masok berjuang smpek jatu bangun demi motor. Ternyata motor ngak layak pakai,” tulis Hendri. Komentar itu keras. Bahkan ada kata kasar di bagian akhir yang menunjukkan kemarahan emosional. Komentar lain datang dari akun Anto Krc. Ia menuding event tersebut tidak sesuai dengan promosi awal. “Iya event nya tipu-tipu bos, dlm brosur nyo banyak pembalap dr Jawa ternyata cuma Atar SM Rizki HK doang, udah bayar tiket mahal,” tulisnya. Dalam salah satu komentar yang beredar, warga menyebut penonton dikenakan tiket masuk hingga Rp150 ribu. Dengan harga tiket sebesar itu, publik tentu berharap event benar-benar sepadan, pembalap yang dijanjikan hadir, hadiah sesuai brosur, tata kelola rapi, dan pengalaman menonton yang memuaskan. Namun sebagian netizen justru menilai event itu tidak sesuai ekspektasi. Salah satu komentar bahkan menyebut, dalam brosur disebut banyak pembalap dari Jawa, tetapi yang terlihat disebut tidak sebanyak yang dibayangkan. Keluhan ini memperluas polemik, dari hadiah pembalap, kini melebar ke ekspektasi penonton yang sudah membayar tiket mahal. Komentar ini membuka sorotan lain. Bukan hanya hadiah. Tetapi juga soal promosi event dan ekspektasi penonton terhadap kehadiran pembalap dari luar daerah. Jika tudingan itu benar, panitia perlu menjelaskan. Jika tidak benar, panitia juga perlu meluruskan. Karena di era media sosial, diam sering dibaca sebagai mengiyakan. Kehebohan tidak hanya terjadi di Facebook. Di TikTok, sejumlah konten ikut mengangkat isu kekecewaan pembalap terhadap hadiah MX Asia Bupati Kerinci 2026. Salah satu tangkapan TikTok dari akun Info Kito Kincay menampilkan teks: “Pembalap kecewa dengan hadiah yang diberikan, diduga motor bekas. Ajang Asia MX Bupati Kerinci 2026 di Kayu Aro jadi sorotan. Minggu (31/5/2026).” Video lain menampilkan narasi: “Heboh Asia MX Bupati Kerinci 2026, hadiah diduga tak sesuai ekspektasi pembalap, Minggu (31/5/2026).” Dalam tangkapan layar pencarian TikTok dengan kata kunci “kecewa mx asia kerinci”, terlihat beberapa konten terkait isu tersebut. Salah satunya menampilkan sosok pembalap dengan teks “M Athar sedikit kecewa di sirkuit Jambi Kerinci kejuaraan MX Asia”. Ada pula video lain yang menampilkan seorang pembalap memegang papan hadiah bertuliskan: “JUARA UMUM GTX OPEN 1 UNIT MOBIL GRANMAX” Pada video berbeda, terlihat sejumlah pembalap berfoto dengan papan bertuliskan: “JUARA UMUM GTX LOKAL KERINCI 1 UNIT MOTOR” Namun justru dari hadiah motor itulah polemik muncul. Di salah satu unggahan TikTok, terlihat komentar berbunyi: “Rame juga hadiah motor nya kak di brosur aerox tapi yang di kasih Jupiter mx..” Komentar itu menjadi inti polemik, publik menduga ada perbedaan antara hadiah yang dipromosikan dengan hadiah yang diberikan. Berikut ringkasan data dari tangkapan layar yang beredar di media sosial: MX Asia Bupati Kerinci 2026 bukan event kecil. Dari tampilan panggung dan latar sponsor, terlihat ajang ini membawa nama besar MX Asia, Bupati Kerinci Cup 2026, dan berbagai sponsor yang terpampang di backdrop. Artinya, event ini bukan hanya balapan biasa. Ia membawa wajah daerah. Apalagi digelar di Kerinci, wilayah yang sedang terus mendorong pariwisata, olahraga, dan event berbasis komunitas. Masalahnya, event sebesar itu juga punya risiko reputasi besar. Jika peserta merasa kecewa, isu akan cepat melebar. Jika hadiah dipersepsikan tidak sesuai brosur, publik akan bertanya. Jika panitia lambat memberi penjelasan, netizen akan mengisi kekosongan informasi dengan tafsir sendiri. Di sinilah pentingnya transparansi. Event publik tidak cukup hanya ramai penonton. Ia juga harus rapi janji, rapi hadiah, rapi komunikasi, dan rapi pertanggungjawaban. Sejumlah warga Kerinci menyayangkan munculnya polemik hadiah tersebut. Seorang warga Kayu Aro, Padli, mengatakan event motocross sebenarnya bagus untuk daerah. Banyak orang datang. UMKM bergerak. Nama Kerinci ikut naik. Namun ia menilai panitia harus serius menjaga kepercayaan peserta. “Event seperti ini bagus untuk Kerinci. Tapi kalau hadiah dipersoalkan, nama daerah ikut kena. Jangan sampai orang datang jauh-jauh, bayar tiket, bertanding, lalu pulang kecewa,” ujarnya. Warga lainnya, Sapwan, menilai panitia seharusnya segera memberi klarifikasi. “Kalau memang hadiahnya sesuai brosur, tunjukkan buktinya. Kalau ada perubahan, jelaskan kenapa. Jangan dibiarkan netizen ribut sendiri,” katanya. Sementara seorang penonton yang hadir di sekitar lokasi menyebut isu hadiah membuat suasana setelah event terasa kurang enak. “Balapannya seru. Penontonnya ramai. Tapi setelah itu yang viral malah soal hadiah. Sayang sekali. Harusnya event besar ditutup dengan bangga, bukan gaduh,” ujarnya. Polemik hadiah ini tidak hanya menyangkut panitia. Nama sponsor dan daerah juga bisa ikut terseret dalam persepsi publik. Ketika sebuah event memakai nama Bupati Kerinci Cup, publik akan mengaitkannya dengan wajah pemerintah daerah. Ketika backdrop menampilkan sponsor besar, publik juga akan bertanya apakah sponsor mengetahui detail hadiah dan tata kelola event. Namun polemik hadiah diduga bukan satu-satunya soal yang mengiringi event ini. Di balik gegap gempita MX Asia Bupati Kerinci Cup 2026, muncul pula sorotan lain yang tak kalah sensitif, dugaan penggunaan APBD dan kemungkinan keterkaitan Pokok Pikiran atau Pokir dewan dalam pembiayaan event tersebut. Jika benar ada uang publik mengalir ke balik panggung event ini, maka pertanyaannya menjadi lebih besar. Bukan lagi sekadar soal motor hadiah. Tapi soal tata kelola anggaran. Soal transparansi. Soal siapa yang mengusulkan. Siapa yang menerima manfaat. Siapa pelaksana. Berapa nilai anggarannya. Dan apakah penggunaan dana publik itu benar-benar berdampak luas bagi masyarakat Kerinci. Bagaimana kelanjutannya? Simak terus penelusuran Jambi Link.(*)",8251
event viral Jambi,Gubernur Al Haris Buka Jambi Elok Nian Kota Jambi 2026 - imcnews.id,https://news.google.com/rss/articles/CBMinAFBVV95cUxOSmhLVkY5d1BYS0l2aS02VUtSbHFpVTJGSW5QcFRlb0tSMXdZbGd6RjZUR0t6TnRTUzNHZE01NDNicGVXRm1zZDlFbWJHX3lybGMzMzRqcjJzcm15NHRKTDNGR0NPYXRiNm5YQ2xzVjBhUjBZQ3FvaGZ6Q2VpMUFRekJUZEI4LVNGUlRvYi1UbHIwWXpLQ0hVN3FKOUI?oc=5,2026-07-24 07:00:00+00:00,imcnews.id,https://jambitv.disway.id/kota-jambi/read/13919/jambi-kota-seberang-siap-gelar-festival-budaya-baselang-ka-umo-2026,"jambi kota sebrang mengadakan festival budaya--Jambitv.co KOTAJAMBI, JAMBITV.CO – Masyarakat Jambi Kota Seberang tengah bersiap menyambut perhelatan akbar Festival Budaya “Baselang Ka Umo” 2026 yang akan digelar pada Sabtu, 30/5/2026 mendatang. Mengusung tema “Memelihara Tradisi, Menguatkan Tali Silaturahmi di Hari Tasyrik,” kegiatan ini akan dipusatkan di kawasan pertanian dan permukiman RT 10, Kelurahan Olak Kemang, Kecamatan Danau Teluk, Kota Jambi. Kegiatan kebudayaan ini dipimpin langsung oleh Dr. Muhamad Padli Abdullah yang menjabat sebagai Ketua BAZNAS Kota Jambi, sekaligus salah satu pengurus KMJKS (Keluarga Mahasiswa Jambi Kota Seberang). Sebagai bentuk pemantapan persiapan, Pemerintah Kota Jambi melalui Kecamatan Danau Teluk telah menggelar rapat koordinasi pada Rabu, 6 Mei 2026, bertempat di Aula Kantor Camat Danau Teluk. Rapat tersebut dihadiri berbagai unsur penting, mulai dari jajaran pemerintah, Ketua DPRD, Kapolresta, Kodim, perwakilan Lembaga Adat Melayu (LAM), hingga tokoh masyarakat setempat, guna memastikan kelancaran pelaksanaan kegiatan “Baselang Ka Umo”. Rangkaian Kegiatan Tradisional Berdasarkan petunjuk teknis pelaksanaan, Festival “Baselang Ka Umo” tidak hanya menjadi ajang perayaan, tetapi juga wadah pelestarian budaya dan kearifan lokal. Sejumlah lomba dan kegiatan menarik akan digelar, di antaranya: Nandur (Lomba Tanam Padi Ibu-ibu) Lomba menanam bibit padi secara mundur ini diikuti oleh kelompok tani wanita yang terbagi dalam tim beranggotakan 10 orang. Untuk merepresentasikan tradisi autentik, peserta diwajibkan mengenakan kain tengkuluk baumo serta menggunakan bedak beras dingin di wajah Nugal (Penanaman Palawija Bapak-bapak) Kegiatan ini berupa pembuatan lubang tanam menggunakan tongkat kayu untuk menanam bibit sayuran atau palawija di pematang sawah. Lomba ini menampilkan keterampilan bertani secara tradisional oleh perwakilan kelompok tani dari masing-masing kelurahan. Merupakan kompetisi menangkap ikan bagi kalangan remaja yang dilaksanakan di area rawa atau kolam lumpur (payo). Peserta diwajibkan menangkap ikan menggunakan tangan kosong atau alat tangkap tradisional tanpa bantuan mesin maupun bahan kimia. Lomba ini diperuntukkan bagi perwakilan ibu-ibu PKK dari setiap kelurahan yang menyajikan beragam kue tradisional khas Jambi Kota Seberang. Lomba Pengolahan Hewan Qurban Cek Berita dan Artikel lainnya di Google News",2395
event viral Jambi,"Video Gaji ke-13 Viral, Wali Kota Jambi Ingatkan ASN Jaga Etika dan Bijak Bermedia Sosial - Kompas.com",https://news.google.com/rss/articles/CBMi0AFBVV95cUxPN2ZUVTQyZGFTT0FnVlM2VTJreTk3UWgwcWNJMEo1SUJwb0JabHpZeXduZXoxYlVLQ2k5bUxtQm5jTjFvU3NsckpSeWZQMlc0VVVRelhZaWVCVFh1U29kel9neldTQVN0TS1aMjN4VFJ0ZV9QTFl6eG5TOFhvWm1Zb2dWTlFhQ0pGbFFwaHdkVGVoVzJ1cnRQZ2xzRk5ld2pTTXZfX29xZFZoOEV4Z0ZybkRSc3pRcGx4MDNsazZhSmFLcTlldFJIdFVyUl9ITU91?oc=5,2026-06-15 07:00:00+00:00,Kompas.com,https://imcnews.id/read/2026/07/24/27127/gubernur-al-haris-buka-jambi-elok-nian-kota-jambi-2026/,"IMCNews.ID, Jambi - Gubernur Jambi Dr. H. Al Haris, S.Sos, MH., resmi membuka Pekan Kebudayaan ""Jambi Elok Nian Kota Jambi 2026"" pada Kamis (23/7/2026) malam, di Anjungan Kota Jambi, Taman Mini Melayu Jambi (Arena Eks MTQ). Kegiatan ini mengusung tema ""Bahagia Berbudaya di Serambi Tanah Pilih Pusako Betuah"" dan menghadirkan ragam budaya, kuliner, serta produk UMKM khas daerah. Gubernur Al Haris menekankan pentingnya bersyukur dan pemanfaatan budaya lokal sebagai pendorong kesejahteraan. “Kata Allah, kalau kita bersyukur, insya Allah Allah menambah nikmat-nikmat yang lainnya,"" ujar Gubernur Al Haris. Menurut Gubernur Al Haris, festival ini bukan sekadar promosi budaya, tetapi upaya strategis untuk memaksimalkan potensi UMKM Kota Jambi dan seluruh Kabupaten yang ada di Provinsi Jambi ini. Gubernur Al Haris menyebut perkembangan batik Jambi sebagai bukti meningkatnya kualitas produk lokal yang kini mulai dikenal hingga Jakarta. Ia mengajak masyarakat dan pelaku usaha memanfaatkan momentum festival sebagai multiplier effect bagi perekonomian. “Kita sudah mulai melihat bahwa potensi yang kita miliki itu sudah layak di tingkat nasional. Pameran dan kegiatan di Taman Mini Melayu Jambi menampilkan aneka kuliner tradisional, kerajinan termasuk batik Jambi, serta stand UMKM,"" ucap Gubernur Al Haris. Gubernur Al Haris menyampaikan bahwa tingginya kunjungan wisatawan dan lonjakan permintaan produk lokal selama event besar, seperti Piala Dunia, sebagai contoh bagaimana event dapat menggerakkan ekonomi kreatif dan UMKM. Gubernur Al Haris juga menyampaikan kabar-kabar pembangunan dan pelestarian budaya: akan ada peresmian museum dan penempatan kembali artefak budaya serta pemugaran candi yang akan mendapatkan perhatian kementerian. Ia mendorong kembalinya barang-barang cagar budaya yang saat ini berada di luar negeri agar kembali memperkaya koleksi daerah. Menyinggung agenda mendatang, Gubernur Al Haris menyebut kegiatan besar pada 1 Agustus yang diperkirakan melibatkan ribuan peserta, dan optimisme terhadap pembangunan infrastruktur, termasuk rencana tol sepanjang 67 km dari Pijoan-Cinto Kenang Muaro Jambi ke Merlung yang diharapkan meningkatkan konektivitas dan mendatangkan lebih banyak pengunjung ke Jambi. Dia berharap kegiatan ini meningkatkan kesejahteraan dan kebahagiaan masyarakat. “Pastikan bahagia. Kalau sudah sejahtera, pasti bahagia,"" katanya. Penyelenggaraan ""Jambi Elok Nian — Kota Jambi 2026"" diharapkan menjadi platform promosi budaya, penguatan UMKM, dan daya tarik pariwisata yang mendorong pertumbuhan ekonomi lokal. Pemerintah Provinsi Jambi mengundang masyarakat umum, wisatawan, dan pelaku usaha untuk berpartisipasi dan menikmati rangkaian acara hingga penutupan,"" lanjutnya. Gubernur Al Haris menambahkan, sesuai permintaan Wali Kota Jambi agar tanah anjungan Kota Jambi dihibahkan ke Kota Jambi agar lebih leluasa bisa merawat dan menjaga agar bisa di perindah. “Disini saya sampaikan agar para Bupati Wali Kota di Provinsi Jambi agar membuatkan surat permintaan, agar ada dasar kita untuk menghibahkan kepada kabupaten kota, agar bisa merawat anjungannya masing-masing,"" tuturnya. Sebagai ibu kota provinsi, Kota Jambi berkewajiban menunjukkan identitasnya melalui pelayanan publik, perhotelan, dan acara yang menarik tamu dari luar daerah. Karena kota ini tidak mengandalkan tambang atau batu bara. Ia menekankan bahwa kekuatan Jambi terletak pada kuliner khasnya yang lezat serta kualitas layanan dan acara (party) yang baik. Gubernur Al Haris berharap upaya tersebut dapat menjadikan Kota Jambi tujuan menarik bagi pengunjung luar daerah, sekaligus menumbuhkan semangat pelaku usaha mikro, kecil, dan menengah (UMKM). Sementara itu, Wali Kota Jambi Dr. dr. H. Maulana, M.K.M menegaskan bahwa program ""Jambi Bahagia"" sebagai bagian dari 11 program prioritas Pemkot, termasuk inisiatif unggulan ""Bahagia Berbudaya"" yang menjadikan budaya Melayu sebagai pembeda strategis kota Jambi. Menurut Maulana, posisi Jambi sebagai ibu kota provinsi harus memiliki ciri khas berbeda dibanding kota-kota lain di Sumatera seperti Palembang atau Bandar Lampung. Dengan selesainya jaringan tol Trans-Sumatera, akses antarkota akan semakin mudah, sehingga penting bagi Jambi untuk memperkuat identitas lokal agar warga dan pengunjung tetap memilih Jambi sebagai pusat aktivitas ekonomi dan budaya. Maulana menjelaskan visi tersebut didukung penuh oleh Gubernur, dan bertujuan mendorong pertumbuhan ekonomi tanpa meniru pembangunan kota metropolitan lain. Fokusnya adalah pengembangan karakter kota berbasis religiusitas, agama, dan budaya Melayu yang kuat, memanfaatkan posisi strategis dekat bandara. Wali Kota menilai penyelenggaraan Festival ""Jambi Eloknya"" memberi kesempatan bagi seluruh kabupaten/kota menampilkan kekayaan budaya masing-masing. Kota Jambi, sebagai ibu kota provinsi, diperkirakan akan mendapat manfaat ekonomi signifikan melalui peningkatan aktivitas UMKM. Ia juga berharap Gubernur Al Haris bisa menghibahkan anjungan daerah kepada pemerintah kabupaten/kota agar dikelola secara mandiri. Dengan pengelolaan itu, anjungan dapat diisi kegiatan kuliner, seni budaya, dan pameran batik khas daerah, sehingga Taman Mini menjadi kawasan pusat oleh-oleh terpadu bagi wisatawan yang singgah sebelum menuju bandara, mendorong pertumbuhan ekonomi lokal. (*) Klinik Pratama 16 Medika Buka Layanan Baru Mulai 1 Oktober Anggaran, Efisiensi dan Ilusi Keberhasilan Pembangunan Generasi Muda Harus Mampu Beradaptasi dengan Perubahan Dunia Kerja Sempat Tertunda, Porprov Dipastikan Digelar Tahun Depan PHR Penuhi Hampir Sepertiga Produksi Migas Nasional Banding Dikabulkan, Hukuman Nadiem Makarim Diringankan PEP Jambi dan Mitra Kerja Perkuat Sinergi Demi Keberlanjutan Operasi dan Target Produksi Migas",5747
event viral Jambi,"Viral Pengantin di Jambi 'Adu Jotos' di Atas Panggung, Ini Kisah di Baliknya - detikcom",https://news.google.com/rss/articles/CBMivwFBVV95cUxNMEJZUGVseVZvTFNBbm5lWHZWS1JCZ1VRbmNwOFNTV2xKQzVxQ2lSNjZ3ZGl0N2tDUXlXdkRLdzc5WXB1bGVfcHVzdDFZcHpPaVBWa0IwNWhZVndUQVNKaDdHWWcybUgxYjlFdWU3Vk83Y0k0b1plcTE4cEJPSTFYUjRLYThpZzhyWHdwUmpnV1RZd3duOTVEUXoyQ2MwN0o4TkRBa3kweGNKN3VnSDNpN2p4SUtmSEEtNEhtV2d1d9IBxAFBVV95cUxNeXo1RnFGSmhXU280djlHUkpfRklBclFIa2kzWkxid0YzemszbzF1NGN1c1J4TXlnZE90ZkVJVVNXVkx0a2dPcFAxS2kzWlliZkxreElRS1l6OWotZXZBaWotM0s2YnpyZWFXVFFhOG1iZlZ4LUZrUzF0NmhMdHVfdmJERG03cWRaVGNvX3dMaFEyT1RfM2ZmT0tHMVR3RjdEdFlzbGR5bjM4VkRYTndZQ3hKUzEzYnFxdFZlTkJlZElfZ2FO?oc=5,2026-07-13 07:00:00+00:00,detikcom,https://regional.kompas.com/read/2026/06/15/144700778/video-gaji-ke-13-viral-wali-kota-jambi-ingatkan-asn-jaga-etika-dan-bijak?page=all,"Video Gaji ke-13 Viral, Wali Kota Jambi Ingatkan ASN Jaga Etika dan Bijak Bermedia Sosial JAMBI, KOMPAS.com - Pemerintah Kota Jambi mengingatkan aparatur sipil negara (ASN) untuk menjaga etika dalam bermedia sosial, terutama di tengah meningkatnya penggunaan platform digital dalam kehidupan sehari-hari. Imbauan ini disampaikan langsung oleh Wali Kota Jambi Maulana sebagai bagian dari upaya menjaga profesionalisme dan citra aparatur pemerintah. Pernyataan tersebut disampaikan usai apel peningkatan disiplin ASN di lingkungan Pemerintah Kota Jambi. Dalam kesempatan itu, Maulana menekankan bahwa perilaku ASN tidak hanya dinilai dari kinerja di kantor, tetapi juga dari aktivitas di ruang digital. Baca juga: ASN Jambi Minta Maaf Usai Disebut Pamer Gaji ke-13, Bikin Video untuk Menghibur Maulana menjelaskan bahwa media sosial kini menjadi ruang publik yang memiliki dampak luas terhadap persepsi masyarakat. Oleh karena itu, ASN dituntut untuk tetap menjaga sikap dan perilaku yang mencerminkan nilai-nilai profesionalisme. ""ASN tidak boleh membuat konten yang bertentangan dengan etika,"" katanya di di Lapangan Kantor Wali Kota Jambi, Senin (15/6/2026) dikutip dari Antara . Baca juga: Pengakuan ASN Jambi Usai Disebut Bikin Video Pamer Gaji ke-13: Ikut Tren Parodi Ia menegaskan bahwa ASN juga tidak diperbolehkan melakukan siaran langsung di media sosial untuk kepentingan pribadi selama jam kerja. Menurutnya, tindakan tersebut dapat mengganggu produktivitas serta mencederai prinsip disiplin pegawai. Selain itu, penggunaan media sosial yang tidak bijak berpotensi menimbulkan dampak negatif terhadap citra pemerintah dan kualitas pelayanan publik. Peringatan tersebut muncul setelah beredarnya sebuah video viral yang menampilkan empat ASN Pemerintah Kota Jambi membahas gaji ke-13. Konten tersebut memicu beragam reaksi dari warganet, yang sebagian menilai video itu sebagai bentuk pamer. Menanggapi hal itu, pembuat konten berinisial N memberikan klarifikasi. Ia menyebut video tersebut dibuat sebagai bagian dari tren parodi yang sedang viral di media sosial. ""Video itu dibuat karena mengikuti tren parodi gaji ke-13 yang sedang viral,"" ujar N. Baca juga: Viral Video ASN di Jambi Pamer Gaji ke-13, Terancam Disidang Etik Menurutnya, video tersebut menampilkan empat ASN yang terdiri dari tiga Pegawai Pemerintah dengan Perjanjian Kerja (PPPK) dan satu Pegawai Negeri Sipil (PNS). Proses pengambilan gambar dilakukan di dalam mobil saat mereka hendak membeli makan siang melalui layanan drive thru. N juga menjelaskan bahwa saat video direkam, gaji ke-13 belum dicairkan. Ia menyebut konten tersebut hanya menggambarkan angan-angan ASN. ""Namanya juga angan-angan. Caption-nya saja wishlist si gaji imut,"" ujarnya. Pemerintah Kota Jambi merespons serius beredarnya video tersebut. Sekretaris Daerah Kota Jambi A Ridwan menyatakan bahwa pihaknya akan memanggil ASN yang diduga terlibat untuk dimintai keterangan. ""Sebenarnya mereka tidak harus seperti itu, karena gaji 13 itu juga tidak besar,"" kata Ridwan. Baca juga: Pemkot Jambi Bantah Isu Monopoli Vendor 1.600 CCTV di Program Kampung Bahagia Ia menegaskan bahwa gaji ke-13 diberikan untuk membantu kebutuhan pegawai, terutama yang berkaitan dengan pendidikan anak dan kebutuhan keluarga. ""Gaji itu sebenarnya untuk membantu beban pegawai yang menyekolahkan anak, kegiatan sosial,"" tambahnya. Ridwan juga menyatakan ketidaksetujuannya jika gaji ke-13 dijadikan materi konten yang terkesan berlebihan. ""Saya akan memanggil juga anak-anak tersebut, tidak senang konten seperti itu, gaji itu bukan untuk upaya hura-hura dan lain-lainnya,"" ujarnya. Baca juga: Imigrasi Jambi Selamatkan Wanita dari Dugaan Kejahatan Love Scamming Pria Asal China Maulana mengungkapkan bahwa saat ini terdapat oknum ASN yang sedang diproses sesuai ketentuan karena terbukti melakukan pelanggaran. Ia mengimbau seluruh ASN agar tidak melakukan tindakan serupa. Pemerintah Kota Jambi juga menyiapkan mekanisme penegakan disiplin melalui sistem penghargaan dan sanksi yang diterapkan secara berjenjang. Meski memberikan peringatan tegas, Maulana tetap mendorong ASN untuk memanfaatkan media sosial secara positif. Ia menilai platform digital dapat menjadi sarana efektif dalam menyampaikan informasi pembangunan kepada masyarakat. Menurutnya, konten yang bersifat edukatif dan informatif justru menjadi bagian dari tugas ASN dalam memberikan pelayanan publik. Selain itu, ASN juga diharapkan memiliki rasa kepemilikan terhadap program pembangunan daerah dan tidak hanya berfokus pada tugas pokok masing-masing. ""ASN harus menjadi contoh dan teladan bagi masyarakat,"" katanya. Sebagian artikel ini telah tayang di Kompas.com dengan judul "" Pengakuan ASN Jambi Usai Disebut Bikin Video Pamer Gaji ke-13: Ikut Tren Parodi "". Bayangkan seorang anak Indonesia bercita-cita menjadi dokter tetapi hanya memiliki satu buku lusuh untuk belajar. Bersama Ekspedisi Kata ke Nyata Kompas.com, Anda bisa membantu mengubah kisah itu. Mari hadirkan akses literasi bagi anak-anak di berbagai pelosok Indonesia melalui donasi lewat tautan https://bit.ly/JagatLiterasi2026 . Setiap kebaikan yang Anda berikan bukan hanya membuka jendela pengetahuan, tetapi juga membuka masa depan mereka. Copyright 2008 - 2026 PT. Kompas Cyber Media (Kompas Gramedia Digital Group). All Rights Reserved.",5309
event viral Jambi,"Karhutla Tahura Sultan Thaha Jambi Meluas, Satwa Berlindung di Hamparan yang Tersisa - Kompas.com",https://news.google.com/rss/articles/CBMi1AFBVV95cUxQOTVSOVN3Z25UQkxLZGRlVnV6azlQenVIN3V6VE1PRzItT0g3QW0wemJIb1ZJcnhYRUw1NXEtZTRxMGppYjlWN2NKS2lwUXZCdlpOZGpZb25obHh2RkpBbjg5RjU2MFJwbWRTTGtIYkdlcWd2M0RqSVF2TTI5YUNSa3hWNDRQdWhaRXh1Y0g5bFFUQ0tBZzBuVzhQcm1jUXk4ajQzY3liWnZWZlo3MU9Ob1lDY18teWo1eEdJdnAwQ2NiUFAzWkhIV1dJMzlQSXlkZG5sTA?oc=5,2026-09-10 07:00:00+00:00,Kompas.com,https://www.detik.com/sumbagsel/berita/d-8571352/viral-pengantin-di-jambi-adu-jotos-di-atas-panggung-ini-kisah-di-baliknya,"Pernikahan seringkali dipenuhi dengan momen-momen manis, khidmat, dan kebahagiaan. Namun di media sosial, heboh video pernikahan yang memperlihatkan momen sepasang pengantin memamerkan aksi anti-mainstream. Dalam video yang dibagikan oleh akun TikTok @rusydinasabila26, kedua mempelai yang mengenakan baju adat lengkap ini justru saling adu jotos mengenakan sarung tangan tinju di tengah kepulan efek asap pesta. Dalam unggahan itu, pemilik akun juga tidak bisa menyembunyikan rasa kagumnya terhadap konsep pernikahan unik sahabatnya itu. ""Keren banget penganten bestie gue ini,"" tulisnya. SCROLL TO CONTINUE WITH CONTENT Aksi adu jotos penuh canda di pelaminan ini pun langsung mencuri perhatian netizen hingga menuai berbagai reaksi kocak di kolom komentar. Postingan tersebut sudah ditonton lebih dari 1,1 juta kali. ""Keren banget penganten bestie gue ini,"" tulis keterangan video akun TikTok @rusydinasabila26. ""Kita emang ga pernah tau dream wedding nya orang lain.."" ujar akun @k4Lina. ""Dream wedding yang ga pernah terpikirkan 😭,"" saut akun @yuhuu. ""Bagus kok kak, kerenn bengett, nggak semua orang bisa melakukan ini dan memiliki bakat ini, jadi nggak usah masukin di hati komenan"" yang nggak bermutu atau yang hanya sibuk komentarin hidup orang🫵🏼🤍,"" timpal akun @njiiiiiiiiiii. Kemudian pengantin wanita membalas di kolom komentar,""Sorry guys ini bukan wedding dream , hanya menuruti permintaan Sahabat dan Team EO secara dadakan 😂 eh viral hahhaha,"" balas @Airputihhh ✅. Setelah diklarifikasi, pengantin wanita bernama Avra Jumasha RefpiAsih (28 tahun) membagikan cerita menarik di balik aksi baku hantamnya yang viral. Wanita asal Kota Jambi ini mengungkapkan bahwa video tersebut awalnya direkam oleh seorang temannya saat acara resepsi pernikahan mereka berlangsung. Konsep adu jotos di pelaminan tersebut sebenarnya bukan merupakan rencana awal atau pernikahan impian mereka sejak lama. ""Postingan itu awalnya teman yang videoin pas kita resepsi nikah. Ini sebenarnya bukan wedding dream, awalnya permintaan dari tim Aurora Event Organizer buat sesi sparing boxing itu. Karena mereka tahu kita berdua pasangan atlet, ya kita ngikut aja biar acara kita beda dari yang lain dan biar ramai,"" kata Avra kepada Wolipop. Avra yang sehari-hari bekerja di instansi pemerintahan ini menikah dengan kekasih, Ikrima Affan Qodar Gumai (29 tahun). Keduanya melangsungkan akad nikah pada tanggal 26 Juni 2026, diikuti dengan acara resepsi pada 28 Juni 2026 yang digelar meriah di Kota Jambi. Avra menyebut sejak awal mereka tidak mengusung tema spesifik untuk hari bahagia tersebut, melainkan hanya ingin memberikan sentuhan yang berbeda. ""Nggak mengusung tema apa-apa, kita cuma berencana bagaimana acara pernikahan kita beda dari yang lain aja. Nggak maksud mau pamer atau nunjukin ke orang-orang kalau kita atlet, cuma buat seru-seruan aja, eh viral,"" tuturnya. Keputusan untuk membawa hobi dan latar belakang mereka sebagai atlet ke atas pelaminan ternyata sempat memicu reaksi beragam dari orang-orang sekitar. Sementara pihak keluarga inti memberikan respons yang santai karena sudah memaklumi latar belakang keduanya, kejutan justru datang dari para tamu yang hadir di lokasi. ""Reaksi keluarga ya biasa aja karena orang tua udah tahu awalnya kita sesama atlet. Cuma yang heran dan terkejut paling tetangga sama tamu undangan,"" jelas Avra. Bagi Avra dan suami, kehadiran sesi sparing tinju atas ide kreatif dari tim event organizer mereka itulah yang akhirnya menjadi magnet utama dan pembeda besar dari pesta pernikahan pada umumnya. Anda menyukai artikel ini",3566
tempat makan viral Sumatera Selatan,Rekomendasi Kuliner Halal Palembang yang Jadi Pilihan untuk Dicoba - Chanelmuslim.com,https://news.google.com/rss/articles/CBMinwFBVV95cUxQa1NtaWZyaktOMUhtUy1rMndSeEE0dWw2S050aGRwZUdPbWI0WV9jdHYtVVU1bXc2V2s0TkVWNG52RS1QaDlkVVRRTTFoSlotV19Yc1JRdC03OUdlX1F5WHByQk1GOU5aeHNpQTdrU3FNS2lCTHRqZ3liRTRqcElsamI0dDRnQ3hBYkRxeGRQTEZ0aGRGb2ZweWxNZm93ZXc?oc=5,2026-09-08 07:00:00+00:00,Chanelmuslim.com,https://regional.kompas.com/read/2026/09/10/192218878/karhutla-tahura-sultan-thaha-jambi-meluas-satwa-berlindung-di-hamparan-yang?page=all,"Karhutla Tahura Sultan Thaha Jambi Meluas, Satwa Berlindung di Hamparan yang Tersisa JAMBI, KOMPAS.com - Kebakaran hutan dan lahan (karhutla) di kawasan Taman Hutan Raya (Tahura) Sultan Thaha Jambi, Kabupaten Batanghari, Provinsi Jambi, terus meluas. Di tengah kebakaran yang telah berlangsung sejak Juli 2026 itu, sejumlah satwa seperti kancil, landak, babi hutan, dan berbagai jenis primata terlihat mencari perlindungan di hamparan lahan yang masih tersisa dari kepungan api. Anggota Badan Penanggulangan Bencana Daerah (BPBD) Provinsi Jambi yang bertugas di lokasi, Yazd, mengatakan tim satgas pertama kali diturunkan ke kawasan Tahura pada Kamis (2/7/2026). Puncak kebakaran terjadi pada Agustus 2026. Dalam kurun waktu tujuh hari, luas kawasan Tahura yang terbakar mencapai 180 hektare. ""Di akhir Agustus itu, kebakaran sudah capai 180 hektare. Nah, sejak saat itu kita belum mendata total yang terbakar berapa,"" kata Yazd saat diwawancarai Kompas.com di lokasi, Rabu (9/9/2026). Baca juga: Dua Orangutan Keluar dari Habitat akibat Karhutla di Kotim, BKSDA Beri Penjelasan Kebakaran besar kembali terjadi pada Selasa (8/9/2026) dan merambat hingga ke tepi jalan. Pantauan Kompas.com pada Rabu menunjukkan sejumlah pohon dan tanaman kelapa sawit hangus terbakar. Beberapa titik juga dipasangi garis polisi dan spanduk pemberitahuan bahwa lokasi tersebut masih dalam penyelidikan kepolisian. Sejak pagi, tim gabungan TNI-Polri, BPBD, dan Manggala Agni melakukan pendinginan di bekas lahan terbakar menggunakan operasi jalur darat. Sementara itu, titik api di Pal 13 yang berada di kawasan lereng dan perbukitan dipadamkan melalui operasi udara dengan mengerahkan helikopter waterbombing. Sedikitnya lima kali waterbombing dilakukan dengan kapasitas sekitar 4.000 liter air dalam sekali penyiraman untuk memadamkan api. Yazd mengatakan, titik kebakaran di kawasan Tahura tidak terpusat di satu lokasi. Api muncul di sejumlah titik yang tersebar di hamparan kawasan Tahura yang luasnya mencapai belasan ribu hektare. ""Dia terpisah, titik yang kita bisa jangkau, kita lakukan pemasaman jalur darat, tetapi kalau jauh di dalam, berada di lereng, kita kerahkan waterbombing,"" kata Yazd. Baca juga: Karhutla, BNPB Prioritaskan 6 Provinsi untuk Pemadaman Khusus di Pal 13, sebagian besar lahan telah hangus terbakar. Hanya satu hamparan yang masih tersisa. Yazd yang memantau kondisi tersebut kemudian berkoordinasi dengan Posko Udara Karhutla dan meminta agar waterbombing dikerahkan untuk memadamkan titik api di lereng perbukitan. ""Kalau titik ini gak segera kita padamkan, maka saat malam tiba kebakaran besar akan terjadi, makanya harus segera kita padamkan,"" jelasnya. Menurut Yazd, hamparan yang masih tersisa tersebut menjadi tempat sejumlah satwa berlindung dari kobaran api. Sejak kebakaran membesar, dia melihat berbagai satwa, mulai dari kancil, landak, babi hutan hingga berbagai jenis primata, berpindah menuju hamparan tersebut. ""Jadi sejak pagi saya lihat monyet, kancil sampai landak berlindungnya ke sini (hamparan yang tersisa),"" katanya. Yazd mengatakan kebakaran di Tahura Sultan Thaha Jambi telah terjadi sejak Juli 2026. Sejak saat itu, titik api terus bermunculan hingga sekarang. Dia mengaku sudah sekitar tiga bulan tidak pulang karena harus terus memantau penanganan karhutla di lokasi. ""Kita sudah stanby lama di sini, tidur di posko. Nah kita sudah sempat pindah posko, karena posko pertama sudah sangat dekat dengan titik api,"" jelasnya. Hingga kini, tim satgas masih berada di lokasi dengan sejumlah perlengkapan pemadaman. Sementara itu, Kepala BPBD Jambi Bachyuni Deliani belum merespons saat dikonfirmasi mengenai total luas kawasan Tahura yang terbakar hingga saat ini. Bayangkan seorang anak Indonesia bercita-cita menjadi dokter tetapi hanya memiliki satu buku lusuh untuk belajar. Bersama Ekspedisi Kata ke Nyata Kompas.com, Anda bisa membantu mengubah kisah itu. Mari hadirkan akses literasi bagi anak-anak di berbagai pelosok Indonesia melalui donasi lewat tautan https://bit.ly/JagatLiterasi2026 . Setiap kebaikan yang Anda berikan bukan hanya membuka jendela pengetahuan, tetapi juga membuka masa depan mereka. Copyright 2008 - 2026 PT. Kompas Cyber Media (Kompas Gramedia Digital Group). All Rights Reserved.",4248
tempat makan viral Sumatera Selatan,"8 Rekomendasi Tempat Rujak Mie di Palembang, Kuliner Khas yang Wajib Dicoba - Akurat Sumsel",https://news.google.com/rss/articles/CBMitAFBVV95cUxPN3prM2pNd0tGci0tYUUySnUwaUJJaEVhUlFZVGdPZXh5SUg3WGhqRXBFYVBlclFGcGlwdURnbHp0dU82WHdSTU9pOVdnU2FPbHhhRGhxcU1CZXN1NkhLRHM3aGhWTlBrZkctOFJXRE4taURONnNSQTNpeGZhaG5kQ1RFQVZYZC1VQzZheDk2R2w0b3dPV2RPZFYxRVFSMzhvNF9PbzRLUG5iSDllVG5RZmJkbTU?oc=5,2026-09-09 07:00:00+00:00,Akurat Sumsel,https://chanelmuslim.com/wisata/rekomendasi-kuliner-halal-palembang-yang-jadi-pilihan-untuk-dicoba,"<p class=""w6asjq_TextBase _85PZeG_Text"" data-d-component=""text""><strong>PALEMBANG</strong> bukan hanya dikenal sebagai Kota Pempek. Di balik megahnya Jembatan Ampera dan aliran Sungai Musi, tersimpan kekayaan kuliner halal yang sudah diwariskan turun-temurun. Mulai dari mie berkuah santan yang gurih, pindang ikan bercita rasa segar, hingga martabak kari yang legendaris, semuanya menawarkan pengalaman makan yang sulit dilupakan.</p> <p class=""w6asjq_TextBase _85PZeG_Text"" data-d-component=""text"">Bagi wisatawan muslim, Palembang juga menjadi destinasi yang nyaman karena banyak rumah makan menyajikan menu halal khas daerah. Jika sedang merencanakan liburan ke Sumatera Selatan, lima tempat makan berikut layak masuk dalam daftar kunjungan</p> <p data-d-component=""text"">Baca Juga: <a href=""https://chanelmuslim.com/wisata/pantai-widarapayung-yang-memesona-berada-di-cilacap"">Pantai Widarapayung yang Memesona Berada di Cilacap</a></p> <h2 data-d-component=""text"">Rekomendasi Kuliner Halal Palembang yang Jadi Pilihan untuk Dicoba</h2> <h3 data-d-component=""text"">1. Mie Celor 26 Ilir H M Syafei</h3> <p class=""w6asjq_TextBase _85PZeG_Text PDq2pG_selectionAnchorContainer"" data-d-component=""text"">Belum sah ke Palembang jika belum mencicipi mie celor. Salah satu yang paling terkenal adalah <span class=""w6asjq_TextBase _85PZeG_Text"" data-d-component=""text"" data-d-inline="""" data-d-text-decoration=""underline-dotted"">Mie Celor 26 Ilir H. M. Syafei Z. </span>Kuahnya kental dengan perpaduan santan, kaldu udang, dan telur yang menghasilkan rasa gurih tanpa berlebihan. Mie yang digunakan bertekstur tebal sehingga mampu menyerap kuah dengan sempurna.</p> <p class=""w6asjq_TextBase _85PZeG_Text"" data-d-component=""text"">Tempat ini juga menjadi favorit wisatawan karena mempertahankan cita rasa tradisional sejak puluhan tahun lalu. Seporsi mie celor biasanya disajikan bersama irisan udang dan taburan daun bawang yang harum.</p> <h3 data-d-component=""text"">2. Martabak HAR</h3> <p class=""w6asjq_TextBase _85PZeG_Text PDq2pG_selectionAnchorContainer"" data-d-component=""text"">Kalau biasanya martabak dimakan dengan acar, di Palembang justru berbeda.</p> <div class=""Wl_3jG_Trigger"" tabindex=""0"" role=""button"" data-d-component=""popover-trigger"" data-d-inline-text="""" aria-haspopup=""dialog"" aria-expanded=""false"" data-state=""closed""><span class=""w6asjq_TextBase _85PZeG_Text"" data-d-component=""text"" data-d-inline="""" data-d-text-decoration=""underline-dotted"">Martabak HAR Simpang Sekip </span>menyajikan martabak telur tipis yang disiram kuah kari khas India-Palembang. Kuahnya ringan, sedikit pedas, dan sangat cocok dinikmati saat masih hangat.</div> <p class=""w6asjq_TextBase _85PZeG_Text"" data-d-component=""text"">Menu ini menjadi salah satu ikon kuliner halal Palembang dan banyak diburu untuk sarapan maupun makan malam karena beberapa cabangnya buka hampir sepanjang hari.</p> <h3 data-d-component=""text"">3. Rumah Makan Pindang Musi Rawas</h3> <p class=""w6asjq_TextBase _85PZeG_Text PDq2pG_selectionAnchorContainer"" data-d-component=""text"">Pencinta olahan ikan wajib mampir ke <span class=""w6asjq_TextBase _85PZeG_Text"" data-d-component=""text"" data-d-inline="""" data-d-text-decoration=""underline-dotted"">Rumah Makan Pindang Musi Rawas - Palembang. </span>Pindang patin di sini memiliki kuah bening kekuningan dengan perpaduan rasa asam, pedas, dan gurih yang begitu menyegarkan.</p> <p class=""w6asjq_TextBase _85PZeG_Text"" data-d-component=""text"">Selain pindang patin, tersedia juga pindang baung, udang, hingga aneka sambal khas Palembang. Tempatnya luas sehingga cocok untuk makan bersama keluarga atau rombongan.</p> <h3 data-d-component=""text"">4. Warung Pindang Sophia</h3> <p class=""w6asjq_TextBase _85PZeG_Text PDq2pG_selectionAnchorContainer"" data-d-component=""text"">Bagi yang ingin merasakan suasana lokal, <span class=""w6asjq_TextBase _85PZeG_Text"" data-d-component=""text"" data-d-inline="""" data-d-text-decoration=""underline-dotted"">Warung Pindang Sophia </span>bisa menjadi pilihan. Warung sederhana ini terkenal dengan pindang ikan yang dimasak menggunakan bumbu rempah segar serta potongan nanas yang memberi rasa asam alami.</p> <p class=""w6asjq_TextBase _85PZeG_Text"" data-d-component=""text"">Harga makanannya juga cukup ramah di kantong, sehingga sering menjadi langganan warga Palembang dibandingkan tempat wisata yang lebih ramai.</p> <h3 data-d-component=""text"">5. Pondok Pindang Umak</h3> <p class=""w6asjq_TextBase _85PZeG_Text PDq2pG_selectionAnchorContainer"" data-d-component=""text"">Jika ingin menikmati kuliner halal dengan suasana lebih modern,</p> <div class=""Wl_3jG_Trigger"" tabindex=""0"" role=""button"" data-d-component=""popover-trigger"" data-d-inline-text="""" aria-haspopup=""dialog"" aria-expanded=""false"" data-state=""closed""><span class=""w6asjq_TextBase _85PZeG_Text"" data-d-component=""text"" data-d-inline="""" data-d-text-decoration=""underline-dotted"">Pondok Pindang Umak </span>patut dicoba. Menu andalannya bukan hanya pindang patin, tetapi juga pindang iga dan berbagai masakan khas Sumatera Selatan lainnya.</div> <p class=""w6asjq_TextBase _85PZeG_Text"" data-d-component=""text"">Rasanya autentik dengan porsi yang cukup besar, menjadikannya pilihan tepat untuk makan siang setelah berkeliling kota.</p> <p data-d-component=""text"">***</p> <p data-d-component=""text"">Agar lebih hemat waktu, kamu bisa memulai pagi dengan sarapan mie celor di kawasan 26 Ilir. Siang harinya lanjut menikmati pindang patin di Rumah Makan Pindang Musi Rawas, kemudian sore berburu pempek sebagai oleh-oleh di sekitar pusat kota. Menjelang malam, tutup perjalanan kuliner dengan martabak HAR yang nikmat disantap bersama kuah kari hangat. [DW]</p> <p data-d-component=""text""></p>",5684
wisata viral Sumatera Selatan,"Gerak Cepat Gubernur Herman Deru, Desa Wisata Gunung Dempo Pagar Alam Dibuka Lagi - rmolsumsel.id",https://news.google.com/rss/articles/CBMiqgFBVV95cUxPX3ZxbDhlOGZQVGprSUxtNEhSeDcyZnJmak9UMzZNbFBBYUJuOUp4aW50eEVGM3Z0LXhOckZWSnZsYV9NbldKWE5xTWY0cDBFbEhwc0pTRFJMclZSRWdKcTJ1TzlTaXMyb25RZE5TeDFDaV9LMHoxZjI0YlB0M0laYXJXbEFDTzJCSVhsX0JmM3ZrVHRsdTM4NVJuVDJobVR1TzNzUFVJWTZuZw?oc=5,2026-05-14 07:00:00+00:00,rmolsumsel.id,https://sumsel.akurat.co/kuliner/889151/8-rekomendasi-tempat-rujak-mie-di-palembang-kuliner-khas-yang-wajib-dicoba,"AKURAT.CO SUMSEL Menjelajahi kuliner di Palembang tidak harus selalu berujung pada sepiring pempek. Kota yang dikenal sebagai salah satu surga kuliner Sumatera Selatan ini juga memiliki beragam makanan tradisional yang menarik untuk dicicipi. Salah satunya adalah rujak mie. Sajian ini cukup unik karena memadukan mie dengan tahu, mentimun, pempek, serta pelengkap lainnya, kemudian disiram dengan kuah cuko yang menjadi ciri khas kuliner Palembang. Perpaduan rasa gurih, asam, manis dan pedas membuat rujak mie punya karakter tersendiri. Bagi pencinta kuliner yang sedang berkeliling Palembang, makanan ini bisa menjadi pilihan untuk mencicipi sajian lokal yang berbeda. Ada sejumlah tempat yang bisa masuk daftar tujuan saat ingin berburu rujak mie di Palembang. Berikut beberapa di antaranya. Berlokasi di kawasan 24 Ilir, Pempek & Es Kacang Vico dapat menjadi salah satu tujuan untuk mencicipi kuliner khas Palembang. Tempat ini berada di Jalan Letkol Iskandar, tidak jauh dari kawasan PIM. Selain berbagai olahan pempek, pengunjung juga dapat mencari sajian khas lainnya, termasuk rujak mie. Alamat: Jl. Letkol Iskandar No. 541-542, 24 Ilir, Kecamatan Bukit Kecil, Palembang. Pencinta olahan ikan bisa memasukkan Pempek Kiki ke dalam daftar kunjungan. Tempat makan yang berada di kawasan Sukarami ini dikenal dengan pilihan pempek berbahan ikan gabus. Lokasinya berada di Jalan Perindustrian 2, Kebun Bunga. Bagi yang ingin menjelajahi kuliner khas Palembang di kawasan Sukarami, tempat ini bisa menjadi salah satu pilihan. Alamat: Jl. Perindustrian 2 No. 3, Kebun Bunga, Kecamatan Sukarami, Palembang. Selanjutnya ada Pempek Cik Puan yang berada di kawasan Sukabangun. Lokasinya berada di Komplek Sarjana, Jalan Sukabangun 1. Tempat ini bisa menjadi alternatif bagi pemburu kuliner tradisional yang ingin menikmati berbagai makanan khas Palembang. Baca Juga: 5 Ramalan Zodiak Hari Ini, 9 September 2026: Ada yang Dapat Kabar Baik, Ada yang Harus Lebih Waspada Alamat: Komplek Sarjana, Jl. Sukabangun 1 Blok A, Suka Bangun, Kecamatan Sukarami, Palembang. Ingin menikmati kuliner khas dengan suasana restoran dan kafe? Belido House di kawasan Sekip Jaya dapat menjadi salah satu pilihan. Restoran ini berada di Graha SW, Jalan Bay Salim, Kecamatan Kemuning. Lokasinya cukup strategis bagi warga maupun wisatawan yang sedang menjelajahi kawasan perkotaan Palembang. Alamat: GRAHA SW, Jl. Bay Salim No. A1-3, Sekip Jaya, Kecamatan Kemuning, Palembang. Kawasan Tanjung Api-Api juga memiliki sejumlah pilihan kuliner khas yang menarik untuk disambangi. Salah satunya Kampoeng Palembang yang berada di Jalan Tanjung Api-Api, Kebun Bunga. Tempat ini bisa masuk daftar tujuan bagi wisatawan yang ingin berburu makanan khas Palembang. Alamat: Jl. Tanjung Api-Api, Kebun Bunga, Kecamatan Sukarami, Palembang. Bergeser ke kawasan 11 Ilir, ada Asuk Koboy yang berlokasi di Jalan Slamet Riady. Tempat makan ini bisa menjadi salah satu persinggahan ketika sedang menjelajahi kawasan kuliner di sekitar Ilir Timur II. Pengunjung dapat mencicipi berbagai pilihan menu sembari berburu sajian khas Palembang. Alamat: Jl. Slamet Riady No. 374, 11 Ilir, Kecamatan Ilir Timur II, Palembang. Waroeng Enak berada di Jalan Segaran, kawasan 9 Ilir. Lokasinya bisa menjadi pilihan bagi pencinta kuliner yang ingin mencari sajian khas Palembang dengan suasana makan yang lebih santai. Bagi wisatawan, kawasan 9 Ilir juga menarik untuk dijelajahi karena berada di sekitar area perkotaan yang memiliki beragam pilihan kuliner. Alamat: Jl. Segaran No. 2, 9 Ilir, Kecamatan Ilir Timur II, Palembang. Pilihan lainnya adalah Pempek 888 yang berada di Central Pavilion, Jalan Letkol Iskandar. Lokasinya berada di kawasan 15 Ilir sehingga cukup mudah dimasukkan dalam rute wisata kuliner di pusat kota Palembang. Selain berburu pempek, pengunjung yang ingin mencicipi rujak mie juga dapat menjadikan tempat ini sebagai salah satu tujuan. Alamat: Central Pavilion, Jl. Letkol Iskandar, 15 Ilir, Kecamatan Ilir Timur I, Palembang. Rujak mie menawarkan pengalaman berbeda bagi mereka yang ingin mengenal kuliner Palembang lebih jauh. Mie yang dipadukan dengan berbagai pelengkap kemudian disiram cuko menciptakan perpaduan rasa yang khas. Tekstur dari mie, tahu, mentimun, dan bahan pelengkap lainnya juga membuat satu porsi rujak mie terasa cukup lengkap. Baca Juga: 7 Daerah Sumsel Berpotensi Hujan Hari Ini Rabu 9 September 2026, Cek Sebaran Wilayahnya Kuliner ini pun bisa menjadi alternatif bagi wisatawan yang sudah mencicipi pempek dan ingin mencoba makanan khas Palembang lainnya. Dilarang mengambil dan/atau menayangkan ulang sebagian atau keseluruhan artikel di atas untuk konten akun media sosial komersil tanpa seizin redaksi.",4705
wisata viral Sumatera Selatan,"Bukti Nyata CSR Bank Sumsel Babel di Sawah Namang, Dorong Pertumbuhan UMKM dan Sektor Wisata - babelpos.disway.id - Babelpos.id",https://news.google.com/rss/articles/CBMi0wFBVV95cUxPeFJaV01abmU4YmpuQkRnYTdic1V6bDg4cmNCU2V3cDBYOTJOVVZrYUFiOUNNWTVwWG05cVI1dlJTbVBjQ0NTRWhHU2huTXQ0amVab3VKMkRzUHpxQVQ3NzRFRVEzQU1pS2U3S1Y4aTlaSF9CalcwRGJCT3h3WFZiMWdfQW5xejZnbTFlU2JsNVpsTkw2Ykx4bTZuNmpTeWNPanV0bXlrN25VRUZZajZMYkZGVXN1ckt1MTh6a281SjhucGtyRnB4ZjZaU1B5VzdJbWsw0gHIAUFVX3lxTFBLUUtzQ0FfT0FQY1ZtSDl3ZklKQjdSUjZpYjFVLWMxTlJ4UGdyanMyektMc1dvWTJDZU5VcXI1d216MXZubGxjSkd3bVhTakNpOUF5cm1aN3hEb1l4TzdKN3JOTlZCQm5kbmpFZURBaWxJbFc4Mlg3YU9GZVl5UEVZcDFMVE9qZVEtTjVfZkZoUm1IVHNDalhpUGQyN1hlNndLa3NydFJNeVdzR25TZjBVVElPVy1lMUN2Vkl4M2d6bk5pQ0JyMUJl?oc=5,2026-06-28 07:00:00+00:00,Babelpos.id,https://www.rmolsumsel.id/gerak-cepat-gubernur-herman-deru-desa-wisata-gunung-dempo-pagar-alam-dibuka-lagi,"Setelah sempat ditutup dan memicu polemik luas, operasional Desa Wisata Gunung Dempo di Kota Pagar Alam akhirnya kembali dibuka mulai Rabu (13/5/2026). Namun, izin operasional itu masih bersifat sementara dengan tenggat waktu tiga bulan bagi pengelola untuk melengkapi seluruh persyaratan perizinan yang ditetapkan PTPN I Regional 7. Pembukaan kembali destinasi wisata tersebut tertuang dalam surat resmi PTPN I Regional 7 tertanggal 13 Mei 2026 yang ditandatangani Plt Head Region, Iyan Heriyanto. Surat itu juga ditembuskan kepada Gubernur Sumsel Herman Deru, Pemerintah Kota Pagar Alam dan sejumlah pihak terkait lainnya. Keputusan itu disebut sebagai tindak lanjut atas permintaan Pemerintah Provinsi Sumatera Selatan melalui surat Sekretaris Daerah Sumsel Nomor 800/2713/Disbudpar.IV/2026 tertanggal 12 Mei 2026. Sebelumnya, penutupan Desa Wisata Gunung Dempo sempat viral dan menuai sorotan publik. Penutupan tersebut dianggap merugikan pelaku usaha pariwisata lokal serta mengecewakan wisatawan yang gagal mengakses sejumlah destinasi unggulan di kawasan kaki Gunung Dempo. Situasi itu kemudian memicu langkah cepat Pemerintah Provinsi Sumsel. Pada Senin (11/5/2026), digelar rapat koordinasi di Kantor Gubernur Sumsel yang dipimpin Asisten I Setda Sumsel, Apriyadi Mahmud. Rapat tersebut dihadiri Sekda Kota Pagar Alam, Zaily Oktosab Fitri Abidin, manajemen PTPN I Regional 7, perwakilan Kementerian Pariwisata, Dinas Budaya dan Pariwisata Sumsel, Dinas PTSP Sumsel, Dinas PTSP Pagar Alam hingga pengelola Desa Wisata Gunung Dempo. Dalam rapat itu, Apriyadi Mahmud meminta agar persoalan penutupan segera dicarikan solusi agar tidak menghambat sektor pariwisata yang menjadi andalan Kota Pagar Alam. Ketua Fraksi Partai NasDem DPRD Sumsel, Alfrenzi Panggarbesi, mengapresiasi langkah cepat Herman Deru dalam memediasi persoalan tersebut. “Alhamdulillah berkat koordinasi yang baik dengan semua pihak, akhirnya Desa Wisata Gunung Dempo dibuka kembali dan bisa dinikmati wisatawan yang berkunjung ke Kota Pagaralam,” ujar Alfrenzi kepada wartawan, Kamis (14/5/2026). Politikus asal Kota Pagar Alam itu juga mengapresiasi respons cepat Sekretaris Kementerian Pariwisata, Bayu Aji, sejak isu penutupan kawasan wisata tersebut mencuat ke publik. “Terima kasih juga atas kepedulian Pak Wali Kota Pagaralam dan jajaran serta pimpinan PTPN I Regional 7 yang telah sangat bijak mencarikan solusinya. Semoga ke depan koordinasi seluruh stakeholder pariwisata semakin baik,” tegas Alfrenzi. Editor: Eko Prasetyo",2508
wisata viral Sumatera Selatan,"Sungai Lintang Meluap, Objek Wisata di Sumsel Rusak-Jembatan Roboh - detikTravel",https://news.google.com/rss/articles/CBMisgFBVV95cUxQNndxZm1CdEN3VkZXLUxJUmlWVm9EVVV0eHBkTlVQelBZbEp1a1RLYnNSaTR6bFR3RmM2WTA4UW5aTGFwaU5LeV9la3E4ZDl2QmtzQi1xa0lTS05Ic1EwTmlkX0F4Q2hjVVVTb0hUeXlVYndvRmJQUmJzSzEyYlVXYWstSWdDd25TVTBOdmdOdnZUMFFJUTFfSDlvdWZxOGNTa0hsRnBIbmVFV2J0S3dIMS1n0gG3AUFVX3lxTE9pOVZiSjJGZTlubTFMQXdReUVVallUcGh6cXkzX3FfT1Z1dVJHVGJiZ3dkWVFWVzExcHk0eERURENwSlFJQlBfYUdHQVVEdW5oRFp2OXNCOUVnSGhxTEVqNlZRbXVTRnozdGRIeVdSZjNfTi1OZlhOVUVKLUltMW9STlFoVl9MVXFaQ0xZdzFqVTJoM01yRTZIX3IyUklfR0hUNlU3S1F6SFFRRXhob1E5TWRhRlJlWQ?oc=5,2026-05-23 07:00:00+00:00,detikTravel,https://babelpos.disway.id/probis/read/687402/bukti-nyata-csr-bank-sumsel-babel-di-sawah-namang-dorong-pertumbuhan-umkm-dan-sektor-wisata,"LIFESTYLE & KESEHATAN Objek Wisata Sawah Namang yang Didukung CSR Bank Sumsel Babel. --Foto Tri BABELPOS.ID, NAMANG - SENTUHAN Corporate Social Responsibility (CSR) Bank Sumsel Babel (BSB) sukses mentransformasi kawasan persawahan di Desa Namang, Kecamatan Namang, Kabupaten Bangka Tengah, menjadi objek wisata ekonomi kreatif unggulan. Destinasi yang kini populer dengan nama ""Sawah Namang Pelangi"" tersebut berhasil memadukan keindahan alam agrowisata dengan digitalisasi keuangan, sekaligus menjadi motor penggerak ekonomi masyarakat lokal. Kepala Desa Namang, Muhammad Saiwan, mengungkapkan kawasan persawahan ini sebenarnya telah dirintis sebagai area wisata edukasi sejak tahun 2010 dengan menggandeng berbagai sekolah lokal hingga Pangkalpinang. Namun, lompatan besar menuju destinasi wisata komersial yang viral baru terjadi dalam beberapa tahun terakhir setelah adanya penataan fasilitas dan pengenalan konsep baru. Muhammad Saiwan menjelaskan inspirasi pengembangan komersial ini didapatkan setelah dirinya melakukan studi banding ke Solo dan Yogyakarta. Di sana, ia melihat tren masyarakat urban yang gemar menikmati kopi di tepi sawah. ""Sekembalinya ke Bangka, kami langsung merangkul pelaku UMKM kopi lokal seperti Tan Kopi dan Zyla Coffee yang saat itu masih menggunakan gerobak sepeda listrik. Kami sediakan sekitar 10 kursi di area sawah, lalu momen itu saya foto dan unggah ke media sosial. Ternyata unggahan itu viral di kalangan anak muda dan memicu ledakan kunjungan yang luar biasa sejak tahun 2025,"" ujar Muhammad Saiwan, Senin (21/6/2026). BACA JUGA: Imbas CSR BSB: Pedagang Menuai Rezeki di Sawah Namang Pelangi BACA JUGA: CSR BSB Jadikan Sawah Namang Kian Memukau Sentuhan Estetis CSR BSB dan Modernisasi QRIS Merespons keviralan tersebut, Bank Sumsel Babel (BSB) hadir memberikan dukungan infrastruktur yang masif melalui program CSR. BSB membangun papan nama ikonik berbahan baja nirkarat (stainless steel) di atas susunan bata estetis di tengah sawah, area titik swafoto (spot foto), serta tempat peristirahatan (rest area) strategis di dekat area parkir. Fasilitas penunjang dari BSB ini terbukti sukses menyempurnakan kenyamanan wisatawan saat berburu foto berlatar pemandangan hijau padi dan cahaya matahari terbenam (sunset). ""Jadi, dibantulah lewat CSR Bank Sumsel. Lewat Pak Bupati, intinya Pak Bupati juga mendukung,"" tukasnya. Tidak hanya mempercantik aspek visual, sinergi dengan Bank Sumsel Babel juga menyentuh digitalisasi sektor keuangan. Sawah Namang Pelangi kini menjadi pelopor destinasi digital di Bangka Belitung dengan menerapkan sistem pembayaran nontunai menggunakan QRIS, salah satunya QRIS BSB. Sistem ini digunakan untuk mendukung seluruh transaksi harian di area persawahan hingga keperluan pameran dagang produk lokal Desa Namang di luar daerah. ""Kami kan sering pameran ke Jakarta, ke Batam, ke Bali, itu kan pakai QRIS, ada QRIS BSB. Alhamdulillah, kita ajak Bank Sumsel kayak gayung bersambut. Kata mereka, 'Ayolah Pak Kades kalau macam itu, yuk kami dukung!' Itu ceritanya,"" kata Saiwan. BACA JUGA: Transaksi Aman & Praktis dengan BSB Mobile! BACA JUGA: Serbu Promo Martabak Har x BSB Mobile! Dampak Pengganda (Multiplier Effect) bagi UMKM Desa Cek Berita dan Artikel lainnya di Google News LIFESTYLE & KESEHATAN",3270
museum viral Sumatera Selatan,"Viral Kekerasan terhadap Balita di Palembang, Polisi Amankan Pelaku - mitrapost.com",https://news.google.com/rss/articles/CBMiogFBVV95cUxNeEtjNm1HQ2JmY1pEeDJkUjhuUk9qMm04cGpNSWtQUXlvOUN5cll5by1RZjRYalY2Tm5FeElqTU03UXJibV81Nll2MjIyOWZBU3k2aFBRUEE1VjIyanI5a2Fxdmo2UW40bXNualVwT1RhWDhaVVZDMDFXZy1sUGVWUlN5TTRUNFVnM2hZUFJGSGFzTThHeVhTcTVfSVpmS0dNa3c?oc=5,2026-09-21 08:36:18+00:00,mitrapost.com,https://travel.detik.com/travel-news/d-8501032/sungai-lintang-meluap-objek-wisata-di-sumsel-rusak-jembatan-roboh,"Hujan deras yang mengguyur Kabupaten Empat Lawang, Sumatera Selatan membuat aliran sungai Lintang meluap dan merusak objek wisata, bahkan merobohkan jembatan gantung. Debit air Sungai Lintang yang meluap akibat hujan deras membuat salah satu objek wisata di wilayah itu rusak parah dan jembatan gantung roboh. Hujan deras yang terjadi di Empat Lawang sejak Kamis (21/5/2026) pagi, membuat air Sungai Lintang yang berada di perbatasan Desa Muara Tanding dan Muara Danau meluap. SCROLL TO CONTINUE WITH CONTENT Akibat luapan air yang memiliki arus yang kuat, membuat struktur jembatan gantung di kawasan Peraduan hingga roboh dan hanyut terbawa arus. Tak hanya merobohkan jembatan, banjir bandang ini juga membuat fasilitas objek wisata Air Lintang Indah di Desa Muara Danau rusak. Beruntung, tidak ada korban jiwa dalam peristiwa ini. Kepala Bidang Kedaruratan dan Logistik BPBD Empat Lawang Fero Ananta mengatakan, kemarin pada saat terjadi banjir pihaknya langsung menurunkan personel untuk standby penuh di lapangan. Menurutnya berdasarkan data yang ada, tidak ada korban jiwa dalam kejadian itu. Namun terdapat satu objek wisata yang mengalami rusak parah akibat banjir tersebut. ""Korban jiwa nihil, hanya dua pondok yang terkena luapan dan obyek wisata rusak parah. BPBD masih terus komunikasi dengan camat dan kades,"" katanya saat dikonfirmasi, Jumat (22/5/2026). Kata dia, Jumat pagi banjir bandang yang menerjang wilayah Empat Lawang telah surut dan menyisakan kerusakan yang cukup parah di berbagai lokasi. ""Sudah surut, pak,"" katanya singkat. Dengan adanya kejadian ini, dia mengimbau kepada warga yang tinggal di lereng perbukitan untuk peka dan waspada terhadap tanda-tanda awal tanah longsor, serta apabila adanya peningkatan debit air sungai yang disebabkan oleh hujan deras. Artikel ini telah naik di detikSumbagsel. Anda menyukai artikel ini",1856
toko viral Sumatera Selatan,"Beli Emas Diduga Palsu Rp 27,1 Juta, Karyawan BUMN Malah Dilaporkan Penjual ke Polisi - Kompas.com",https://news.google.com/rss/articles/CBMi0gFBVV95cUxNNFBUZWdFNXZmNkQwdmFRVUYxRFVRU0ZpOXh4MnhJS1BCSEl0blBSSlpPa1N1Y2o2azN6Mk9abnQ3SzZwRVowTG1tXzFvYTFRUW1TdW9LVTRmWGtvY2lJQkJpSWpqUG95SWE4LVItZXZuWXJCYS10Z0M4cURhZWNiUzNTaktaLU5qWVNJWkhPZkwzdmFielBiN0FHeGdSaU9YS2tkUUEyeVRibkVPd29CeTUyYmVyNy1LVTJMbjJ3SFcyaGFPVXlkUWM4aTlYY2NDamc?oc=5,2026-08-09 07:00:00+00:00,Kompas.com,https://mitrapost.com/2026/09/21/viral-kekerasan-terhadap-balita-di-palembang-polisi-amankan-pelaku/,"Mitrapost.com – Viral di media sosial aksi dugaan kekerasan menimpa balita berinisial FR (2) di Kota Palembang, Sumatera Selatan. Personel Ditreskrim PPA dan PPO Polda Sumsel telah mengamankan satu perempuang berinisal NS (37) yang diduga sebagai pelaku pada Jumat (18/9/2026) sekitar pukul 15.10 WIB saat berada di kawasan Kemuning, Jalan R Sukamto, Palembang. Korban diketahui anak asuh terduga pelaku, NS. Aksi kekerasan itu diduga terjadi di rumah yang berada di kawasan Talang Jambe, Kecamatan Sukarami, Palembang. Kasus terungkap berawal dari NS mengaku kepada ibu korban bahwa ia telah memukul korban karena tak mau makan. Pihak keluarga korban kemudian mendapat rekaman video yang menunjukkan adanya dugaan kekerasan yang diterima korban. Terlihat, korban dipukul dan ditampar hingga menangis. Usai melihat kejadian itu, pihak keluarga akhirnya memutuskan untuk melaporkan kejadian itu ke SPKT Polda Sumsel. Direktur Reserse PPA dan PPO Polda Sumsel Kombes Pol Anes Purwanti mengatakan bahwa pihaknya bergerak mengamankan pelaku usai penyelidikan dilakukan. “Begitu video itu viral, tim kami langsung bergerak melakukan penyelidikan hingga mengamankan pelaku dalam waktu singkat. Kami tidak akan mentolerir segala bentuk kekerasan terhadap anak,” ujarnya. NS sendiri mengakui perbuatannya saat menjalani pemeriksaan polisi. “Petugas juga mengamankan pakaian milik tersangka dan korban serta media penyimpanan bersi rekaman video kekerasan tersebut,” tegas Anes. NS pun dijerat dengan Pasal 80 Undang-Undang Nomor 35 Tahun 2014 tentang Perlindungan Anak. (*) Redaksi Mitrapost.com Dapatkan update berita pilihan dan breaking news setiap hari dari Mitrapost.com di Google News. silahkan Klik Tautan  dan jangan lupa tekan tombol "" Mengikuti"" Jangan lupa kunjungi media sosial kami No More Posts Available. No more pages to load.",1834
tempat belanja viral Sumatera Selatan,"Viral Aksi Wanita Tukar Cincin Perak dengan Emas di Toko Perhiasan Baturaja, Aksinya Terekam CCTV - palpos.disway.id - Palpos",https://news.google.com/rss/articles/CBMi5gFBVV95cUxOUkJyMVhjeUFOSFJjNFJ2Yk5zRUVkcUtzX3ZVQW1rQzRJXzFaNjV4dV9KaUh4a0ZRNFZUVjIyb1JfVm84V0cxR0lFeE5zckpvSmJuOUpOQjNVWVdnNXV5QnFfNlVXQzlBcTBnOHZOWXM1MEhhcHp6YVV5c0Q2cklTSkxfMTBFXzVGaUdDdU4zY01rRUhrVlQ4YU9wZ1hNajZDQnJxN3ZFSGlvNER4dTBzeG5lUF90MmJuS1V3SXRiTFo0MGZIb2QwN1hrUU1wTUJ5U1hyalRReENuaFNRTFA4VXB6YV9wd9IBzAFBVV95cUxPSzBqSHA1RjJ5QzVRcURFNkc3dTU1Tm5pU1hDMlQ0NFN3U0p0SkJCeTV0ak9qdzktRm56Z1BwSElmWEFfdERGcTJUMGFDT0x0M0tGSGFMWnhubmtnVGpLN3d1WmtBazV3Rjl5VHZ4aTBjOGlObUJOVEhEUDJmNWZhZ2pwT0prMjRtTVB3djhBM1JYLUs5Q3JBV1oxYzktQXNrbGFZTGhhVnhzYVVldkRNU1JiaEotb3N5dWN4a29KSHBsMDNYQ21mZDlMaFI?oc=5,2026-07-14 07:00:00+00:00,Palpos,https://regional.kompas.com/read/2026/08/09/140032478/beli-emas-diduga-palsu-rp-271-juta-karyawan-bumn-malah-dilaporkan-penjual?page=all,"Beli Emas Diduga Palsu Rp 27,1 Juta, Karyawan BUMN Malah Dilaporkan Penjual ke Polisi PALEMBANG, KOMPAS.com - Seorang karyawan BUMN bernama Maulana Yunus (27) melaporkan sebuah toko emas di Palembang setelah emas 10 gram yang dibelinya diduga palsu. Warga Kecamatan Kalidoni, Palembang , itu mengaku mengalami kerugian Rp 27,1 juta dalam transaksi tersebut. Persoalan menjadi semakin rumit karena pihak toko disebut telah lebih dahulu melaporkan Maulana ke Polda Sumatera Selatan atas dugaan pemalsuan surat dan pencemaran nama baik. Baca juga: Viral, Paduan Suara SMA 15 Surabaya Sabet Medali Emas di Taiwan Bawakan Lagu Ikilimikiliklik Maulana kemudian didampingi tim kuasa hukum dari MJP & Partners melaporkan toko emas berinisial MD ke SPKT Polrestabes Palembang, Sabtu (8/8/2026). Peristiwa bermula ketika Maulana mendatangi toko emas MD di salah satu pusat perbelanjaan di Jalan R Soekamto, Kecamatan Ilir Timur III, Palembang, Selasa (5/5/2026) sekitar pukul 18.03 WIB. Maulana saat itu membeli logam mulia seberat 10 gram dengan nilai transaksi Rp 27,1 juta. Namun, persoalan muncul ketika emas tersebut diperiksa pada 19 Juni 2026. Menurut kuasa hukumnya, emas yang dibeli Maulana ternyata tidak terdaftar. Pemeriksaan kemudian dilakukan di kantor Pegadaian dan emas tersebut disebut diketahui palsu. ""Benar kemarin, kami mendampingi klien untuk melaporkan toko emas MD, dimana klien kami merupakan konsumen atau pembeli emas seberat 10 gram di toko tersebut. Ketika melakukan kroscek terkait keaslian emas ini, justru klien kami dianggap memalsukan surat,"" kata kuasa hukum Maulana, Jasmadi Pasmeindra, Minggu (9/8/2026). Jasmadi mengatakan pihak toko tidak mengakui emas yang dipersoalkan Maulana sebagai produk mereka. Menurut dia, persoalan tersebut kemudian berujung pada laporan terhadap kliennya ke Polda Sumatera Selatan. Maulana dilaporkan terkait dugaan pemalsuan surat dan pencemaran nama baik. Jasmadi membantah tudingan bahwa kliennya memalsukan dokumen terkait emas tersebut. Ia juga menyinggung sejumlah barang yang menurutnya berkaitan dengan transaksi, termasuk surat bukti emas dan dompet emas. ""Bahkan dompet itu milik toko emas MD,"" tutupnya. Kuasa hukum lainnya, Desmon Simanjuntak, mengatakan Maulana baru pertama kali berbelanja di toko emas tersebut. Setelah mengetahui emas yang dibelinya diduga bermasalah, Maulana disebut mendatangi toko dengan harapan persoalan dapat diselesaikan secara baik-baik. ""Lalu klien kami mendatangi toko emas tersebut, dengan harapan ada itikad baik dari toko,"" bebernya. Namun, pihak toko disebut telah lebih dahulu membuat laporan ke Polda Sumatera Selatan sebelum Maulana berkonsultasi dengan tim kuasa hukum. Tim hukum Maulana kemudian memberikan keterangan kepada penyidik dan menyerahkan sejumlah dokumen yang disebut berkaitan dengan pembelian emas. ""Kami telah memberikan keterangan di Polda Sumsel, sudah melampirkan bukti-bukti, transfer bayar, surat kepemilikan emas, foto emas,"" katanya. Setelah menghadapi laporan dari pihak toko, Maulana mengambil langkah hukum dengan membuat laporan ke Polrestabes Palembang. Laporan tersebut berkaitan dengan dugaan tindak pidana penipuan atau perbuatan curang. Kuasa hukum meminta kepolisian mengusut perkara tersebut secara menyeluruh agar duduk persoalan dapat diketahui secara jelas. ""Kami memohon bapak Kapolri, Kapolda Sumsel, Kapolrestabes Palembang, Kasat Reskrim Polrestabes Palembang, dan penyidik yang memegang perkara laporan kami mohon perkara ini dibuat terang benderang dan mohon ditegakkan keadilan untuk klien kami,"" tuturnya. Tim kuasa hukum menilai Maulana merupakan korban dugaan penipuan dalam transaksi emas tersebut. Baca juga: Ibu dan Anak Balita Ditemukan Tewas di Hutan Landak Kalbar, Uang Rp 135 Juta dan Emas 30 Gram Raib Namun, tudingan tersebut masih merupakan klaim pihak pelapor dan belum menjadi kesimpulan dari kepolisian. Laporan Maulana telah diterima SPKT Polrestabes Palembang atas dugaan tindak pidana penipuan atau perbuatan curang sebagaimana dimaksud dalam Pasal 492 Undang-Undang Nomor 1 Tahun 2023. Sementara itu, pihak toko emas juga disebut telah membuat laporan terhadap Maulana di Polda Sumatera Selatan sehingga perkara tersebut kini berjalan dari dua sisi. Kepastian mengenai keaslian emas, dugaan pemalsuan dokumen, maupun dugaan penipuan masih menunggu proses penyelidikan dan pembuktian oleh pihak kepolisian. Sebagian artikel ini telah tayang di Sripoku.com dengan judul ""Karyawan BUMN di Palembang Syok Emas yang Dibeli Palsu, Tapi Malah Dilaporkan Ke Polisi oleh Penjual"" . Bayangkan seorang anak Indonesia bercita-cita menjadi dokter tetapi hanya memiliki satu buku lusuh untuk belajar. Bersama Ekspedisi Kata ke Nyata Kompas.com, Anda bisa membantu mengubah kisah itu. Mari hadirkan akses literasi bagi anak-anak di berbagai pelosok Indonesia melalui donasi lewat tautan https://bit.ly/JagatLiterasi2026 . Setiap kebaikan yang Anda berikan bukan hanya membuka jendela pengetahuan, tetapi juga membuka masa depan mereka. Copyright 2008 - 2026 PT. Kompas Cyber Media (Kompas Gramedia Digital Group). All Rights Reserved.",5091
tempat belanja viral Sumatera Selatan,"Toko Emas Mustika Diamond Bantah Jual Emas Palsu, Pilih Buktikan Persoalan Lewat Jalur Hukum - aliansinews.id",https://news.google.com/rss/articles/CBMizgFBVV95cUxQQXZnbE9WelVKMVNHM3VId3gyM2ZyVDlPV1paeXlHSDhQaTRjZXZmdFU1U0J1cGdOYkQtVV8tdVFUQzByWnNjRkVram1UeEsweFlEMzJQTVhXZGRmSGJtdjJLYlhydWMzZ3RITHlsM2xWTTBJNzlMSjBPdUJyYXF5cDFnX3RJaHo3NXJYcGVTeHdxRW04ZkNGRV9aQUxmZFVjZE1Ec0x2czdnZjZ4VzB6aGNsVnQ4Y0NvVzA5WkVmZXhWRUlBTkRrQ0JaeDljdw?oc=5,2026-08-09 07:00:00+00:00,aliansinews.id,https://palpos.disway.id/ogan-komering-ulu/read/717942/viral-aksi-wanita-tukar-cincin-perak-dengan-emas-di-toko-perhiasan-baturaja-aksinya-terekam-cctv,"Seorang wanita diduga menipu toko perhiasan di Baturaja dengan modus menukar cincin perak dengan cincin emas 24 karat pada Minggu (12/7) sekitar pukul 11.00 WIB. Peristiwa itu viral setelah videonya beredar di media sosial. -Foto:Istimewa- BATURAJA, PALPOS.CO – Video yang memperlihatkan seorang wanita diduga melakukan penipuan dengan modus menukar cincin perak dengan emas di sebuah toko perhiasan di Kota Baturaja, Kabupaten Ogan Komering Ulu (OKU), Sumatera Selatan, viral di media sosial. Peristiwa tersebut disebut terjadi di Toko Emas Zam-Zam, Pasar Baru, Kecamatan Baturaja Timur, pada Minggu (12/7) sekitar pukul 11.00 WIB. Berdasarkan informasi yang dihimpun, Selasa (14/7) wanita yang diperkirakan berusia sekitar 45 tahun itu datang seorang diri mengenakan kaus berwarna hitam. Ia diduga berpura-pura ingin menukarkan cincin emas seberat satu suku dan turut memperlihatkan surat pembelian perhiasan kepada pemilik toko. BACA JUGA: Ratusan Siswa Baru SMKN 1 OKU Berikan Donasi Spontan Dukung BAZNAS OKU BACA JUGA: Disdik OKU Pastikan MPLS 2026 Edukatif, Ramah Anak dan Bebas Bullying Tanpa menaruh curiga, pemilik toko kemudian mengeluarkan cincin emas 24 karat dari etalase sesuai permintaan wanita tersebut. Dalam proses transaksi, wanita itu menyerahkan sebuah cincin yang belakangan diduga berbahan perak kepada pemilik toko, sementara ia membawa pergi cincin emas dari toko. Tak lama setelah transaksi selesai, pemilik toko menyadari cincin yang diterima diduga bukan emas, melainkan perak. Menyadari hal itu, dua orang langsung mengejar wanita tersebut. Saat dikejar, wanita itu diduga membuang cincin emas yang dibawanya. BACA JUGA: Dishub OKU Pasang 530 PJU di Dua Kecamatan BACA JUGA: Serapan Belanja Modal Pemkab OKU Baru 1,01 Persen hingga Juni 2026 Diduga, tindakan tersebut dilakukan agar pengejar berhenti mengambil cincin yang dibuang sehingga dirinya memiliki kesempatan melarikan diri. Namun, karena pengejar berjumlah dua orang, satu orang mengambil cincin emas tersebut, sementara seorang lainnya tetap mengejar hingga wanita itu berhasil diamankan dan dibawa kembali ke toko perhiasan. Cek Berita dan Artikel lainnya di Google News",2162
tempat belanja viral Sumatera Selatan,"Ibu Berdaster Terekam Curi Tas di Toko Kosmetik Medan, Modus Jadi Pembeli - Kompas.com",https://news.google.com/rss/articles/CBMiwAFBVV95cUxOanpQWVVHVGt6ZWdDNFNoWGstN3Q3VmI5WGZwaEl0WFdiem91S1NrTWw0TDl4bElkVGJZeE5makVZTG1QQUFpZ2hIYWdaTm45RVdKd0s2aWUxdnVubVlyWC1JcGNvZXE0Tm9CMGczVS0yb0w0R2FoUHFPZmE2MHVGUzBNM2FlUFFEUGxiMWxseVNzSTQ2Q1hBLVAtcm1jaE1lMVgzcVUyOGNiZ0FBSGRwRmoxS0dqbjlEVHBlSnp4bWY?oc=5,2026-05-05 07:00:00+00:00,Kompas.com,https://www.aliansinews.id/baca/id/Kp0dXN/toko-emas-mustika-diamond-bantah-jual-emas-palsu-pilih-buktikan-persoalan-lewat-jalur-hukum,"PALEMBANG, Aliansinews""— Persoalan transaksi emas batangan 10 gram di Toko Emas Mustika Diamond, PTC Mall Palembang, berujung pada laporan polisi. Pihak toko membantah tudingan menjual emas palsu dan memilih menempuh jalur hukum setelah merasa nama baik serta usahanya dirugikan. Pemilik Toko Emas Mustika Diamond, pasangan suami istri Rizki Irawan (32) dan Puput Mustika (31), melaporkan konsumen bernama Maulana Yunus ke Polda Sumatera Selatan. Kuasa hukum pihak toko, Adv. Idasril Faisal Tanjung, SE, SH, MH, MM, mengatakan langkah hukum tersebut diambil karena pihaknya menilai terdapat sejumlah kejanggalan dalam persoalan transaksi emas yang kemudian berkembang menjadi tudingan terhadap kliennya. ""Klien kami sudah puluhan tahun menjalankan usaha perdagangan emas dan selama ini tidak pernah memiliki catatan persoalan seperti ini. Karena itu, kami memilih menempuh proses hukum agar persoalan ini dapat diuji berdasarkan bukti,"" kata Idasril saat konferensi pers, Minggu (9/8/2026). Menurut pihak toko, persoalan bermula dari transaksi pada 5 Mei 2026. Saat itu, konsumen membeli emas batangan seberat 10 gram. Pihak toko menyebut emas tersebut sempat diperiksa menggunakan aplikasi CertiEye dan dinyatakan sesuai oleh pembeli di hadapan saksi. Persoalan baru muncul ketika konsumen kembali ke toko pada 21 Juni 2026 atau lebih dari satu bulan setelah transaksi. Kedatangannya disebut untuk menjual kembali emas yang sebelumnya dibeli. Namun, pihak toko mengaku menemukan perbedaan pada barang yang dibawa konsumen.",1523
pasar viral Sumatera Selatan,"Saat 2 Gajah Liar di Sumsel Tiba-tiba Masuk Pasar, Apa Kata BKSDA? - detikTravel",https://news.google.com/rss/articles/CBMisAFBVV95cUxOeFVkSVBwU3U1czduLTBONVpjMkxscEN1RjdTcHM1QjRrQk9Vd3l0akV6VzFtN1hWelFldGQ5Nl8tUnFadFJhVldGRk4xQ3hWR20yeHlMOUVkMlRmVHFWRG5ScXNDOTUzb3BpSDMzaFVSdWNCTnBsWllBODZPeGVoLWM0U2RvN3pBNEwyRmlndFlXVHhJVHVoVWQyWnZ6ZGhDOGhack42Yl9jME1aMEkxcdIBtgFBVV95cUxNQXVaN1pXbXgwaF9VMXRqcDZKeUkyU3RNYmRKTUY3VExDaHRialcxR05idDJPWWN6MkVLWFRWYTFlbE1nNE50YTcwd2p0NUduNF9IUG1YaHMtbmNaQ2YzTUktaHZjVUwxSHRXcUV4U1FxUTAwZWNoNloxVmJYc1VNdk9hVUhETzgxQjVNaHAzX25jU2UzemJ2VXlOb3MwT0hiaTdOQjVFX3V6WU9aaDFkR0ZrWlBYZw?oc=5,2026-05-23 07:00:00+00:00,detikTravel,https://medan.kompas.com/read/2026/05/05/224937578/ibu-berdaster-terekam-curi-tas-di-toko-kosmetik-medan-modus-jadi-pembeli,"Ibu Berdaster Terekam Curi Tas di Toko Kosmetik Medan, Modus Jadi Pembeli MEDAN, KOMPAS.com – Aksi seorang ibu berdaster mencuri tas milik pegawai toko kosmetik di Pasar Petisah, Kota Medan, terekam kamera CCTV dan videonya viral di media sosial. Kini, korban telah membuat laporan ke Polsek Medan Baru untuk menindaklanjuti kejadian tersebut. Dalam video berdurasi singkat itu, pelaku terlihat mengenakan daster bermotif cokelat dan hitam, sambil membawa tas merah dan mengenakan jam tangan. Ia tampak mondar-mandir sebelum mengambil dua tas dari atas lemari di dalam toko. Dewi (40), pegawai toko kosmetik, mengatakan aksi pencurian terjadi pada Sabtu (2/5/2026). Saat itu, toko beraktivitas seperti biasa dan tidak menaruh curiga terhadap pelaku. “Datang lah ibu itu. Sempat kami tanyai mau beli aja tapi diam aja. Terus dia mondar mandir,” kata Dewi saat ditemui di lokasi, Selasa (5/5/2026). Baca juga: PIN ATM Ditulis di Kertas, Uang Puluhan Juta Nenek Pedagang Sayur di Medan Habis Dikuras Ia menyebut, korban pencurian adalah rekannya, Debby (26) dan Tasya (25). Menurut Dewi, pelaku sempat tidak dicurigai hingga toko akan tutup. Saat itulah korban baru menyadari dua tas milik mereka sudah hilang. Setelah memeriksa CCTV, diketahui ibu berdaster tersebut mengambil tas dan langsung pergi. “Ternyata pas kami sibuk itu lah dia ambil dua tas karyawan di sini terus pergi,” ujarnya. Akibat kejadian itu, korban mengalami kerugian berupa uang Rp 1,2 juta, satu unit ponsel, kunci motor, kartu ATM, KTP, dan sejumlah barang lainnya. Korban telah melaporkan kejadian tersebut ke Polsek Medan Baru dan berharap pelaku segera ditangkap. “Ini lah kami lagi cari juga keberadaan pelaku dari ponsel yang diambil. Semoga lah tertangkap,” kata Dewi. Kanit Reskrim Polsek Medan Baru Iptu Fandi Setyawan mengatakan pihaknya masih mendalami laporan tersebut. “Ini sedang didalami ya,” ujarnya singkat. Bayangkan seorang anak Indonesia bercita-cita menjadi dokter tetapi hanya memiliki satu buku lusuh untuk belajar. Bersama Ekspedisi Kata ke Nyata Kompas.com, Anda bisa membantu mengubah kisah itu. Mari hadirkan akses literasi bagi anak-anak di berbagai pelosok Indonesia melalui donasi lewat tautan https://bit.ly/JagatLiterasi2026 . Setiap kebaikan yang Anda berikan bukan hanya membuka jendela pengetahuan, tetapi juga membuka masa depan mereka. Copyright 2008 - 2026 PT. Kompas Cyber Media (Kompas Gramedia Digital Group). All Rights Reserved.",2442
pasar viral Sumatera Selatan,"Viral di Medsos, Pedagang dan Pemprov Sumsel Minta Pempek Tumpah Pasar 16 Ilir Tak Digeneralisasi - rmolsumsel.id",https://news.google.com/rss/articles/CBMivwFBVV95cUxPdmlXbGNfSFpEbTI5VTJuTTZldTRMa0xsWVROV01NUzN3cWxCSE9meHhrREVuZ0V5SHNZdU1tU241OVVCQ1Nvc0FyUDI1TTNjY0dhNVJFcm1Vc2wxUVFleHFBeEJpTW9rbE9ReTZ4MHYxcmU2MnJDaEZoUDN3cUFYOTFoM2kwSWFvLXVtblI2cWZZbUlSNG9QdE8wZm0yRXlCemRpOG5wWmZGbUVyc3R0b2N6enN2cGZoUFl3ZVNKSQ?oc=5,2026-07-31 07:00:00+00:00,rmolsumsel.id,https://travel.detik.com/travel-news/d-8501220/saat-2-gajah-liar-di-sumsel-tiba-tiba-masuk-pasar-apa-kata-bksda,"Dua ekor gajah liar di Kabupaten Ogan Komering Ilir (OKI), Sumatera Selatan tiba-tiba masuk ke pasar. Beruntung, kondisi saat itu tidak ada orang. Video yang viral di media sosial memperlihatkan ada dua ekor gajah liar berjenis kelamin laki-laki masuk ke dalam pasar di Kabupaten Ogan Komering Ilir (OKI), Sumatera Selatan. Gajah itu diduga hanya melintas untuk mencari makan. Dalam video yang dilihat, dua gajah tersebut nampak berlari kecil melewati lorong pasar yang sepi pada malam hari. SCROLL TO CONTINUE WITH CONTENT Peristiwa tersebut diketahui terjadi di Pasar Jukung, Kecamatan Sungai Baung, OKI pada Selasa (19/5) malam. Balai Konservasi Sumber Daya Alam (BKSDA) Sumatera Selatan pun buka suara terkait peristiwa itu. Kepala Seksi (Kasi) Wilayah I BKSDA Sumsel, Kemarun Zaman mengatakan dua ekor gajah tersebut hanya melintas untuk mencari makan dan sudah kembali ke habitatnya. ""Benar itu dua ekor gajah liar melintas di pasar dan dia sudah kembali ke habitatnya. Dua ekor gajah itu hanya melintas saja dan tidak mengganggu,""kata Zaman saat dikonfirmasi, Kamis (21/5). Zaman menjelaskan, gajah yang viral tersebut merupakan gajah liar yang habitatnya di air Sugihan atau di ruang lingkup Padang Sugihan. Habitat gajah-gajah tersebut ada di lokasi itu. Kata Zaman, dari video yang viral itu, dua gajah liar tersebut hanya melintas di Pasar Jukung dan tidak ada korban jiwa, karena murni melintas di malam hari. ""Kita ada posko namanya Pagar Rapat. Posko tersebut terdiri dari empat orang BKSDA dan satu warga. Para anggota di posko inilah yang memantau masuknya gajah apalagi jika ada konflik. Untungnya pada saat itu dua ekor gajah hanya melintas dan tidak mengganggu sehingga kami tidak menurunkan tim,"" ujarnya. Menurut Zaman, Pasar Jukung merupakan jalur perlintasan gajah. Kemungkinan gajah ini pernah melintas 5-7 tahun lalu di kawasan itu, sehingga ia melewati pasar tersebut. Bisa jadi juga kedua gajah tersebut mencari jalan baru untuk kembali ke habitatnya, karena jalan yang biasa ia lalui rusak. ""Warga tidak perlu khawatir gajah-gajah tersebut sudah pulang ke habitatnya. Jika melintas lagi atau ada konflik tim kita ada di Posko Pagar Rapat yang sudah ditandangi SK-nya olah Camat,"" ujarnya. Zaman menyebut, selama satu tahun ia bertugas di Sumsel baru kali ini mendapatkan informasi bahwa ada gajah melintas di pasar. Artikel ini telah naik di detikSumbagsel. Anda menyukai artikel ini",2411
pasar viral Sumatera Selatan,"Video Viral, Dua Gajah Masuk Pasar Jukung OKI Sempat Bikin Warga Sempat Panik - Kompas.com",https://news.google.com/rss/articles/CBMiwgFBVV95cUxPclI0Sjg5Qmc4dE9WdERVYUl3RXVRWEpCcklRRHRabXdRWVJJdFdHVU80RnR6RzBoX1FiUHctZFRwbmpGQXNES3RpekR1eVNSVzVvTk10RjBDenh2Ym54WHR5RW5XMUVpYnNZQjR5OXduenZBMnpPQ251OVBfd21jWUhWZ1VQaVVkSTM4OThBWFhsU1J4TjVMcFZKTWlyWDBYTzNTalFIck1GMUs5TUJzSDJWVXozODNaUlJLYmFiUkJaQQ?oc=5,2026-05-21 07:00:00+00:00,Kompas.com,https://www.rmolsumsel.id/viral-di-medsos-pedagang-dan-pemprov-sumsel-minta-pempek-tumpah-pasar-16-ilir-tak-digeneralisasi,"Kuliner legendaris Pempek Tumpah di kawasan Pasar 16 Ilir, Palembang, menjadi perbincangan hangat di media sosial. Kritik mengenai dugaan kurang higienisnya penyajian pempek memicu kekhawatiran pedagang karena dinilai dapat mencoreng citra kuliner khas Palembang. Polemik bermula dari sejumlah unggahan di platform Threads yang menyebut pempek yang dijual di kawasan tersebut mengeluarkan aroma tidak sedap dan dinilai kurang higienis. Salah satu unggahan yang ramai diperbincangkan berasal dari akun @lailadimyati yang mengimbau masyarakat agar tidak lagi merekomendasikan Pempek Tumpah Pasar 16 Ilir kepada wisatawan dari luar daerah. Menanggapi polemik tersebut, Tim Gubernur untuk Percepatan Pembangunan (TGUPP) Sumatera Selatan, Kemas Khoirul Mukhlis, meminta masyarakat tidak menggeneralisasi seluruh pedagang hanya karena dugaan yang terjadi pada sebagian kecil penjual. ""Kalaupun memang ada oknum, jangan semua pedagang pempek tumpah disamaratakan. Banyak juga pempek yang rasanya enak, apalagi kalau dimakan saat masih hangat,"" kata Kemas saat mengunjungi kawasan Pempek Tumpah Pasar 16 Ilir, Kamis (30/7/2026). Menurutnya, kualitas pempek sangat dipengaruhi oleh waktu penyajian. Pempek yang baru diangkat dari penggorengan tentu memiliki kualitas berbeda dibandingkan yang sudah dipajang sejak pagi hingga sore hari. ""Kalau membeli pempek di mana pun tentu kita harus memilih yang kondisinya masih baik dan bersih. Soal lalat misalnya, itu bisa menjadi perhatian bersama untuk diperbaiki,"" ujarnya. Kemas mengatakan Pemerintah Provinsi Sumsel mendukung upaya pembenahan kawasan kuliner Pasar 16 Ilir, baik dari sisi kebersihan, penataan, maupun pemberdayaan pedagang. Menurutnya, pemerintah siap membantu apabila pedagang membutuhkan dukungan, termasuk dalam penyediaan fasilitas penunjang agar kawasan kuliner tersebut semakin tertata. ""Kalau ada pedagang yang kekurangan modal, pemerintah siap memberikan dukungan. Penataan seperti penyediaan payung yang seragam juga bisa membuat kawasan ini lebih menarik bagi wisatawan,"" katanya. Meski demikian, ia mengingatkan penataan tidak boleh menghilangkan karakter khas Pempek Tumpah yang selama ini menjadi daya tarik wisata kuliner Palembang. ""Biarlah tetap dengan kekhasannya karena justru itu yang dicari masyarakat dari berbagai daerah. Tinggal ditata agar lebih rapi, bersih, dan nyaman tanpa menghilangkan keaslian suasananya,"" ujarnya. Sementara itu, salah seorang pedagang Pempek Tumpah, Iyut, warga Suro, membantah anggapan bahwa seluruh pedagang menjual produk yang tidak higienis. Ia menilai unggahan di media sosial telah menyamaratakan kualitas seluruh pedagang, padahal masing-masing memiliki cara pengolahan dan standar kebersihan yang berbeda. ""Tidak semua pedagang seperti itu. Produknya beda-beda, yang membuat juga beda-beda. Kami menjual pempek dengan bersih,"" tegas Iyut. Editor: Eko Prasetyo",2871
pasar viral Sumatera Selatan,"Heboh Dua Gajah Liar Masuk Pasar di OKI, Ini Kata BKSDA Sumsel - detikcom",https://news.google.com/rss/articles/CBMirwFBVV95cUxQVENVM0VUQXV6ZVBheXl0dUd3ZDFTVDFOVFVZbVA0ckVab3Y1RUlMUnlnMHlRa1lhNXE0RnhUZmo3VnhSaHY5aWNoYlZKLXNhYVQ4MllZWjRBb1ZtSmd1c0RuaXowOTVRNWZJdm53VUdvQ0NyOVRpc0JnbTZwdnA4VXJVMHlpNWlZazlPQ0dEMlVFQ1dEdHZBN1RjdUdQZTlYZ1IyU2RSdG9PbEFyRmdB0gG0AUFVX3lxTE1UV1FiQTBKV1R4Y2NtckRWV0hPVzVSZVdMcWlURlA3aEdtYUdXd3ZWS01GN0YtLXJuQU1BX2RlRzgzRS10al9LUTZQR2dJYzcxR1RLSEdROWFXUWtvSmRmZDNTdG9hVzlJRDVYTkVqdU9HeDJKZDVubmpESnNQWVB5d1h0aEdSd2ZiQnBmeE9reF9TYnFKQlAzMjJzZ3NFdWRNYS1pUEpzM3JyNDdXWEY5WlJrcA?oc=5,2026-05-21 07:00:00+00:00,detikcom,https://regional.kompas.com/read/2026/05/21/120051078/video-viral-dua-gajah-masuk-pasar-jukung-oki-sempat-bikin-warga-sempat,"Video Viral, Dua Gajah Masuk Pasar Jukung OKI Sempat Bikin Warga Sempat Panik OKI, KOMPAS.com - Potongan video dua ekor gajah liar memasuki kawasan pasar di Kabupaten Ogan Komering Ilir (OKI), Sumatera Selatan viral di media sosial setelah diunggah akun Instagram @ogankomeringilirupdate. Dalam rekaman video tersebut, dua gajah tampak berjalan santai melintasi area pasar yang sedang dalam kondisi sepi pada malam hari. Belakangan diketahui peristiwa itu terjadi di Pasar Jukung, Kecamatan Sungai Baung, Kabupaten OKI, Selasa (19/5/2026) malam. Kepala Desa Bukit Batu, Kecamatan Air Sugihan, Kabupaten OKI,  Rumidah mengatakan, kemunculan dua gajah liar tersebut sempat membuat warga panik meski tidak menimbulkan kerusakan. Baca juga: BKSDA Bengkulu Pantau Gajah Sumatera Pakai Drone Thermal, Terdeteksi 17 Ekor di Seblat “Kemungkinan induk dan anaknya, mereka masuk ke area pasar. Tidak ada yang rusak, mereka hanya lewat,” ujar Rumida, Kamis (20/5/2026). Menurutnya, gajah liar sebenarnya cukup sering terlihat di sekitar kawasan perkampungan warga. Namun, baru kali ini kawanan gajah masuk langsung ke area pasar. “Biasanya hanya lewat depan kawasan pasar saja, tapi baru kali ini benar-benar melintas masuk pasar. Tapi memang jadi tontonan warga saja dan direkam,” katanya. Ia memastikan saat ini kedua gajah tersebut telah kembali masuk ke kawasan hutan. Baca juga: Setelah Gajah Dirantai Viral, Semarang Zoo Kini Belajar “Mendengar” Satwa Sementara itu, Kapolsek Air Sugihan Iptu Belky Framulya juga membenarkan adanya kemunculan gajah liar di kawasan Pasar Jukung. Namun, ia memastikan tidak ada korban maupun kerusakan fasilitas warga akibat kejadian tersebut. “Benar ada gajah masuk ke area Pasar Jukung, tapi hanya melintas saja. Tidak ada warga menjadi korban amukan gajah ataupun fasilitas warga yang dirusak,”ujar Belky. Belky mengimbau masyarakat agar tidak mengusir gajah liar menggunakan petasan atau benda yang dapat memicu kepanikan satwa tersebut. Baca juga: Kematian Gajah dan Harimau di Seblat, Mahasiswa Hukum Unib Desak Penetapan Suaka Margasatwa Penuh “Jangan mengusir gajah liar dengan melempari atau menembakkan petasan ke arah mereka. Hal itu justru bisa membuat kawanan gajah liar menjadi marah dan bisa mengamuk ke warga,” katanya. Bayangkan seorang anak Indonesia bercita-cita menjadi dokter tetapi hanya memiliki satu buku lusuh untuk belajar. Bersama Ekspedisi Kata ke Nyata Kompas.com, Anda bisa membantu mengubah kisah itu. Mari hadirkan akses literasi bagi anak-anak di berbagai pelosok Indonesia melalui donasi lewat tautan https://bit.ly/JagatLiterasi2026 . Setiap kebaikan yang Anda berikan bukan hanya membuka jendela pengetahuan, tetapi juga membuka masa depan mereka. Copyright 2008 - 2026 PT. Kompas Cyber Media (Kompas Gramedia Digital Group). All Rights Reserved.",2809
pasar viral Sumatera Selatan,"Sepi Pembeli Usai Viral Isu Kebersihan Pempek Pasar 16 Ilir Palembang, Pedagang: Jangan Matikan Rezeki Kami - Kompas.com",https://news.google.com/rss/articles/CBMizAFBVV95cUxNbWVScmt0YTNLdXNQNl9yS3NqLXVfRnNwbG81c2pWU25xeFhkMS10eUNBcjIxX2t5anZvWXdZQnJ6YzE5QnA5cDROU0NXY2FaWFJ0d3FVVHV3eUZ4SHlYUm9mSXd6cy1ubDhGeHlMM2VYQ0J6UDVHV08zM29WZ1dZREJNM3JEeWVjMjRwWkpQNnAzNUNQU3F5RWxDMTVsZUNmc3d3ODRMVHB1NXZRZkVBZXRGdG1wc1hJendKZThvT2dKaG9VOGl0eTlEUVE?oc=5,2026-07-29 07:00:00+00:00,Kompas.com,https://www.detik.com/sumbagsel/berita/d-8498869/heboh-dua-gajah-liar-masuk-pasar-di-oki-ini-kata-bksda-sumsel,"Video memperlihatkan dua ekor gajah liar berjenis kelamin laki-laki masuk ke pasar Kabupaten Ogan Komering Ilir (OKI), Sumatera Selatan, viral di media sosial. Gajah itu hanya melintas untuk mencari makan. Dalam video dilihat detikSumbagsel Kamis (21/5/2026), terlihat dua gajah tersebut nampak berlari kecil melewati lorong pasar yang sepi pada malam hari. Peristiwa tersebut diketahui terjadi di Pasar Jukung, Kecamatan Sungai Baung, OKI, Selasa (19/5)2026) malam. SCROLL TO CONTINUE WITH CONTENT Kepala Seksi (Kasi) Wilayah I BKSDA Sumsel, Kemarun Zaman mengatakan dua ekor gajah tersebut hanya melintas untuk mencari makan dan sudah kembali ke habitatnya. ""Benar itu dua ekor gajah liar melintas di pasar dan dia sudah kembali ke habitatnya. Dua ekor gajah itu hanya melintas saja dan tidak mengganggu,""kata Zaman saat dikonfirmasi detikSumbagel, Kamis (21/5/2026). Zaman menjelaskan, gajah yang viral tersebut merupakan gajah liar yang habitatnya di air Sugihan atau di ruang lingkup Padang Sugihan. Habitat gajah-gajah tersebut ada di lokasi itu. Kata Zaman, dari video yang viral itu, dua gajah liar tersebut hanya melintas di Pasar Jukung dan tidak ada korban jiwa, karena murni melintas di malam hari. ""Kita ada posko namanya Pagar Rapat. Posko tersebut terdiri dari empat orang BKSDA dan satu warga. Para anggota di posko inilah yang memantau masuknya gajah apalagi jika ada konflik. Untungnya pada saat itu dua ekor gajah hanya melintas dan tidak mengganggu sehingga kami tidak menurunkan tim,"" ujarnya. Menurut Zaman, Pasar Jukung merupakan perlintasan gajah. Kemungkinan gajah ini pernah melihat 5-7 tahun lalu sehingga ia melewati pasar tersebut. Keduanya bisa jadi gajah tersebut mencari jalan baru untuk kembali ke habitatnya karena jalan yang biasa ia lalui rusak. ""Warga tidak perlu khawatir gajah-gajah tersebut sudah pulang ke habitatnya. Jika melintas lagi atau ada konflik tim kita ada di Posko Pagar Rapat yang sudah ditandangi SKnya olah Camat,"" ujarnya. Zaman menyebut, selama satu tahun ia bertugas di Sumsel baru kali ini mendapatkan informasi bahwa ada gajah melintas di pasar. Anda menyukai artikel ini",2131
pasar viral Sumatera Selatan,"Viral di Medsos, Pempek Tumpah Pasar 16 Ilir Bakal Ditata Pemko Palembang - sumselsatu.com",https://news.google.com/rss/articles/CBMinAFBVV95cUxPX0h2bU5DYXpmdFc4NVhzajlfd0NObmJoZnhWRllObktYdGNjSzVNUF85RmZISFI4U2tJYlpkdkltSmxadl9lT3phcmIyYkdSWUMyTDNpODVJcEc0TlJlZkF1ai10Tno3aTFqdEx3UUFpN2drTU5VM2VlNGg2bnRqcHI5Mkd3ajA5cl9aWnJvd2xIcGhfUTV0ZTZGU0E?oc=5,2026-08-02 07:00:00+00:00,sumselsatu.com,https://regional.kompas.com/read/2026/07/29/134401778/sepi-pembeli-usai-viral-isu-kebersihan-pempek-pasar-16-ilir-palembang?page=all,"Sepi Pembeli Usai Viral Isu Kebersihan Pempek Pasar 16 Ilir Palembang, Pedagang: Jangan Matikan Rezeki Kami PALEMBANG, KOMPAS.com - Pedagang pempek tumpah di Pasar 16 Ilir, Kota Palembang, Sumatera Selatan, mengaku terdampak setelah unggahan yang menyoroti kualitas dan kebersihan makanan tersebut viral di media sosial. Salah seorang pedagang senior, Lina atau akrab disapa Cek Lina, mengatakan jumlah pembeli menurun setelah narasi mengenai pempek tumpah Pasar 16 Ilir ramai diperbincangkan. Ia menyayangkan unggahan di media sosial yang dinilai menyamaratakan kualitas produk seluruh pedagang di kawasan tersebut. Menurut Lina, setiap pedagang memiliki bahan, cara pengolahan, dan kualitas produk yang berbeda-beda. Baca juga: 8 Pasangan Pilkada di Sumsel Tes Kesehatan, Ada yang Cuma Makan Pempek hingga Minum Jamu ""Berdampak sekali, pembeli jadi berkurang. Padahal tidak semua pedagang seperti itu. Produknya beda-beda, yang buat juga beda-beda,"" kata Lina. Lina merupakan salah satu pedagang yang telah lama menjual pempek tumpah di Pasar 16 Ilir. Dalam menjalankan usahanya, warga Kertapati itu dibantu oleh suaminya. Ia menilai tuduhan yang disebarkan tanpa konfirmasi langsung kepada pedagang dapat merugikan pelaku usaha yang telah menggantungkan hidup dari berjualan pempek selama bertahun-tahun. Lina mengatakan masyarakat tetap berhak menyampaikan kritik apabila menemukan produk yang dianggap tidak layak atau memiliki kualitas kurang baik. Namun, ia berharap keluhan tersebut terlebih dahulu disampaikan kepada pedagang agar dapat diperiksa dan diperbaiki. ""Kalau memang ada kritik, jangan diumbar di sosmed. Itu kan tidak bagus, sama saja mematikan rejeki orang,"" ujar Cek Lina saat diwawancarai Sripoku.com. Menurut Lina, penyampaian kritik secara langsung akan memberi kesempatan kepada pedagang untuk mengetahui kekurangan produknya. Langkah tersebut juga dinilai lebih adil dibandingkan menyebarkan penilaian yang kemudian dianggap mewakili seluruh pedagang pempek tumpah di Pasar 16 Ilir. Ia menegaskan bahwa para pedagang di kawasan itu memproduksi dan menjual pempek masing-masing. Oleh sebab itu, kualitas pempek dari satu pedagang tidak dapat dijadikan dasar untuk menilai produk milik pedagang lainnya. Viralnya unggahan tersebut, kata Lina, tidak hanya memengaruhi citra pempek tumpah, tetapi juga berdampak langsung terhadap pendapatan pedagang. Penurunan jumlah pembeli membuat para pedagang khawatir usaha yang telah dijalankan selama puluhan tahun ikut terkena dampak. Lina menyarankan masyarakat dan wisatawan yang datang ke Pasar 16 Ilir untuk mencicipi pempek langsung di lokasi sebelum membeli dalam jumlah banyak. Cara tersebut dinilai dapat membantu pembeli memastikan rasa, aroma, serta kondisi pempek yang hendak dibawa pulang. ""Makanlah dulu di sini, terus bungkus sedikit bawa ke rumah. Kalau memang menurutnya bau atau busuk, silakan telepon pedagangnya. Jangan disebarkan ke tempat lain, jadi pedagang bisa memperbaiki,"" jelasnya. Menurut Lina, pedagang pada dasarnya membutuhkan masukan dari konsumen. Namun, masukan itu diharapkan disampaikan secara bertanggung jawab dan tidak langsung digeneralisasi kepada seluruh penjual. Ia juga meminta konsumen menghubungi pedagang apabila mendapati produk yang dinilai bermasalah setelah dibawa pulang. Keluhan tersebut dapat menjadi bahan evaluasi bagi pedagang dalam memperbaiki proses produksi, penyimpanan, maupun pengemasan. Lina mengklaim pempek yang dijualnya selama ini tetap mendapat kepercayaan dari pelanggan, termasuk pembeli dari luar Sumatera Selatan. Belum lama ini, seorang pembeli asal Papua disebut memborong pempek dagangannya senilai Rp 500.000 atau sekitar 500 butir. ""Kalau memang pempek di sini tidak bagus, tidak mungkin kemarin ada yang dari Papua beli pempek saya Rp 500 ribu. Alhamdulillah dari dulu sampai sekarang belum pernah ada yang komplain,"" ungkap Cek Lina. Ia menjadikan pengalaman tersebut sebagai bukti bahwa pempek tumpah di Pasar 16 Ilir masih diminati konsumen dari berbagai daerah. Meski demikian, Lina tidak menampik pentingnya menjaga kualitas dan kebersihan produk agar kepercayaan pembeli tetap terjaga. Para pedagang juga diharapkan terus memperhatikan bahan baku, proses pengolahan, serta cara penyimpanan pempek yang dijual kepada masyarakat. Pempek tumpah merupakan salah satu sajian kuliner yang dikenal di kawasan Pasar 16 Ilir Palembang. Pempek biasanya disusun dalam jumlah banyak di lapak pedagang sehingga masyarakat mengenalnya dengan sebutan pempek tumpah. Kawasan tersebut juga menjadi salah satu lokasi yang kerap dikunjungi warga maupun wisatawan yang ingin membeli makanan khas Palembang. Baca juga: Informasi Afni Memang Tak Salah, 1.000 Pempek Langsung Ludes Dibeli Pengunjuk Rasa Lina berharap polemik yang muncul di media sosial tidak membuat masyarakat langsung menghindari seluruh pedagang. Ia mengajak pembeli datang dan menilai sendiri kualitas pempek yang dijual di Pasar 16 Ilir. ""Harapan saya nama pempek tumpah ini dibersihkan. Datang dan buktikan sendiri makan di sini,"" pungkasnya. Lina berharap kepercayaan masyarakat terhadap pempek tumpah Pasar 16 Ilir dapat kembali pulih. Ia juga meminta kritik terhadap kualitas produk disampaikan secara langsung dan tidak menyamaratakan seluruh pedagang yang mencari nafkah di kawasan tersebut. Sebagian artikel ini telah tayang di Sripoku.com dengan judul ""Kebersihan Pempek Tumpah Pasar 16 Ilir Palembang Jadi Sorotan, Pedagang: Jangan Matikan Rezeki Kami"" . Bayangkan seorang anak Indonesia bercita-cita menjadi dokter tetapi hanya memiliki satu buku lusuh untuk belajar. Bersama Ekspedisi Kata ke Nyata Kompas.com, Anda bisa membantu mengubah kisah itu. Mari hadirkan akses literasi bagi anak-anak di berbagai pelosok Indonesia melalui donasi lewat tautan https://bit.ly/JagatLiterasi2026 . Setiap kebaikan yang Anda berikan bukan hanya membuka jendela pengetahuan, tetapi juga membuka masa depan mereka. Copyright 2008 - 2026 PT. Kompas Cyber Media (Kompas Gramedia Digital Group). All Rights Reserved.",6010
pasar viral Sumatera Selatan,Kata Pengelola soal Jalan di Pasar Buah Jakabaring Rusak dan Becek - detikcom,https://news.google.com/rss/articles/CBMitgFBVV95cUxOMjE5ODhHVW5KM1VmbUZ6c0xyOHpUTW00Z0tEeGRkZ280cmVVa2F0OEhiS2wxdll6ajNJLVF2S2RIQ2ZKZUd5Nk1ZUjRFRklDLVp5TXI2QmxpQVNQcW1TVDVEbGxKNi10dTBYVW1rZVpacWJJc3llbThwLVd6Yy1ocnZBX0J2MVN6b3ZnS2kxb2tyRHJDMEExRC02ME5Uei1pSHlhdDlLRVhkWktVMDBTWGRrWmQ2Z9IBuwFBVV95cUxPV3E2T2hxNjYyM3JpUjdrTVo5ZXFJM1ZzRnVMZlprMFZjdGxyejg0cEtKUUFFNUtqNmhkdzZSbGQzT044ZjU3cTUxcmNvazlraVpXTkFQMXBSS2VhT0h1Z2lDaUNCV2xpS0xDNHZJajF3aklMOGRYZm9FWjFfNmNKcnFhOHluNXFkdFJEbGtsMWJKSk55bndiZUJfYUhxZXlUbWxFZm9RYmpfa3lYQ1MzcTFLRGVwR2wyNS1N?oc=5,2026-04-14 07:00:00+00:00,detikcom,https://sumselsatu.com/viral-di-medsos-pempek-tumpah-pasar-16-ilir-bakal-ditata-pemko-palembang/,"Palembang, SumselSatu.com Pemerintah Kota (Pemko) Palembang mulai menyiapkan langkah penataan kawasan kuliner pempek tumpah di Pasar 16 Ilir, menyusul viralnya kawasan tersebut di media sosial belakangan ini. Langkah ini sekaligus ditujukan untuk meningkatkan kualitas destinasi wisata kuliner khas Palembang. Asisten I Bidang Pemerintahan dan Kesejahteraan Rakyat Sekretariat Daerah Kota Palembang Sulaiman Amin mengatakan, penataan akan difokuskan pada tiga aspek utama kebersihan, keamanan pangan, serta penempatan pedagang agar lebih tertib dan nyaman bagi pengunjung. “Kami ingin memastikan wisatawan yang datang merasa aman dan nyaman saat menikmati pempek. Jangan sampai muncul kesan negatif karena persoalan kebersihan atau keamanan pangan,” ujar Sulaiman, Sabtu (1/8/2026). Menurutnya, kuliner khas Palembang harus mampu memberikan pengalaman yang baik bagi wisatawan, tidak hanya dari sisi cita rasa, tetapi juga dari standar kesehatan dan kebersihan. Salah satu konsep yang tengah dikaji Pemkot adalah menghadirkan sentra khusus bagi pedagang pempek tumpah. Dengan lokasi yang terpusat, pemerintah dinilai akan lebih mudah melakukan pembinaan, pengawasan kualitas makanan, hingga menjaga kebersihan kawasan. Saat ini, Pemko Palembang masih berkoordinasi dengan Perumda Pasar Palembang Jaya untuk menentukan lokasi yang dinilai paling tepat sebagai pusat kuliner pempek tumpah. Penataan ini juga diharapkan menciptakan lingkungan yang lebih rapi sehingga mampu meningkatkan daya tarik Pasar 16 Ilir sebagai salah satu tujuan wisata kuliner di Kota Palembang. Pemerintah berharap langkah ini dapat memberi manfaat bagi pedagang sekaligus meningkatkan kepercayaan wisatawan terhadap kualitas kuliner khas Palembang. Dengan kawasan yang lebih tertata, aktivitas jual beli diharapkan tetap berjalan lancar, sementara pengunjung dapat menikmati pempek dalam suasana yang lebih bersih, nyaman, dan memenuhi standar keamanan pangan. #fly Save my name, email, and website in this browser for the next time I comment.",2018
pasar viral Sumatera Selatan,Pemkot Palembang dorong Pasar 26 Ilir jadi destinasi kuliner modern - ANTARA News Sumsel,https://news.google.com/rss/articles/CBMisAFBVV95cUxOLUU4M2NfNzUwZUpsT29SejJYWl9vVlZleXpSS2MzVjBOZEJYTmFUVU9zRENPTTBOZ3FXYWFXcHN3R3JWdm53MzBQYWkwUWpzeXBQOEw0bzNYdTBtakRQZjB2cVVfeWNaTHhvd3htenlncERIc1Vodjc3bWxoRElOQ1I2bXdqS19RbFpyN3R0czgyVFV2WlgySEEwMHphUjJnVUtrMjhHSFFoYWRWdGh4cw?oc=5,2026-04-25 07:00:00+00:00,ANTARA News Sumsel,https://www.detik.com/sumbagsel/berita/d-8443151/kata-pengelola-soal-jalan-di-pasar-buah-jakabaring-rusak-dan-becek,"Pengelola Pasar Buah Induk Jakabaring, Palembang, Sumatera Selatan, akhirnya angkat bicara mengenai kondisi infrastruktur pasar yang kian memprihatinkan. Pengelola mengakui perbaikan akses jalan yang hancur dan becek terkendala oleh kondisi keuangan yang tidak stabil. Ketua Koperasi Al-Hidayah selaku pengelola pasar, Abu menjelaskan bahwa pihaknya saat ini sedang berupaya mencari sumber bantuan dana untuk memperbaiki kerusakan jalan di kawasan tersebut. Ia menyebut, pendapatan koperasi sangat bergantung pada karakteristik komoditas yang dijual para pedagang. ""Kita sedang berusaha mencari bantuan keuangan untuk perbaikan jalan. Karena sifatnya buah ini musiman, dalam satu tahun itu masa yang agak banyak (pendapatan) paling 10 bulan,"" ujar Abu kepada detikSumbagsel , Senin (13/4/2026). SCROLL TO CONTINUE WITH CONTENT Abu memaklumi jika selama ini pedagang mengeluh dan terpaksa patungan sendiri untuk mengecor jalan. Menurutnya, kondisi ini kontras dengan status awal pasar yang dicanangkan sebagai percontohan nasional. ""Kami memaklumi jika pedagang mengeluh, karena awalnya pasar buah ini percontohan nasional. Kami tetap berusaha yang terbaik,"" tambahnya. Terkait masalah sampah yang menumpuk, Abu mengklaim pengangkutan dilakukan rutin setiap hari. Pihaknya mengaku telah berkoordinasi dengan Dinas Kebersihan dan Keindahan (DKK) Palembang untuk pengerahan armada. ""Masalah sampah, tiap hari kita angkut dua truk, kita sudah dibantu DKK juga,"" jelasnya. Sebelumnya, kondisi jalan di Pasar Induk Jakabaring, Palembang, Sumatera Selatan, sempat viral di media sosial karena kondisinya yang hancur dan becek menggenang saat hujan. Pedagang berharap pengelola segera merealisasikan perbaikan permanen agar omzet mereka tidak terus anjlok akibat pembeli yang enggan masuk ke area pasar. Artikel ini ditulis oleh Nadiya, peserta Program MagangHub Bersertifikat dari Kemnaker di detikcom . Anda menyukai artikel ini",1922
pasar viral Sumatera Selatan,"Melarikan Diri, Minibus Tabrak Palang Parkir Pasar Inpres - SinPo.id",https://news.google.com/rss/articles/CBMiiwFBVV95cUxON1hOR3JlUkxFRlRENE1rMEZ2VFk0dzN4QkdFQUYtMDdPTmZRZTd0TVpBdlF2MjFFdk1wSjczYk1tNzRBQUZoRlJyVmJqYTlMaWxmTldsaF9FVXlnV2puVDN4M0Q1VjZHcXlyWEk3OWVaNWl3RTNZU2I1U2ZZNjBwM0s2QnRtdWpOUkRj?oc=5,2026-08-03 07:00:00+00:00,SinPo.id,https://sumsel.antaranews.com/berita/816869/pemkot-palembang-dorong-pasar-26-ilir-jadi-destinasi-kuliner-modern,"Palembang (ANTARA) - Pemerintah Kota Palembang, Sumatera Selatan, untuk mendorong kawasan Pasar 26 Ilir menjadi destinasi wisata kuliner modern melalui pengembangan kawasan makanan halal, aman, dan sehat. Asisten II Setda Kota Palembang Isnaini Madani, di Palembang, Sabtu, mengatakan bahwa langkah strategis tersebut bertujuan meningkatkan kelas destinasi karena selama ini lokasi tersebut sudah dikenal oleh wisatawan. ""Pasar 26 Ilir ini sudah dikenal luas, bahkan viral sebagai destinasi kuliner unggulan. Tantangan kita sekarang adalah meningkatkan kualitasnya agar naik kelas dan mampu bersaing dengan destinasi modern lainnya,"" ujarnya. Ia menjelaskan, rencana penataan mencakup sejumlah aspek strategis, mulai dari revitalisasi fisik hingga manajemen lingkungan, mulai dari pembangunan gerbang masuk yang ikonik sebagai penanda destinasi, perbaikan jalur pedestrian demi kenyamanan pengunjung. Kemudian, penataan tempat pembuangan sampah (TPS) sementara agar lebih higienis dan tidak mengganggu aktivitas perdagangan. ""Poin utama dalam pengembangan kawasan ini yakni membenahi tampilan depan kawasan agar lebih representatif,"" ujar dia. Menurut Isnaini, program ini tidak hanya berfokus pada sertifikasi produk kuliner semata, tetapi juga menciptakan pengalaman wisata yang terintegrasi di mana pengunjung dapat menikmati ruang publik yang tertata dengan baik. Meskipun saat ini perencanaan teknis masih dalam tahap koordinasi bersama Bank Indonesia, Pemkot Palembang menyatakan membuka peluang kolaborasi bagi pihak swasta maupun perbankan lain melalui skema corporate social responsibility (CSR). ""Kita tidak bisa bekerja sendiri. Perlu kolaborasi multipihak agar penataan ini optimal dan hasilnya benar-benar berdampak. Kita 'keroyokan' supaya tidak setengah-setengah,"" tegasnya. Lebih lanjut, ia menekankan pentingnya partisipasi aktif dari para pedagang dan warga sekitar. Isnaini menilai, di tengah munculnya berbagai destinasi wisata baru, pembenahan kawasan menjadi harga mati agar ekonomi lokal tetap tumbuh. ""Jika kita tidak berbenah, Pasar 26 Ilir bisa tertinggal. Tapi kalau kawasan ini rapi, bersih, dan nyaman, pengunjung akan terus datang. Ujungnya adalah peningkatan kesejahteraan masyarakat,"" katanya. Pewarta: M. Imam Pramana Editor: Dolly Rosana COPYRIGHT © ANTARA 2026",2295
pasar viral Sumatera Selatan,Heboh Sejoli Mesum di Belakang Pasar Buah Jakabaring Palembang - detikcom,https://news.google.com/rss/articles/CBMiwAFBVV95cUxQbDNKZlZ5dG55OWwtTzhBcGRhSUtkQVByNFlzXzRPUTdEdmxZSDlSTGUtVnFOSGhCTXpwWXdKbE5vQXV4QW9ickNpN3FaQmNQbk5VQWFlYzJjQzFvZW44cl9ndjhwbmdWZUhod2M5SGxSem5aZnkzREN0bmV1NjJXTHhpM0NfLWN3c29sWkU4QzIyQ0JHQUZRZU91ajFFRVBDYjllbjN3dk12UTRHOENwWHpPdUxhYlF3bmNGcGl3ZGLSAcYBQVVfeXFMUEIzZGh1SmRWQno4Z2h3STZXTUdyanVXTlh5ZFhoREpvcUk0emt0SDhsZGkxUGYyZm9Da2J5YldvYTdKZDVnb04yOEd1VE54MG82RjNEVGhxTlNXWDJ1d0tpWTJtWGpVSG9qYnRfQ2ZBMC1XRmYxdlVJbGZTWF9fTGxoMnZKZWtIaGxhdnkzbDNndVJMRDdGeDkxZ01Lbl9OamMzXzdJOVBBTjQ5ZEtCbWFsSmotVUhHWmFOS2NZQUhnZ1hneWhn?oc=5,2026-07-10 07:00:00+00:00,detikcom,https://tv.sinpo.id/detail/melarikan-diri-minibus-tabrak-palang-parkir-pasar-inpres,"SinPo.tv - Viral, sebuah minibus menabrak palang parkir Pasar Inpres di Kabupaten Muara Enim, Sumatera Selatan, saat berusaha melarikan diri dari kejaran warga. Aksi nekat ini terjadi setelah pengemudi mobil dipergoki warga berbuat mesum di dalam kabin bersama pasangannya. 27 September 2026 | 05:00 WIB NASIONAL | 1 hari yang lalu INTERNASIONAL | 5 hari yang lalu NASIONAL | 4 hari yang lalu INTERNASIONAL | 5 hari yang lalu NASIONAL | 6 hari yang lalu",453
pasar viral Sumatera Selatan,"Revitalisasi Pasar Pempek 26 Ilir, Target Jadi Destinasi Kuliner Modern - detikcom",https://news.google.com/rss/articles/CBMiuwFBVV95cUxQcmJ2QmhvU2J4MDlTRThZQmZtdUs2Wjh1UW5qckJnblF1dDItSlZfbDNrTm9Tc1hOS1plbVgtOW4zWF92ekVGdW1hUDVndmYxR0VGSEg4bUxyWjFHbzBnWjJEWmxpM192VjJZWjJkVDNIbHJ1S2ZDcm5mYklRZ3RrVHNROHBkaXBKUWFlS3V2TGJ3SWpqbWZlNERXMW51NHdIRXNZUnhlRW8xNV84d1dfYVE2VG4yUmlRaFNj?oc=5,2026-04-25 07:00:00+00:00,detikcom,https://www.detik.com/sumbagsel/hukum-dan-kriminal/d-8567995/heboh-sejoli-mesum-di-belakang-pasar-buah-jakabaring-palembang,"Video memperlihatkan sejoli di Palembang, Sumatera Selatan, melakukan mesum di ruang terbuka viral di media sosial. Saat ini polisi masih menyelidiki terkait dengan kejadian. Peristiwa tersebut terjadi di kawasan Jalan Pangeran Ratu, tepatnya di belakang Pasar Buah Jakabaring, Kecamatan SU I, Palembang, Rabu (8/7/2026) sekitar pukul 08.00 WIB. Dalam video berdurasi dua menit yang dilihat detikSumbagsel Jumat (10/72026) tampak pasangan itu diduga melakukan perbuatan mesum. SCROLL TO CONTINUE WITH CONTENT Padahal, pada saat kejadian aktivitas di sekitar Pasar Buah Jakabaring masih berlangsung sehingga aksi keduanya menjadi perhatian warga. Sejumlah warga yang berada di sekitar lokasi kemudian merekam kejadian tersebut menggunakan telepon genggam. Rekaman itu selanjutnya beredar luas di berbagai platform media sosial hingga akhirnya diketahui pihak kepolisian. Kapolsek Seberang Ulu I Palembang Kompol Heri membenarkan pihaknya telah menerima informasi mengenai video viral tersebut. Saat ini, kata dia, polisi masih melakukan penyelidikan untuk mengungkap identitas pasangan yang terekam dalam video. ""Benar, kami telah menerima informasi terkait video viral tersebut. Saat ini kami masih melakukan penyelidikan untuk mengidentifikasi dan mencari kedua orang yang ada di dalam video,"" ujarnya. Polisi mengimbau masyarakat tidak menyebarluaskan video tersebut karena dapat menimbulkan dampak negatif dan berpotensi melanggar etika. Masyarakat yang mengetahui identitas maupun informasi terkait kejadian itu diminta segera melapor kepada kepolisian untuk membantu proses penyelidikan. Hingga kini, polisi masih mendalami kasus tersebut dan memburu identitas pasangan yang terekam dalam video viral itu. Anda menyukai artikel ini",1736
event viral Sumatera Selatan,Wagub Sumsel Cik Ujang Ajak Masyarakat Jadikan Festival Sriwijaya Momentum Kebangkitan Budaya Daerah - palpos.disway.id - Palpos,https://news.google.com/rss/articles/CBMi3AFBVV95cUxQQkR2Ylgzcl9STXlNek9ZUE9yU3Z1R0ZoOTVmakZWTUFmcnBybU44ZDF3SmxVbzExVGRkcEtjU0M0NDRnVWtpMkREdXFMOHFNNU9rNDVHOXp2MFotdWlSc190Q1YxMVJlMFJJek5Xc2JKd0J6cDYwVlg3cWFNNURiOWpWalJSN0Q1bXVZUUtGa3NGdTNOUnc3ZG41a09rdFJFSEg1OHJYUE5tMDQ0b1MzMVVXT0EyRHNvRlBpTzZDTWY0UmNnTHdtWi1nV0NPRmU4ck85V21oTTlTTGhv0gHSAUFVX3lxTE1mVTU0M2tNMlNNQnFYMXlYUVcwS0pNM3VTRTZVbWxkUHJzYmZqNktDUHNvVlBvUGN6M2NYODlpd2JiUUxEX2o3OEtTcjFQMVlDV0xtM2dnWTB0LUtVX2d0a1JMQUxSUElidXpTR2NLbTMza2tsdkhUQzJ0RW55R0NBSkxQaXpTYlFxQ01hQTNFbnFDOTUwTDI1WTNKcnpOYnNYS1huU0ZYUzZLU0xna05xUUZ3OGVnUGVEdllFTzFSMVBROEM2ZGt2dnZyOVI0X000Zw?oc=5,2026-05-16 07:00:00+00:00,Palpos,https://www.detik.com/sumbagsel/berita/d-8459821/revitalisasi-pasar-pempek-26-ilir-target-jadi-destinasi-kuliner-modern,"Pemerintah Kota Palembang berkolaborasi dengan Bank Indonesia (BI) menata kawasan Pasar 26 Ilir atau Pasar Sentral Kampung Pempek. Penataan ini dilakukan di kawasan strategis pusat kota dengan tujuan meningkatkan kualitas destinasi wisata kuliner. Revitalisasi dengan memprioritaskan perbaikan infrastruktur, kebersihan, dan kenyamanan lingkungan. Bertujuan untuk mampu bersaing dengan kawasan modern serta mendorong pertumbuhan ekonomi lokal. Upaya tersebut menjadi bagian dari langkah berkelanjutan Pemkot Palembang dalam memperkuat identitas kota sebagai pusat wisata kuliner khas. Pasar 26 Ilir yang telah dikenal luas, bahkan kerap viral sebagai tujuan wisata kuliner, dinilai memiliki potensi besar untuk dikembangkan lebih lanjut melalui penataan yang lebih terintegrasi. SCROLL TO CONTINUE WITH CONTENT Asisten II Setda Kota Palembang, Isnaini Madani, meninjau langsung kondisi kawasan guna memastikan rencana penataan berjalan menyeluruh, tidak hanya berfokus pada tampilan visual, tetapi juga aspek kenyamanan dan kesehatan lingkungan. ""Pasar 26 Ilir ini sudah dikenal luas, bahkan viral sebagai destinasi kuliner unggulan. Tantangan kita sekarang adalah meningkatkan kualitasnya agar naik kelas dan mampu bersaing dengan destinasi modern lainnya,"" ujar Isnaini, Kamis (23/4/2026). Ia menjelaskan, sejumlah langkah strategis telah disiapkan dalam rencana penataan tersebut. Di antaranya pembenahan tampilan depan kawasan agar lebih representatif, pembangunan gerbang masuk yang ikonik sebagai identitas destinasi, serta peningkatan kualitas jalur pedestrian untuk menunjang kenyamanan pengunjung. Selain itu, pengelolaan Tempat Pembuangan Sampah (TPS) sementara juga menjadi perhatian agar lebih higienis dan tidak mengganggu aktivitas di kawasan pasar. Penataan ini diharapkan mampu menciptakan pengalaman wisata yang lebih baik, tidak sekadar berbelanja, tetapi juga menikmati ruang publik yang tertata. Program ini juga sejalan dengan inisiatif Bank Indonesia dalam pengembangan kawasan Kuliner Halal, Aman, dan Sehat (KHAS), yang menitikberatkan pada penguatan ekosistem kuliner secara menyeluruh, bukan hanya pada aspek sertifikasi produk. Meski saat ini masih dalam tahap koordinasi teknis, Pemkot Palembang membuka peluang kerja sama lebih luas dengan berbagai pihak. Keterlibatan sektor perbankan maupun swasta melalui skema Corporate Social Responsibility (CSR) dinilai dapat mempercepat realisasi program tersebut. ""Kita tidak bisa bekerja sendiri. Perlu kolaborasi multipihak agar penataan ini optimal dan hasilnya benar-benar berdampak,"" tegas Isnaini. Isnaini menekankan pentingnya peran aktif masyarakat, khususnya pedagang dan warga sekitar, dalam menjaga keberlanjutan penataan kawasan. Menurutnya, kualitas lingkungan yang lebih baik akan berdampak langsung terhadap peningkatan jumlah kunjungan. ""Saat ini banyak destinasi baru bermunculan. Jika kita tidak berbenah, Pasar 26 Ilir bisa tertinggal. Tapi kalau kawasan ini rapi, bersih, dan nyaman, pengunjung akan terus datang. Ujungnya adalah peningkatan kesejahteraan masyarakat,"" pungkas Isnaini. Pemkot Palembang berharap, kolaborasi yang terjalin tidak hanya berhenti pada pembangunan fisik, tetapi juga berlanjut pada pengelolaan kawasan yang berkelanjutan, sehingga Pasar 26 Ilir benar-benar mampu menjadi wajah baru wisata kuliner Palembang yang modern, tertata, dan berdaya saing tinggi. Artikel ini ditulis oleh Mutiara Helia Praditha peserta Program MagangHub Bersertifikat dari Kemnaker di detikcom. Anda menyukai artikel ini",3514
event viral Sumatera Selatan,"Pertama di Palembang, Festival Jajanan Viral Jakarta Hadir di PIM Sajikan Ratusan Menu Kuliner Hits - musionline.co.id",https://news.google.com/rss/articles/CBMi3wFBVV95cUxNa29oWHBaZUZic2Q5N3kydkNiMTRZRlQ0V3ZqdXJneEZfczRKSUZrc1pWTUZfMzRjN3N3Umk4MUQyLXljRjdFZWxDaXBzcW9vaFFnY01ac1J4LVotQlpFTnFYNlBUdUxQUEVCb2Fnd0F6Q3B4QzVURktMa0d6ZjlOQlEzUm5yVlVDaUZ4SEU0UEFMd2VoN2w0cW1PbG4zZmVfbVluQUtjQjZzdXFSTHZYeWVHamhaOUlJUVVGMjRwWVJlWm5uQW1rb2pLTEp2eXdZeVZ6TWcyYWw2ZmMwQTdV?oc=5,2026-04-03 07:00:00+00:00,musionline.co.id,https://palpos.disway.id/sumsel/read/714857/wagub-sumsel-cik-ujang-ajak-masyarakat-jadikan-festival-sriwijaya-momentum-kebangkitan-budaya-daerah,"Wagub Sumsel Cik Ujang Ajak Masyarakat Jadikan Festival Sriwijaya Momentum Kebangkitan Budaya Daerah-Foto:Istimewa- PALEMBANG , PALPOS.CO — Wakil Gubernur Sumatera Selatan (Sumsel) H. Cik Ujang mengajak masyarakat menjadikan Festival Sriwijaya sebagai momentum kebangkitan budaya Sumatera Selatan. Ajakan tersebut disampaikannya saat membuka Festival Sriwijaya 2026 di Kompleks Dekranasda Palembang, Jumat (15/5/2026). Menurut Cik Ujang, Festival Sriwijaya bukan sekadar hiburan tahunan, tetapi juga sarana memperkuat kecintaan masyarakat terhadap sejarah dan budaya Sumatera Selatan. Ia mengatakan, Kerajaan Sriwijaya merupakan kerajaan besar yang memiliki pengaruh kuat pada masanya. BACA JUGA: Herman Deru Hadiri Khotmul Quran Imtihan Akbar Metode Ummi, Tekankan Rumah Tahfidz Ubah Mindset Pendidikan BACA JUGA: Gubernur Herman Deru Titip Empat Pesan Penting untuk Komedian saat Pelantikan Pengurus PaSKI Sumsel Karena itu, generasi saat ini perlu terus menggali dan memahami sejarah kejayaan Sriwijaya agar nilai-nilai kebesarannya dapat diwariskan kepada masyarakat, khususnya generasi muda. “Kita tahu Sriwijaya adalah kerajaan besar, tetapi kita juga harus memahami bagaimana kejayaan itu dibangun agar masyarakat Sumatera Selatan bisa mencontoh semangat dan kemajuan yang pernah dicapai Kerajaan Sriwijaya,” ujar Cik Ujang. Ia menilai budaya Sriwijaya harus terus dijaga dan diperkenalkan secara luas agar tidak tergerus perkembangan zaman. Festival Sriwijaya, lanjutnya, menjadi salah satu upaya pemerintah daerah dalam memperkuat identitas budaya sekaligus mempromosikan kekayaan sejarah Sumatera Selatan. BACA JUGA: Di Hadapan Menteri Agama, Herman Deru Paparkan Program Keagamaan Sumsel dan 5.000 Rumah Tahfiz BACA JUGA: Kemenkum Sumsel Perkuat Sinkronisasi Produk Hukum Daerah Kabupaten OKI Selain menampilkan pertunjukan seni dan budaya, festival tersebut juga menghadirkan hiburan rakyat yang bertujuan mempererat kebersamaan masyarakat. “Festival ini bukan hanya untuk hiburan, tetapi juga untuk membangun rasa bangga terhadap budaya daerah kita sendiri,” katanya. Cek Berita dan Artikel lainnya di Google News",2126
event viral Sumatera Selatan,"Duta GDI Hadiri HIVE Invitation Event, Perkuat Kolaborasi Kerelawanan di Sumsel - Lingkaran ID",https://news.google.com/rss/articles/CBMirAFBVV95cUxQNk82dnZ6SG9MS3U1WGJXbVhHdzdpS0ZjZ1BRUTB5ZzV5eWtXaExxdTViNXhfZEE2a2dCTmJEem5ZeUtvck4tSUVkVWxBaGI2aTYtekYzTEFXenN2YnMxeHNET1pJNW9lQi11NGNDdjdvVEpaUE9HbVR6LVhucjdjTFdYTUlaX3lyWmFUcHpwd21xR3g0LWpVUG1CUzNrUlF5NWUzeXFqQkJkaWNh?oc=5,2026-05-04 07:00:00+00:00,Lingkaran ID,"https://musionline.co.id/4357-baca-berita-pertama-di-palembang,-festival-jajanan-viral-jakarta-hadir-di-pim-sajikan-ratusan-menu-kuliner-hits.html","Musionline.co.id, Palembang - Kota Palembang kembali menghadirkan destinasi wisata kuliner baru yang sayang untuk dilewatkan. Bertempat di Palembang Indah Mall (PIM), festival kuliner bertajuk “Festival Jajanan Viral Jakarta” resmi digelar mulai 3 hingga 12 April 2026 di area The Echo. Acara ini menjadi yang pertam",316
event viral Sumatera Selatan,Festival Jajanan Viral Jakarta Hadir di Palembang Indah Mall: Ratusan Menu Hits dari Berbagai Daerah - palpos.disway.id - Palpos,https://news.google.com/rss/articles/CBMi2wFBVV95cUxOcER6NFdRWGlQX3pSbmhhM3ZSZm16dFZNQlNKdHFSMjE1X0x4ZllpdGJhRGc4ODZLUXJWQ21uTjJDUURnV3pfZWdUY3IzTF92eXNuaUhCTmdxWHY4QjF5aWUxZXR5VkhpM3hBS2JTX0ZEQ1NIaGRoV1F6WWdKaUVhVzd0SGk5ZXJ1MjhSVFg0bW1WaVBhNWNHUXJpbnktbW1ZS3lsOFlBMkhEOU52eGlFa2NWSW1WUW1raEdzWjJ3TkRrODVqdnVzR0UyU0thcmp6dmtsV1pwZ0k2eGPSAdABQVVfeXFMTW1tQUtITWhleWN4Y3lBbE5sRG1YeFdKWnBzM1VRd1AyZV9HWUdaeVNSVWt3UVVVQmdkVWVBZXZlcFU3c0ZwR1hfYy1nb0FnbnpZOGxhUmdGbHNhY3pESmxKNHlzNGVma0FaUS1rM01KdTdpUUUxWkxfM2piVEVLTGFlUl9kMGcyd3VxbHFlNFhiemtQbFdzMmc2dkJ6TWVIN0NIbGdzTmU0dzlDMWp6WGlZbFRILUJqSkRYT2FDNkRaajhaR3pxek84UXZjel9rTw?oc=5,2026-04-02 07:00:00+00:00,Palpos,https://lingkaran.id/nasional/duta-gdi-hadiri-hive-invitation-event-perkuat-kolaborasi-kerelawanan-di-sumsel,"Gubernur Herman Deru Serap Aspirasi Buruh Sumsel, Siap Tindak Lanjuti ke Pemerintah Pusat Acara ini menjadi wadah silaturahmi sekaligus ruang diskusi bagi para anggota HIVE di wilayah Sumatera Selatan, dengan fokus pada penguatan peran kerelawanan dalam menciptakan dampak sosial yang lebih luas. Human Initiative mengundang berbagai komunitas dan individu yang aktif dalam kegiatan sosial untuk bersama-sama bertukar gagasan, pengalaman, serta merumuskan langkah strategis dalam meningkatkan kontribusi kemanusiaan. Kehadiran Duta GDI sebagai delegasi dinilai strategis dalam memperluas jejaring kolaborasi, khususnya dalam mengintegrasikan peran generasi digital dalam aktivitas sosial berbasis kerelawanan. Partisipasi ini juga menjadi bentuk komitmen GDI dalam mendukung gerakan kemanusiaan yang berkelanjutan. GDI Sukses Gelar Pelatihan Leadership, Cetak Pemimpin Muda Adaptif di Era Digital Dalam memartabatkan nilai kemanusiaan, kolaborasi lintas lembaga menjadi aspek penting yang tidak dapat dihindari. Diperlukan komunikasi yang intensif dan berkelanjutan guna menghasilkan solusi bersama yang mampu memberikan dampak secara masif di tengah masyarakat. Melalui kegiatan “Ruang Sapa” ini, Human Initiative Sumbagsel berharap dapat memperkuat sinergi antaranggota HIVE serta mendorong terciptanya gerakan kerelawanan yang lebih terarah, terukur, dan berdampak luas bagi masyarakat Sumatera Selatan.*** Lingkaran menggunakan cookie untuk meningkatkan pengalaman pengunjung, pelajari lebih lanjut kebijakan privasi .",1522
event viral Sumatera Selatan,"Sumsel Bhayangkara Run 2026 Catat Rekor, 8.000 Pelari Siap Ramaikan JSC Palembang - rmolsumsel.id",https://news.google.com/rss/articles/CBMiqAFBVV95cUxPVmlSY2h3THBJR0l5d25RMy1Ddlc1ZXk2UVVOQi01cURsZ2p4MnhwNjkxd1VYQXVKZmhFakZmVkx4X0RvNi16NzQtTWhfZDdMNUZTVFJ0M20zLVd0R291ZlRDYWUzTEJWSUk0Y0xXYXJGTlJiWUp4dGk0R3BtcmNibXF4NnhlalBMUW1xMndxRUJCVnMtUG1Qbl8xMmdoMEJFQVg0UGljc2c?oc=5,2026-06-28 07:00:00+00:00,rmolsumsel.id,https://palpos.disway.id/sumsel/read/712407/festival-jajanan-viral-jakarta-hadir-di-palembang-indah-mall-ratusan-menu-hits-dari-berbagai-daerah,"Festival Jajanan Viral Jakarta hadir di Palembang Indah Mall : Pertama di Palembang, Ratusan Menu Hits Langsung dari Jakarta, Bali, Jawa, Medan, & Kalimantan-Foto:dokumen palpos- PALPOS.CO - Palembang Indah Mall bersama Icip-icip Fest hadirkan festival kuliner terbesar di Kota Palembang yang akan berlangsung pada Tgl. 03 12 April 2026 di The Echo Palembang Indah Mall. Mengusung tema “ Festival Jajanan Viral Jakarta ”, festival kuliner ini menghadirkan Tenant Hits seperti Boim Chicken by Harry De Prestes, Falala Chocolate X Myfoodies, Cakwe Medan Ancol, Susu Segar Paman Kota, Lumpia Semarang Gang 9 dan puluhan tenant participant lainnya dengan total 300++ menu hits. Festival ini bertujuan untuk meningkatkan apresiasi masyarakat terhadap keberagaman kuliner sekaligus mendukung pelaku UMKM kuliner lokal dalam memperluas jejaring dan mempromosikan berbagai menu-menu Kuliner di Indonesia. BACA JUGA: Polrestabes Palembang Ringkus Pengedar Narkoba di Gandus, Sabu dan Ekstasi Disita dari Dalam Helm BACA JUGA: Bandar Sabu Ruko Palembang Meninggal Dunia saat Melarikan Diri, Empat Tersangka Diamankan “Festival Jajanan Viral Jakarta bukan hanya festival kuliner biasa, tetapi juga jembatan budaya. Kami ingin masyarakat Kota Palembang dapat merasakan pengalaman berkuliner dari berbagai kota di Indonesia. Acara ini juga menjadi momentum penting untuk memperkuat industri kreatif serta mendukung pertumbuhan ekonomi Kota Palembang, Ujar Fernandy – Marcomm & Commercial Manager Palembang Indah Mall ” Festival ini menargetkan lebih dari 50.000 pengunjung selama 10 hari penyelenggaraan. Tiket masuk tersedia secara gratis untuk Pengunjung Palembang Indah Mall. Cek Berita dan Artikel lainnya di Google News",1711
tempat makan viral Kepulauan Bangka Belitung,"Pasir Putih hingga Air Laut Berwarna Tosca, Pesona Laut Pulau Belitung - Chanelmuslim.com",https://news.google.com/rss/articles/CBMiowFBVV95cUxPZnVwUE5OX2wyNHJsOUpIYUtkQ3kzd180S293cXNRd25lUU15cGJCd0JOdGxXY3RRaGZVOE1GOVVpaFNJU3FlZ2pERnhHT2NZS21XWC1DY3BWSkN3VnhaOE9nNUJBSjFwenlxQlR0VFB4TjNLSVdOUmMyZ3NucHlpUG1iMTFGbXZJVVRKU1J5X01IbEphSHJOMXNWckthR1FGaVFV?oc=5,2026-09-14 07:00:00+00:00,Chanelmuslim.com,https://www.rmolsumsel.id/sumsel-bhayangkara-run-2026-catat-rekor-8000-pelari-siap-ramaikan-jsc-palembang,"Ajang Sumsel Bhayangkara Run 2026 dipastikan mencatat sejarah sebagai event lomba lari dengan jumlah peserta terbanyak yang pernah digelar di Sumatera Selatan. Sebanyak 8.000 pelari dari berbagai daerah dipastikan ambil bagian dalam perlombaan yang akan berlangsung di Jakabaring Sport City (JSC) Palembang pada 12 Juli 2026. Kegiatan yang digelar Polda Sumatera Selatan dalam rangka memperingati Hari Bhayangkara ke-80 itu mendapat sambutan luar biasa dari masyarakat. Sejak pendaftaran dibuka pada 2 Juni hingga ditutup pada 25 Juni 2026 pukul 24.00 WIB, seluruh kuota peserta sebanyak 8.000 orang telah terpenuhi. Ketua Panitia Sumsel Bhayangkara Run 2026, Kombes Pol M. Rendra Salipu, mengatakan tingginya antusiasme masyarakat menunjukkan olahraga lari semakin diminati sekaligus menjadi bukti besarnya kepercayaan publik terhadap penyelenggaraan event tersebut. ""Animo para runners terhadap Sumsel Bhayangkara Run 2026 luar biasa. Jumlah pendaftar yang mencapai 8.000 peserta menunjukkan kepercayaan dan antusiasme masyarakat terhadap event ini sangat tinggi,"" ujar Rendra, Jumat (26/6/2026). Sumsel Bhayangkara Run 2026 akan mempertandingkan tiga kategori, yakni 5 kilometer (5K), 10 kilometer (10K), dan Half Marathon (21K), dengan titik start dan finis di kawasan Jakabaring Sport City. Seluruh peserta yang telah terdaftar diwajibkan melakukan registrasi ulang atau Race Pack Collection (RPC) pada 8 hingga 10 Juli 2026 di JSC Palembang. Dalam proses tersebut, peserta akan menerima BIB Number dan jersey eksklusif sesuai kategori yang diikuti. Panitia menyiapkan jersey berwarna kuning untuk kategori 5K, biru untuk kategori 10K, dan merah bagi peserta Half Marathon 21K. Khusus pelari 21K yang berhasil mencapai garis finis juga akan memperoleh jersey finisher berwarna hijau sebagai bentuk apresiasi, selain medali finisher. Untuk menjaga kualitas dan keamanan perlombaan, panitia menetapkan batas waktu penyelesaian atau Cut Off Time (COT), yakni satu jam untuk kategori 5K, dua jam untuk 10K, dan empat jam untuk Half Marathon 21K. ""Sobat Presisi, siapkan langkah terbaikmu dan jadikan momen ini sebagai pengalaman berlari yang berkesan. Hadiah spektakuler sudah menanti,"" kata Rendra. Sementara itu, Wakil Ketua Panitia, Kombes Pol Doni Satrya Sembiring, mengungkapkan jumlah peserta tahun ini jauh melampaui target awal panitia yang hanya sekitar 5.000 orang. Menurutnya, beberapa hari setelah pendaftaran dibuka, jumlah pendaftar langsung melonjak hingga mencapai 4.500 peserta sehingga panitia memutuskan menambah kuota menjadi 8.000 orang. ""Kalau melihat jumlah peserta saat ini, Sumsel Bhayangkara Run 2026 berpotensi menjadi event lomba lari dengan peserta terbanyak yang pernah digelar di Sumsel. Selama ini event serupa biasanya hanya diikuti sekitar 3.000 sampai 4.000 peserta,"" ungkap Doni. Selain menawarkan pengalaman berlari di lintasan berstandar nasional, panitia juga menyiapkan total hadiah pembinaan ratusan juta rupiah. Hadiah tersebut terdiri dari Rp49 juta untuk kategori 5K, Rp85 juta untuk kategori 10K, dan Rp136 juta untuk kategori Half Marathon 21K. Tak hanya itu, peserta juga berkesempatan membawa pulang berbagai hadiah doorprize, di antaranya satu unit mobil Toyota Agya, 10 unit sepeda motor Honda Beat, 10 unit sepeda listrik, 10 unit sepeda gunung (MTB), serta beragam hadiah elektronik dan perlengkapan rumah tangga. Keseruan acara akan semakin lengkap dengan penampilan Band Caplin serta kehadiran puluhan tenant UMKM lokal yang menjajakan aneka kuliner dan produk unggulan masyarakat. ""Kami ingin event ini bukan hanya menjadi pesta olahraga, tetapi juga mampu memberikan dampak ekonomi bagi masyarakat dan pelaku UMKM lokal,"" tutup Doni. Editor: Putra Riyadi",3711
tempat makan viral Kepulauan Bangka Belitung,"Makanan Khas Bangka Selain Martabak, Favorit Warga Lokal hingga Jadi Oleh-oleh - detikcom",https://news.google.com/rss/articles/CBMixAFBVV95cUxQdVI5UGJaeVVOdUhtZnQ5cnFTbWdSc2xEY18xQ0p4VFFIWDB6OGV4VDRrVk5LZmgzTFQwRnR3VmEwS0RPU0lYQTN5SzZ6aEpqanZwSnlldjhudHhRMFpSUWRkYUZ0cDB4MHRsZi1KZlBHQWdlZXVLeXdPOWFmV2VaR1huN3dUVVZkRTE1QUpoNGYzYjI0T2ZuOEF3WHRYSFFQTEZsdU5hSktJLXFiQURpUG1KMDdfcXhDdUUxdnU5bUJOY1VD0gHKAUFVX3lxTE9vTGdSbm5aclNXWU1kc1pXbk5DX2dXb2ZseXJjbjR2NVhlWEpsb0ItS1BrLWNaWWY1STBkcFYzd203Y0VDTlNSTk9mbzFmYWsyWjBJTWlkUGxlWTZhcUZjeFhsRUt5aHNTemhhMVNIalc1dFlVMm1oYl8tYmFIdmdNTFdlSnhNRHRMeUVHaFlacU9BX0FCMGhJaDA3Q09NR1A0aVpjcHBiT0JMOG5BZ2xGS0Jlckg4c182aHRtWWxzWS1iZ3BXTFI4X3c?oc=5,2026-06-22 07:00:00+00:00,detikcom,https://chanelmuslim.com/wisata/pasir-putih-hingga-air-laut-berwarna-tosca-pesona-laut-pulau-belitung,"<strong>KEINDAHAN</strong> laut Pulau Belitung, dari pasir putihnya yang halus, air laut yang jernih berwarna tosca hingga formasi batu granit raksasa yang ikonik. Pantai Tanjung Tinggi terletak di Desa Ciput, Kecamatan Sijuk, Kabupaten Belitung, Provinsi Kepulauan Bangka Belitung. Pantai ini menjadi sangat populer terutama sejak adanya film ""Laskar Pelangi"". Pasalnya, Pantai Tanjung Tinggi merupakan salah satu lokasi pengambilan gambar film tersebut. Kawasan yang disebut juga dengan Pantai Laskar Pelangi ini menjadi tempat untuk menghabiskan malam tahun baru. Selain itu, pantai juga ramai pada masa Lebaran. Berikut ini adalah daya tarik, harga tiket, dan rute menuju Pantai Tanjung Tinggi. Baca juga: <a href=""https://chanelmuslim.com/wisata/rekomendasi-island-hopping-di-kepulauan-seribu"">Rekomendasi Island Hopping di Kepulauan Seribu</a> <h2>Pasir Putih hingga Air Laut Berwarna Tosca, Pesona Laut Pulau Belitung</h2> Pantai Tanjung Tinggi memiliki pemandangan pantai yang sangat luar biasa. Pantai ini memiliki hamparan pasir putih yang lembut dan air laut berwarna hijau tosca yang sangat jernih. Kawasan pantai juga memiliki batu granit raksasa yang sangat ikonik. Luas Pantai Tanjung Tinggi sekitar 80 hektar. Dengan luas tersebut, pengunjung memiliki kesempatan untuk mengeksplorasi lokasi pantai ini. Hampir setiap titik memiliki pemandangan yang indah dan berbeda. Pengunjung dapat melakukan berbagai aktivitas di Pantai Tanjung Tinggi, seperti snorkeling, bermain kano atau perahu karet, jetski, diving, berfoto di antara batu granit, dan melihat matahari terbenam. Pengunjung juga dapat duduk-duduk di atas batu granit yang terdapat di pantai sambil memandang keindahan pantai. Pantai Tanjung Tinggi juga didukung dengan sejumlah fasilitas wisata, seperti area parkir, tempat makan, penginapan, kamar mandi umum, dan wahana permainan air. Penginapan di sekitar Pantai Tanjung Tinggi dibanderol dengan harga kurang lebih Rp 200.000 hingga Rp 500.000 per malam. Untuk menikmati keindahan Pantai Tanjung Tinggi, pengunjung tidak dikenakan biaya tiket masuk alias gratis. Jarak tempuh Pantai Tanjung Tinggi dari Kota Tanjung Pandan atau ibu kota Kabupaten Belitung sekitar 37 km dengan waktu tempuh kurang lebih sekitar 45 menit hingga satu jam perjalanan. <strong>Follow Official WhatsApp Channel chanelmuslim.com untuk mendapatkan berita-berita terkini dengan mengklik<a href=""https://www.whatsapp.com/channel/0029VaFHPxtH5JLvGj25i73I""> tautan</a> ini.</strong> Akses jalannya sudah beraspal dan cukup lebar. Perjalanan dari Bandara HAS Hanandjoeddin ke Pantai Tanjung Tinggi dengan waktu tempuh berkisar 45 menit hingga satu jam. Perjalanan dapat mengambil rute melalui Tanjung Pandang-Tanjung Kelayang. Rute perjalanan ini lebih panjang namun pengunjung akan melewati banyak restoran, ATM, dan warung sebagai bekal sebelum rekreasi ke Pantai Tanjung Tinggi. Pengunjung juga dapat melewati Jl Sudirman-Jl Sijuk yang akan menembus Jl Tanjung Pandan-Tanjung Kelayang. Sebelum sampai tujuan, pengunjung bisa mampir sejenak ke Danau Kaolin yang terletak tidak terlalu jauh dari Jl Tanjung Pandan. [Din]",3118
wisata viral Kepulauan Bangka Belitung,Kekayaan Alam Daerah Potensi Pariwisata Masa Depan - RRI.co.id,https://news.google.com/rss/articles/CBMimgFBVV95cUxOMExudFZjeWp4ZTlRbnR3NEVVMWdjZDhVZmF1cklaR2hhdHNvTVBGQXZyTkplaENBSkNOWHdJcDJic1pFOURHY1NMZkZNMzlPNGVqWnJwVHVJZi1hOUkxUHZ5TUR0bWZ0ZjE5eU5EYktXYXBITHo0Vjh3MllPUjZQSmJHNnA4dENMMTlKUE5XRHl6WnFGXzBFWGl3?oc=5,2026-09-23 14:51:00+00:00,RRI.co.id,https://www.detik.com/sumbagsel/budaya/d-8541491/makanan-khas-bangka-selain-martabak-favorit-warga-lokal-hingga-jadi-oleh-oleh,"Bila berbicara tentang Pulau Bangka, salah satu kuliner yang sering terlintas adalah martabak Bangka. Namun kenyataannya, pulau kaya adat ini menyimpan segudang makanan khas yang menjadi favorit warga lokal hingga kerap diburu pelancong untuk dijadikan oleh-oleh. Dilansir laman resmi Kabupaten Bangka, pulau yang berbatasan dengan Provinsi Sumatera Selatan (Sumsel) ini dihuni oleh suku Sekak dan suku Lom. Penduduknya juga banyak pendatang dari etnis Tionghoa. Letak geografisnya yang dikelilingi laut, membuat masyarakat setempat piawai memanfaatkan hasil tangkapan laut segar menjadi hidangan yang menggugah selera. SCROLL TO CONTINUE WITH CONTENT Tak hanya hasil laut, kelezatan kuliner Bangka juga tidak terlepas dari rempah-rempah otentik. Salah satunya yakni lada putih yang dikenal luas dengan nama Muntok White Pepper, rempah komoditas utama yang sudah diakui di mata dunia Bagi detikers yang akan berkunjung ke Bangka, inilah 7 makanan khas Bangka yang bisa dicoba dan dibawa pulang ke rumah detikers. Yuk, simak ulasan lengkapnya di bawah ini. Dilansir laman Pangkal Pinang, lempah kuning merupakan makanan khas masyarakat Pulau Bangka yang sudah ada sejak zaman dahulu kala. Hidangan ini berbahan dasar ikan kerapu, kakap, atau tenggiri, yang dicampur dengan bumbu kuning khas Bangka. Lempah kuning menggambarkan kehidupan masyarakat Pulau Bangka yang tinggal di wilayah kepulauan dekat laut. Di mana, sebagian warga setempat memiliki mata pencaharian sebagai nelayan. Melalui hidangan khas ini ingin menunjukkan ekspresi masyarakat Pulau Bangka dalam menggambarkan lingkungan tempat tinggalnya. Dikutip dari buku Gastrodiplomasi Indonesia milik Perpustakaan RI, lempah kuning termasuk kuliner terkenal hingga dijadikan sebagai ikon Bangka Belitung. Secara sekilas, terlihat mirip seperti pindang ikan asal Palembang. Namun, cita rasa hidangan ini lebih kuat pada rasa asam segar yang berasal larutan buah asam dan nanas. Berbeda dengan lempah kuning, lempah darat berbahan baku dari pangan yang tumbuh di darat. Makanan khas Bangka ini terlihat seperti sayur asem. Bedanya itu cuma pada bahan baku yang dipakai, ada rebung, umbut nanas, keladi, umbut kelapa, jamur, mentimun, kacang panjang, dan pucuk idat. Sementara bumbu yang digunakan sangat sederhana, terdiri dari tiga macam yakni garam, cabai, dan terasi. Karakteristik utama lempah darat khas Bangka berasal dari kuah bening tanpa santan sama sekali. Selain itu, ada juga lempah umbut kelapa yang sering ditemui pada acara-acara khusus penyambutan tamu. Penjelasan ini dikutip dari buku Seri Pusaka Cita Rasa Indonesia: Ragam Lauk-pauk yang Sebarannya Luas Bagian 2 karya Murdijati Gardjito, Umar Santoso, dan Eni Harmayani. Merujuk buku Kitab Rahasia Membuat Mie karya Putu Kornia, mie koba merupakan makanan khas dari Kabupaten Bangka Tengah. Keistimewaan mie ini dari yang lain yakni terdapat rasa gurih dari kuah kaldu daging tenggiri yang dipadu dengan toge, daun seledri, dan bawang goreng. Kata koba dalam hidangan khas ini diambil dari nama sebuah kecamatan sekaligus ibukota Kabupaten Bangka Tengah yakni Koba. Menikmati seruputan mie dengan kaldu ikan tenggiri ini bisa di sekitaran Pulau Bangka, tidak mesti datang langsung ke Koba. Di daerah Pangkal Pinang banyak yang menjual mie koba. Jadi, detikers hanya perlu mencari referensi di internet tempat makan mie koba favorit dan terenak. Beralih ke rusip, makanan tradisional masyarakat Bangka yang terbuat dari ikan fermentasi. Rusip kerap diolah menjadi sambal yang dipadukan dengan lalapan daun singkong, mentimun, atau hanya nasi putih saja. Dilansir laman Bangka Tengah, pembuatan rusip menggunakan bahan baku ikan teri segar, garam, gula aren, dan air kerak nasi. Ikan teri yang sudah dibersihkan dicampur dengan garam dan diremas hingga tercampur rata. Kemudian, ditambahkan dengan air gula aren dan air kerak nasi. Campuran tersebut disimpan dalam wadah tertutup selama satu minggu lebih. Rusip yang siap dikonsumsi akan menghasilkan bau khas dengan cita rasa asam dan asin. Untuk menikmati makanan ini makin lebih lezat bila dicampur dengan irisan cabe dan bawang merah, serta perasan jeruk. Getas atau dikenal juga dengan kretek merupakan kerupuk khas Bangka. Makanan ini diolah dari ikan tenggiri yang mirip dengan kemplang Palembang, tetapi berbentuk seperti pilus. Ketika pertama kali makan getas akan membuat lidah merasakan gurih yang lezat. Inilah yang membuat sejumlah orang tidak ingin berhenti makan getas. Selain dimakan langsung, getas semakin nikmat bila dicocol dengan cuko pempek khas Bangka. Makanan ini seringkali dijadikan oleh-oleh orang pelancong ketika mengunjungi Pulau Bangka karena mudah didapatkan dan tidak sulit dibawa pulang. Kericu merupakan singkatan dari keripik telur cumi. Makanan khas Pulau Bangka ini termasuk yang favorit setelah getas. Bahan utama pembuatannya yakni telur cumi dicampur dengan tepung tapioka dan sejumlah bumbu pelengkap lainnya. Kericu berbentuk panjang yang mirip dengan telur gabus keju. Tekstur makanan ini renyah ketika digigit dan gurih saat dikunyah. Cita rasa itu dihasilkan melalui proses pengeringan secara maksimal sehingga mengurangi kadar minyak di dalamnya. Rekomendasi makanan khas dari Bangka yang terakhir yakni ampiang. Ampiang merupakan kerupuk ikan berbentuk bulat pipih. Makanan ini asal mulanya diracik oleh masyarakat Tionghoa Belinyu dengan bahan utama yakni kulit ikan tenggiri yang dicampur dengan tepung tapioka, lada, bawang putih, bawang merah, garam, dan penyedap rasa. Setelah menjadi adonan kemudian dibentuk bulat pipih agak tipis agar mendapatkan cita rasa garing dan renyah. Adonan yang sudah dibentuk dikeringkan lalu digoreng hingga mengembang. Makanan ini sejenis dengan kerupuk yang disantap dengan kuah cuko atau sambal merah. Nah, itulah 7 rekomendasi makanan khas Bangka selain martabak manis yang wajib dicicipi maupun dibawa pulang sebagai buah tangan. Selamat berburu kuliner dan mencoba ya, detikers! Anda menyukai artikel ini",5968
wisata viral Kepulauan Bangka Belitung,"Sambut Penerbangan Internasional Singapura-Belitung, Babel Usulkan Penyusunan Paket Wisata Terpadu - Tribunnews.com",https://news.google.com/rss/articles/CBMi1AFBVV95cUxOMjQ5c0w2c3p4ejJPSFY2S1JfODg5d2hYSWhKMzkwQmxxdFRjMFI2UlRwMndjV0EyUVRad1VHaWpNejNYTE1PX3A1REtqVWcxLXhXUDZWcEtUOGFjdVNjaU5JcVB5THhBNTFucjhsVmNKY0gybUtZSm9May1TQlpwaWZnRXRpZ0t2TlRmOWxxSW92UzZfT1dLU202bkNjdHNBTTNac0lZNjN2Y2U2X20xLUtuY3U0NElWWGF6dDN1a2Nwd2F6NzlGTlVXaTNyd2FtYVdfdQ?oc=5,2026-04-29 07:00:00+00:00,Tribunnews.com,https://rri.co.id/sungailiat/wisata/2751288/kekayaan-alam-daerah-potensi-pariwisata-masa-depan,"RRI.CO.ID, Sungailiat - Setiap daerah punya cerita tentang alamnya. Pantai yang membentang, hutan yang rindang, sungai yang mengalir, hingga tradisi yang hidup di sekitarnya. Kekayaan itu menunggu dikenali dan dijaga generasi muda. ""Menurut saya, kekayaan alam Indonesia memang luar biasa, bukan sekadar daya tarik untuk dikunjungi saja, akan tetapi merupakan aset yang perlu dijaga keberlanjutannya,"" ujar pendengar Pro2, Dilla. Duta Wisata Nasional 2026, Annisa Nurul Izza, mahasiswi IAIN Syaikh Abdurrahman Siddik Bangka Belitung, mendorong generasi muda kenali dan kembangkan kekayaan alam sebagai potensi pariwisata masa depan. ""Kekayaan alam Indonesia itu berlimpah, setiap daerah memiliki potensinya masing-masing. Tinggal bagaimana kita sebagai generasi muda bisa mengenali, menjaga, dan mengembangkan potensi tersebut agar bisa menjadi daya tarik wisata yang memberikan manfaat bagi masyarakat,"" ujar Annisa saat jadi narasumber Sore Ceria di Pro2 RRI Sungailiat. Menurut Annisa, potensi wisata tidak hanya di destinasi yang sudah dikenal luas. Pantai, pegunungan, hutan, sungai, hingga keanekaragaman hayati bisa jadi daya tarik jika dikelola tepat dan berkelanjutan. ""Promosi wisata perlu disertai edukasi agar masyarakat dan wisatawan memahami pentingnya menjaga kebersihan, ekosistem, serta kelestarian kawasan wisata,"" ujar Annisa. Memuat berita terbaru.....",1372
wisata viral Kepulauan Bangka Belitung,Wisata Durian di Desa Teruk Bangka Tengah - RRI.co.id,https://news.google.com/rss/articles/CBMijgFBVV95cUxNNW9ESkRsVWV3Mm1TR0pWLUl3V3BsRkExbjNfV3AwTmlCN3RoWERfUTBkS1VFRzBDTVd2U2xCSnZPRHVBRXh1R1RDanVBcmJieUxRS1BFMVplQ1FCM3hzc2ttM3VyZGpXVUlaZ3RQOHE4NVhpS1gzS0RQVXFsVkZ3QmdmVW0xRTViVm5Kalpn?oc=5,2026-06-29 07:00:00+00:00,RRI.co.id,https://babel.tribunnews.com/lokal/18745/sambut-penerbangan-internasional-singapura-belitung-babel-usulkan-penyusunan-paket-wisata-terpadu,"Belum punya akun? Daftar Akun Download TribunX untuk Android & iOS PANGKALPINANG, BABEL NEWS - Dinas Pariwisata, Kebudayaan, dan Kepemudaan Olahraga (Disparbudkepora) Provinsi Kepulauan Bangka Belitung , Selasa (28/4/2026), menggelar pertemuan dengan para pelaku industri pariwisata dalam rangka menyambut penerbangan internasional rute Singapura-Belitung. Sekadar diketahui, maskapai Scoot dijadwalkan mengoperasikan penerbangan langsung rute Singapura-Belitung mulai 3 Mei 2026. Pesawat dijadwalkan berangkat dari Singapura pada pagi hari dan tiba di Bandara HAS Hanandjoeddin sekitar pukul 06.15 WIB, dengan frekuensi dua kali dalam sepekan, yakni setiap Rabu dan Minggu. Kepala Bidang Destinasi dan Pemasaran Pariwisata Disparbudkepora Provinsi Babel, Irwanto mengatakan, pembukaan rute tersebut merupakan peluang strategis untuk meningkatkan kunjungan wisatawan mancanegara, khususnya dari Singapura dan kawasan sekitarnya. ""Meskipun peluang terbuka lebar, masih terdapat sejumlah tantangan yang perlu diantisipasi. Di antaranya adalah ketimpangan jumlah penumpang masuk dan keluar, keterbatasan paket wisata terintegrasi, serta belum optimalnya promosi pariwisata di pasar internasional,"" kata Irwanto , Rabu (29/4/2026). Dengan kondisi tersebut, pihaknya menekankan pentingnya sinergi dan kolaborasi antara pemerintah daerah dengan seluruh pemangku kepentingan, termasuk Perhimpunan Hotel dan Restoran Indonesia (PHRI), agen perjalanan, pelaku usaha perhotelan, serta komunitas pariwisata. Kolaborasi tersebut dinilai krusial untuk menjaga keberlanjutan rute penerbangan agar tetap beroperasi dan tidak terhenti akibat rendahnya tingkat okupansi penumpang. Sebagai langkah strategis, Irwanto mengungkapkan adanya usulan penyusunan paket wisata terpadu yang menghubungkan Belitung dengan destinasi lain seperti Pulau Bangka dan Palembang, Sumatera Selatan. ""Ada skema bundling antara hotel dan agen perjalanan dengan harga khusus guna meningkatkan daya tarik bagi wisatawan mancanegara,"" ujar Irwanto . Dia menyebutkan, upaya peningkatan promosi juga menjadi fokus pembahasan dalam pertemuan tersebut. Upaya peningkatan promosi itu antara lain melalui optimalisasi media digital, penyebaran materi promosi seperti flyer event yang lebih informatif, serta pemanfaatan jaringan komunitas dan paguyuban untuk memperluas jangkauan pasar. Menurut Irwanto , pentingnya menjaga keseimbangan arus penumpang juga menjadi perhatian. Salah satu strategi yang diusulkan adalah memanfaatkan potensi penumpang domestik, termasuk melalui kerja sama dengan penyelenggara perjalanan umrah maupun perjalanan lainnya sehingga penerbangan tetap terisi saat kembali ke Singapura. Lebih lanjut, Irwanto memastikan akan ada pertemuan lanjutan antar-pemangku kepentingan (stakeholder) guna membahas isu-isu strategis serta merumuskan langkah konkret dalam mendukung peningkatan kunjungan wisatawan ke Bangka Belitung , ""Melalui komitmen bersama ini, disparbudkepora optimistis bahwa rute penerbangan internasional tersebut dapat dimaksimalkan sebagai salah satu penggerak utama pertumbuhan sektor pariwisata di Provinsi Bangka Belitung ,"" tuturnya. (riz) Isi komentar sepenuhnya adalah tanggung jawab pengguna dan diatur dalam UU ITE.",3216
wisata viral Kepulauan Bangka Belitung,"Rekomendasi Wisata Bahari di Belitung 2026, Ada Pantai hingga Pulau Eksotis - detikcom",https://news.google.com/rss/articles/CBMiwAFBVV95cUxPWWgySnUzb3pZbXhCSHFVR1lDSHJXbFRmSXJtVVE0VUE5TGxEQWplLWpKbjBRNFJ1QzhCYjhURUlPREhkVUhtTGhxaHhDRXFiZGc0OHZXRWhuVTlqSGEzQ00yNVRsMUROZndSWU9qYkNMeW5LV1V2b29VcG5wWHd5SFZ4YTYtRHZmeHFBQ2RPcS1pOEsxNGFyRXlXYjlMMVQ4V05aZ2RjQTg1cDd6bUphWnBKSU0wSmNETHFBd2o1N3PSAcYBQVVfeXFMT2Q1VU5USW9Gd1lrcmZacHg4anBySUo2eHB1bFIwVF9uekdIdkJjWnZTQlZ1Vjd6MXVvY1RHYkMzaU1UODdoVTEwU2Uya3pBQ21UblBaWEdRWnM1X2VWd1pZZjFMcXpjZ3NOUEp3azVEVnpUN1pZeVlWNEdweFZGQ1JJMDRaQlpsaDZ0RUZESjNTN2RPbUljMVdqaW9icmdROUlKelFhZUUwR0RaUjdxbW1fbW56am5TUnM1OXNlV1k5alFiSThn?oc=5,2026-04-09 07:00:00+00:00,detikcom,https://rri.co.id/sungailiat/wisata/2529751/wisata-durian-di-desa-teruk-bangka-tengah,"RRI.CO.ID, Sungailiat - Musim durian menjadi magnet wisata di Provinsi Kepulauan Bangka Belitung. Desa Teruk, Kecamatan Sungaiselan, Kabupaten Bangka Tengah, ramai dikunjungi karena pengunjung bisa menyantap durian langsung dari kebun dengan harga mulai Rp3.000 per buah. Perjalanan menuju Desa Teruk dari Kota Sungailiat memakan waktu sekitar satu jam. Meski jauh, disuguhi suasana pedesaan yang masih asri dan aroma khas durian panen. Di kebun durian, pengunjung bebas memilih buah sesuai selera. Pemilik kebun juga membantu memilihkan durian berdasarkan karakter rasa yang diinginkan, mulai dari manis, legit, hingga perpaduan manis dan sedikit pahit. Salah seorang pemilik kebun durian, Anton, mengatakan musim panen tahun ini cukup baik sehingga banyak masyarakat datang langsung ke kebun untuk membeli durian. ""Kalau beli langsung di kebun tentu lebih murah karena langsung dari pemiliknya. Pembeli juga bebas memilih buah yang diinginkan. Harganya mulai dari Rp3 ribu untuk ukuran kecil, sedangkan yang kualitas unggulan bisa mencapai Rp100 ribu per buah, tergantung ukuran dan jenis duriannya,"" ujar Anton. Selain harga yang lebih terjangkau, pengunjung juga dapat menikmati durian di lokasi kebun bersama keluarga maupun teman. Pengalaman tersebut menjadi daya tarik tersendiri dibandingkan membeli durian di pasar atau di pinggir jalan. Salah satu pengunjung, Ika, mengaku perjalanan sekitar satu jam dari Sungailiat menuju Desa Teruk terasa sepadan dengan pengalaman yang didapat. ""Menurut saya perjalanan ke sini benar-benar worth it. Selain harganya lebih murah karena beli langsung dari pemilik kebun, kita juga bisa memilih sendiri duriannya. Suasananya masih alami, udaranya sejuk, dan duriannya terasa lebih segar karena baru dipanen,"" kata Ika. Musim durian yang sedang berlangsung menjadi peluang bagi masyarakat untuk menikmati buah khas favorit tersebut sekaligus merasakan pengalaman wisata kebun di Desa Teruk. Dengan harga yang bervariasi dan suasana alam yang masih asri, kawasan ini menjadi salah satu destinasi yang banyak dikunjungi pencinta durian di Bangka Belitung. Memuat berita terbaru.....",2123
museum viral Kepulauan Bangka Belitung,"300 Orang Bikin 300 Kg Terasi di Bangka Selatan, Raih Rekor MURI - Kompas.com",https://news.google.com/rss/articles/CBMixAFBVV95cUxOazhTZnVJVEZra2VxcTYyME13Qy1SOXdNUVlBZWwyZ2lEOU13aGI3X2dvRDg3N2hvRHpZVDdlQm83Z3NqRmF2QmRYU3J5RGNCZWpjQ2MxbXRlQ3N5NWJlbkVzYWpxbnlLMjBVN0F5VlJSZ0RfazVSZjVZTXFDVHFJNmlqSTJzYlRHSkJVRW1HdTNRYWxyY2hiWGdmT2V5aFM1NC1DdFBwaGtuNDBuZXNMYm5NREtsdVk1MjViUlAtbmNfbEtr?oc=5,2026-09-26 23:36:00+00:00,Kompas.com,https://www.detik.com/sumbagsel/wisata/d-8433754/rekomendasi-wisata-bahari-di-belitung-2026-ada-pantai-hingga-pulau-eksotis,"Pesona wisata bahari di Belitung terus menarik perhatian wisatawan, terutama menjelang musim liburan 2026. Pulau ini dikenal dengan keindahan lautnya yang jernih, pasir putih yang bersih, serta deretan pulau kecil dengan panorama eksotis. Tak hanya populer lewat film Laskar Pelangi, Belitung juga menawarkan pengalaman liburan yang lengkap bagi pecinta alam. Mulai dari menjelajahi pantai, snorkeling, hingga island hopping ke pulau-pulau cantik bisa dinikmati dalam satu perjalanan. Dilansir dari website Provinsi Kepulauan Bangka Belitung, berikut rekomendasi wisata bahari di Belitung 2026 yang wajib masuk daftar liburan. Yuk simak! SCROLL TO CONTINUE WITH CONTENT Belitung menyimpan banyak destinasi bahari menarik yang menawarkan panorama alam luar biasa. Luas wilayah kabupaten Belitung menurut website Portal Belitung seluas 229.369 hektar. Inilah rekomendasi wisata yang bisa dikunjungi. Pantai Tanjung Tinggi menjadi salah satu ikon wisata di Belitung yang paling terkenal. Pantai ini memiliki ciri khas berupa batu granit raksasa yang tersebar di sepanjang pesisir. Air lautnya yang jernih dan ombak yang relatif tenang membuat tempat ini cocok untuk berenang maupun sekadar bermain air. Selain itu, pantai ini juga dikenal sebagai lokasi syuting film Laskar Pelangi. Fasilitas yang ada juga cukup lengkap, pengunjung bisa menyewa penginapan di sekitar pantai, terdapat juga wahana permainan air, warung makan, toilet umum, dan area parkir. Dilansir situs Provinsi Kepulauan Bangka Belitung, batu granit di Pantai Tanjung Kelayang termasuk objek wisata Geopark Belitong yang ditetapkan UNESCO pada tahun 2021. Lokasinya berada di Kecamatan Sijuk, Kabupaten Belitung, sekitar 27 km dari Ibukota Kabupaten Belitung. Pantai Tanjung Kelayang merupakan pintu utama bagi wisatawan yang ingin melakukan island hopping di Belitung. Wisatawan bisa menyewa perahu untuk menjelajahi pulau-pulau kecil di sekitarnya. Hamparan pasir putih yang luas serta pemandangan laut biru menjadikan pantai ini cocok untuk bersantai sambil menikmati angin pantai. Pulau ini terletak di Kecamatan Sijuk, Kabupaten Belitung dengan luas hanya 1 hektar. Pengunjung bisa berjalan kaki untuk menyusuri pulau ini. Pulau Lengkuas terkenal dengan mercusuar tua peninggalan Belanda yang berdiri kokoh di tengah pulau. Wisatawan bisa naik ke atas mercusuar untuk menikmati panorama laut dari ketinggian. Selain itu, perairan di sekitar pulau ini sangat jernih dan kaya akan terumbu karang, sehingga cocok untuk snorkeling. Pulau Kepayang menjadi salah satu spot favorit bagi pecinta snorkeling dan diving. Keindahan bawah lautnya yang masih alami menjadi daya tarik utama pulau ini. Pulau Kepayang terletak di Kabupaten Belitung, Provinsi Kepulauan Bangka Belitung, Indonesia. Pulau ini dapat diakses sekitar 15 menit menggunakan perahu tradisional dari dermaga Pantai Tanjung Kelayang. Suasana pulau yang lebih tenang dibandingkan destinasi lain membuat tempat ini cocok untuk wisatawan yang ingin menikmati keindahan laut tanpa keramaian. Pulau Leebong adalah destinasi wisata private island yang terletak di lepas pantai barat Pulau Belitung, Kecamatan Badau, Kabupaten Belitung. Pulau ini terkenal dengan pemandangan pantai pasir putih, air jernih, dan hutan mangrove. Pulau Leebong ini menawarkan pengalaman wisata bahari yang lebih eksklusif. Di pulau ini, wisatawan bisa menikmati berbagai aktivitas seperti kayaking, bersepeda, hingga bersantai di pantai yang tenang. Tempat ini cocok bagi yang ingin liburan santai dengan suasana privat. Pulau Pasir Belitung berlokasi di dekat Pantai Tanjung Kelayang, Kecamatan Sijuk, Kabupaten Belitung. Destinasi ini dapat diakses sekitar 15-20 menit dengan perahu nelayan atau boat dari Tanjung Kelayang, populer untuk melihat bintang laut merah. Pulau Pasir merupakan destinasi unik yang hanya muncul saat air laut surut. Hamparan pasir putih di tengah laut ini menjadi spot foto yang menarik dan berbeda dari yang lain. Pulau Pasir menawarkan pasir putih dengan air laut yang jernih dan terjaga kebersihannya, cocok untuk refreshing. Wisatawan biasanya mengunjungi pulau ini saat melakukan island hopping dari Pantai Tanjung Kelayang. Pantai Serdang berlokasi di Kecamatan Manggar, Kabupaten Belitung Timur, Provinsi Kepulauan Bangka Belitung. Pantai ini terletak sekitar 4,4 km dari pusat kota Manggar dan dapat ditempuh dalam waktu 10 menit. Pantai Serdang menawarkan suasana yang lebih sepi dan tenang dibandingkan pantai populer lainnya di Belitung. Dengan air laut yang tenang dan angin sepoi-sepoi, pantai ini cocok untuk healing atau sekadar melepas penat dari rutinitas. Pantai Serdang memiliki garis pantai yang panjang dengan pasir putih kecoklatan yang lembut di kaki. Ombaknya relatif tenang, cocok untuk bermain air, piknik, hingga olahraga ringan seperti voli pantai atau jogging di pagi hari. Bukit Peramun merupakan destinasi wisata alam di Belitung yang berlokasi di Desa Air Selumar, Kecamatan Sijuk, Kabupaten Belitung. Bukit Peramun memiliki daya Tarik yaitu batu batu granit dan kekayaan flora fauna atau keragaman hayati yang ada di Bukit ini. Geosite Bukit Peramun ini menjadi salah satu objek wisata edukasi yang bisa dikunjungi. Melalui destinasi ini memberikan pengalaman bagi pengunjung dalam belajar geologi Belitung. Dilansir dari website Provinsi Kepulauan Bangka Belitung, terdapat 147 jenis flora yang ada di Bukit peramun ini. Di antara banyaknya jenis flora, kamu bisa menjumpai tumbuhan penting seperti jenis pulai, gaharu, ulin, balau merah, karai, dan vatica sumatrana. Dan satwa Langkah seperti rusa sumbar, kijang dan 24 jenis burung. Bukit Peramun, memiliki luas 115 hektar, bukit ini terkenal karena formasi batu granit nya yang besar dan unik. Selain itu, tentu Bukit Peramun memiliki pemandangan yang indah dan dapat memanjakan mata bagi pengunjung. Agar liburan semakin nyaman, ada beberapa tips yang bisa diperhatikan: Wisata bahari di Belitung menawarkan pengalaman liburan yang lengkap, mulai dari keindahan pantai, petualangan laut, hingga suasana tenang yang cocok untuk healing. Dengan banyaknya pilihan destinasi menarik, Belitung bisa jadi rekomendasi terbaik untuk liburan di tahun 2026. Jadi, detikers sudah siap menjelajahi keindahan laut Belitung yang mana? Itulah wisata bahari di Belitung 2026, surganya pantai dan pulau eksotis. Kamu bisa menyesuaikan aktivitas liburan kamu dengan destinasi wisata yang ingin kamu kunjungi. Selamat berlibur! Artikel ini ditulis oleh Nadiya peserta Program MagangHub Bersertifikat dari Kemnaker di detikcom. Anda menyukai artikel ini",6551
toko viral Kepulauan Bangka Belitung,Oknum ASN Basarnas Belitung Maling di 6 TKP demi Hedon dengan 2 Pacar - BeritaSatu.com,https://news.google.com/rss/articles/CBMitAFBVV95cUxQSTVqUjZjWnY4ankwTmxTcnUxRmM4djFYNXp1c1BCaURTa1BnckM5STNRQkp5MzduQnl6UGZEazRWUklPU1JHVUJMSTVaY0ZXb24wUldSaWVNS2Y4TVlRYm05NmtJNUZoTW1rVWhiN0QxYU5zb2tsVkNYbHBMR0JUdl9EX2E0MGt1dFhCellJM3RPbTBkcHN6dndwMWU4VTdpQWxhSHdTeHF1Tk9rbGh6TWhlRTk?oc=5,2026-07-03 07:00:00+00:00,BeritaSatu.com,https://regional.kompas.com/read/2026/09/27/063624878/300-orang-bikin-300-kg-terasi-di-bangka-selatan-raih-rekor-muri?page=all,"300 Orang Bikin 300 Kg Terasi di Bangka Selatan, Raih Rekor MURI BANGKA SELATAN, KOMPAS.com - Produksi massal belacan atau terasi di Toboali, Bangka Selatan, Kepulauan Bangka Belitung, mencatatkan rekor Museum Rekor Dunia Indonesia (MURI), Sabtu (26/9/2026). Sebanyak 300 peserta mengolah adonan berbahan dasar udang menjadi 300 kilogram terasi dalam kegiatan yang digelar di Toboali. Capaian tersebut kemudian dicatat sebagai rekor MURI. Kepala Bidang Destinasi dan Pemasaran Pariwisata Dinas Pariwisata, Kebudayaan, Kepemudaan dan Olahraga (Disparbudkepora) Bangka Belitung, Irwanto, mengatakan agenda kuliner menjadi daya tarik tersendiri dalam kegiatan pariwisata. Baca juga: Kisah Emak-Emak di Karawang Sulap Hasil Bumi Jadi Cuan, dari Rengginang hingga Terasi ""Rekor MURI pembuatan belacan atau terasi terbanyak bersama OJK Pangkalpinang,"" kata Irwanto di Toboali, Sabtu (26/9/2026). Didukung cuaca yang terik, peserta mengawali pembuatan terasi dengan menjemur udang segar di lapangan terbuka. Selanjutnya, udang yang sudah mengering ditumbuk hingga menjadi bubuk menggunakan lumpang kayu. Adonan kemudian dibentuk dengan menambahkan air, garam, dan rempah-rempah khas Bangka. Terasi berwarna merah mengilap pun terbentuk dengan tekstur lembut. Hasil olahan tersebut kemudian ditimbang di hadapan tim juri. Irwanto mengatakan, pembuatan terasi sejalan dengan digelarnya Festival Memasak Lempah Kuning, hidangan khas daerah yang salah satu bumbunya juga menggunakan terasi. Irwanto menegaskan bahwa kekuatan event pariwisata terletak pada perpaduan seni, budaya, kuliner, dan aktivitas masyarakat. Baca juga: Kisah dari Laut ke Dapur Nusantara, Perajin Terasi Kenjeran Surabaya Setia Warisan Keluarga ""Yang dipasarkan bukan hanya nama event -nya, tetapi keseluruhan pengalaman, cerita, budaya, kuliner dan karakter masyarakat yang menjadi identitas Bangka Selatan. Dari sana, sebuah event dapat menjadi pintu masuk untuk mengenalkan destinasi secara lebih luas,"" ujarnya. Event kuliner tersebut merupakan bagian dari Kemilau Pesona Bangka Selatan yang digelar pada 23-26 September 2026. Kegiatan ini menjadi salah satu ruang promosi potensi wisata dan ekonomi kreatif daerah. Ribuan pengunjung memadati kawasan Sport Center Bangka Selatan untuk menyaksikan event bertajuk ""Jelajahi Pesonanya, Rasakan Budayanya"". Event pariwisata tersebut memadukan seni, budaya, kuliner, UMKM, dan hiburan rakyat. Bupati Bangka Selatan Riza Herdavid mengatakan, Kemilau Pesona Bangka Selatan tidak hanya menjadi ajang hiburan, tetapi juga ruang untuk memperkenalkan potensi daerah dan menggerakkan ekonomi masyarakat. "" Alhamdulillah , berjalan meriah dan masyarakat sangat antusias. Terima kasih kepada seluruh panitia, jajaran pemerintah daerah, pihak keamanan, pelaku UMKM dan seluruh masyarakat yang sudah ikut menyukseskan kegiatan ini,"" ujar Riza, Sabtu (26/9/2026). Baca juga: Pedagang Terasi Diamuk Massa Buntut Lecehkan Gadis di Binjai Riza mengatakan, kolaborasi pemerintah, masyarakat, pelaku usaha, dan berbagai pihak menjadi salah satu kunci sukses penyelenggaraan event. Kepala Dinas Pariwisata, Kebudayaan dan Kepemudaan Olahraga Provinsi Kepulauan Bangka Belitung Eko Kurniawan mengatakan, Kemilau Pesona Bangka Selatan menunjukkan bahwa event daerah dapat menjadi ruang promosi sekaligus menggerakkan aktivitas ekonomi masyarakat. ""Kami melihat Kemilau Pesona Bangka Selatan sebagai ruang kolaborasi yang mempertemukan pemerintah, masyarakat, pelaku UMKM, seniman, komunitas, dunia usaha dan berbagai pemangku kepentingan,"" katanya. Selama empat hari, pengunjung disuguhi berbagai kegiatan, mulai dari bazar UMKM, pagelaran seni dan budaya, festival tari kreasi daerah, lomba etnik wastra nusantara, melukis tudung saji, jalan sehat, hingga Festival Memasak Lempah Kuning. Selain itu, rangkaian kegiatan diisi santunan kepada 1.000 anak yatim dan tabligh akbar bersama Ustaz Abdul Somad pada Jumat (25/9/2026) malam. Rangkaian kegiatan ditandai dengan seremoni penabuhan instrumen pentas bersama. Kegiatan tersebut dihadiri Kepala Dinas Pariwisata, Kebudayaan dan Kepemudaan Olahraga (Disparbudkepora) Bangka Belitung Eko Kurniawan, Bupati Bangka Selatan Riza Herdavid, Wakil Bupati Debby Vita Dewi, dan jajaran Forkopimda. Baca juga: Soto Gondanglegi Malang, Soto Khas Rasa Terasi yang Berdiri Sejak 1967 Suasana semakin meriah ketika vokalis grup musik Hijau Daun, Dide, tampil di panggung utama. Ribuan penonton larut bernyanyi bersama saat lagu ""Cobalah"" dibawakan. Selain hiburan, event ini menghadirkan 214 pelaku UMKM yang menjajakan berbagai produk lokal dan kuliner. Kehadiran UMKM menjadi bagian penting dalam pengembangan event pariwisata karena wisatawan dan masyarakat dapat menikmati atraksi sekaligus berbelanja produk daerah. Kemilau Pesona Bangka Selatan 2026 juga menjadi ajang kolaborasi Pemerintah Kabupaten Bangka Selatan dengan sejumlah organisasi pers, di antaranya Ikatan Jurnalis Televisi Indonesia (IJTI) Korda Bangka Selatan, PWI Bangka Selatan, dan Pro Jurnalis Siber (PJS). Melalui rangkaian kegiatan tersebut, Kemilau Pesona Bangka Selatan tidak hanya menghadirkan hiburan, tetapi juga menawarkan pengalaman wisata yang menggabungkan atraksi budaya, kuliner lokal, dan produk ekonomi kreatif masyarakat. Bayangkan seorang anak Indonesia bercita-cita menjadi dokter tetapi hanya memiliki satu buku lusuh untuk belajar. Bersama Ekspedisi Kata ke Nyata Kompas.com, Anda bisa membantu mengubah kisah itu. Mari hadirkan akses literasi bagi anak-anak di berbagai pelosok Indonesia melalui donasi lewat tautan https://bit.ly/JagatLiterasi2026 . Setiap kebaikan yang Anda berikan bukan hanya membuka jendela pengetahuan, tetapi juga membuka masa depan mereka. Copyright 2008 - 2026 PT. Kompas Cyber Media (Kompas Gramedia Digital Group). All Rights Reserved.",5787
tempat belanja viral Kepulauan Bangka Belitung,"Mahasiswa di Bangka Belitung Mulai Bangun Aset, Uang Jajan untuk Beli Saham Demi Masa Depan - Bangkapos.com",https://news.google.com/rss/articles/CBMizwFBVV95cUxNdHA5akZ5ZkdhcTlzYkh5aTFBT3ZUTVFKbGFadTdqTUduMldsaFRmQjUtM3NxeEtjVXk0SldOWVpKZFJsQ2VoUjRHSWNIdXEtRkRrLUdaVkcxai1ibTBaTFF6OGNQN2ZIMEVHS1lSZm1lV3I5cDdEbUJMdFNRNkN6U09lVzQ1X0RwVFpKdUhmbERERjNHb19ENVVBUHA3bGtFQ3c4WTlucmg2RDZKRVVWNGF4SGxiVFlPaWZQTVRVTk5aaUp3LWt6dzlFZFNLQ0U?oc=5,2026-06-03 07:00:00+00:00,Bangkapos.com,https://www.beritasatu.com/nusantara/3007719/oknum-asn-basarnas-belitung-maling-di-6-tkp-demi-hedon-dengan-2-pacar,"Pangkalpinang, Beritasatu.com – Seorang oknum aparatur sipil negara (ASN) di Basarnas Bangka Belitung berinisial AS (28) ditangkap polisi setelah diduga melakukan aksi pencurian di enam lokasi berbeda sekaligus di Kabupaten Belitung, Kepulauan Bangka Belitung. Uang hasil kejahatan tersebut diakui pelaku digunakan untuk membiayai kehidupan dua kekasihnya serta berfoya-foya. Kasat Reskrim Polres Belitung, AKP Martuani Manik, mengatakan tersangka merupakan seorang pegawai negeri sipil (PNS) yang bekerja di salah satu instansi di wilayah Kabupaten Belitung. ""Menurut keterangan pelaku, bahwa yang bersangkutan menggunakan uangnya untuk menghidupi dua pacarnya kemudian berfoya-foya ke tempat hiburan,"" kata AKP Martuani Manik, Jumat (3/7/2026). Martuani menjelaskan, pengungkapan kasus ini berawal dari lima laporan masyarakat terkait aksi pencurian yang diterima Polres Belitung. Berdasarkan laporan tersebut, tim URC Satreskrim Polres Belitung langsung melakukan penyelidikan hingga memperoleh informasi mengenai ciri-ciri pelaku yang diduga merupakan oknum ASN Basarnas. ""Tim URC Satreskrim Polres Belitung lalu mendatangi kantor tersangka. Setelah diinterogasi dan dilakukan pemeriksaan, oknum ASN Basarnas tersebut mengakui perbuatannya,"" jelasnya. Dari hasil pemeriksaan, pelaku diketahui menjalankan aksinya dengan membawa obeng yang digunakan sebagai alat untuk membuka jendela rumah warga yang menjadi sasaran pencurian. ""Lalu pelaku menggasak harta korban yang ditemuinya dan korban diperkirakan mengalami kerugian hingga puluhan juta rupiah,"" tandas Martuani. Saat berita ini diturunkan, AS telah diamankan di Polres Belitung untuk menjalani proses hukum lebih lanjut. Atas perbuatannya, tersangka dijerat Pasal 477 ayat (1) huruf f Undang-Undang Nomor 1 Tahun 2023 dengan ancaman hukuman maksimal 7 tahun penjara. Kasus KM Virgo Transport 8 Dilimpahkan ke Mabes Polri 2 Tahun Prabowo-Gibran, Ekonom Soroti Belanja Pemerintah Hellyana Diberhentikan Sementara, Gubernur Babel Ambil Tugas Wagub 2 Tahun Prabowo-Gibran, Ekonom UGM Soroti Ruang Fiskal 2 Warga Tewas di Kontrakan Lembang, Polisi Selidiki Penyebab Kematian Malaysia Imbangi Indonesia dalam ASEAN CUP 2026 RDP Komisi XIII DPR Mengenai Temuan Ombudsman di Lapas Cibinong Gubernur DKI Jakarta Tinjau Pengerukan Anak Kali Krukut Indonesia kalahkan Singapura dalam FIFA ASEAN Cup 2026 El Nino Menguji Ketahanan Pangan Agnez Mo, Indonesia Pusaka, dan Jalan Panjang untuk Pulang Pemerintah Sehat Membutuhkan Vitamin Berupa Kritik BPI Danantara untuk Pembiayaan Infrastruktur Domestik",2550
tempat belanja viral Kepulauan Bangka Belitung,"Kendaraan Plat Luar Tak Bisa Beli BBM Subsidi di Babel, Terpaksa Alih ke BBM Non Subsidi - Bangkapos.com",https://news.google.com/rss/articles/CBMiywFBVV95cUxQTDJDZ0JsSzRYRDR0VXE1Y3dyelNzbUhHbjA0aFpyMXhOX2FCdkVMelo5X3kzZi1aZkpqTTRlZU9KZ2xEcXo4eExlMnZIWFgyU1hhZ2V0VHNuSk1kWlVna3JUdFcydHVyMlNQdUE1RXNocDJCVmpFS00wTjdaXzNUNEw1c1FSM1JKVW50OWxvLTVIT1BESThabXRDcC1OOEpTcFZTS1YtQkdVMDVjZzNQWUVsR2xQTXphOGF1U0I2N3FCU0JnWmRSRzlPQQ?oc=5,2026-04-20 07:00:00+00:00,Bangkapos.com,https://bangka.tribunnews.com/lokal/1686121/mahasiswa-di-bangka-belitung-mulai-bangun-aset-uang-jajan-untuk-beli-saham-demi-masa-depan,"Belum punya akun? Daftar Akun Download TribunX untuk Android & iOS BANGKAPOS.COM, BANGKA - Tren investasi saham di kalangan generasi muda di Provinsi Kepulauan Bangka Belitung mulai tumbuh. Jika dahulu investasi pasar modal identik dengan pebisnis atau kalangan mapan, kini mahasiswa mulai melirik saham sebagai instrumen untuk membangun masa depan, bahkan dari nominal kecil yang disisihkan dari uang jajan. Momentum meningkatnya literasi keuangan di kalangan anak muda terlihat di lingkungan kampus, salah satunya di Institut Sains dan Bisnis (ISB) Atma Luhur Pangkalpinang melalui keberadaan Kelompok Studi Pasar Modal (KSPM) yang menjadi wadah edukasi investasi bagi mahasiswa . Michael, mahasiswa Program Studi Bisnis Digital ISB Atma Luhur, menjadi salah satu contoh generasi muda yang mulai mengenal investasi saham sejak tahun lalu. Berawal dari rasa penasaran terhadap dunia pasar modal saat memasuki bangku kuliah, kini ia rutin menyisihkan uang jajannya untuk membeli saham. ""Waktu SMA belum tertarik dengan saham. Tapi saat kuliah di Bisnis Digital ada mata kuliah tentang pasar modal, dari situ mulai penasaran. Kebetulan KSPM di kampus juga sedang open member, akhirnya saya ikut dan belajar di sana,"" ujar Michael saat ditemui Bangkapos.com, di kampus ISB Atma Luhur, Rabu (3/6/2026). Berbeda dari anggapan bahwa investasi harus dimulai dengan modal besar, Michael justru memulai langkahnya dari nominal sederhana. Ia mengaku menyisihkan Rp20 ribu setiap dua minggu dari uang jajan yang diberikan orang tuanya untuk dibelikan saham. ""Memang kecil, Rp20 ribu setiap dua minggu. Tapi saya pikir ini investasi sejak dini untuk masa depan. Yang penting konsisten dulu belajar dan membiasakan diri,"" katanya. Bagi Michael, investasi saham bukan semata soal mencari keuntungan instan, melainkan membangun kebiasaan mengelola keuangan secara lebih bijak. Ia mengaku, sejak mengenal saham, pola pengeluarannya berubah dan membuat dirinya lebih hemat. ""Dulu uang jajan biasanya habis begitu saja. Setelah kenal saham jadi lebih tidak boros. Uang yang biasanya dipakai beli macam-macam sekarang lebih dipilih untuk ditabung di saham,"" ungkapnya. Tak hanya belajar soal investasi, Michael juga mulai memahami bagaimana kondisi global dapat memengaruhi pasar modal. Menurutnya, informasi geopolitik, perang, hingga kondisi ekonomi dunia kini menjadi perhatian yang turut dipelajarinya. ""Sekarang kalau baca berita bukan cuma soal hiburan atau artis, tapi mulai lihat bagaimana perang atau kondisi geopolitik bisa memengaruhi saham,"" ujarnya. Senada dengan Michael, Ketua KSPM ISB Atma Luhur, Yosep Sutanto, juga mulai menekuni investasi saham sejak tahun lalu. Menariknya, modal investasinya berasal dari hasil usaha kecil-kecilan berjualan parfum. Sebagian keuntungan dari berjualan itu ia sisihkan untuk ditanamkan di pasar modal. Menurut Yosep, ketertarikannya pada saham muncul dari kesadaran terhadap ancaman inflasi yang dapat menggerus nilai uang jika tidak dikelola dengan baik. ""Setiap zaman pasti ada inflasi. Kalau uang hanya disimpan tanpa dikelola, nilainya bisa menurun. Saya tertarik saham karena melihat ini salah satu cara untuk menjaga nilai aset,"" kata Yosep.",3181
pasar viral Kepulauan Bangka Belitung,"Bangka Belitung Perkuat Pengendalian Inflasi, Gencarkan Operasi Pasar - Tribunnews.com",https://news.google.com/rss/articles/CBMirgFBVV95cUxONFgyanZNV3M5V1h0aW1yZUU0dnBvVGs1UTJqNFJCWDl1cGU2U2VOTXhkQ0xJNXdRZ1NteGs3TnlyU3VoZ2FCLU1pMjZlSVJVU0RwNnU5UnYzSmhyZ2YzTmluclZtZHUySTJhemhtU1A1TFhGMXNHZXhvX1BjbklqVVdwa2xWN1NyaVMwbjFyd0FiX3huLTVvWVFYeGpLVnR4MnFHb1VWSjIxNE9LMkE?oc=5,2026-07-06 07:00:00+00:00,Tribunnews.com,https://bangka.tribunnews.com/lokal/1682272/kendaraan-plat-luar-tak-bisa-beli-bbm-subsidi-di-babel-terpaksa-alih-ke-bbm-non-subsidi,"Belum punya akun? Daftar Akun Download TribunX untuk Android & iOS BANGKAPOS.COM, BANGKA - Kenaikan harga bahan bakar minyak (BBM) nonsubsidi mulai dirasakan langsung oleh masyarakat, terutama pengguna kendaraan pelat luar daerah yang tidak dapat mengakses solar subsidi di Provinsi Kepulauan Bangka Belitung (Babel). Di tengah kenaikan harga BBM nonsubsidi, sejumlah warga terpaksa merogoh kocek lebih dalam karena tidak dapat mengakses solar subsidi. Salah satunya dialami Ratika (28), perantau asal Palembang, Sumatera Selatan. Perempuan yang menggunakan mobil diesel jenis Toyota Kijang Innova berpelat BG ini mengaku harus menanggung biaya bahan bakar jauh lebih tinggi dibanding sebelumnya. ""Kalau sekarang isi penuh bisa sampai Rp1,3 juta,"" ujar Ratika kepada Bangkapos.com, Senin (20/4/2026). Ia menjelaskan, keterbatasan tersebut terjadi karena kendaraan pelat luar daerah tidak bisa mengakses solar subsidi tanpa Fuel Card yang diterbitkan di Babel. Setiap kali hendak mengisi solar di SPBU, ia mengaku diminta menunjukkan kartu kendali serupa Brizzi. Namun karena tidak memilikinya, ia tidak memiliki pilihan selain beralih ke BBM nonsubsidi jenis Dexlite. Padahal sebelumnya, biaya pengisian masih relatif terjangkau. Untuk mengisi penuh, Ratika biasanya hanya mengeluarkan sekitar Rp700 ribu. Sementara untuk pengisian setengah tangki atau sekitar 38 liter, ia hanya merogoh kocek di kisaran Rp500 ribuan. ""Dulu masih bisa di angka Rp500 ribuan untuk setengah tangki. Sekarang hampir Rp900 ribu,"" katanya. Kenaikan harga Dexlite yang kini berada di kisaran Rp24.000 per liter membuat beban pengeluaran semakin terasa. Ratika pun mengaku tidak bisa berbuat banyak menghadapi kondisi tersebut. Dengan nada bercanda, ia bahkan menyebut kendaraan listrik sebagai alternatif di masa depan. ""Mungkin ke depan enak pakai mobil listrik saja, biar nggak ribet isi BBM yang naik terus,"" ujarnya. Ratika menjadi gambaran kecil dari dampak kebijakan distribusi BBM subsidi di Babel. Sejak 2023 lalu, Pemerintah Provinsi Kepulauan Bangka Belitung memang menetapkan aturan bahwa kendaraan yang berhak menggunakan solar subsidi adalah kendaraan berpelat BN dan terdaftar dalam sistem Fuel Card. Kebijakan ini tertuang dalam Surat Edaran Gubernur Kepulauan Bangka Belitung Nomor 541/259 tentang Pendistribusian Jenis BBM Tertentu (solar subsidi) di wilayah Babel. Dalam aturan tersebut, pengecualian hanya diberikan kepada kendaraan pengangkut barang pokok dan penting sesuai Peraturan Presiden Nomor 71 Tahun 2015, serta bus pariwisata yang telah mengantongi rekomendasi dari instansi terkait.",2591
pasar viral Kepulauan Bangka Belitung,"Dorong UMKM Tembus Pasar Ekspor, Bea Cukai Jalin Sinergi dengan Berbagai Instansi - jpnn.com",https://news.google.com/rss/articles/CBMiqgFBVV95cUxOekQ4NkV3ampiU3BsNENxQWdEYVljNWlVVEl1Ykhmd2Z1NzV5SG1NSU9IRUdrOVhuMG1PUnZPUXlFeFRtRkNxTXREVXIxbnhwQmhZeFZGdHpPem5WMVN1TXZiZEhtUWFMMDFsQ0lGaDRsSzR0SkNVYktla0xvaGZCR0JzYmZhVzY0WEdVNlRYWUFNbUpQUjNkeEk1NEJWWXd1MHBOeW1XZklyZ9IBrAFBVV95cUxPcjAtaGtock9UWW1lTUVSODVpbTltUUZWSW1fSFktWm1ZZ0huWEMwQm1UYzJFOXZNbzZaMFdydlNjdGVTUV93NFlXWU1sNUp2OXluZ1BVUkJGVEdFdzd1TktWMENuODU5cTR2cmdxWlFGTDhIVWZxLW03ZjVDUjBObWxHN254XzQyUlM2STR0MG5oWjdtSWloYU1oS0dPWFFLdmJONVF6aFRCUzhp?oc=5,2026-07-20 07:00:00+00:00,jpnn.com,https://babel.tribunnews.com/lokal/19571/bangka-belitung-perkuat-pengendalian-inflasi-gencarkan-operasi-pasar,"Belum punya akun? Daftar Akun Download TribunX untuk Android & iOS PANGKALPINANG, BABEL NEWS - Bank Indonesia menilai inflasi di Provinsi Kepulauan Bangka Belitung pada Juni 2026 masih terkendali di tengah tekanan kenaikan harga energi global dan sejumlah komoditas pangan. Stabilnya inflasi tersebut menjadi indikator penting terjaganya daya beli masyarakat di tengah ketidakpastian ekonomi global. ""Pengendalian inflasi akan terus diperkuat agar kelompok inflasi pangan tetap terjaga sesuai sasaran target nasional,"" ujar Kepala Perwakilan Bank Indonesia Provinsi Kepulauan Bangka Belitung Rommy Sariu Tamawiwy kepada awak media, Jumat (3/7/2026). Sebelumnya, Badan Pusat Statistik (BPS) melaporkan Provinsi Kepulauan Bangka Belitung mengalami inflasi sebesar 0,35 persen secara bulanan ( month to month /mtm) dan 2,92 persen secara tahunan ( year on year /yoy) pada Juni 2026. Angka tersebut masih berada dalam rentang sasaran inflasi nasional sebesar 2,5±1 persen, serta lebih rendah dibandingkan inflasi nasional yang tercatat sebesar 3,34 persen secara tahunan. Rommy menyebutkan, tekanan inflasi Bangka Belitung pada Juni 2026 terutama berasal dari kelompok transportasi dan kelompok makanan, minuman, serta tembakau. Kelompok transportasi mengalami kenaikan seiring meningkatnya harga minyak dunia akibat konflik di Selat Hormuz. Kondisi tersebut berdampak pada naiknya harga avtur yang kemudian mendorong kenaikan tarif angkutan udara. Selain itu, penyesuaian harga bahan bakar minyak nonsubsidi, khususnya pertamax pada 10 Juni 2026, turut memberi tekanan terhadap inflasi bulanan. Kelompok makanan, minuman, dan tembakau juga menyumbang inflasi, terutama dari kenaikan harga daging ayam ras. Kenaikan harga komoditas tersebut dipicu terbatasnya pasokan pasca-Iduladha, di tengah meningkatnya permintaan masyarakat menjelang tradisi perayaan Tahun Baru Hijriah di Bangka Belitung . Untuk menjaga stabilitas harga, kata Rommy, Bank Indonesia bersama pemerintah daerah terus memperkuat sinergi melalui Tim Pengendalian Inflasi Daerah (TPID). Hingga Juni 2026, Bank Indonesia dan pemerintah daerah telah menyelenggarakan 10 kali high level meeting (HLM) untuk merumuskan langkah strategis pengendalian inflasi, khususnya pada komoditas pangan di Negeri Serumpun Sebalai. “Selain melalui forum koordinasi, Bank Indonesia bersama pemerintah daerah juga menggencarkan intervensi pasar melalui penyelenggaraan operasi pasar murah (OPM) dan Gerakan Pangan Murah. Sepanjang semester pertama 2026, kegiatan tersebut telah dilaksanakan sebanyak 64 kali di berbagai wilayah Bangka Belitung ,” tutur Rommy. Bank Indonesia, lanjut dia, juga mendorong perluasan kerja sama antardaerah (KAD) untuk menjaga kelancaran distribusi serta menjamin ketersediaan pasokan pangan ke Bangka Belitung . Isi komentar sepenuhnya adalah tanggung jawab pengguna dan diatur dalam UU ITE.",2865
pasar viral Kepulauan Bangka Belitung,Harga Ayam Potong di Pasar Belitung Timur Melonjak - Halaman 2 - Tribunnews.com,https://news.google.com/rss/articles/CBMinwFBVV95cUxNbHdyVmVieV9xdEVzRERUMTg5SkZPcS1HZGdUOUt0OFhzT3Q1cWNIZXdTNTQ5MkM4bklUVS0xWFlSRUJYVGwzT0tsd1JMT0xETGE2UkVndm80Q1VJd2dPTmc5cmNyWEI2QXZldHlxNGE5VGNCS3ZsOVRRVHBzVXRWaHU2SzFQRHZRRE1SUG0tOVRHV2RtOUtXaFJZSHBFem8?oc=5,2026-09-03 07:00:00+00:00,Tribunnews.com,https://www.jpnn.com/news/dorong-umkm-tembus-pasar-ekspor-bea-cukai-jalin-sinergi-dengan-berbagai-instansi,"jpnn.com , JAKARTA - Bea Cukai menjalin sinergi dengan berbagai instansi untuk mendorong pelaku usaha mikro, kecil, dan menengah ( UMKM ) menembus pasar ekspor. Upaya tersebut diwujudkan melalui edukasi, pendampingan, hingga fasilitasi pemenuhan persyaratan ekspor oleh Bea Cukai Tanjungpandan dan Bea Cukai Pangkalpinang di masing-masing wilayah. Di Belitung, Bea Cukai Tanjungpandan bersama KPP Pratama Tanjungpandan menghadirkan stan Satu Kemenkeu pada Belitung Expo 2026 yang berlangsung di Pantai Wisata Tanjung Pendam pada 1–5 Juli 2026. Kehadiran stan tersebut menjadi sarana bagi masyarakat untuk memperoleh layanan konsultasi kepabeanan dan perpajakan secara terpadu. Melalui layanan kepabeanan, masyarakat dapat berkonsultasi mengenai registrasi IMEI, ketentuan barang bawaan penumpang melalui Bandara H.A.S. Hanandjoeddin, hingga informasi mengenai komoditas ekspor unggulan Belitung seperti crude palm oil (CPO) beserta turunannya, kaolin, dan pasir kuarsa. Selain itu, pelaku UMKM juga mendapatkan pendampingan terkait peluang dan prosedur ekspor agar produk mereka mampu bersaing di pasar global. Di Provinsi Kepulauan Bangka Belitung, Bea Cukai Pangkalpinang memfasilitasi audiensi antara pelaku UMKM dan sejumlah instansi teknis guna mendukung pemenuhan persyaratan ekspor produk olahan makanan. Kegiatan ini diikuti sejumlah pelaku usaha, antara lain Vinz Kitchen, Keripik Cumi Nina, Abun Bumbu, dan Snack 168 Pangkalpinang. Silakan baca konten menarik lainnya dari JPNN.com di Google News",1506
pasar viral Kepulauan Bangka Belitung,"Polisi Tangkap Sopir Angkot T19 Ugal-ugalan, Lawan Arah hingga Pecahkan Kaca Mobil - VOI.ID",https://news.google.com/rss/articles/CBMirwFBVV95cUxQNkpjSGZLTFFsSktLYTl4Z01EVUcxQW5Yb3FxSjF5aDNEM2xtblR0SF83Z0JEQnpCQXBMYWFndFV4MXJfdzJycUxDMUtTak5JaldRZjYyamdqeURmaWRqR2QzSUF2MWhmQkcyaUg1aXZqZmxtS0tLTFBWWDlLNW96cEdHX2dnLUloN1Z4Tk1odHFpRTUwT05oV3VaQ3dIWUIzSmdHVjR1SlAxM09rMFRJ0gGrAUFVX3lxTE5qelpuTnI5RVVTMFQ0ZTVuSHVjVmNuSVgtTEJuX3YzU2RWVUVqZnNPZE9GQUFSQWZPWEZDMExSX2c2d0tkUEJNM0RlMU44RzNIdmtoMlR6bE1NeEx3a3ktVkpsTHNFQkhyanlsWm1CcFNVNWMxVl93dkxhcUJfWkpFMURVN1cwbU1vZTIxdjd6Q0JoWEpaYk9uNnpMQ2ZvcWVuWE5OemJmemx2RQ?oc=5,2026-04-22 07:00:00+00:00,VOI.ID,https://babel.tribunnews.com/lokal/20378/harga-ayam-potong-di-pasar-belitung-timur-melonjak?page=2,"Belum punya akun? Daftar Akun Download TribunX untuk Android & iOS Jika pada kondisi normal ia mampu menjual hingga 100 kilogram ayam potong per hari, kini hanya berani menyetok sekitar 50 kilogram saja. “Meredup, Mas. Pasokan kita pangkas hampir 50 persen. Sekarang paling bersihnya cuma berani ambil 50 kilogram sehari. Kasihan kalau enggak habis,” ujar Talib. “Ekonomi kita ini kan sedang tidak baik-baik saja. Kasihan juga dengan pembeli karena mereka bukan cuma mau beli ayam, tapi mau beli sayur, sembako, dan kebutuhan lainnya. Kami terikat di situ, bukan cuma mikir barang kami harus laku,” katanya. Talib meyakini kenaikan harga tersebut murni akibat kelangkaan ayam potong di tingkat distributor pusat, bukan karena permainan harga di tingkat pedagang kecil. (z1) Isi komentar sepenuhnya adalah tanggung jawab pengguna dan diatur dalam UU ITE.",853
pasar viral Kepulauan Bangka Belitung,"Peringati Hari Bhayangkara Ke-80, Kapolres Beltim Pimpin Bersih-bersih Pasar - Tribunnews.com",https://news.google.com/rss/articles/CBMitwFBVV95cUxQTVNZUHJmNHM5VmI5Y3RTV2tsa3RuT0dpOVhocnFEWjFRTEsyZWlrc0YwVHF4Yjd4ZG94N3VYYXdOWXBWUVZSSmZwam44OTkxRkZUbVI0SS1Ib3BIZGRSVHF2cW8tWTJnYVNlLUhOUFMyNnRUeGlvcmlpSVhkUk80TW11Mk9YeWZBZG0weUhISXNXdnljWjVjeV80M20zSzFPd1ZxLXZSUDRMbU9yRU9MYmY1Yzd1Z3M?oc=5,2026-06-26 07:00:00+00:00,Tribunnews.com,https://voi.id/berita/571788/polisi-tangkap-sopir-angkot-t19-ugal-ugalan-lawan-arah-hingga-pecahkan-kaca-mobil,"You must confirm your age to access this page. JAKARTA – Seorang sopir angkutan kota (angkot) T19 rute Depok–Kampung Rambutan ditangkap polisi setelah terlibat keributan di Jalan Tanah Merdeka, depan Lotemart, Kelurahan Susukan, Kecamatan Ciracas, Jakarta Timur. Insiden tersebut bermula saat pelaku melawan arah dan hampir menabrak pengendara lain. Tidak terima ditegur, pelaku justru melakukan tindakan anarkis dengan memecahkan kaca mobil milik korban. Usai melakukan aksi kekerasan, pelaku sempat melarikan diri. Korban kemudian melaporkan kejadian tersebut ke Polsek Ciracas. Kanit Reskrim Polsek Ciracas, AKP Hotman Capandi, mengatakan pihaknya segera melakukan penyelidikan setelah menerima laporan. “Setelah dilakukan penyelidikan, kami berhasil mengamankan dua orang yang diduga sebagai pelaku, berinisial IK (30) dan P (30), di sepanjang Jalan Supriadi, Kelurahan Susukan, Ciracas,” ujar Hotman, Rabu, 22 April 2026. Polisi juga menyita barang bukti berupa satu unit angkot T19 jenis Daihatsu Grandmax bernomor polisi B 1076 QO berwarna merah. Kedua pelaku kini diamankan di Polsek Ciracas untuk menjalani pemeriksaan lebih lanjut. IK diketahui merupakan warga Kepulauan Bangka Belitung, sementara P tercatat sebagai warga Pasar Minggu, Jakarta Selatan. “Penangkapan ini merupakan tindak lanjut dari video viral yang beredar di masyarakat,” tambahnya.",1361
pasar viral Kepulauan Bangka Belitung,Inovasi Drop Tank PTP Dongkrak Arus Logistik CPO Bangka Belitung - jatimnow.com,https://news.google.com/rss/articles/CBMinAFBVV95cUxPV0ZFMmcxQkZyU3Jzel90cUlIb05WWUF1a1VZZjhJb2lnMmtJSEhRMDFfX2VhWWNBR2pHRnhyenJqWklQTW1zVDk4OVZCNHppVGRGQkswR3VZM1hRTnpJTDhYeFMzd2I5MnA0SzVCUHU1Q0hBRTZIVktFcTcwWFZfTElNQXpaekNTak1tT25GVEVEYnV5M1lVYndlQm7SAaIBQVVfeXFMT3hUOFdpdU01WnZxTTkzbHNESXBsamZQdUFRWkxoNExyZEo2TGJTWC13aHZaNTVQMVRwQV9WRE1mYnJxYW9zMWZjaW0xWjJ5REo3aXZlNXZiWjlLdjcyUlQ5NV9DYTRQbEJPSGFmcHVuV25KV01JNjlka2czMjJlenRFUVA3cGNWZW1LSlRLNmRMVGpqUlYtTXFEeDhfdVFpNzBB?oc=5,2026-04-19 07:00:00+00:00,jatimnow.com,https://babel.tribunnews.com/lokal/19469/peringati-hari-bhayangkara-ke-80-kapolres-beltim-pimpin-bersih-bersih-pasar,"Belum punya akun? Daftar Akun Download TribunX untuk Android & iOS MANGGAR, BABEL NEWS - Kepolisian Resor Belitung Timur menggelar gotong royong membersihkan Pasar Lipat Kajang, Desa Baru, Kecamatan Manggar, Kabupaten Belitung Timur , Kamis (25/6/2026). Sejumlah personel dari berbagai satuan fungsi bahu-membahu membersihkan setiap sudut area luar dan dalam Pasar Lipat Kajang. Kegiatan bersih-bersih yang dipimpin langsung Kapolres Belitung Timur , AKBP Indra Feri Dalimunthe , tersebut dalam rangka menyambut Hari Bhayangkara ke-80. Indra Feri Dalimunthe mengatakan momentum Hari Bhayangkara ke-80 tidak melulu diisi kegiatan yang bersifat seremonial saja. Namun, kepolisian ingin memastikan bahwa kehadiran Polri harus dirasakan langsung manfaatnya oleh masyarakat luas melalui aksi-aksi sosial yang menyentuh warga. “Melalui kegiatan baksos ini, kami ingin menumbuhkan kesadaran bersama akan pentingnya menjaga kebersihan lingkungan, khususnya di area pasar yang merupakan pusat aktivitas harian masyarakat,” kata Indra. Menurutnya, kebersihan pasar memiliki pengaruh yang besar bagi pedagang dan pengunjung, baik dari segi kesehatan maupun kenyamanan. ""Kegiatan ini juga menjadi sarana penting bagi kami untuk mempererat sinergi antara Polri, pemerintah daerah, dan seluruh lapisan masyarakat Belitung Timur ,"" ujar Indra. (z1) Isi komentar sepenuhnya adalah tanggung jawab pengguna dan diatur dalam UU ITE.",1413
pasar viral Kepulauan Bangka Belitung,"Pemuda 18 Tahun di Pangkalpinang Curi Motor di 4 TKP, Modus Disebut Tergolong Unik - Tribunnews.com",https://news.google.com/rss/articles/CBMivwFBVV95cUxPX2FyNnFlYzY5Wks2U1FyR2d0My1hRmhvcDZFTTkwVksweVZydTFqbkRRNDF4cFV6UFdiN0F1TGNPYTF2ekVuWUxXVkowejZpMWhzbEZnYW90X014cVZ3aG5vYzBKUkFMWktxb2RRNFlTTWRDcjE4OWVMQ1dXaE5tZm04OGVtOU1teUJhMFVPbHYxcVNnV3IwNnlxbHN6dHA5NndtbGwxcFdzR2ZodlVnTlgtTVh6a3JFRmFlMUo4Zw?oc=5,2026-05-15 07:00:00+00:00,Tribunnews.com,https://jatimnow.com/baca-83882-inovasi-drop-tank-ptp-dongkrak-arus-logistik-cpo-bangka-belitung,"jatimnow.com - Arus logistik komoditas sawit di Kepulauan Bangka Belitung menunjukkan tren penguatan signifikan di awal tahun 2026. PT Pelabuhan Tanjung Priok (PTP Nonpetikemas) Cabang Pangkal Balam bergerak cepat mengamankan rantai pasok ini melalui modernisasi layanan bongkar muat CPO dan produk turunannya. Langkah ini menjadi krusial mengingat sektor perkebunan merupakan tulang punggung ekonomi lokal. Dengan luas lahan sawit mencapai 355.065 hektare, efisiensi di gerbang pelabuhan menjadi penentu daya saing produk hijau asal Negeri Serumpun Sebalai ini di pasar domestik maupun global. Data terbaru menunjukkan performa positif pada Triwulan I-2026, di mana realisasi bongkar muat menyentuh angka 391.624 ton. Dari jumlah tersebut, porsi curah cair yang didominasi oleh minyak sawit mentah meroket hingga 35,18 persen. Angka ini melampaui proporsi rata-rata sepanjang tahun 2025 yang berada di level 33,24 persen dari total volume 1,6 juta ton. Pekan ini, aktivitas di dermaga PTP Nonpetikemas kembali sibuk dengan pengapalan 3.500 ton CPO menggunakan tongkang BG. Prima Samudra IV menuju Dumai. Alur pengiriman ini menandakan konsistensi pasokan dari perkebunan rakyat maupun swasta di Pulau Bangka yang terus mengalir keluar melalui terminal multipurpose Pangkal Balam. Branch Manager PTP Nonpetikemas Cabang Pangkal Balam, Alamsyah, menyatakan bahwa perusahaan memprioritaskan optimalisasi layanan curah cair demi merespons potensi besar sawit regional. Menurutnya, pembenahan operasional dilakukan secara menyeluruh untuk memastikan proses pemuatan lebih lincah namun tetap memperhatikan standar keamanan. Baca juga: PTP Nonpetikemas dan UNIBA Madura Pacu Industrialisasi Kawasan ""Kami terus memperkuat kapabilitas layanan penanganan CPO melalui inovasi di lapangan. Tujuannya adalah menciptakan efisiensi nyata bagi pelaku industri sekaligus menjamin perlindungan lingkungan di area pelabuhan,"" ungkap Alamsyah saat meninjau operasional dermaga. Salah satu terobosan teknis yang diterapkan adalah penggunaan sistem portable drop tank yang terintegrasi dengan pompa submersible. Teknologi ini terbukti mampu memacu kapasitas pompa secara optimal saat memindahkan cairan dari truk ke kapal. PTP juga menerapkan skema truck losing yang memungkinkan empat armada truk dilayani secara bersamaan, sehingga memangkas waktu tunggu di dermaga secara drastis. Tidak berhenti di sana, manajemen tengah menyiapkan solusi untuk tantangan cuaca. Mengingat frekuensi hujan di wilayah ini mencapai 12 hari per bulan, PTP akan memasang tudung pada drop tank. Inovasi sederhana namun berdampak ini diproyeksikan mampu menambah kapasitas pemuatan hingga 5.280 ton per bulan, karena kegiatan operasional tidak lagi harus terhenti saat hujan turun. Baca juga: Perkuat Reputasi BUMN, Fiona Sari Sabet Apresiasi PR INDONESIA Selain minyak sawit mentah, komoditas cangkang sawit juga menunjukkan pertumbuhan eksponensial. Volume pemuatan curah kering ini melonjak dari 185.229 ton pada 2024 menjadi 310.441 ton pada penutupan 2025. Hingga Maret 2026 saja, volume cangkang yang dikelola sudah menembus 85.410 ton. Sebagai bagian dari ekosistem Pelindo, pelabuhan ini mengoperasikan dermaga sepanjang 649 meter yang mencakup berbagai titik strategis seperti Dermaga Beton dan Sheet Pile. Dengan fasilitas yang mumpuni, Pangkal Balam kini memantapkan posisinya sebagai simpul logistik utama yang menopang pertumbuhan sektor pertanian dan perkebunan di Bangka Belitung. URL : https://jatimnow.com/baca-83882-inovasi-drop-tank-ptp-dongkrak-arus-logistik-cpo-bangka-belitung Wali Kota Eri Cahyadi menindak P3RT ilegal di Surabaya, mempublikasikan 12 lembaga resmi, dan menyusun Perwali perlindungan pekerja rumah tangga. Selain petugas operator desa, kegiatan tersebut juga diikuti pendamping PKH, Kasi Kesejahteraan Sosial serta Tenaga Kesejahteraan Sosial Kecamatan. Jumlah Single Investor Identification (SID) di wilayah kerja OJK Kediri meningkat 71,83 persen menjadi 767.928 SID. Instrumen investasi masih didominasi reksadana. Penularannya terjadi melalui percikan cairan dari saluran pernapasan ketika penderita batuk atau bersin, serta melalui benda yang terkontaminasi virus. Pasokan yang sampai ke wilayah Lamongan mengalami penurunan tekanan hingga hanya terserap sekitar 60 hingga 80 LPS.",4284
event viral Kepulauan Bangka Belitung,"Mahasiswa UNAIR Jadi Volunteer Langkah Asa Nusantara, Berbagi Ilmu di Pulau Gersik - Universitas Airlangga Official Website",https://news.google.com/rss/articles/CBMipAFBVV95cUxOalRnaGlaWlBhVDA5dkVFd3RGNTB4Z0VoVlRyeExIVGNfWTBSMUJUaHNXdENNbUVEU21PZU1RUXMta1otcUk1QUNUeGpjeC1Xc3dpdzA0WFJlU1d2RkV5bUkzUUROUFV3ZlpnYmtLYy1tb0FUc3VjTVdmWHVoSmJSQzJxVnpyNFJfa0tneXZsNV9sQUcwZVY2Qk9aZTVlUENpc3RBRw?oc=5,2026-09-02 07:00:00+00:00,Universitas Airlangga Official Website,https://babel.tribunnews.com/lokal/18946/pemuda-18-tahun-di-pangkalpinang-curi-motor-di-4-tkp-modus-disebut-tergolong-unik,"Belum punya akun? Daftar Akun Download TribunX untuk Android & iOS PANGKALPINANG, BABEL NEWS - Kepolisian Resor Kota Pangkalpinang berhasil mengungkap kasus pencurian sepeda motor di halaman Masjid Darul Ikhwan, kawasan Pasar Pagi, Pangkalpinang, Kepulauan Bangka Belitung . Dari hasil pemeriksaan, tersangka pelaku pencurian kendaraan bermotor (curanmor) tersebut ternyata sudah beraksi di empat tempat kejadian perkara (TKP). Tersangka merupakan pemuda berusia 18 tahun berinisial ZA. Dia ditangkap tim Buser Naga Satreskrim Polresta Pangkalpinang di wilayah Pagarawan, Kecamatan Merawang, Kabupaten Bangka, Minggu (10/5) malam. Kepala Polresta Pangkalpinang Kombes (Pol) Max Mariners mengatakan, pengungkapan kasus tersebut bermula dari laporan korban yang kehilangan sepeda motornya saat diparkir  di halaman Masjid Darul Ikhwan, kawasan Pasar Pagi, Minggu (10/5/2026) sekitar pukul 12.30 WIB. Korban mengetahui sepeda motor Yamaha Mio warna hitam bernomor polisi BN 6870 KH tersebut raib setelah selesai menunaikan ibadah salat Zuhur di Masjid Darul Ikhwan. Akibat pencurian kendaraan bermotor (curanmor) ini, korban mengaku mengalami kerugian sebesar Rp3,5 juta. Usai menerima laporan korban, tim Buser Naga dan Unit Kamneg Satintelkam Polresta Pangkalpinang segera melakukan penyelidikan. Tersangka pun berhasil ditangkap dalam kurun waktu kurang dari 24 jam. ""Setelah diinterogasi, pelaku mengakui perbuatannya mencuri motor milik korban. Ia mengaku datang ke kawasan Masjid Darul Ikhwan dengan berjalan kaki, lalu melihat sepeda motor korban yang terparkir,” ujar Max dalam konferensi pers di Mapolresta Pangkalpinang, Selasa (12/5/2026). Saat itu, lanjut dia, situasi di sekitar tempat parkir terlihat sepi. Tersangka kemudian mendekati sepeda motor korban dan mendapati kondisi kontak kunci motor sudah rusak atau dol. Dengan mengandalkan kunci biasa yang sudah disiapkan, tersangka berhasil menyalakan mesin motor tersebut dan membawanya lari menuju Pagarawan sebelum akhirnya ditangkap polisi. Max menyebutkan, dari pemeriksaan lebih lanjut, tersangka juga mengaku telah melakukan tindak pidana serupa di lokasi lainnya. Aksi curanmor tersebut sudah ia lakukan jauh sebelum Idulfitri 2026 lalu. “Ternyata pelaku ini sudah mulai beraksi sejak sebelum Lebaran. Saat itu, kami sudah menerima sejumlah laporan, namun identitas pelaku belum diketahui dan masih dalam proses penyelidikan. Seiring berjalannya waktu, diketahui pula bahwa pola kejahatan serupa juga terjadi di lokasi-lokasi lain, hingga akhirnya kami berhasil mengungkap pelakunya,"" tutur Max. Selain kasus yang dilaporkan korban, tersangka juga mengakui mencuri sepeda motor Yamaha Mio Soul berwarna merah hitam bernomor polisi BN 7453 HN di kawasan yang sama, yaitu Masjid Darul Ikhwan, meskipun laporan polisi untuk kasus ini masih dalam pencarian. Selain itu, tersangka mengakui mencuri sepeda motor Jupiter Z berwarna hitam perak bernomor polisi BN 4689 TR di area parkir Ramayana Pangkalpinang. Isi komentar sepenuhnya adalah tanggung jawab pengguna dan diatur dalam UU ITE.",3052
event viral Kepulauan Bangka Belitung,"Rp 1,3 Triliun DBH Sumber Daya Alam Bangka Belitung Belum Dibayar Pusat - Kompas.com",https://news.google.com/rss/articles/CBMizgFBVV95cUxOeHZvbHcyNENMeWlMTFRkbi1qYU9RRmFuNmlFYTRtRVhaNy1qUm0xWUlJSWNZUjh1bjVCQkI4TGstQ204WUFuQ1JyTU5oSGFuenNiYm9FZGwyTFh6bnl5VnBObWNKaVdKSE8yNFRKdF9MbmN0bXFxakJneDlPYXJrTUYzaGo2MTBkeG93WlRPNTRFcEwtemdTalBEUlBKcjZ6SmZhMWYzcjNJX1NwT0NUQU5PTzdjZGZqVmk3UnVKNDAwdlpXZ3dFQVF3VTdaZw?oc=5,2026-06-17 07:00:00+00:00,Kompas.com,https://www.radarbahtera.com/pemkab-basel-sosialisasi-logo-dan-mantapkan-persiapan-festival-junjung-besaoh-2026/,"TOBOALI, RBC – Pemerintah Kabupaten Bangka Selatan (Basel) menggelar rapat koordinasi lintas Organisasi Perangkat Daerah (OPD) dalam rangka menyosialisasikan logo resmi Hari Jadi Kota Toboali ke-318 Tahun 2026 sekaligus memantapkan persiapan penyelenggaraan Festival Junjung Besaoh 2026. Rapat tersebut dilaksanakan di Ruang Rapat Sekretaris Daerah Kabupaten Bangka Selatan, Jumat (18/09/2026) dipimpin langsung oleh Asisten Pemerintahan dan Kesejahteraan Rakyat Sekretariat Daerah Kabupaten Bangka Selatan, Haris Setiawan, S.Pi., M.T., didampingi Kepala Dinas Pendidikan dan Kebudayaan Kabupaten Bangka Selatan, Anshori, S.AP., M.Si. Rapat tersebut turut dihadiri oleh jajaran perwakilan dinas dan badan di lingkungan Pemerintah Kabupaten Bangka Selatan, unsur kecamatan, Satuan Polisi Pamong Praja (Satpol PP), perwakilan Bagian di Sekretariat Daerah Kabupaten Bangka Selatan, hingga lembaga kebudayaan seperti Lembaga Adat Melayu dan Dewan Kesenian Kabupaten Bangka Selatan. Dalam rapat tersebut, selain membahas kesiapan teknis pelaksanaan kegiatan, turut dilakukan sosialisasi logo resmi Hari Jadi Kota Toboali ke-318 Tahun 2026. Logo resmi tahun ini mengusung tagline “Ngerajut Sejarah, Ngerawat Tradisi, Ngejago Budaya” yang merefleksikan perjalanan Toboali dari masa ke masa. Tagline “Ngerajut Sejarah” dimaknai sebagai upaya merajut kembali kepingan perjalanan sejarah Toboali. “Ngerawat Tradisi” dimaknai sebagai ikhtiar untuk merawat nilai dan norma yang tetap hidup dan berkembang dalam kehidupan masyarakat. Sementara itu, “Ngejago Budaya” dimaknai sebagai komitmen untuk menjaga budaya sebagai jati diri daerah agar terus hidup, tumbuh, dan diwariskan kepada generasi mendatang. Secara visual, setiap elemen yang terdapat dalam logo juga memiliki makna yang menggambarkan identitas, sejarah, budaya, serta karakteristik Kota Toboali. Angka 318 yang saling berkaitan menggambarkan kesatuan dan kebersamaan dalam menjaga budaya serta tradisi. Topi Tradisional Sindeng melambangkan identitas budaya Melayu yang merupakan Warisan Budaya Takbenda Indonesia dari Kabupaten Bangka Selatan. Sementara itu, ombak dan ikan merepresentasikan kekayaan sumber daya alam laut sekaligus karakteristik masyarakat Toboali sebagai masyarakat pesisir. Adapun lintasan menggambarkan perjalanan Kota Toboali dari masa ke masa untuk terus ngerajut sejarah, ngerawat tradisi, dan ngejago budaya. Komposisi warna dalam logo juga memiliki filosofi yang memperkuat pesan yang ingin disampaikan. Warna biru menggambarkan elemen air yang merupakan sumber kehidupan. Warna orange menggambarkan energi, antusiasme, kreativitas, dan keramahan. Warna hijau melambangkan alam, pertumbuhan, ketenangan, harapan, pembaruan, serta semangat dan persatuan. Sementara itu, warna merah melambangkan semangat dan persatuan. Selain sosialisasi logo, rapat juga membahas pemantapan berbagai persiapan Festival Junjung Besaoh yang dijadwalkan berlangsung pada 23–25 Oktober 2026. Pembahasan mencakup kesiapan teknis pelaksanaan, penataan dan pengamanan lokasi, koordinasi lintas perangkat daerah, serta strategi publikasi rangkaian kegiatan kepada masyarakat. Asisten Pemerintahan dan Kesejahteraan Rakyat Sekretariat Daerah Kabupaten Bangka Selatan, Haris Setiawan, menegaskan bahwa filosofi kuat yang terkandung dalam logo Hari Jadi Kota Toboali ke-318 perlu diimbangi dengan kesiapan yang matang dari seluruh jajaran Pemerintah Kabupaten Bangka Selatan. Menurutnya, koordinasi lintas perangkat daerah menjadi bagian penting untuk memastikan seluruh rangkaian kegiatan dapat berjalan dengan aman, tertib, lancar, dan memberikan manfaat bagi masyarakat. Haris juga mendorong panitia penyelenggara untuk terus menggali dan memperluas potensi rangkaian acara agar pelaksanaan Festival Junjung Besaoh dapat semakin semarak serta memberikan dampak yang lebih luas. Ia menyampaikan bahwa kegiatan pendukung seperti seminar maupun pameran dapat menjadi bagian yang dipertimbangkan dalam rangka memperkaya rangkaian kegiatan. “Apabila ada seminar atau pameran tentu akan lebih bagus lagi. Coba didiskusikan kembali, apakah ada hal-hal yang bisa didukung dan disinergikan dari pihak pemerintah provinsi,” ujar Haris. Dalam kesempatan tersebut, Haris juga mengingatkan pentingnya kesiapan publikasi sejak jauh hari. Ia meminta agar media sosialisasi berupa spanduk dan baliho publikasi Hari Jadi Kota Toboali ke-318 mulai dipersiapkan dan dipasang di titik-titik strategis pada awal bulan mendatang. Langkah tersebut dinilai penting untuk meningkatkan penyebarluasan informasi sekaligus mengajak masyarakat turut berpartisipasi dalam seluruh rangkaian kegiatan. Melalui sosialisasi logo dan koordinasi yang intensif, Pemerintah Kabupaten Bangka Selatan terus memantapkan persiapan Peringatan Hari Jadi Kota Toboali ke-318 dan Festival Junjung Besaoh 2026. Kegiatan tersebut diharapkan dapat menjadi momentum untuk memperkuat identitas dan pelestarian budaya daerah, mempererat kebersamaan masyarakat, sekaligus mendorong pergerakan perekonomian masyarakat setempat. (*/Neng) Alamat email Anda tidak akan dipublikasikan. Ruas yang wajib ditandai * Simpan nama, email, dan situs web saya pada peramban ini untuk komentar saya berikutnya.",5197
wisata viral Bengkulu,Himppera serahkan bantuan gazebo dukung pengembangan wisata Bengkulu - ANTARA News Bengkulu,https://news.google.com/rss/articles/CBMitAFBVV95cUxQU0Vya3lUdXg4RFpZOFVpUnJHM2ZFd2JWQnJJem51R2tZaEJydDJzMGtFcTZZTW9vOElhRDA2eGZBSzlNSW5DVmJJVFVTZkwydnVLN29PWTIyNTFSSUp5T1pLRDZabE9YNmZ6YnJ4VG0wRmZId2ZZeXJLTHozc2l0WW1vNkRCR055YUxfMEdxd2djZGJaazF6OGx6eHJXbG9kNkw3WTQtbkprQmpZVGlQVkk0VkjSAboBQVVfeXFMT0JZS3JKdXMwTzdIOVpxS3lwbEhpeVltZjQ0cDE5OW12OVhXSm9PXzh2VktPdkVlOGhyYVdMRy0yYUJaLXBhRU5Vd2dBN1RhZHJNeTI5UGxfb0dENk5lYlNTa3BfaVloTzd2dXFOSTVRRl9rczdGU3NybGZnMWtfRmcwc1U2NUpWcjhKVVBmWXBINVdLeENSOG14Y1ExcmROdWljazJSTGYxeFpxUDAxbF8tRE5MX0dLQ1Rn?oc=5,2026-06-04 07:00:00+00:00,ANTARA News Bengkulu,https://regional.kompas.com/read/2026/06/17/181822378/rp-13-triliun-dbh-sumber-daya-alam-bangka-belitung-belum-dibayar-pusat?page=all,"Rp 1,3 Triliun DBH Sumber Daya Alam Bangka Belitung Belum Dibayar Pusat BANGKA, KOMPAS.com - Pemerintah Provinsi Kepulauan Bangka Belitung kini kesulitan membiayai program pembangunan karena dana bagi hasil (DBH) sumber daya alam tak kunjung dicairkan pemerintah pusat. Kepala Badan Keuangan Daerah (Bakeuda) Bangka Belitung Yunan Helmi mengatakan, total DBH sumber daya alam dari Bangka Belitung pada pembukuan 2025 mencapai Rp 2,02 triliun. Dari jumlah tersebut, akan dibagi alokasi anggaran untuk pemerintah pusat, pemerintah provinsi, dan pemerintah tingkat kabupaten. ""Untuk provinsi dan pemda kabupaten totalnya Rp 1,3 triliun yang belum dibayarkan. Sampai saat ini belum. Dampaknya pemda kesulitan membiayai pembangunan seperti infrastruktur jalan, pendidikan dan kesehatan,"" kata Yunan di kantornya, Rabu (17/6/2026). Baca juga: Gubernur Babel Ancam Tindak Pegawai yang Sembarangan Dinas Luar: Awas Nanti Ketemu di Bandara Yunan mengatakan, dari jumlah Rp 1,3 triliun, Pemprov Bangka Belitung mendapat jatah Rp 306,9 miliar dan pemda kabupaten Rp 1 triliun. Sementara itu, pemerintah kota tidak mendapat alokasi karena tidak terhitung sebagai penghasil sumber daya alam. ""Angka tersebut baru dari tambang saja atau minerba yang dihitung dari potensi penerimaan bukan pajak berdasarkan Undang-Undang HKPD,"" kata Yunan. Yunan mengungkapkan bahwa pemda telah berulang kali menemui Kementerian Keuangan, tetapi hingga kini belum ada kejelasan. ""Kata mereka anggarannya tidak ada. Tidak tahu mereka pakai buat apa,"" ujar Yunan. Ia menyampaikan, alokasi dana bagi hasil dari sektor minerba berpotensi naik karena komoditas logam timah di pasar global juga naik. Baca juga: Gubernur Babel Usul Pulau Tujuh Dibagi Dua untuk Akhiri Sengketa dengan Kepri Bangka Belitung dalam posisi yang menentukan karena menyuplai 90 persen bahan baku timah nasional. ""Dilihat permintaan timah saat ini, kenaikan harga, maka seharusnya DBH 2026 naik. Tetapi bagaimana yang tahun lalu belum dibayar. Kami berharap kunci anggarannya segera dibuka,"" ucap Yunan. Imbas DBH yang belum dibayarkan, postur APBD Bangka Belitung menciut dari Rp 4 triliun menjadi Rp 2,1 triliun. Pemda kini berusaha melakukan efisiensi secara ketat, antara lain dengan melakukan efisiensi anggaran perjalanan dinas Rp 38 miliar dari Rp 94 miliar dalam setahun terakhir. Menurut Yunan, dalam kondisi APBD Rp 4 triliun pada periode lalu, Pemprov masih harus melakukan pinjaman Rp 500 miliar guna mengoptimalkan pembangunan infrastruktur. ""Dengan defisit yang lebar saat ini, pinjaman bisa lebih besar. Tetapi itu masih pembahasan, kita coba efisiensi dulu dari perjalanan dinas yang saving anggarannya sudah terasa manfaatnya,"" kata Yunan. Baca juga: Divonis 4 Bulan Penjara Kasus Tagihan Hotel, Wagub Babel Hellyana Tak Ajukan Banding Selain langkah efisiensi, Pemprov mendorong perwakilan DPR RI untuk menyuarakan pencairan dana bagi hasil alam tersebut pada pemerintah pusat. ""Mudah-mudahan bisa terealisasi. Pembangunan daerah akan memacu pertumbuhan ekonomi masyarakat,"" ucap Yunan. Sementara itu, Gubernur Bangka Belitung Hidayat Arsani mengatakan, efisiensi besar-besaran dilakukan salah satunya dengan memangkas tunjangan pejabat dan belanja perjalanan dinas. ""Ini era yang sangat berat. Berbeda dengan tahun sebelumnya, saya harus ambil tindakan, salah satunya efisiensi anggaran perjalanan dinas,"" ucap Hidayat. Ia mengungkapkan bahwa dalam setahun terakhir, anggaran perjalanan dinas berhasil dihemat Rp 38 miliar dari tahun sebelumnya mencapai Rp 94 miliar. ""Para pegawai tanpa terkecuali harus taat, jika tidak siap-siap disanksi atau segera keluar dari barisan,"" ucap Hidayat. Baca juga: Kemarau Lebih Kering di Babel, BMKG Prediksi Puncak September 2026, Sejumlah Wilayah Terancam Kekeringan Berbekal dari efisiensi yang telah dilakukan, gubernur berharap gaji seluruh pegawai, termasuk PPPK paruh waktu bisa dibayarkan tepat waktu. Saat ini, lebih dari 3.000 PPPK paruh waktu di lingkungan Pemprov Bangka Belitung yang harus digaji setiap bulannya. ""Mudah-mudahan tahun berikutnya kondisi semakin membaik, pembangunan bisa dimaksimalkan lagi termasuk kesejahteraan pegawai akan diperhatikan,"" ucap Hidayat. Bayangkan seorang anak Indonesia bercita-cita menjadi dokter tetapi hanya memiliki satu buku lusuh untuk belajar. Bersama Ekspedisi Kata ke Nyata Kompas.com, Anda bisa membantu mengubah kisah itu. Mari hadirkan akses literasi bagi anak-anak di berbagai pelosok Indonesia melalui donasi lewat tautan https://bit.ly/JagatLiterasi2026 . Setiap kebaikan yang Anda berikan bukan hanya membuka jendela pengetahuan, tetapi juga membuka masa depan mereka. Copyright 2008 - 2026 PT. Kompas Cyber Media (Kompas Gramedia Digital Group). All Rights Reserved.",4725
wisata viral Bengkulu,"Respon Dugaan Pungli, Dinas Pariwisata Larang Aktivitas Jukir di Gazebo Gratis - Media Center Kota Bengkulu",https://news.google.com/rss/articles/CBMiuAFBVV95cUxPUzFrUWJsWmg3RWFDTXF2QWVqVExDMWRDQ1VJSnJOcjFGZFlrZGZkOHdaTjhKZEtfM3NrQWlFaVdwanVDdTlUZmZjZ1VsSHJtYzlMWElFWW1nYmJ4dzFqZ0FhYzRqMUJPakNDcTBabFBhMWRITFIzZjhMQlpDQWZnY3B3aGhXZERMR1pzaHRfYUdOclB5ZTJKX3B2allMN0h6Ry1vbEY0WlBjY05PQ2pVRGE2V0s4U3Zy?oc=5,2026-06-01 07:00:00+00:00,Media Center Kota Bengkulu,https://bengkulu.antaranews.com/berita/470141/himppera-serahkan-bantuan-gazebo-dukung-pengembangan-wisata-bengkulu,"Mukomuko (ANTARA) - Dewan Perwakilan Daerah (DPD) Himppera Provinsi Bengkulu menyerahkan bantuan sebanyak lima unit gazebo untuk tempat santai dan istirahat gratis bagi para wisatawan yang berkunjung ke Pantai Panjang daerah ini. Serah terima bantuan lima unit gazebo gratis persembahan Himppera ini diserahkan langsung oleh Ketua DPD Himppera Bengkulu Edwar Setiawan kepada pihak Dinas Pariwisata Kota Bengkulu. Ketua DPD Himppera Bengkulu Edwar berharap dengan adanya fasilitas gazebo gratis dari asosiasinya ini dapat memberikan kenyamanan pengunjung wisatawan Pantai Panjang Bengkulu. ""Kami sangat senang dapat berkontribusi terhadap Kota Bengkulu yang kita cintai ini semoga gazebo ini dapat dimanfaatkan dan bermanfaat untuk masyarakat luas,"" ujarnya. Dia menegaskan, bahwa siapa saja yang memanfaatkan gazebo ini tidak dipungut biaya atau gratis. Plt Sekretaris Dinas Pariwisata Kota Bengkulu Yulistri Yeni menyampaikan terima kasih kepada Ketua DPD Himppera Bengkulu Bapak Edwar dan seluruh penggurus serta anggota Himppera atas bantuan gazebo yang diberikan kepada pemerintah kota ini. ""Gazebo ini bukan milik Dinas Pariwisata Kota Bengkulu tapi milik Pemerintah Kota Bengkulu,"" ujarnya pula. Dia meneranngkan, penambahan sarana wisata ini memang menjadi program walikota, untuk itu kedepan akan menyiapkan gazebo gratis bisa dimanfaatkan dan dinikmati oleh masyarakat. Pewarta: Ferri Aryanto Uploader : Musriadi COPYRIGHT © ANTARA 2026 Dilarang keras mengambil konten, melakukan crawling atau pengindeksan otomatis untuk AI di situs web ini tanpa izin tertulis dari Kantor Berita ANTARA.",1597
wisata viral Bengkulu,"Jaga Kawasan Wisata Tetap Kondusif, Ditpamobvit Polda Bengkulu Intensifkan Patroli Dialogis di Pantai Panjang - Viral Publik",https://news.google.com/rss/articles/CBMivgFBVV95cUxQUVZ3WDhORXdwYXRYUE9rNlg5bV8zZkxxTTNSbG1iMU1xOUphdzRZRG1yQXpGaENSLUpDamRPMWtwakxsZDBmMEZGNkJsa05feEM5ZXJIOFR3TDhjSlRTV2xDOUMtNGh2bXdSbHBKanVyZmlmNTRlMDhCSG5SVy02SlgweU04bFRJRThjVklOV0VFR0k5NHFMSF9NNmFhWU1kN181SEROMEJHeU82d01HRnRGWm1keVBDdkxyX3FB?oc=5,2026-09-21 04:48:00+00:00,Viral Publik,https://mediacenter.bengkulukota.go.id/respon-dugaan-pungli-dinas-pariwisata-larang-aktivitas-jukir-di-gazebo-gratis/,"Bengkulu, InfoPublik – Dinas Pariwisata (Dispar) Kota Bengkulu bergerak cepat merespon keresahan masyarakat terkait dugaan pungutan liar (pungli) di kawasan wisata. Tim Dispar melakukan inspeksi mendadak ke area gazebo gratis Pantai Panjang, tepatnya di depan Hotel Nala Seaside, untuk menertibkan oknum yang terindikasi melakukan penarikan biaya tidak resmi. Aksi ini dipimpin langsung oleh Plt. Sekretaris Dispar Kota Bengkulu, Yulistri Yenni. Petugas langsung menyisir lokasi dan menginterogasi Nuryadin, pria yang identitasnya viral di media sosial karena diduga meminta uang parkir kepada para pengunjung. Meski oknum tersebut berdalih hanya membersihkan area dan menerima sukarela, tim Dispar tetap mengambil tindakan tegas demi menjaga citra wisata daerah. “Mulai hari ini bapak tidak perlu lagi berkeliaran di area ini dan tidak perlu mengarahkan kendaraan mobil maupun motor yang datang ke lokasi gazebo,” tegas Yulistri Yenni di hadapan oknum tersebut, Senin (1/5/26). Langkah pengosongan oknum ini diambil untuk memastikan tidak ada lagi ruang abu-abu yang memicu salah paham. Pengunjung wajib mendapatkan hak mereka untuk menikmati fasilitas publik tanpa bayang-bayang pungutan ilegal. Di sisi lain, pihak terlapor sempat membela diri atas tuduhan yang beredar di jagat maya. Ia mengklaim tidak pernah melakukan pemaksaan tarif kepada wisatawan. “Sebetulnya kami hanya membersihkan gazebo dan lokasi di sekitar sini. Kami tidak memungut parkir. Kalau ada pengunjung yang memberi uang, kami terima, tetapi tidak pernah ada pemaksaan,” sanggah Nuryadin saat diinterogasi petugas. Pasca penertiban ini, Dispar berkomitmen memperketat pengawasan harian di sepanjang Pantai Panjang. Pemerintah memastikan seluruh fasilitas umum yang dibangun APBD dapat diakses 100 persen gratis dan aman oleh masyarakat luas. (MCKB R.Novri) Jasad itu hanya sementara, Tetapi sebuah karya bisa melampaui setiap masa.",1906
wisata viral Bengkulu,Ini 6 Wisata Bengkulu yang Bikin Kamu Betah dan Fresh - lahatpos.disway.id - lahat pos,https://news.google.com/rss/articles/CBMipwFBVV95cUxNVDY4anRJVHdlbEhaT1RoOW5PeGRsZExvSkZFdHNKdGZJanlIVU5TeDFDRDdhVjR5ODNCdWhPNWhPN0duTm9Ud2hkXzE3VkJScWZVWVBJc3FQYlRIbXI2aDNSUVFRZ2h3OC1NQkxlQXdPTU5hTjl5ODNHRllZUXQ3TmdLRFdTa0ppWnV4V05sVUVyazBWWi1ldUhuNUtGcWUwdGxacmRNMNIBlgFBVV95cUxQeURHV0Vwemk3dzZJekg0S01sbjN1ZWVBUnNwbE5JVzUzRGIyRXJsVlJ5WDlPRV8xSmlveGxjUnd1T0haTS1mLUVWdXFIRWtWWGpiRUVVVkExbUF3N0E0eG5jZ1ZBNEJfejRoSm9WNXRQRHJ2QkdnTWFUWXl4d3lld25EbzBPeGhBSUhUc1QxbVJISVB6X0E?oc=5,2026-08-09 07:00:00+00:00,lahat pos,https://www.viralpublik.com/jaga-kawasan-wisata-tetap-kondusif-ditpamobvit-polda-bengkulu-intensifkan-patroli-dialogis-di,"BENGKULU – Guna menjaga keamanan dan kenyamanan wisatawan, Subdit Wisata Direktorat Pengamanan Objek Vital (Ditpamobvit) Polda Bengkulu terus mengintensifkan patroli dialogis di kawasan wisata Pantai Panjang Bengkulu, Senin 21 September 2026. Kegiatan patroli yang berlangsung dari pukul 07.00 WIB hingga 18.00 WIB ini dipimpin oleh Padal AKP Saiful Anwar bersama 5 personel yakni AIPTU Taswin Parabin, AIPTU Hendra Marga, AIPDA Farizal, Brigpol Deri A, dan Bripda Reno. Adapun sasaran patroli meliputi pengunjung Pantai Panjang, Bengkulu Indah Mall (BIM), serta perhotelan yang berada di seputaran kawasan wisata Pantai Panjang. Dalam kegiatan tersebut personel melaksanakan dialog humanis dengan masyarakat yang berkunjung ke BIM guna menciptakan situasi Kamtibmas yang kondusif serta mempererat kedekatan Polri dengan masyarakat. Personel juga memberikan pesan-pesan Kamtibmas kepada pedagang dan petugas security BIM untuk bersama-sama menjaga keamanan di lingkungan mall agar pengunjung merasa aman dan nyaman. Selain itu, personel juga memberikan himbauan kepada para pengunjung pantai agar selalu mengutamakan keselamatan saat berwisata guna menghindari hal-hal yang tidak diinginkan, sekaligus melakukan patroli di seputaran pantai untuk mengantisipasi gangguan Kamtibmas. ""Kami hadir di tengah masyarakat untuk memberikan rasa aman, khususnya di kawasan objek wisata. Kami mengimbau kepada seluruh pengunjung agar tetap waspada dan kepada pihak hotel agar turut serta menjaga situasi Kamtibmas,"" ujar AKP Saiful Anwar. Patroli juga dilaksanakan di beberapa hotel sekitar Pantai Panjang dengan berkoordinasi bersama pihak resepsionis untuk bersama-sama memantau dan menjaga situasi Kamtibmas tetap aman.",1711
wisata viral Bengkulu,"Danau Hijau Kepahiang Viral di Media Sosial, Kunjungan Wisatawan Meningkat - RRI.co.id",https://news.google.com/rss/articles/CBMitgFBVV95cUxQZnZnNTN5M1cxcUI0REhCcWhaWlZIbVNMMWhpcjQyRlE1UUJ4eXlfc2xXUjhfMzdfQ1JrSURyZjBkbWVyME1URVRYczdERVEwSjZsY1d2VG5GYnpfRVdIUkd6UnNyT3hEcDdVNWRHSEs4aVR5cVBkSWdrV2syM2U2RW1rZWIzTUJwdTczMzllb0djZmh0ZUl2WlZ6MlhxZThoajdGbmNWOEc0LUpHWTlsME1XTEZ4Zw?oc=5,2026-05-09 07:00:00+00:00,RRI.co.id,https://lahatpos.disway.id/topik-utama/read/662130/ini-6-wisata-bengkulu-yang-bikin-kamu-betah-dan-fresh,"Ini 6 Wisata Bengkulu yang Bikin Kamu Betah dan Fresh-RERI ALFIAN-Reri Alfian Lahatpos.co - Bengkulu dikenal sebagai “Bumi Rafflesia” yang menyimpan banyak destinasi wisata menarik, mulai dari pantai eksotis, wisata sejarah, hingga kawasan alam yang menyejukkan. Jika kamu sedang mencari tempat untuk melepas penat dan menikmati suasana baru, berikut enam wisata Bengkulu yang dijamin bikin betah dan fresh. Pantai Panjang merupakan ikon wisata Bengkulu yang terkenal dengan hamparan pasir putih dan garis pantainya yang membentang hingga sekitar tujuh kilometer. Suasana pantai yang tenang, semilir angin laut, serta pemandangan matahari terbenam yang memukau menjadikan tempat ini favorit wisatawan untuk bersantai, berolahraga, maupun berburu foto estetik. BACA JUGA: Melihat Sejarah Muara Enim: Asal Usul, Fakta-Fakta, Tokoh, dan Budaya Terletak di Bengkulu Tengah, Pantai Sungai Suci menawarkan panorama laut yang indah dengan pulau kecil yang dapat diakses melalui jembatan gantung. Keindahan pasir putih dan deburan ombak yang berpadu dengan suasana alami membuat destinasi ini cocok untuk menikmati liburan yang santai dan menyegarkan. Bagi pencinta wisata alam dan petualangan, Bukit Kandis menjadi pilihan yang tepat. Dari puncaknya, pengunjung dapat menikmati panorama perbukitan hijau dan udara yang sejuk. Tempat ini juga populer sebagai lokasi fotografi karena menawarkan pemandangan yang memanjakan mata dari ketinggian. BACA JUGA: 5 Wisata Alam Lampung yang Wajib Kamu Kunjungi Tahun Ini Danau yang memiliki nama unik ini menjadi salah satu destinasi wisata alam paling terkenal di Bengkulu. Dikelilingi perbukitan dan vegetasi hijau, suasana di sekitar danau terasa tenang dan menenangkan. Tempat ini sangat cocok untuk melepas penat sambil menikmati keindahan alam yang masih asri. Selain wisata alam, Bengkulu juga memiliki destinasi sejarah yang menarik, salah satunya Benteng Marlborough. Benteng peninggalan Inggris ini merupakan salah satu benteng terbesar di Asia. Arsitekturnya yang megah dan nilai sejarah yang tinggi menjadikan tempat ini destinasi edukatif sekaligus spot wisata yang unik untuk dikunjungi. BACA JUGA: Melihat Gadget Vivo Rajai Pasar HP Murah 2026, Huawei Tembus 5 Besar! Pulau Tikus menawarkan pesona laut yang masih alami dengan air jernih dan terumbu karang yang indah. Pulau kecil ini menjadi surga bagi pecinta snorkeling dan wisata bahari. Keindahan bawah laut serta suasana pulau yang tenang membuat siapa saja merasa rileks dan betah berlama-lama menikmati alam. Bengkulu bukan hanya terkenal karena bunga Rafflesia Arnoldii, tetapi juga memiliki beragam destinasi wisata yang mampu memberikan pengalaman liburan yang menyenangkan. Dari pantai yang memukau, bukit dengan panorama indah, danau yang menenangkan, hingga situs sejarah dan pulau eksotis, semuanya siap membuat perjalananmu semakin berkesan. Jadi, jika ingin mencari tempat untuk refreshing dan menikmati keindahan alam Indonesia, Bengkulu layak masuk dalam daftar destinasi liburan berikutnya.*** Cek Berita dan Artikel lainnya di Google News",3057
wisata viral Bengkulu,7 Destinasi Wisata Terbaik di Bengkulu yang Wajib Dikunjungi Wisatawan - Suara.com,https://news.google.com/rss/articles/CBMivAFBVV95cUxQZUd3Y2w0QUgxaURnR21BdFhxbHIzejJqRnc0RUNiVUZtTkNTODdfNms3cS1STmt0UU92SkVDRTBNNldGUEtNQi01UXd0ZlE3WjFTOW1ZMzFxaWVqRXpfNmo2d0pNQkxJd0Z4VmtJS2FBVUJDU1FVcDd5MDl5Sm9SS2oyRkJCcUpOVWNXcThFSFBNMDdyS1VMNnZIbk9zaFRXZVZWbmR5MUFYd3FxclV2TTRtR1doNDhMQzMwUNIBvAFBVV95cUxPSFlHbTJNQjR6WEloUXMyR19FYk1zcGpUTlRmekdsMEFXWGlOUXNVZHdnb0ZGcEt1eVpQNmZYOGlZWEZSS3hUbDE5VnE5UTRCSV91RUpJMW9IbkhoUGlyRHJxM3lPY1VpYS03eTlKdUlaSDJpZ0RTY1dFbUpuMjlnMkplYmNFUUJwVl9JVWZZdWpjWVlMcEdDb2IwWlZmQUV4MDNNblJqN0s1ZVU1bWVfVENtMXBLQkx3ZXlWeg?oc=5,2026-05-22 07:00:00+00:00,Suara.com,https://rri.co.id/bengkulu/wisata/2402237/danau-hijau-kepahiang-viral-di-media-sosial-kunjungan-wisatawan-meningkat,"RRI.CO.ID, Kepahiang - Fenomena wisata alam kembali ramai diperbincangkan di media social, kali ini, Danau Hijau di Kabupaten Kepahiang menjadi sorotan setelah sejumlah foto dan video dengan warna hijau toska beredar luas dan memicu rasa penasaran warganet. Dalam beberapa pekan terakhir, jumlah pengunjung dilaporkan meningkat, terutama saat akhir pekan. Danau Hijau berlokasi di Jalan Ring Road pusat perkantoran Pemerintah Kabupaten Kepahiang, tepatnya di Desa Taba Tebelet, Kecamatan Kepahiang, Kabupaten Kepahiang, Bengkulu. Letaknya yang berada di tepi jalan utama memudahkan pengunjung untuk mengakses lokasi tanpa harus berjalan jauh. Danau yang dikelilingi pepohonan rindang ini menawarkan suasana yang tenang dengan air berwarna hijau jernih. Pantulan cahaya matahari di permukaan air menciptakan kesan eksotis, sehingga menjadi latar favorit untuk berfoto dan membuat konten media sosial. Salah seorang pengunjung, Rina, mengaku sengaja datang setelah melihat unggahan teman-temannya di Instagram dan TikTok. “Saya awalnya hanya melihat di FYP, lalu banyak teman mengunggah foto di sini, jadi penasaran dan takut ketinggalan tren juga,” ujarnya pada Sabtu, 9 Mei 2026. Meningkatnya jumlah kunjungan ini dinilai sebagai dampak positif dari promosi digital, meskipun di sisi lain memunculkan fenomena (FOMO)di kalangan anak muda. Banyak pengunjung datang bukan hanya untuk menikmati keindahan alam, tetapi juga untuk membagikan pengalaman agar tidak merasa tertinggal dari tren. Pemerhati pariwisata lokal menyebutkan bahwa viralnya Danau Hijau dapat menjadi peluang untuk meningkatkan ekonomi masyarakat sekitar. Asalkan diimbangi dengan pengelolaan yang baik serta kesadaran dalam menjaga kelestarian lingkungan. Dengan keindahan yang dimiliki, Danau Hijau Kepahiang kini menjadi destinasi wisata alam yang popular. Sekaligus menjadi simbol kekuatan media sosial mampu mengubah tempat tersembunyi menjadi tujuan favorit dalam waktu singkat. (Radiadewi K) Memuat berita terbaru.....",1992
wisata viral Bengkulu,"Berikan Rasa Aman di Akhir Pekan, Subdit Wisata Ditpamobvit Polda Bengkulu Patroli Dialogis di Kawasan Pantai Panjang - Viral Publik",https://news.google.com/rss/articles/CBMivgFBVV95cUxQMkFtMzBEaXB3NjYwNzJKcVU2ZUY4b2NvRzJwLVJsdEc0UER1ZmxWd1Z0OE1tNnJtVlVHQnZXc3hVd1c5TC1SR3l2ZmJHSTR4UWd3amhjazZ0OE4wR0E3MmJsRzBuOWdDMHRfUDcxdHBKSWJwVXBvbWN0M216UUlMUW0tVDNFeFktdV9mdlI0WkRCWXRnMC1ZeEZXd192dWlCenFTTmVXMXNkdW5veHlTNDR3eENJVkpyTzJBaHBR?oc=5,2026-09-19 09:15:19+00:00,Viral Publik,https://www.suara.com/lifestyle/2026/05/22/151904/7-destinasi-wisata-terbaik-di-bengkulu-yang-wajib-dikunjungi-wisatawan,Bengkulu layak masuk dalam daftar destinasi karena suasananya yang relatif tenang dibandingkan destinasi besar lain di Sumatra.,127
wisata viral Bengkulu,"Beta Agrowisata Curup viral, tawarkan hamparan bunga estetik bernuansa pegunungan - ANTARA News Bengkulu",https://news.google.com/rss/articles/CBMi0AFBVV95cUxNQ3NfcWQ1Q1kzemgzRkZOT1g0X21hNEdSbHY1dWVwTGl5TkowcDZuS3VKY0hWalhuMzVjNWFqQ0RqMlI3cTBGUHZvZDgtWXJ1VzRpWld5WWRNSm1uNWE4ZFpCcHpjLUlwWTg5bkxvdTl2akVZNmpnX1VOMUZDdFVHZmtYN0ZDVnB4VURyX0pTLTdSSFlscjlOV1RnRmV5RWxodjdCblIzVTZxZl9YUWx5amJhZDdxdEJ0bkxMN1ZFR2djMG5fa3UzOU9sX29VSUMy0gHKAUFVX3lxTE9vWU1oazZNMllPRnFBVk44Ym81YmZrSnUzZEpjekdJU0NxeHdkUFNqNzBIV0VZS1c4SnUwSXhlSk1zQ1JGZ3BkOE9zSkI1NjhISkZLY3lUMlgzNXl3dExDWGdFWmpvcXVmTHdJc3UtelFvT2Q5bWxrZDZkcVZRTmg5bUZTTk9PRWVKNmxxd0ttdGw0MkZ6UUdjT1FjZXMwYmdMWHp3dEhDRlhEUU1QRWlhbWdUY1VqeEgyZ09BVUJiS0Y5TDlPRVZzbHc?oc=5,2026-04-10 07:00:00+00:00,ANTARA News Bengkulu,https://www.viralpublik.com/berikan-rasa-aman-di-akhir-pekan-subdit-wisata-ditpamobvit-polda-bengkulu-patroli-dialogis-di,"BENGKULU – Dalam rangka memberikan rasa aman dan nyaman kepada masyarakat yang beraktivitas di akhir pekan, Subdit Wisata Direktorat Pengamanan Objek Vital (Ditpamobvit) Polda Bengkulu melaksanakan patroli dialogis di kawasan wisata Pantai Panjang Bengkulu, Sabtu (19/09/2026). Kegiatan patroli yang berlangsung dari pukul 07.00 WIB hingga 18.00 WIB ini dipimpin oleh Padal AKP Desri Zaldi dengan melibatkan 5 personel yakni AIPTU Herdiansyah, AIPTU Aris Afrianto, Bripka Aprianto Subangsa, Brigpol Yogi Pramana, dan Brigpol Ferdy Ahmad Fajri. Patroli dialogis tersebut menyasar beberapa titik keramaian di kawasan wisata, meliputi pengunjung Pantai Panjang, Bengkulu Indah Mall (BIM), serta perhotelan di seputaran Pantai Panjang. Adapun rangkaian kegiatan yang dilaksanakan antara lain berdialog dengan masyarakat yang berkunjung ke BIM guna menciptakan Kamtibmas yang kondusif sekaligus menjalin komunikasi agar Polri semakin dekat dan dicintai masyarakat. Selanjutnya personel juga memberikan pesan-pesan Kamtibmas kepada para pedagang dan petugas security BIM untuk turut serta menjaga keamanan lingkungan. Tidak hanya itu, personel juga memberikan himbauan kepada para pengunjung pantai agar selalu mengutamakan keselamatan saat berwisata guna terhindar dari hal-hal yang tidak diinginkan, serta patroli di seputaran pantai untuk mengantisipasi gangguan Kamtibmas. ""Kami hadir di tengah-tengah masyarakat untuk memberikan rasa aman, khususnya di kawasan wisata yang ramai dikunjungi saat akhir pekan. Kami himbau kepada pengunjung agar selalu waspada dan mengutamakan keselamatan, serta kepada pihak pengelola hotel dan mall agar bersama-sama menjaga situasi Kamtibmas,"" ujar AKP Desri Zaldi. Selain di pusat keramaian, patroli juga menyasar sejumlah hotel di kawasan Pantai Panjang. Personel berdialog dengan pihak resepsionis hotel untuk memantau situasi dan mengajak bersama-sama menjaga keamanan tamu. Hingga kegiatan berakhir, situasi di kawasan wisata Pantai Panjang terpantau aman, kondusif, dan tidak ditemukan adanya gangguan Kamtibmas.",2051
wisata viral Bengkulu,Subdit Wisata Dit Pamobvit Polda Bengkulu Gelar Patroli Dialogis di Kawasan Pantai Panjang - Viral Publik,https://news.google.com/rss/articles/CBMiugFBVV95cUxOVk5nTk9XaU9lcHZDcDU1a3RJbW1FX2FjamNUZDBVUUVZTThPQ3ZTZzNUMTQ4aG5RdWRpaHRjdWFISGxsUEgybEw5aG0xcTRfUlA1T0JUaFREUW0zN09uYTQ4WHpJUW03VGV0bktTWE5SczFjVHNJOU5ubjIzblBCWVM1NWNTU1hBS01RM29oM0tEb0FYVkhPX0Z6ZnlRSVpSbnV6a0owdWFETjJMQWlvMk9zdmV6dE53MUE?oc=5,2026-09-12 08:41:30+00:00,Viral Publik,https://bengkulu.antaranews.com/berita/465451/beta-agrowisata-curup-viral-tawarkan-hamparan-bunga-estetik-bernuansa-pegunungan?page=all,"Kota Bengkulu (ANTARA) - Sebuah destinasi wisata baru di wilayah Curup, Kabupaten Rejang Lebong, Bengkulu, tengah menjadi perbincangan di media sosial pada beberapa waktu terakhir. Tempat tersebut adalah Beta Agrowisata yang viral berkat hamparan bunga berwarna ungu-pink yang memanjakan mata dan menjadi latar favorit pengunjung untuk berfoto. Popularitas destinasi ini meningkat setelah sejumlah akun media sosial membagikan video yang menampilkan keindahan taman bunga tersebut, salah satunya akun TikTok @suciharumyzt. Baca juga: Pemkot catat pengunjung wisata di Bengkulu capai 80 ribu orang Baca juga: Intip destinasi baru di Pesisir Kaur yang wajib kamu kunjungi! Dalam video yang beredar, terlihat jalur setapak di tengah kebun bunga yang tertata rapi, menciptakan suasana estetik menyerupai taman di luar negeri. Beta Agrowisata memiliki rating 4,3 dari lebih dari 100 ulasan pengunjung. Sejumlah wisatawan mengaku terkesan dengan keindahan taman bunga serta suasana sejuk khas daerah pegunungan. Selain itu, harga tiket masuk yang relatif terjangkau menjadi daya tarik bagi masyarakat dari berbagai kalangan. Tidak hanya menawarkan hamparan bunga, kawasan ini juga dikelilingi pemandangan perbukitan dengan udara yang masih asri, sehingga memberikan pengalaman wisata yang menyegarkan. Waktu terbaik untuk berkunjung adalah pagi hingga siang hari saat bunga mekar sempurna dan pencahayaan alami mendukung hasil foto. Namun, berdasarkan informasi dari pengunjung, masa mekarnya bunga di Beta Agrowisata diperkirakan hanya berlangsung sekitar tiga minggu. Kondisi ini membuat periode terbaik untuk menikmati panorama taman bunga relatif singkat. Baca juga: Belungguk Point Bengkulu tuai pro kontra warganet. Begini ceritanya! Baca juga: Pemkot Bengkulu revitalisasi kawasan wisata Taman Berkas Wisatawan disarankan untuk segera berkunjung sebelum bunga mulai layu. Dengan viralnya Beta Agrowisata di media sosial, destinasi ini diprediksi akan terus ramai dikunjungi, terutama pada akhir pekan dan musim liburan dalam beberapa pekan ke depan. Pewarta: Vonza Nabilla Suryawan Editor  : Anom Prihantoro COPYRIGHT © ANTARA 2026 Dilarang keras mengambil konten, melakukan crawling atau pengindeksan otomatis untuk AI di situs web ini tanpa izin tertulis dari Kantor Berita ANTARA.",2284
wisata viral Bengkulu,"Subdit Wisata Ditpamobvit Polda Bengkulu Gelar Patroli Dialogis di Pantai Panjang, Pantai Pasir Putih dan BIM - Viral Publik",https://news.google.com/rss/articles/CBMivwFBVV95cUxPUW9qTk5BcVpfRFVtcGtfeG9kUUNVYjhCUkJJaFl6OHNnajVTQjlnNXNYSHdxeUF4RWRCOGtxa1VjX0QwUG1QYURsX1ZEOU1BbWxJemhuR3h0SC1UYVowUG1vVmlCSW5SbnhCakpzTm9jQ25wSEpqQ1BzZ2RGR1FGbGFONUFsbHpYY0tWUks4RXBwRlA1YWVWU2FkaVNMUU9NSUJzR0U4d3YxWjQ4TnBYUENSUElEQnczcUpzUFBZNA?oc=5,2026-07-11 07:00:00+00:00,Viral Publik,https://www.viralpublik.com/subdit-wisata-dit-pamobvit-polda-bengkulu-gelar-patroli-dialogis-di-kawasan-pantai-panjang,"BENGKULU – Subdit Wisata Direktorat Pengamanan Objek Vital Polda Bengkulu melaksanakan kegiatan Patroli Dialogis di Kawasan Wisata Pantai Panjang, Sabtu 12 September 2026, pukul 07.00 WIB s.d 18.00 WIB. Patroli dipimpin oleh AKP Desrizal Zaldi selaku Padal, bersama Aiptu Fefen Sujarso, Aipda Herly Yawanto, SH, Bripka Y I Situmorang, Brigpol Merryansyah, dan Brigpol Nanda Juliaampera. Sasaran patroli meliputi Pengunjung Pantai Panjang, Pengunjung Pantai Pasir Putih, Bengkulu Indah Mall (BIM), dan para pedagang di seputaran Pantai Panjang. Dalam pelaksanaannya, personel Subdit Wisata melakukan pendekatan secara humanis kepada masyarakat. Di Bengkulu Indah Mall, petugas melaksanakan patroli dan berdialog dengan pengunjung guna menciptakan situasi Kamtibmas yang kondusif, serta menjalin komunikasi agar Polri semakin dekat dan dicintai masyarakat. Kepada pedagang dan pihak security BIM, petugas memberikan pesan-pesan Kamtibmas dan mengajak untuk bersama-sama menjaga keamanan di lingkungan mall. Sementara itu kepada pengunjung Pantai Panjang dan Pantai Pasir Putih, personel memberikan imbauan agar tetap mengutamakan keselamatan selama berwisata dan waspada terhadap barang bawaan, guna terhindar dari hal-hal yang tidak diinginkan. ""Kehadiran Polisi di tengah masyarakat bertujuan untuk memberikan rasa aman dan mengantisipasi gangguan Kamtibmas. Kami juga mengimbau kepada seluruh pengunjung dan pedagang agar bersama-sama menjaga ketertiban selama beraktivitas di kawasan wisata,"" ujar AKP Desrizal Zaldi. Sepanjang kegiatan, situasi di Kawasan Wisata Pantai Panjang terpantau aman, tertib, dan kondusif. Tidak ditemukan adanya gangguan Kamtibmas. Kegiatan patroli dialogis ini merupakan bentuk pelayanan Polda Bengkulu kepada masyarakat, khususnya di objek-objek wisata, untuk memberikan rasa aman dan nyaman kepada wisatawan lokal maupun luar daerah.",1866
museum viral Bengkulu,Pemprov Bengkulu minta ASN lengkapi data untuk manajemen talenta - ANTARA News Bengkulu,https://news.google.com/rss/articles/CBMirwFBVV95cUxPdThCaDk2N2l6RXQtcjh4UGpjNTNTNjFndTZoVG1CU1k4b2dQSkloeFhEZDczVl9XbnVob0V6Y1ZTMWNBMUtzVzRHalVZdE5kTWJYbUpiNHViQ053NUo5X1ZodlY3WE5HNE5QOHZkbFRCV0M0aTA3amxsdTgtcDVfMEJwZVM0VmNrekdNQy1od3BUanB6RHVZRjhaTnlIbEVIemRxM0dueExiNlZ1U3Nn0gG0AUFVX3lxTE5rRExrOVJDVXJNV2NOVC1oNU1qQjgwZEVxUTVwRjFnWGhRR0s5T2lkNnFZTHdINVI0aEs4aGFUSzhFN0RwREk4WEdtdEd1ZF9WM3F0MzdhczcxV2FRajZKaVMyNnRaMVBuNS1uVjNpNndSUkVodlN1WlQtWWVEdk1TLWhmcXZFc2ZTNmp3amZITGxEbFBxVnpSTDZMdU1LUHhHRS01MGxLRG1VTWlMMXhVZWxWRw?oc=5,2026-09-22 14:15:44+00:00,ANTARA News Bengkulu,https://www.viralpublik.com/subdit-wisata-ditpamobvit-polda-bengkulu-gelar-patroli-dialogis-di-pantai-panjang-pantai-pasir,"BENGKULU – Subdit Wisata Direktorat Pengamanan Objek Vital (Ditpamobvit) Polda Bengkulu melaksanakan Patroli Dialogis di sejumlah kawasan wisata dan pusat perbelanjaan Kota Bengkulu, Sabtu (11/7/2026) mulai pukul 06.30 WIB hingga 18.00 WIB. Patroli dipimpin AKP Desri Zaldi dan diikuti oleh Aiptu Erwin Firmansyah, S.Sos, Aipda Fahrizal A, S.Ikom, Bripka Salamrrijal, Bripka Y.I Situmorang, dan Brigpol Yogi Pramana. Sasaran patroli meliputi kawasan Pantai Pasir Putih, Pantai Panjang, Hotel Nala Sea Side, dan Bengkulu Indah Mall (BIM). Kegiatan ini merupakan upaya Polri dalam memberikan rasa aman kepada wisatawan dan masyarakat, sekaligus menjalin komunikasi secara langsung. Dalam patroli di kawasan Pantai Pasir Putih dan Pantai Panjang, personel memberikan pesan-pesan kamtibmas kepada para pengunjung. Masyarakat diimbau agar selalu mengawasi anak-anaknya dan tidak mandi di pinggir pantai untuk menghindari hal-hal yang tidak diinginkan seperti terseret ombak. Selanjutnya, personel juga menyambangi pengunjung Bengkulu Indah Mall untuk menciptakan situasi kamtibmas yang kondusif. Selain itu, patroli juga dilakukan kepada para pedagang dan petugas security BIM. Mereka diberikan pesan kamtibmas agar turut serta menjaga keamanan dan ketertiban di lingkungan pusat perbelanjaan. Melalui patroli dialogis ini,Kehadiran  personel Subdit Wisata Ditpamobvit Polda Bengkulu di tengah masyarakat juga diharapkan dapat mencegah potensi gangguan keamanan serta memberikan rasa nyaman bagi wisatawan yang berkunjung ke Kota Bengkulu.",1534
museum viral Bengkulu,"Heboh 3 Anjing Peliharaan Serang Pemotor di Bengkulu, Satpol PP Turun Tangan - detikcom",https://news.google.com/rss/articles/CBMiwgFBVV95cUxNcFFFR29GdTVqb0FZZW1kdk1mWjg5QU40dVUxOUpXaGJEZFlEZHkzTmZIalR3cWdCT3IwZXA3WFFES1BJNDlwcHRXVlA4MFE2NVVoZkg1M1M2cWhzU3ExdmEtSTlIM29HQTlTYWV5Nnc0cl92N1ZHY2cwOHRDZGJ1X2ppeUZnZ3l5LWNrNGFaX081RXd5MG5KOWgtMVAtQXpiVXZRQ1ctMHdDUnZ5TFZsNkZ3QU1LRHJ2T2ZwZnZxbmhhd9IBxwFBVV95cUxQaGJ0dTBMblhmQ0d0cjc1U2NIR2tmTWs4YXVkMnJFLS1wa1hldGFJRnlUaGJGQTQ1aTZRSXA0WHhtX0ltaEpaaDJSNDE1UjBTeXBSWmh2VF8xczY2b2VQWjQtRUowSnlEdVpqTlJvSjJiNG5xLVZYanRCSEtNdDN0SkpwUVQzNjRQSDdKT1ZUdGNJRnBlU2FmTk5DOTlDN1RXXy15bVBJTWpRc2xTSUZYUUtoUWFwV1Q5TjVIODJ1MGZkR2ZVZXVF?oc=5,2026-07-15 07:00:00+00:00,detikcom,https://bengkulu.antaranews.com/berita/480235/pemprov-bengkulu-minta-asn-lengkapi-data-untuk-manajemen-talenta,"Bengkulu (ANTARA) - Pemerintah Provinsi Bengkulu meminta aparatur sipil negara (ASN) melengkapi data dan rekam jejak karier untuk mendukung proses pemetaan dalam manajemen talenta ASN. ""Kami menjelaskan agar ASN melengkapi datanya untuk manajemen talenta. Kalau tidak memasukkan berkas diklat, sertifikat, dan lain sebagainya, tentu akan mempengaruhi proses pemetaan dan pengembangan karier mereka,” kata Kepala Badan Kepegawaian Daerah (BKD) Provinsi Bengkulu Rusmayadi di Bengkulu, Selasa. Dia menjelaskan, manajemen talenta ASN merupakan sistem manajemen karier yang mencakup tahapan akuisisi, pengembangan, retensi, hingga penempatan talenta untuk menduduki jabatan target berdasarkan potensi dan kinerja. Rusmayadi mengatakan kelengkapan data menjadi bagian penting dalam proses pemetaan talenta karena setiap ASN memiliki potensi dan rekam jejak kinerja yang perlu tercatat dalam sistem. Data yang perlu dilengkapi ASN antara lain pengalaman kerja, pendidikan dan pelatihan (diklat), sertifikat pelatihan, serta penghargaan yang pernah diterima. Menurutnya, data tersebut diperlukan untuk memberikan gambaran mengenai potensi, kompetensi, dan rekam jejak karier ASN dalam proses manajemen talenta. Rusmayadi menyebutkan, ASN perlu memastikan seluruh data dan dokumen pendukung telah tercatat agar proses pemetaan talenta dapat dilakukan berdasarkan potensi dan kinerja masing-masing. Kelengkapan data tersebut juga dapat mendukung pengembangan karier ASN sesuai dengan potensi dan kinerja yang dimiliki. Pemerintah Provinsi Bengkulu pun telah menggelar rapat koordinasi penyampaian manajemen talenta ASN bersama para pihak untuk memastikan kesiapan data ASN dalam mendukung proses pemetaan talenta. Pewarta: Boyke Ledy Watra Uploader : Musriadi COPYRIGHT © ANTARA 2026 Dilarang keras mengambil konten, melakukan crawling atau pengindeksan otomatis untuk AI di situs web ini tanpa izin tertulis dari Kantor Berita ANTARA.",1926
toko viral Bengkulu,"Viral Toko Es Krim Pakai Daun Pisang Akibat Harga Plastik Melonjak, Hasilnya Lebih Estetik - Suara.com",https://news.google.com/rss/articles/CBMi2wFBVV95cUxNaEt2ZTNUZXdMOV9YWnAzTzVRNFZhOHMxQXVZempEa1h3djVBN1N3M292V0VmOFU0dnBxa2plODROSTV5bXhfaHAyUTNPVW9MU1QxVHVTMDBMQUFJSmVWNXk2ZmplMTdtYXJrZ3VadWViVUJxX3ZmM2UtMktJYzNTRkQ3THk0X25CRE5LbklQWjBLQ3lqR19tWWk1YU9qNmktZm82Y2U4MFlEdm9Ma09SUjlhUlhQX3BoX3hlRHg4N3hJTGFIMm5yX1kzN1oyM1Z1S083TTVXQThhaEXSAdsBQVVfeXFMTlFwZzFlVFJNQUxsY1luN1lDang4OEFEcnR5emc5SVE4M2laMmJ5T19DUW5la1k5RlluSWQ0ZXpDUkFWVEI1aUMwMjJhQkRKNlJVMy16YzdWVjJHU0NJQURBVmp5UUFqSXFWa3BtTW11UEpZZmlHQ0xNNjFLU1VvUUV3cGtEUUdEV1lEbllpMmxvSi0xZHJfY29lSjhCeHlhdUU2cnRRckxUTVc3R1F4T1g2eG9wRnlrRHR1SHRKZ20xUmNxWWt2eWc1azBJOWxlSWR6dG1OdmxUVi1J?oc=5,2026-04-08 07:00:00+00:00,Suara.com,https://www.detik.com/sumbagsel/berita/d-8574947/heboh-3-anjing-peliharaan-serang-pemotor-di-bengkulu-satpol-pp-turun-tangan,"Video yang memperlihatkan tiga ekor anjing peliharaan menyerang pengendara motor di Jalan Museum, Kelurahan Tanah Patah, Kecamatan Ratu Agung, Kota Bengkulu, viral di media sosial. Insiden tersebut membuat pengendara terjatuh dan memicu keresahan warga yang kerap melintas di kawasan tersebut. Menindaklanjuti kejadian itu, Satpol PP Kota Bengkulu bersama Dinas Peternakan Provinsi Bengkulu, Lurah Tanah Patah, Ketua RT 09 dan RT 06 mendatangi lokasi. Tim juga menemui pemilik anjing untuk mencari solusi agar kejadian serupa tidak kembali terulang. Kepala Satpol PP Kota Bengkulu, Sahat M. Situmorang, mengatakan pihaknya memilih langkah persuasif dengan memanggil dan memberikan pembinaan kepada pemilik hewan peliharaan. Menurutnya, pemilik memiliki tanggung jawab untuk memastikan hewan peliharaan tidak mengganggu keselamatan maupun kenyamanan masyarakat. SCROLL TO CONTINUE WITH CONTENT ""Peristiwa ini menjadi perhatian kami karena telah mengganggu ketertiban umum dan membahayakan pengguna jalan. Kami bersama pemerintah kelurahan serta Dinas Peternakan sudah menemui pemilik anjing dan meminta agar hewan peliharaannya dikendalikan dengan baik sehingga tidak lagi berkeliaran dan menyerang warga,"" kata Sahat, Rabu (15/7/2026). Sahat menegaskan, apabila kejadian serupa kembali terjadi dan pemilik tidak mengindahkan pembinaan yang telah diberikan, Satpol PP akan mengambil langkah sesuai ketentuan yang berlaku. ""Kami mengimbau seluruh masyarakat yang memelihara hewan, khususnya anjing, agar menjaga dan mengawasi peliharaannya. Jangan sampai membahayakan orang lain karena keselamatan masyarakat merupakan prioritas,"" tegas Sahat. Sementara itu, warga sekitar mengaku sempat khawatir melintas di Jalan Museum karena anjing-anjing tersebut kerap berkeliaran di badan jalan. Mereka berharap pemilik lebih bertanggung jawab sehingga pengguna jalan dapat melintas dengan aman. Kasus ini pun menjadi perhatian publik setelah rekaman penyerangan terhadap pengendara motor beredar luas di media sosial. Pemerintah berharap persoalan dapat diselesaikan secara baik melalui kerja sama antara pemilik hewan, aparat, dan masyarakat sehingga ketertiban serta rasa aman di lingkungan tetap terjaga. Anda menyukai artikel ini",2222
toko viral Bengkulu,Sekda Tindak Video Amoral Pejabat Pemprov Bengkulu - Info Negeri,https://news.google.com/rss/articles/CBMijAFBVV95cUxNY3FVdFRKbGxxS20xMVpiTkdJdEYwRHJvVGNqSzBITUZPbGlhTkdEM05wWm83WXZhQUZ3bWRGR285TndOanZHaUxSVllQa2dobUJZcDNPZnRUMzNYMXMtZU9WcjZOTEVSUGhFT0FjLWJfTk4wMEJJZWZCU2xHWjJHM1VncjlHRXVBZDhBQg?oc=5,2026-08-05 07:00:00+00:00,Info Negeri,https://www.suara.com/entertainment/2026/04/08/220000/viral-toko-es-krim-pakai-daun-pisang-akibat-harga-plastik-melonjak-hasilnya-lebih-estetik,"Menghadapi lonjakan harga plastik hingga 100 persen, toko es krim ini viral karena menggunakan daun pisang sebagai pembungkus unik yang estetik dan ramah lingkungan.",165
toko viral Bengkulu,"VIRAL! Seorang Menantu Diduga Gelapkan Uang Penjualan Kopi Mertua Hingga Rp4,7 Miliar - radarkepahiang.disway.id - radarkepahiang.disway.id",https://news.google.com/rss/articles/CBMi0wFBVV95cUxNaXNFQWNOdEhEMGVkQlFMcEotNWdhbmlyQ3FNSE5KZFp3OVRXX1BaQ24xNnBITElJMVZPTjl4UVliOGRWRU5SYjd6SjFXbHVWeThPTmJHZWZid2ZnSE5pdmtjM2ZnY0QtbkRmYnRtb3V5cDdVYlhMZXpwRnBsRFZGQzRteEI3MWR0azducWpIS3lPWHZ2UnF1a3NWVU10NGJKYzMzUDR5LU9lNF9UM2liMUtyVXR6SW42TE43NFh3MDdkeERHenJIR1Z0ZFVpYnBreWZ30gHGAUFVX3lxTE1EOXRKdWpDOUJuWUtjZVN3Y0dXQUQwbi1CLVh0R0FrMUZLYjl1cEtrSWE3RlVScWVsQm9lQWZXZHNiUWgxUkdvdUwyODRtQV81MmI2czVNeTNnc2s0YWw0WWtoaUxkRVVFUTcybGJEN29hMmU4dEQtREROdkZGUDlmUjVvZVBMZTVBcWNVMjZndy1DOER6RW1GV0pNN2tNYnRTV1RFaGlvSUEwRHVYczRjV0J5U21KanN2cWkwclZCRG5QSUc0UQ?oc=5,2026-04-13 07:00:00+00:00,radarkepahiang.disway.id,https://infonegeri.id/2026/08/05/sekda-tindak-video-amoral-pejabat-pemprov-bengkulu/,"Infonegeri, BENGKULU – Dugaan perilaku amoral yang diduga melibatkan seorang oknum pejabat di lingkungan Pemerintah Provinsi (Pemprov) Bengkulu akhirnya mendapat respons resmi. Menyusul beredarnya video dan foto yang viral di media sosial, Pemprov memastikan telah memulai proses penelusuran melalui mekanisme pemeriksaan internal. Sekretaris Daerah (Sekda) Provinsi Bengkulu, Herwan Antoni, mengatakan Inspektorat dan Badan Kepegawaian Daerah […]",447
tempat belanja viral Bengkulu,"Jalan Di Tempat 15 Bulan, Warga Pertanyakan Kelanjutan Pengusutan Korupsi Kas Desa Tanjung Sari - Viral Publik",https://news.google.com/rss/articles/CBMivwFBVV95cUxOajV1QlBPRjVGaUtIUHBzNWlkMHhzbUt4YkwtSmFyNzMxME9HbUhmSU04VGV2aDhHWXRVWHJlNW9EdWNOaFpqTlBKeUZIMWJWbkFBZjQwSTlUYmYzUDFQNHdMcnhZSjRZbjgzVFNiSUNoNnpnY2ktbW5qSFBCVjVsZTNtamtTalVJVjN6OXVCUGdUUGVkbUVYVm1DYjNpeTcwM1RZenk5SGtPUUlRdjZmVWVDMjZXNGZYQVQ0VjdvYw?oc=5,2026-07-29 07:00:00+00:00,Viral Publik,https://radarkepahiang.disway.id/headline/read/678407/viral-seorang-menantu-diduga-gelapkan-uang-penjualan-kopi-mertua-hingga-rp47-miliar,"Menantu yang diduga menggelapkan uang penjualan kopi mertua terlihat sudah diamankan jajaran Polres Kepahiang--Facebook Radarkepahiang.id - Berhasil terungkap hingga mendadak viral di media sosial karena diduga menggelapkan uang penjualan kopi milik mertua sebesar Rp4,7 miliar, seorang menantu berinisial SF, warga Kelurahan Pasar Sejantung, Kecamatan Kepahiang , Kabupaten Kepahiang , Provinsi Bengkulu berakhir di balik jeruji besi. Bertindak sebagai orang kepercayaan, SF yang mendadak viral ini, diduga menggelapkan uang hasil penjualan kopi mertuanya sendiri, yakni H. Darusalam (62), warga Desa Kelobak, Kecamatan Kepahiang yang merupakan salah satu pengusaha jual beli kopi terbesar di Kabupaten Kepahiang. BACA JUGA: Dilema Belanja Pegawai Membengkak, Kepahiang Sulit Berlakukan Pemangkasan TPP Berdasarkan keterangan korban sebagai pelapor dan laporan polisi dengan nomor: LP/B/40/IV/2026/SPKT/POLRES KEPAHIANG/POLDA BENGKULU yang tertanggal 7 April 2026, menantu yang tak tahu diuntung ini kemudian langsung diringkus dan digelandang polisi jajaran Polres Kepahiang, Polda Bengkulu. Informasi dihimpun sementara, SF merupakan menantu korban yang selama ini, diberikan kepercayaan sebagai tangan kanan korban untuk mengelolah usaha jual beli kopi milik korban. Namun beruntung, setelah berulamng kali mencurigakan, korban akhirnya berhasil mengungkap tindakan menantunya yang diduga sudah menggelapkan uang hasil penjualan kopi miliknya. BACA JUGA: Kasus Pembunuhan Sopiah Mulai Terbuka, Polisi Tunggu Hasil DNA dan Persetujuan Autopsi Setelah dikalkulasikan, korban menyebutkan jika dari total keseluruhan tindakan terlapor yang berhasil dirinya telusuri, selama ini korban sudah mengalami kerugian dengan jumlah yang sangat fantastis, yakni Rp4,7 miliar. Sebelum melayangkan laporan,korban awalnya mencurigai adanya transaksi jual beli kopi yang anomali atau tidak seperti biasanya. Menurut korban, apa yang dilakukan oleh menantunya yang diduga tak tahu terima kasih ini, sangat tidak beres hingga menimbulkan kecurigaan yang kuat. Saat itu tepat pada 18 Februari 2026, korban menyuruh terlapor menjual biji kopi kepada seseorang yang diketahui bernama Andi. Saat itu terlapor memberikan bukti nota pada korban senilai Rp4,4 miliar. Namun, oleh terlapor menyebutkan bahwa sisa uang penjualan biji kopi tersebut akan dibayarkan oleh Andi setelah biji kopi tersebut dibongkar di penampungan yang berlokasi di Provinsi Lampung atau Provinsi Medan. BACA JUGA: Jumlahnya Overload, Sampah di Kepahiang Bukan Cuma Tugas Pemerintah",2536
pasar viral Bengkulu,Pria yang Ditangkap Belanja Pakai Upal di Pasar Bengkulu Ternyata Produksi Sendiri - detikcom,https://news.google.com/rss/articles/CBMi2wFBVV95cUxQTHYxWE5rX1BiR1NReUt6bnIzY2ViLWdmeDNBQ2RQOTNDUC1nTGVwSjFKOFB1TEwzTi1wSVFqWkxiMlF6SGtEdWhEcVVBS2VlRE9rSVFRbzA0Wlo4S2FBTS1FS2plMXhYWUNqYk1XbEtXZm14eWdGQzNHRzJYWkhIemNxVXNPbzVkdFJJMHgtNEZWZC1GLVBPc1NSaTE0VDBMNEo3OGdndDVGakFjNV9FVzZKUUNHb1hoSnpkaW1HakxUcHFrSlA3SkVaLWg0NTlFUy1DVTFvek5FcHfSAeABQVVfeXFMUGw3d1JlU25HcGZ4V0ZjOThSYmxpREpMSEdMY2FUNEpMcXoxQm14bmhpR0k5QjhRY0FwX2tIdjI1OVNoODhrdnUyTjY5QlhMWTNseVoyN1Vhc19PcVd4UHAtd1hQUWhCbTdmdmY1SEQ0RmVxOVpfMmxiU24zR2M5R2VlM0R1OWZlak1aazVxMFY4ZUs1S0NUZlV1LUxydW1JWHlEUVU4YTJ3eUJ0dHZidHFlcjMyNHBEQ05PTWJGOVRPdGJhTzF5dklFbnpVV1NRdWxmYkdtMXlYMzlOWDNnel8?oc=5,2026-07-07 07:00:00+00:00,detikcom,https://www.viralpublik.com/jalan-di-tempat-15-bulan-warga-pertanyakan-kelanjutan-pengusutan-korupsi-kas-desa-tanjung-sari,"Bengkulu Utara – Pengusutan kasus dugaan korupsi pengelolaan Kebun Kas Desa (KKD) dan Badan Usaha Milik Desa (BUMDes) Tanjung Sari, Kecamatan Ulok Kupai, Kabupaten Bengkulu Utara, dinilai jalan di tempat. Meski penyelidikan oleh Polres Bengkulu Utara sudah berjalan hampir 15 bulan, hingga kini penanganan perkara tersebut belum juga menemui titik terang. Hingga saat ini, pihak Kepolisian belum memberikan penjelasan resmi terkait hasil audit investigatif yang dimohonkan kepada Inspektorat Daerah Bengkulu Utara. Publik pun bertanya-tanya apakah proses audit tersebut sudah rampung atau justru menemui kendala serius. Tokoh masyarakat Desa Tanjung Sari, Sarimudin, secara terbuka mempertanyakan lambannya kinerja penyidik Polres Bengkulu Utara dalam menuntaskan perkara ini. Menurutnya, ketidakpastian ini memicu spekulasi negatif di tengah masyarakat. ""Kami mempertanyakan mengapa pengusutan kasus ini begitu lama. Apakah Polres Bengkulu Utara mengalami kesulitan karena kurang bukti, atau ada kendala lain? Jika memang tidak mampu, seharusnya Polres Bengkulu Utara meminta bantuan kepada Polda Bengkulu agar kasus ini tidak menimbulkan asumsi miring,"" ujar Sarimudin kepada awak media, Rabu (29/7).. Sarimudin menambahkan, dugaan pelanggaran hukum dalam kasus ini sangat kasat mata. Hasil pengelolaan kebun kelapa sawit kas desa seluas 13,8 hektar diduga tidak pernah dimasukkan ke dalam Anggaran Pendapatan dan Belanja Desa (APBDes) selama 15 tahun berturut-turut. ""Sangat sulit untuk menghindar dari jerat hukum jika hasil kebun selama 15 tahun tidak jelas alirannya. Masalah ini tidak bisa selesai hanya dengan mengembalikan uang tanpa ada sanksi pidana tegas,"" cetusnya. Kasus yang disebut-sebut ikut dipantau oleh Polda Bengkulu, Mabes Polri, Kompolnas, hingga RI-1 ini kini berada di ujung tanduk kepercayaan publik. Warga memberikan tenggat waktu hingga akhir Agustus 2026 bagi Polres Bengkulu Utara untuk memberikan kepastian hukum. Jika sampai batas waktu tersebut status perkara masih menggantung, warga mengancam akan menggelar aksi unjuk rasa besar-besaran. ""Pastinya akan ada aksi massa karena penanganan kasus ini sangat lambat. Untuk lokasi dan waktu pastinya masih kami matangkan, apakah akan digelar di Mapolres Bengkulu Utara atau langsung di Mapolda Bengkulu,"" tutup Sarimudin.(***)",2305
pasar viral Bengkulu,"Usai Viral Baru Diresmikan Dua Bulan Amblas, Pemprov Bengkulu Tinjau Jembatan Rp16 Miliar - Info Negeri",https://news.google.com/rss/articles/CBMivwFBVV95cUxQUGNjVmtHNVFxYmJDVV9ZQUk3WDY2QTUyeHBoeWFuWXpxRGlfUlVlOTd6Xzl3ZW5zLUI0NlpjSWE5dmFxWnVHYUwwSjM0YXBibGZ3YjBORFNTSVhZYllWRjNBQ2FobDdrMllpS25uLWNaZDNnUU1BaVZQZExydWt2aVpZMVEwVkRBUy1qNEVDaGdzZHVzaHhubEkxQWR0NGxqWWgyYlg2ZlVZZTQwbmhJdkRoMW15Tkw2M1JkQkstRQ?oc=5,2026-04-08 07:00:00+00:00,Info Negeri,https://www.detik.com/sumbagsel/hukum-dan-kriminal/d-8563264/pria-yang-ditangkap-belanja-pakai-upal-di-pasar-bengkulu-ternyata-produksi-sendiri,"Pria di Bengkulu, berinisial AR ditangkap polisi usai kedapatan mengedarkan uang palsu di pasar. Ternyata, uang palsu itu diproduksi sendiri oleh pelaku. Aksi pelaku terbongkar setelah seorang pedagang merasa curiga terhadap uang pecahan Rp 20 ribu yang digunakan AR saat bertransaksi. Setelah diperiksa, uang tersebut diketahui merupakan uang palsu. Kapolsek Teluk Segara AKP Noprizal mengatakan pelaku telah memproduksi sendiri uang palsu tersebut menggunakan peralatan sederhana. SCROLL TO CONTINUE WITH CONTENT ""Pelaku mencetak sendiri uang palsu pecahan Rp 20 ribu, kemudian dibuat tampak lusuh agar terlihat seperti uang yang sudah lama beredar sehingga pedagang tidak curiga,"" kata Noprizal, Selasa (7/7/2026). Noprizal menjelaskan, AR menyasar pedagang-pedagang kecil di sejumlah pasar di Kota Bengkulu. Modusnya, pelaku membeli barang menggunakan uang palsu lalu menerima uang kembalian asli yang kemudian dikumpulkan. Dari hasil penyelidikan sementara, aksi tersebut telah dilakukan selama sekitar enam bulan. Selama kurun waktu itu, pelaku diduga telah mengedarkan ribuan lembar uang palsu pecahan Rp 20 ribu di wilayah Kota Bengkulu. Polisi menduga motif pelaku melakukan aksi tersebut karena alasan ekonomi. ""Dari keterangan sementara, pelaku mengaku nekat melakukan perbuatannya karena terdesak kebutuhan ekonomi,"" jelasnya. Dalam pengungkapan kasus ini, polisi turut mengamankan ratusan lembar uang palsu pecahan Rp 20 ribu dengan nilai total mencapai jutaan rupiah. Selain itu, petugas juga menyita alat pencetak, kertas, serta sejumlah peralatan lain yang digunakan untuk memproduksi uang palsu. Saat ini, AR masih menjalani pemeriksaan intensif di Polsek Teluk Segara guna mengembangkan kemungkinan adanya jaringan lain yang terlibat dalam peredaran uang palsu tersebut. Atas perbuatannya, pelaku dijerat dengan pasal terkait tindak pidana pemalsuan dan peredaran uang palsu, dengan ancaman hukuman pidana lebih dari lima tahun penjara. Anda menyukai artikel ini",1980
pasar viral Bengkulu,"Revitalisasi Gagal? Pasar Baru Koto Bengkulu Justru Kumuh, Drainase Amburadul dan Bau Menyengat Dibiarkan Berbulan-bulan - Viral Publik",https://news.google.com/rss/articles/CBMivgFBVV95cUxPWG9hTjhTN0xuQ0ZMeEwyMWNsUk42WlJZR0w1VXZ3cHV3a09oTmdNbzg4NkFSMTNuOHF1d29NM0x6WDNHNDI5bzVadE1wVTY5SlRQdkJ6eDhXRndkYnpadlhjc1BOLWRSMHhjQzlVM2hPS1M2XzNkcmpBYndOOVdTcWpzZFN0Y0duZjduT050dnhMWjIxTkQ1RzZHc2xBRllJcWxJTFJkTnhDNTNxaDcxR212OE5MMmE3dER2a3J3?oc=5,2026-04-11 07:00:00+00:00,Viral Publik,https://infonegeri.id/2026/04/08/usai-viral-baru-diresmikan-dua-bulan-amblas-pemprov-bengkulu-tinjau-jembatan-rp16-miliar/,"Infonegeri, BENGKULU – Gubernur Bengkulu Helmi Hasan melalui Asisten I Sekretariat Daerah Bidang Pemerintahan dan Kesejahteraan Rakyat, Khairil Anwar, tinjau langsung kondisi Jembatan Air Martan di Desa Pasar Seluma, Kecamatan Seluma Selatan, Selasa (07/04/2026). Saat peninjauan Khairil Anwar menjelaskan, kerusakan jembatan disebabkan oleh cuaca ekstrem dan bencana alam. Arus pasang laut yang meningkat, bersamaan dengan […]",427
pasar viral Bengkulu,Jasa Raharja Bengkulu Gencarkan Sosialisasi Program Pemutihan Pajak Kendaraan di Pasar Induk Pagar Dewa - Viral Publik,https://news.google.com/rss/articles/CBMixAFBVV95cUxPQWxiOEVGT3hHQl9hYWJYZVYxOVJHclcxTHdrOTF4bU50TXY2R2IxOFlReF9zRXBwSW8xeEkxcU1ySEJ1a3k3eUQtaVpFTGo5QnR1UWJXNVNIbzdIZ2pIaWFzY2g3N0NVWmN4M0lxYlhyT0hZOVBLRGdBYkRadEYzcUlWM2pJZzUtMW82SGJWMVB6N0hUdXFrd0JSaDhKb3RhS2tQbS1laDNNNlo5TllWa3NqQk15RFAxMkVwZGY5RHNXaUM3?oc=5,2026-06-16 07:00:00+00:00,Viral Publik,https://www.viralpublik.com/revitalisasi-gagal-pasar-baru-koto-bengkulu-justru-kumuh-drainase-amburadul-dan-bau-menyengat,"BENGKULU, – Alih-alih menjadi wajah baru pusat perdagangan, kondisi Pasar Baru Koto, Kota Bengkulu justru memunculkan tanda tanya besar. Bangunan yang baru direvitalisasi pada awal 2026 ini kini dikeluhkan pengunjung dan pedagang akibat persoalan serius yang tak kunjung ditangani, mulai dari drainase buruk, lingkungan kotor, hingga fasilitas yang membahayakan. Hasil penelusuran di lapangan menunjukkan kondisi yang jauh dari kata layak. Di sejumlah titik, jalan akses menuju area pedagang terlihat becek dan dipenuhi genangan air. Air mengalir tanpa arah yang jelas, bercampur sampah plastik dan limbah kotoran. Permukaan jalan yang tidak rata memperparah keadaan, menyebabkan genangan menetap dan memunculkan bau tak sedap. Situasi ini menimbulkan dugaan kuat adanya kegagalan dalam perencanaan maupun pelaksanaan sistem drainase pada proyek revitalisasi tersebut. Tak hanya di area jalan, kondisi membahayakan juga ditemukan pada akses tangga menuju area kuliner. Air tampak terus mengalir dari bagian atas bangunan ke anak tangga, membuat permukaan licin dan rawan kecelakaan. Hingga kini, tidak terlihat adanya upaya penanganan serius dari pihak pengelola maupun instansi terkait. Lebih jauh, struktur bangunan pasar juga menimbulkan pertanyaan. Beberapa bagian masih menggunakan atap seng sederhana dan terpal yang dipasang seadanya. Di bawahnya, area terlihat lembap, basah, dan tidak tertata dengan baik. Kondisi ini memperkuat dugaan bahwa revitalisasi dilakukan tanpa pengawasan maksimal dan terkesan asal jadi. Seorang pengunjung, Mia, secara tegas mengkritik kondisi tersebut. Menurutnya, situasi pasar sangat tidak mencerminkan tempat yang baru diperbaiki. “Ini pasar baju, mainan anak, dan kuliner, tapi kondisinya seperti pasar ikan. Becek, bau, dan tidak nyaman,” ujarnya, Sabtu (11/4/2026). Keluhan lebih keras datang dari pedagang yang setiap hari berada di lokasi. Mereka mengaku harus bertahan dengan aroma tidak sedap yang diduga berasal dari genangan air dan saluran pembuangan yang tidak berfungsi optimal. “Sudah lebih dari tiga bulan seperti ini. Bau tidak enak terus, kami khawatir bisa berdampak ke kesehatan,” ungkap salah satu pedagang. Fakta bahwa kondisi ini berlangsung berbulan-bulan tanpa penanganan memunculkan pertanyaan serius: ke mana pengawasan pasca-proyek revitalisasi? Upaya konfirmasi kepada Kepala Dinas Pekerjaan Umum Kota Bengkulu, Noprizman, serta Wakil Wali Kota dan Wali Kota Bengkulu belum membuahkan hasil. Hingga berita ini diterbitkan, tidak ada satu pun pihak yang memberikan penjelasan resmi. Bengkulutoday.com mencatat, revitalisasi pasar seharusnya tidak hanya berfokus pada tampilan fisik, tetapi juga memastikan fungsi dasar seperti drainase, sanitasi, dan keamanan fasilitas berjalan optimal. Jika tidak, proyek bernilai anggaran besar ini berpotensi menjadi pemborosan tanpa manfaat nyata bagi masyarakat. Kini, publik menunggu keseriusan pemerintah dalam menjawab persoalan ini. Jika dibiarkan, bukan hanya kenyamanan yang terganggu, tetapi juga risiko kesehatan dan keselamatan bagi pengunjung serta pedagang akan terus mengintai.",3095
event viral Bengkulu,Naykilla & DNA x PAKIZ siap guncang panggung Bengkulu Agustus mendatang! - ANTARA News Bengkulu,https://news.google.com/rss/articles/CBMiwgFBVV95cUxNeENvSnQ1V3RCSjRQNVg1Mk1yT09hck93Nm1Zck5QVWtURzdVamIybVFBdi1idGprc1daNGg1LVVDbHAxTU93LWVXR0YxUUNmaWg5TVdqTW5Wam5jeFZPdU1MdmNHVm1FWlp6V0xobTcweE0tTS0xZ2RyVzBuY1lqdFJabTd4U182UWJnQjI3X1BGX05WdHd0Q2pzVktJczVjR3lkbTVJcWdzRkp5dmhwWFAybU1qbVB5M3VOVmlHbnFIZ9IBuwFBVV95cUxNQjlvSm0wN2h1cGs0RS1WVUxhYzBqTURXMHVRbnZoU0wzb2JCeW9FR1VYYlhIQWRUU3NhMlhheEV2eHNHSlJkWEVxcGVTNDVjUW9DTjB2ZzdmUWRpd08wczFJaFhSWTJTbnJSVl9UYUJkMUNqZVFtOU5Fb3NRaHpUSzBGRnZvUnl5OE1yb3BPM3lQcTItbjgzRy0xM3EwRmdDTHliWFN1ZzAzS2xxZG5aNWkyWThQTVVOQnk0?oc=5,2026-05-04 07:00:00+00:00,ANTARA News Bengkulu,https://www.viralpublik.com/jasa-raharja-bengkulu-gencarkan-sosialisasi-program-pemutihan-pajak-kendaraan-di-pasar-induk-pagar,"Bengkulu – Jasa Raharja Kantor Wilayah Bengkulu terus mengintensifkan upaya sosialisasi Program Pemutihan Pajak Kendaraan Bermotor kepada masyarakat. Salah satu kegiatan tersebut dilaksanakan pada Senin (15/06/2026) di kawasan Pasar Induk Pagar Dewa, Kota Bengkulu, yang merupakan salah satu pusat aktivitas ekonomi dan perdagangan masyarakat. Kegiatan sosialisasi ini dilakukan sebagai bentuk dukungan Jasa Raharja terhadap program Pemerintah Provinsi Bengkulu dalam meningkatkan kepatuhan masyarakat terhadap kewajiban administrasi kendaraan bermotor. Melalui pendekatan langsung kepada masyarakat, informasi mengenai berbagai kemudahan yang diberikan dalam program pemutihan dapat tersampaikan secara lebih efektif. Dalam pelaksanaannya, petugas Jasa Raharja memberikan penjelasan kepada para pedagang, pengunjung pasar, dan masyarakat sekitar terkait manfaat serta ketentuan program pemutihan yang saat ini masih berlangsung. Program tersebut memberikan kesempatan kepada masyarakat untuk menyelesaikan kewajiban pajak kendaraan dengan berbagai keringanan yang telah ditetapkan oleh pemerintah daerah. Selain menyampaikan informasi mengenai program pemutihan, Jasa Raharja juga mengedukasi masyarakat mengenai pentingnya pembayaran Pajak Kendaraan Bermotor (PKB) dan Sumbangan Wajib Dana Kecelakaan Lalu Lintas Jalan (SWDKLLJ). Pembayaran SWDKLLJ yang dilakukan bersamaan dengan PKB memiliki peran penting dalam memberikan perlindungan dasar bagi korban kecelakaan lalu lintas di seluruh Indonesia. Petugas juga mengajak masyarakat untuk memanfaatkan berbagai kanal pelayanan yang telah tersedia, termasuk layanan Samsat dan aplikasi digital yang memudahkan proses pembayaran pajak kendaraan secara cepat dan praktis. Jasa Raharja berharap kegiatan sosialisasi yang dilaksanakan secara langsung di pusat-pusat keramaian masyarakat dapat meningkatkan pemahaman publik mengenai pentingnya tertib administrasi kendaraan bermotor serta mendorong semakin banyak masyarakat yang memanfaatkan Program Pemutihan Pajak Kendaraan sebelum masa program berakhir. Melalui sinergi yang berkelanjutan dengan Tim Pembina Samsat, Jasa Raharja berkomitmen untuk terus mendukung optimalisasi penerimaan daerah sekaligus meningkatkan perlindungan bagi masyarakat pengguna jalan melalui kepatuhan pembayaran PKB dan SWDKLLJ.",2307
event viral Bengkulu,"10 Hari Atraksi Budaya hingga Kuliner Khas, Festival Tabut 2026 Digelar di Bengkulu - Kompas.com",https://news.google.com/rss/articles/CBMizwFBVV95cUxQbHdOZXRfcWZWTC0zeGpIajVjMDB6WExpd1VhNDI4b05iTFJaZ3JYVDRPTE8tMGpLbnhxNGRoWkhCUWxvcEZWWmo4Y3hPd3o0Nzg3YkNqZ28tM0xERURVeFFfcldQeUVXYlM5Zk9TWjMyVEpfQWNUOE9rb2pycHhIRFVJaXVJRlFKZC1nUGk1dkQ3SjVjQ1YzRFlNSkY1enk0eEMzcjFkNk5XT2swMEhsTk1vYmY5d0NIM3g3bG1fZTVCWkprbW8tdThWV1F0NjA?oc=5,2026-06-10 07:00:00+00:00,Kompas.com,https://bengkulu.antaranews.com/berita/467593/naykilla-dna-x-pakiz-siap-guncang-panggung-bengkulu-agustus-mendatang?page=all,"Kota Bengkulu (ANTARA) - Festival musik Riang & Ceria: Pesta Musik Istimewa dipastikan bakal meramaikan Kota Bengkulu pada 15 Agustus 2026) mendatang. Acara ini akan digelar di Lapangan Sport Center, Kota Bengkulu, dengan konsep hiburan satu hari penuh yang mengusung semangat #KitaIstimewa. Berdasarkan informasi dari akun promosi konser @riangdanceriabkl, tiket presale sudah resmi dijual dengan beberapa kategori. Untuk kelas “Anak Baru” (festival) dibanderol mulai Rp125 ribu, “Anak Lama” Rp195 ribu, dan kategori “Sesepuh” Rp350 ribu. “Presale Tickets Available Now!,"" tulis admin Jumat (1/4). Penonton dapat memilih posisi menonton sesuai layout venue, di mana area “Sesepuh” berada paling dekat dengan panggung, disusul “Anak Lama”, dan “Anak Baru” di bagian belakang. Sejumlah penampil juga mulai diperkenalkan. Salah satunya adalah Naykilla, musisi muda bernama asli Nayya Rahmania yang kini tengah naik daun. Baca juga: Garam dan madu: lagu hipdut viral yang jadi ikon cinta Gen Z. Apa itu hipdut? Baca juga: Band for Revenge siap guncang Bengkulu Agustus 2026 Ia dikenal luas setelah lagu kolaborasinya “Garam & Madu (Sakit Dadaku)” viral di media sosial pada akhir 2024 dan sukses meraih penghargaan di Anugerah Musik Indonesia (AMI) 2025. Naykilla juga dikenal sebagai salah satu figur yang mempopulerkan perpaduan musik hip hop dan dangdut atau yang kerap disebut hip-dut. Selain itu, panggung Riang & Ceria juga akan menghadirkan kolaborasi DNA x PAKIZ serta Halos yang siap menyuguhkan penampilan enerjik. Kehadiran JayJax turut menambah warna, dengan eksplorasi musikalnya yang luas melalui berbagai proyek seperti DNA, DOMS, hingga Package Collective, serta karya solo yangmenunjukkan fleksibilitas genre. Dari sisi hiburan panggung, MC profesional Mister Aloy juga dipastikan tampil memandu acara. Ia telah aktif di industri hiburan sejak 2019 dan dikenal memiliki pengalaman dalam membawakan berbagai event besar, termasuk saat mengawali karier sebagai brand ambassador di dunia entertainment. Selain itu juga berkolaborasi dengan MC kondang PARKZ yang menjadi guest star pada konser mendatang dan memeriah acara tersebut. Dengan konsep festival meriah, deretan musisi lintas genre, serta harga tiket yang masih terjangkau di fase awal, Riang & Ceria diprediksi akan menjadi salah satu konser terbesar di Bengkulu. Baca juga: Bupati apresiasi Wimmy Hartawan, kulintang elektrik Rejang Lebong tembus grand final inovasi budaya nasional Baca juga: Kemenkum: Aplikasi bayar royalti LMKN perkuat tata kelola hak cipta Pewarta: Vonza Nabilla Suryawan Editor  : Anom Prihantoro COPYRIGHT © ANTARA 2026 Dilarang keras mengambil konten, melakukan crawling atau pengindeksan otomatis untuk AI di situs web ini tanpa izin tertulis dari Kantor Berita ANTARA.",2767
event viral Bengkulu,Personel Polda Bengkulu Intensifkan Pengamanan Pembukaan Festival Tabot 2026 - Viral Publik,https://news.google.com/rss/articles/CBMipwFBVV95cUxQcUFBUVpPUWdmcXNQeV9hQUszSHUyMmZXZ0FxNEtaQmdvUXBPb1ROWWdxTmNvTFZHb0lRMG5HMG1mZ1ozNmhGSTl2eGF2WnotV3NDMmlESUtuczZEYmJDYnVqY3VpcjlmczV1MnlWbnF4X0plOXlWSWtjX2FDM2F1alZ6T1lxczhpTTZPd2ZxV0NuakE2X0tQdVYweVhTWG51bmNHMEtkbw?oc=5,2026-06-16 07:00:00+00:00,Viral Publik,https://travel.kompas.com/read/2026/06/10/150000527/10-hari-atraksi-budaya-hingga-kuliner-khas-festival-tabut-2026-digelar-di?page=all,"10 Hari Atraksi Budaya hingga Kuliner Khas, Festival Tabut 2026 Digelar di Bengkulu KOMPAS.com - Festival Tabut 2026 akan digelar pada 16-25 Juni 2026 di Lapangan Sport Centre, Kota Bengkulu, sebagai perayaan budaya tahunan yang menyambut Tahun Baru Islam 1 Muharam, sekaligus menarik wisatawan domestik dan mancanegara. Penyelenggaraan tahun ini kembali masuk dalam program Karisma Event Nusantara (KEN) 2026 Kementerian Pariwisata. Festival tersebut menjadi salah satu agenda budaya terbesar di Bengkulu yang telah berlangsung turun-temurun selama ratusan tahun. ""Melalui Festival Tabut diharapkan dapat semakin meningkatkan citra pariwisata Bengkulu melalui penyelenggaraan event yang berkualitas sehingga menjadi daya tarik yang kuat bagi wisatawan nusantara maupun mancanegara,"" ujar Pelaksana Tugas Deputi Bidang Pengembangan Penyelenggara Kegiatan (Events) Kementerian Pariwisata Hafiz Agung Rifai, dilansir dari Antara, Selasa (9/6/2026). Selain menjadi atraksi wisata budaya, Festival Tabut juga dikenal sebagai tradisi yang memiliki nilai sejarah dan religius yang kuat bagi masyarakat Bengkulu. Baca juga: Pariwisata Era AI: Tak Cukup Modal Viral, Harus Dipercaya Publik Festival Tabut merupakan tradisi budaya yang berasal dari peringatan gugurnya Imam Husein bin Ali, cucu Nabi Muhammad SAW, dalam peristiwa Karbala yang terjadi di Irak pada tahun 680 Masehi, dilansir dari Kemenpar, Selasa (9/6/2026). Tradisi tersebut dibawa ke Bengkulu oleh pekerja Muslim keturunan India yang datang pada masa kolonial Inggris. Seiring waktu, peringatan tersebut berakulturasi dengan budaya lokal sehingga berkembang menjadi tradisi khas Bengkulu yang masih bertahan hingga kini. Baca juga: Waspada Penipuan Kirab Pusaka Dalem 1 Suro Mangkunegaran 2026 Meski berawal dari ritual keagamaan, Festival Tabut kemudian tumbuh menjadi perayaan budaya yang melibatkan berbagai elemen masyarakat. Nilai-nilai religius tetap dipertahankan, namun festival ini juga menjadi bagian penting dari identitas budaya Bengkulu . Salah satu daya tarik Festival Tabut adalah rangkaian prosesi adat yang berlangsung selama 10 hari. Setiap tahapan memiliki makna filosofis yang berkaitan dengan penghormatan terhadap peristiwa Karbala. Prosesi diawali dengan Ngambik Tanah, yaitu ritual mengambil tanah sebagai simbol asal-usul kehidupan manusia. Setelah itu terdapat Duduk Penja yang merupakan prosesi penyucian benda pusaka berbentuk telapak tangan. Baca juga: Ketinggian Gunung Gandul Wonogiri, Pas untuk Fun Hiking dan Trail Run Rangkaian acara kemudian dilanjutkan dengan Menjara, Arak Penja, Arak Sorban, hingga Gam atau masa hening yang menjadi waktu refleksi bagi masyarakat. Menjelang akhir festival, bangunan Tabut yang dihias beragam ornamen warna-warni akan disempurnakan dalam prosesi Tabut Naik Puncak. Selanjutnya, masyarakat dapat menyaksikan Arak Gedang atau pawai besar yang menampilkan Tabut dari berbagai kelompok. Festival ditutup dengan Tabut Tebuang, yaitu prosesi pelepasan bangunan Tabut secara simbolis yang menandai berakhirnya masa duka sekaligus menjadi harapan akan kehidupan yang lebih baik. Baca juga: Wamenpar Ni Luh Puspa Sebut Indonesia Perlu Pola Perjalanan Khusus Wisata Belanja Selain ritual budaya, Festival Tabut 2026 juga menghadirkan berbagai pertunjukan seni khas Bengkulu. Salah satunya adalah musik Dhol yang dikenal sebagai ikon budaya daerah tersebut. Pengunjung juga dapat menyaksikan Tari Kreasi Tabut dan berbagai permainan rakyat tradisional, seperti Ikan-Ikan dan Telong-Telong. Tak hanya itu, festival akan diramaikan dengan beragam kegiatan ekonomi kreatif. Mulai dari pameran produk unggulan daerah, business matching , t alkshow, fashion show , hingga pasar rakyat. Baca juga: Menikmati Senja di PIK Naik Bus Atap Terbuka, Ini Rute dan Jadwalnya Bagi wisatawan yang ingin berburu kuliner, area street food juga akan menjadi bagian dari penyelenggaraan Festival Tabut tahun ini. Berbagai aktivitas tersebut dirancang agar festival dapat dinikmati oleh berbagai kalangan, termasuk anak-anak dan penyandang disabilitas. Dengan perpaduan antara sejarah, budaya, seni, dan kuliner, Festival Tabut menjadi salah satu agenda wisata unggulan Bengkulu yang menawarkan pengalaman berbeda bagi wisatawan. Kehadirannya juga diharapkan mampu memperkuat citra Bengkulu sebagai destinasi wisata budaya di Indonesia. Bayangkan seorang anak Indonesia bercita-cita menjadi dokter tetapi hanya memiliki satu buku lusuh untuk belajar. Bersama Ekspedisi Kata ke Nyata Kompas.com, Anda bisa membantu mengubah kisah itu. Mari hadirkan akses literasi bagi anak-anak di berbagai pelosok Indonesia melalui donasi lewat tautan https://bit.ly/JagatLiterasi2026 . Setiap kebaikan yang Anda berikan bukan hanya membuka jendela pengetahuan, tetapi juga membuka masa depan mereka. Copyright 2008 - 2026 PT. Kompas Cyber Media (Kompas Gramedia Digital Group). All Rights Reserved.",4881
event viral Bengkulu,Kapolda Bengkulu Pimpin Rapat Kesiapan Pengamanan Festival Tabut 2026 - Viral Publik,https://news.google.com/rss/articles/CBMingFBVV95cUxPeVRpSVZEbTFkdzhFXzh5WlZHc0JZMXhkVFhZbXNySDdwVWJoZ3ZFVjQtQmxLeUdlWVo3WWVlWVNMLWpxZFZEdHZ3d2xaZFRKWFJ2cTQtdkw0dE84MzNRaEhKOVFnNnVZTWN0Zm9GM19HR2lubXNHXzNlM0ZjMVltdndONy1RYm5hTnR2NDNoYS01ajhiZUpMZlZ4aFh5Zw?oc=5,2026-06-04 07:00:00+00:00,Viral Publik,https://www.viralpublik.com/personel-polda-bengkulu-intensifkan-pengamanan-pembukaan-festival-tabot-2026,"Bengkulu – Dalam rangka memastikan situasi keamanan dan ketertiban tetap kondusif selama pelaksanaan Festival Tabot 2026, personel Polda Bengkulu melaksanakan patroli serta pengamanan di area pembukaan kegiatan yang dipusatkan di sekitar panggung utama, Selasa (15/6/2026). Kegiatan pengamanan tersebut dipimpin langsung oleh Padal Pos Pengamanan 2, Ipda Jumariatul Eska, yang bersama personel melaksanakan serangkaian tugas guna menjamin seluruh rangkaian acara berjalan aman dan tertib. Sebelum pelaksanaan pengamanan, seluruh personel terlebih dahulu melaksanakan apel dan pengecekan kekuatan pada pukul 08.00 WIB. Dari hasil pengecekan, seluruh anggota yang terlibat pengamanan dinyatakan hadir lengkap dan siap melaksanakan tugas sesuai ploting yang telah ditentukan. Selanjutnya, personel melaksanakan patroli dan pengamanan di seputaran panggung pembukaan Festival Tabot guna mengantisipasi potensi gangguan kamtibmas, mengatur mobilitas masyarakat, serta memastikan kegiatan masyarakat yang hadir dapat berlangsung dengan aman dan nyaman. Melalui kegiatan ini, Polda Bengkulu berkomitmen memberikan rasa aman kepada masyarakat serta mendukung suksesnya seluruh rangkaian pelaksanaan Festival Tabot sebagai agenda budaya tahunan kebanggaan Provinsi Bengkulu.",1265
event viral Bengkulu,"Sukseskan HUT ke-67 Bengkulu Utara, Polres Bengkulu Utara Amankan dan Ikuti Event ""BerAsa Runniversary"" - Viral Publik",https://news.google.com/rss/articles/CBMitgFBVV95cUxPVXhZTEY4Ri1uX0dGUTZkLXNLWEhZNzIxRFNHaEdlVVpHRlFtOXpLNWdFdnFocVRJS2N2RTRqZEdtWFhBa0dZSmNlWHNOQ0J4VjBQYVczOTR3NEpqendUR3NMVjUtM0ZTaGVLRXNnekZ3VjBYYUwtdGZWRHZYT004Y1hQcWd3S0Y1OWhVbURVaEtES2VkR2FoOXpfaDF5bHBJRF9NSm55TXR1S1c4WV9FUGJGSW9Ndw?oc=5,2026-07-12 07:00:00+00:00,Viral Publik,https://www.viralpublik.com/kapolda-bengkulu-pimpin-rapat-kesiapan-pengamanan-festival-tabut-2026,"Bengkulu – Kapolda Bengkulu Brigjen Pol. Yudhi Sulistianto Wahid, S.I.K., memimpin rapat kesiapan pengamanan Festival Tabut Tahun 2026 yang digelar di Aula Rupatama Awaloedin Djamin Polda Bengkulu, Kamis (4/6/2026). Rapat tersebut dihadiri oleh Irwasda Polda Bengkulu, para Pejabat Utama (PJU) Polda Bengkulu, Kapolresta Bengkulu, serta perwakilan dinas dan instansi terkait tingkat Provinsi dan Kota Bengkulu, termasuk pimpinan Event Organizer yang terlibat dalam penyelenggaraan Festival Tabut 2026. Kegiatan ini dilaksanakan sebagai langkah awal untuk memastikan seluruh rangkaian Festival Tabut berjalan aman, tertib, dan lancar. Dalam rapat tersebut dibahas berbagai aspek pengamanan, mulai dari pengaturan arus lalu lintas, pengamanan lokasi kegiatan, antisipasi gangguan kamtibmas, hingga sinergi antarinstansi dalam mendukung kelancaran pelaksanaan festival budaya tahunan tersebut. Kapolda Bengkulu Brigjen Pol. Yudhi Sulistianto Wahid, S.I.K., menegaskan bahwa Festival Tabut merupakan agenda budaya dan pariwisata yang menjadi kebanggaan masyarakat Bengkulu sehingga seluruh personel dan instansi terkait harus bersinergi untuk memastikan setiap rangkaian kegiatan berjalan aman, tertib, dan lancar. “Festival Tabut merupakan agenda budaya dan pariwisata yang menjadi kebanggaan masyarakat Bengkulu. Oleh karena itu, seluruh personel dan instansi terkait harus bersinergi untuk memastikan setiap rangkaian kegiatan berjalan aman, tertib, dan lancar sehingga masyarakat dapat menikmati perayaan dengan nyaman,” ujar Kapolda. Melalui rapat kesiapan ini, diharapkan seluruh unsur yang terlibat dapat memahami tugas dan tanggung jawab masing-masing sehingga pelaksanaan Festival Tabut 2026 dapat berlangsung dengan sukses, aman, dan kondusif.",1749
event viral Bengkulu,"Mengenal Festival Tabut 2026, Daya Tarik Wisata Budaya Bengkulu - women.okezone.com",https://news.google.com/rss/articles/CBMitgFBVV95cUxPNFpxTDBmUUhTMVVGazFNeGhmZjdpeHY5Z1JOUW9qWGtBLUs5YndXQnNlbHB3cG92YnNPNHk4QjVoM25vMVYxUmFESk9QZE04Q2p4Z1RHOFBrQlhWNXdxV2FwRi12S0FLWUtyZkl0eTVFWU9KSTFrMk42anFsdDdoZ3BpeGh2NGFGRG93X0RNRGoyM3FheGJ4QkdSTzRGYzVldDUzaE10ZUh0bTlNZXZTV0daRTZvQdIBtAFBVV95cUxOajdLZUh1MGwtUEh3V1kyMjdQeXNDX0I5a1hGb3M5UDlqcHJBSkVwZ0lPQ04wblgxeWZ2djJraklwNi1Ic1FkZjcxelkybmtyWkl1bFdTUFlUQXlqOVR3M2ZTZUF6ZnRJaUxqR3JfRFZCVm1PeElCRWg1aUI1TVo5d0JHaDE4M29EaHAyMUNnUkktcklpbEZVSHluZmNJRTBBU0FOeWc0WGh3UGZqRXZkbGhyZ1A?oc=5,2026-06-11 07:00:00+00:00,women.okezone.com,https://www.viralpublik.com/sukseskan-hut-ke-67-bengkulu-utara-polres-bengkulu-utara-amankan-dan-ikuti-event-berasa,"​ARGA MAKMUR – Kepolisian Resor (Polres) Bengkulu Utara mengerahkan personel pengamanan terbuka dan tertutup demi memastikan kelancaran dan kondusivitas jalannya event olahraga bergengsi ""BerAsa Runniversary"". Kegiatan lari massal ini digelar dalam rangka memperingati Hari Ulang Tahun (HUT) Kabupaten Bengkulu Utara ke-67, berpusat di Alun-Alun Rajo Malim Paduko, Kecamatan Arga Makmur, Minggu (12/7/2026) pagi. ​Event yang berlangsung meriah sejak pukul 06.00 WIB tersebut dibuka langsung oleh Bupati Bengkulu Utara, Arie Septia Adinata, S.E, M.A.P., serta dihadiri oleh jajaran Forum Koordinasi Pimpinan Daerah (Forkopimda). ​Tak sekadar memastikan keamanan di sepanjang rute, Kapolres Bengkulu Utara, AKBP Bakti Kautsar Ali, S.Sos., S.I.K., M.H., bersama Ketua Bhayangkari Cabang Bengkulu Utara beserta pengurus, turut hadir langsung mengikuti dan menyukseskan jalannya seluruh rangkaian kegiatan olahraga gembira ini. ​Sinergi Keamanan dan Kebersamaan Masyarakat ​Kapolres Bengkulu Utara menyampaikan bahwa kehadiran Polri dalam kegiatan ini memiliki dua peran penting: memastikan agenda kemasyarakatan berjalan aman melalui pengamanan ketat, sekaligus ikut berbaur bersama elemen masyarakat untuk mengampanyekan gaya hidup sehat. ​""Kegiatan Fun Run ini bukan hanya sarana efektif untuk menjaga kesehatan dan kebugaran, tetapi juga menjadi momentum strategis mempererat tali silaturahmi serta meningkatkan semangat kebersamaan antara pemerintah daerah, aparat keamanan, dan seluruh elemen masyarakat,"" ujar AKBP Bakti Kautsar Ali. ​Ia juga menambahkan bahwa event ini menjadi wadah yang sangat baik untuk memperkenalkan potensi wisata dan atmosfer olahraga yang positif di Kabupaten Bengkulu Utara, baik kepada warga lokal maupun peserta yang datang dari luar daerah. ​Rangkaian Kegiatan dan Pengamanan Rute ​Ajang Berasa Runniversary kali ini membagi peserta ke dalam dua kategori rute, yaitu: * ​Kategori 5K: Flag off dimulai dari Alun-Alun Rajo Malim Paduko, menuju titik checkpoint di SD Rama Agung, dan kembali finis di Alun-Alun. * ​Kategori 8K: Flag off dari lokasi yang sama dengan titik checkpoint di Simpang Gunung Agung (depan Rupbasan Kelas II Arga Makmur), lalu kembali menuju Alun-Alun. ​Guna mengantisipasi kerawanan jalur dan kemacetan, personel Polres Bengkulu Utara ditempatkan di sejumlah titik persimpangan dan area sensitif sepanjang rute lari. Pengamanan berlapis secara terbuka maupun tertutup ini sukses menjaga jalannya acara hingga selesai dalam keadaan aman dan kondusif. ​Acara kemudian diakhiri dengan senam bersama, pengundian doorprize, serta penyerahan medali penghargaan oleh jajaran Forkopimda kepada 10 finisher putra dan 10 finisher putri tercepat yang berhasil menaklukkan rute.",2720
event viral Bengkulu,Kapolda Bengkulu Tinjau Kesiapan Akhir Pengamanan Festival Tabut 2026 di Sport Center Pantai Panjang - Viral Publik,https://news.google.com/rss/articles/CBMivAFBVV95cUxOanJYTWczRHJ5TUpEQVM4UF9IZVRnWGMyY0J4ak5VZjRQeEFqYzRIZ2hKd2hlTF92U2JMWVc4bG41VHBqTzJYakJXRGpZeUFNRmJGYV9TdFhJM1dreDlvcFRIOGhiRC1XOTk4ZmthbzNhT0YyNVU2SlRoejMxb0xETWdFallkaHJrcXpERmN1dmFaNWd6ZHE5SjZUVks1eTBBcDlvTmlRSVBTdFB3bC1aT0tqX0o1VGUxVWtCUA?oc=5,2026-06-16 07:00:00+00:00,Viral Publik,https://women.okezone.com/read/2026/06/11/25/3223886/mengenal-festival-tabut-2026-daya-tarik-wisata-budaya-bengkulu,"JAKARTA - Festival Tabut akan kembali digelar pada 16–25 Juni 2026 di Lapangan Sport Centre, Kota Bengkulu. Festival ini sebagai salah satu agenda budaya unggulan yang telah mengakar kuat dalam tradisi masyarakat Bengkulu untuk menyambut Tahun Baru Islam 1 Muharram. Festival Tabut kembali terpilih sebagai bagian dari program unggulan Karisma Event Nusantara (KEN) 2026 Kementerian Pariwisata. Festival budaya ini diharapkan semakin meningkatkan kualitas penyelenggaraan event serta memberikan dampak ekonomi yang luas bagi masyarakat setempat. Plt. Deputi Bidang Pengembangan Penyelenggara Kegiatan (Events) Kementerian Pariwisata Hafiz Agung Rifai mengatakan penyelenggaraan tahun ini menandai tahun keenam Festival Tabut menjadi bagian dari Karisma Event Nusantara. “Penyelenggaraan tahun ini menjadi tahun keenam Festival Tabut masuk dalam program unggulan Kementerian Pariwisata, Karisma Event Nusantara. Hal ini menunjukkan keberhasilan Festival Tabut dalam mempertahankan bahkan meningkatkan kualitas penyelenggaraan event dari tahun ke tahun,” ujarnya. Festival Tabut merupakan tradisi tahunan yang diwariskan secara turun-temurun oleh masyarakat Bengkulu dalam menyambut Tahun Baru Islam. Selain memiliki nilai sejarah yang kuat, Festival Tabut juga mencerminkan kekayaan budaya masyarakat Bengkulu sekaligus menjadi salah satu daya tarik wisata unggulan daerah.",1372
event viral Bengkulu,Kapolda Bengkulu Pimpin Apel Kesiapan dan Lepas Peserta Kemala Run 2026 - Viral Publik,https://news.google.com/rss/articles/CBMioAFBVV95cUxNWVlxMjVmNV9wQ3owWnlPbWdGREoyeXkxLUl4cHlRTUd5aHFMOTEtaktOT2NJWGtNVkF1bnprWnFhUC1ucFJnS1oyWDFvMWZwaHVER0o2Y2ZYWUxJZWU2Q2pkaXU4MjBaMmNIeUFWb0tPQm1RYlNFUUtrNDBXdU1zbl90UEluT3NVNDd4OGtfT2hGaGRtSzUzc0tYOWxYaWlH?oc=5,2026-04-13 07:00:00+00:00,Viral Publik,https://www.viralpublik.com/kapolda-bengkulu-tinjau-kesiapan-akhir-pengamanan-festival-tabut-2026-di-sport-center-pantai,"BENGKULU - Kapolda Bengkulu Brigjen Pol. Yudhi Sulistianto Wahid, S.I.K., didampingi Wakapolda Bengkulu, Pejabat Utama Polda Bengkulu, Kapolresta Bengkulu, panitia penyelenggara serta instansi terkait, melaksanakan peninjauan dan pengecekan akhir kesiapan pengamanan pelaksanaan Festival Tabut Tahun 2026, Senin (15/6/2026) sore, di kawasan Sport Center Pantai Panjang, Kota Bengkulu. Kegiatan yang dimulai pukul 15.30 WIB tersebut dilakukan sebagai langkah akhir untuk memastikan seluruh rangkaian Festival Tabut 2026 dapat berlangsung dengan aman, tertib, dan memberikan kenyamanan bagi masyarakat maupun wisatawan yang akan hadir. Dalam peninjauan tersebut, Kapolda Bengkulu mengecek secara langsung sejumlah titik penting, mulai dari area panggung utama, jalur akses keluar masuk pengunjung, lokasi parkir, pos pengamanan, pos pelayanan, hingga berbagai fasilitas pendukung lainnya yang akan digunakan selama pelaksanaan festival budaya terbesar di Provinsi Bengkulu tersebut. Kapolda juga berdiskusi dengan panitia pelaksana (Event Organizer) serta instansi terkait guna memastikan seluruh sarana dan prasarana telah siap digunakan serta sistem pengamanan berjalan sesuai dengan rencana yang telah disusun. Kapolda Bengkulu Brigjen Pol Yudhi Sulistianto Wahid, S.I.K., mengatakan bahwa pengecekan akhir ini merupakan bagian dari komitmen Polda Bengkulu dalam memberikan rasa aman kepada masyarakat selama berlangsungnya Festival Tabut Tahun 2026. “Polda Bengkulu bersama seluruh stakeholder terkait terus mematangkan kesiapan pengamanan Festival Tabut 2026. Peninjauan ini dilakukan untuk memastikan seluruh aspek, baik pengamanan, pelayanan maupun fasilitas pendukung telah siap, sehingga masyarakat dapat menikmati seluruh rangkaian kegiatan dengan aman, nyaman dan lancar,” ujar Brigjen Pol Yudhi Sulistianto Wahid, S.I.K., Festival Tabut merupakan agenda budaya tahunan yang menjadi ikon Provinsi Bengkulu dan selalu menarik perhatian masyarakat serta wisatawan dari berbagai daerah. Oleh karena itu, Polda Bengkulu bersama seluruh instansi terkait terus bersinergi guna menjamin pelaksanaan kegiatan berjalan kondusif.",2128
event viral Bengkulu,"Festival Tabut Bengkulu siap digelar, catat jadwal dan lokasinya! - ANTARA News Bengkulu",https://news.google.com/rss/articles/CBMiugFBVV95cUxQNE9FWk1FMW9fVUhKWWdmWWxNamNTdnRtQUpmUld6VEY5c0NBY3p2bHNEUmN4VVlpaGRDNUtqR0tsZ1NSbHN5aTlJZVZHZlBjTDdTbFMwY2xaRG40UFU3S2IzTm5YQlpZN3VKTDFqb0Q2bDlOU0pHRFJoVHk1cXNNeHh3WmxhTjczR3REaUVReXRoS3hSMnNUYlB2TXh2aE55RENvbmh2YklnVDRaRmhPN2ZyMG5sM3BUN0E?oc=5,2026-05-21 07:00:00+00:00,ANTARA News Bengkulu,https://www.viralpublik.com/kapolda-bengkulu-pimpin-apel-kesiapan-dan-lepas-peserta-kemala-run-2026,"Bengkulu – Kapolda Bengkulu Irjen Pol. Mardiyono, S.I.K., M.Si. memimpin langsung apel kesiapan dalam rangka menghadapi event Kemala Run 2026 yang akan digelar pada 19 April 2026 di Bali United Training Center, Gianyar, Bali. Pada senin(13/04/26). Kegiatan apel kesiapan yang dilaksanakan di Lapangan Anton Soejarwo Mapolda Bengkulu tersebut turut dihadiri oleh Pejabat Utama Polda Bengkulu, Ketua Bhayangkari Daerah Bengkulu, Wakil Ketua Bhayangkari, serta pengurus Bhayangkari lainnya. Dalam rangkaian kegiatan tersebut, Kapolda Bengkulu juga melepas peserta Kemala Run 2026 dari Polda Bengkulu yang akan berpartisipasi dalam ajang nasional tersebut. Pelepasan berlangsung dengan penuh semangat dan antusiasme dari seluruh peserta. Dalam arahannya, Kapolda Bengkulu menekankan pentingnya menjaga kondisi fisik, kekompakan, serta menjunjung tinggi sportivitas selama mengikuti kegiatan. Ia juga mengingatkan agar seluruh peserta dapat membawa nama baik institusi Polda Bengkulu. “Event ini bukan hanya sekadar ajang olahraga, tetapi juga menjadi sarana untuk mempererat kebersamaan serta menunjukkan semangat hidup sehat. Saya harapkan seluruh peserta dapat memberikan yang terbaik dan menjaga nama baik Polda Bengkulu,” ujar Kapolda Bengkulu. Lebih lanjut, Kapolda Bengkulu menyampaikan bahwa partisipasi dalam Kemala Run 2026 merupakan bentuk komitmen Polri dalam mendukung gaya hidup sehat sekaligus memperkuat soliditas internal. Dengan penuh semangat, peserta dari Polda Bengkulu menyatakan kesiapan untuk mengikuti Kemala Run 2026 di Gianyar, Bali. Diharapkan melalui keikutsertaan ini, Polda Bengkulu dapat memberikan kontribusi terbaik serta mengharumkan nama daerah di tingkat nasional.",1696
event viral Bengkulu,Open Turnamen Domino Piala Panglima TNI pecahkan rekor MURI - ANTARA News Bengkulu,https://news.google.com/rss/articles/CBMirgFBVV95cUxQYjVXMUtjMmN2SGg4VlRwaXJ4WVBjQ1VfLW93Nnk1WGFVdW1WVHZRRWpKVFBNZHJBMHlrSVZodlVNWWd3OFNRb0RIOGxoc25BWThZbDBaUmlWODdNbUJSM05rTndWSXFUWVBYVU12anl4N09oWkJjSWNQV0Nwb0hDMHAzOGtLVmMxNE5QNGh6amNJdW5NZHdzVHZYeFdLVlFnWEtWUTRNbENxQWNYT0HSAa4BQVVfeXFMUGI1VzFLYzJjdkhoOFZUcGlyeFlQY0NVXy1vdzZ5NVhhVXVtVlR2UUVqSlRQTWRyQTB5a0lWaHZVTVlndzhTUW9ESDhsaHNuQVk4WWwwWlJpVjg3TW1CUjNOa053VklxVFlQWFVNdmp5eDdPaFpCY0ljUFdDcG9IQzBwMzhrS1ZjMTROUDRoempjSXVuTWR3c1R2WHhXS1ZRZ1hLVlE0TWxDcUFjWE9B?oc=5,2026-09-27 16:37:56+00:00,ANTARA News Bengkulu,https://bengkulu.antaranews.com/berita/469139/festival-tabut-bengkulu-siap-digelar-catat-jadwal-dan-lokasinya?page=all,"Kota Bengkulu (ANTARA) - Keluarga Kerukunan Tabut Bengkulu Bencoolen (KKTBencoolen) memastikan Festival Tabut 2026 kembali digelar di Kota Bengkulu pada 15-25 Juni 2026. Perayaan budaya tahunan yang dipusatkan di Lapangan Merdeka atau kawasan Tugu Dhol tersebut kembali menghadirkan nuansa sakral sekaligus kemeriahan tradisi yang selalu dinantikan masyarakat. Informasi pelaksanaan Festival Tabut 2026 diumumkan melalui unggahan akun media sosial @media.kktbencoolen. Dalam poster yang dibagikan, rangkaian kegiatan dijadwalkan berlangsung selama 10 hari penuh dengan pusat kegiatan di Lapangan Merdeka, Kota Bengkulu. “Festival Tabut 2026 kembali hadir menyatukan tradisi, sejarah, dan kebersamaan dalam satu perayaan penuh makna,” tulis keterangan unggahan tersebut pada Senin (18/5). Festival Tabut merupakan tradisi sakral masyarakat Bengkulu untuk mengenang perjuangan dan wafatnya cucu Nabi Muhammad SAW, Hasan dan Husein bin Ali, di Padang Karbala. Baca juga: Marak pungli, KKT Bencoolen imbau warga Bengkulu tolak pungutan berkedok tabut Baca juga: Pemkot Bengkulu perkirakan PAD parkir pada Festival Tabot Rp57 juta Tradisi yang diwariskan secara turun-temurun itu biasanya digelar setiap 1-10 Muharam dan menjadi simbol penghormatan terhadap nilai perjuangan, pengorbanan, dan persatuan. Dentuman dhol khas Bengkulu menjadi salah satu daya tarik utama dalam perayaan Tabut. Irama tabuhan dhol yang berpadu dengan arak-arakan tabot berhias lampu warna-warni menciptakan suasana meriah sekaligus sarat makna spiritual. Dalam unggahan tersebut juga disebutkan bahwa pelaksanaan Tabut Sakral tetap berlangsung di Lapangan Merdeka atau kawasan Tugu Dhol, Kota Bengkulu. “Informasi untuk adik sanak segalonyo, untuk Tabut Sakral tetap di Lapangan Merdeka yaa,” tulis akun tersebut. Perayaan Tabut memiliki sejumlah rangkaian upacara adat yang dijalankan secara turun-temurun oleh keluarga keturunan Tabut di Bengkulu. Sedikitnya terdapat delapan tahapan utama dalam prosesi tersebut, yakni Pengambilan Tanah, Duduk Penja, Menjara, Malam Arak Jari-Jari dan Arak Sorban, Hari Gam, Tabot Naik Pangkek, Malam Arak Gedang, serta Arak-Arakan Tabot. Festival Tabut tidak hanya menjadi warisan budaya penting bagi masyarakat Bengkulu, tetapi juga menjadi daya tarik wisata yang selalu dinantikan setiap tahun. Baca juga: Ribuan warga Bengkulu saksikan prosesi ""Tabut Besanding"" Baca juga: Wamenpar tutup gelaran Festival Tabut Bengkulu 2025 Sejarah Festival Tabut di Bengkulu Festival Tabut merupakan tradisi budaya dan keagamaan yang telah berlangsung ratusan tahun di Kota Bengkulu. Tradisi ini dibawa oleh para pekerja dan ulama keturunan India Muslim Syiah dari wilayah Benggala yang datang ke Bengkulu pada abad ke-18 saat masa kolonial Inggris. Mereka kemudian menetap dan membentuk komunitas yang mewariskan tradisi Tabut secara turun-temurun hingga saat ini. Perayaan Tabut digelar setiap tanggal 1 hingga 10 Muharam penanggalan Hijriyah. Dalam perkembangannya, tradisi tersebut tidak hanya menjadi ritual keagamaan, tetapi juga bertransformasi menjadi warisan budaya masyarakat Bengkulu yang melibatkan berbagai unsur adat dan kesenian daerah. Kini festival ini menjadi daya tarik wisata bagi Kota Bengkulu.Dentuman alat musik dhol yang khas turut menjadi daya tarik utama yang selalu dinantikan masyarakat maupun wisatawan dari luar daerah. Pemerintah daerah bersama masyarakat terus menjaga tradisi tersebut sebagai identitas budaya daerah sekaligus sarana mempererat kebersamaan. Kehadiran festival ini juga memberikan dampak ekonomi bagi masyarakat, terutama pelaku usaha kecil, pedagang, dan sektor pariwisata lokal. Baca juga: Gubernur Bengkulu canangkan Festival Tabut berskala internasional Baca juga: Anggota DPR undang Menteri Pariwisata pada penutupan Festival Tabut Video - Warga Bengkulu sambut hangat kedatangan Jokowi di Festival Tabut Pewarta: Vonza Nabilla Suryawan Editor  : Anom Prihantoro COPYRIGHT © ANTARA 2026 Dilarang keras mengambil konten, melakukan crawling atau pengindeksan otomatis untuk AI di situs web ini tanpa izin tertulis dari Kantor Berita ANTARA.",4090
tempat makan viral Lampung,"7 Tempat Makan Keluarga di Bandar Lampung, Cocok untuk Quality Time Bareng Orang Tersayang - Hipwee",https://news.google.com/rss/articles/CBMiekFVX3lxTE1GSml0UE1aX01wUVg3czd3SHZtVTVBZ3lpRDVsVG5mTWs5TzJtanpMYzNlVUEzRnBHRW1pZGo4cGphV0YwcjBNbGhvZ01UMDRIU3EtOC1oUjI3T0JIVjBuMHFnQnV0VDJ4NjdENGVZQTBGS3JSMTlkVjhR?oc=5,2026-07-01 07:00:00+00:00,Hipwee,https://bengkulu.antaranews.com/amp/berita/480660/open-turnamen-domino-piala-panglima-tni-pecahkan-rekor-muri,"Minggu, 27 September 2026 23:37 WIB Open Turnamen Domino Piala Panglima TNI yang diikuti 26.000 peserta memecahkan rekor MURI sebagai turnamen domino dengan jumlah peserta terbanyak di Indonesia. Turnamen itu diselenggarakan serentak di 101 kota seluruh Indonesia dengan puncak acara berlangsung di Markas Besar TNI, Cipayung, Jakarta, Minggu. ""Kami baru saja dinobatkan oleh MURI menjadi pemegang rekor untuk peserta terbanyak dalam sebuah event turnamen dan di kota terbanyak juga yaitu 101 kota dilakukan secara serentak,"" kata Ketua Umum PB ORADO Yooky Tjahrial kepada pewarta, Minggu. Yooky menilai kompetisi ini tidak hanya diikuti peserta yang banyak namun juga menyuguhkan persaingan yang ketat antarpemain. Selain menyajikan turnamen antar pemain profesional, turnamen ini juga mempertemukan sejumlah selebriti Indonesia. Yooky berharap kehadiran selebriti menarik minat dan antusiasme masyarakat untuk bermain domino. Pewarta: Fajar Satriyo",950
tempat makan viral Lampung,"5 Rekomendasi Tempat Makan Durian di Lampung, Rasa Tak Enak Bakal Ditukar - IDN Times Lampung",https://news.google.com/rss/articles/CBMi0AFBVV95cUxNcHZld3NjZFlVc213bjVnLTNmOEhIbmNocjRIM25PYjQ2TldrTUVFOS16QzNrT05GSWNrTGI2WklmVkRzRVRTdktTR3JaR3Bhbjg4WGZGWF91RkxCSHVCY0l5cEhXZHhlSjljcV9tUTE0WXhqTElfUVpzR2ZXMXB4X1l6Y3dwWjZGbEZKUGVOd1dxUmVWX2VYNFc3d2swaTNVVXJDQXdSOTNjMm5QMUh3WlktaFcwN01XQTNMdUcxekFKV19wY3pBVlhzdmVxRUJS0gHWAUFVX3lxTFBLTG0tajRwZUU5MTdVZVkyUm5jcFczcXdBQVFMbUNkekpyN0hRcTVCRGZ1V2gxUGpJMWhGQ095Ul9kQnRERnkwLVA5eHBVMHE4d1J5NENEVExtYW5TTlRLLVdpQVhVclY3WGZFR3R6YXJzMUZ5M2dIajZvQWJXMU9UZ3dNb0dmOTI5M0ROYmJiTUxlRm53LUgzV1FhUFB3YzFaai1zYTIyMC1JYmYyVFpQSW9yeElTeDJxZWF3akxKTVA0Q2hYSVZlbWMxV3lZS1BxSmM2OVE?oc=5,2026-09-04 07:00:00+00:00,IDN Times Lampung,https://www.hipwee.com/travel/tempat-makan-keluarga-di-bandar-lampung/,"Cari tempat makan keluarga di Bandar Lampung itu sebenarnya nggak susah. Yang bikin bingung justru pilihannya banyak. Ada yang punya taman luas buat anak-anak lari-larian, ada restoran dengan konsep makan di dalam pesawat, sampai tempat yang cocok buat kumpul keluarga besar tanpa harus rebutan meja. Soalnya, makan bareng keluarga bukan cuma soal makanan yang enak. Suasananya juga ikut menentukan. Orang tua pengin nyaman, anak-anak butuh ruang buat bergerak, sementara yang lain mungkin cuma pengin ngobrol santai tanpa terburu-buru. Untungnya, Bandar Lampung punya banyak restoran yang bisa memenuhi semua kebutuhan itu. Nah, kalau kamu lagi mencari tempat makan keluarga di Bandar Lampung buat makan siang, makan malam, arisan, ulang tahun, atau sekadar quality time di akhir pekan, daftar rekomendasi di bawah ini bisa jadi referensi. Tinggal pilih suasana yang paling cocok dengan keluarga kamu. Photo Erwin Ramadhan Begitu sampai di sini, mata kamu langsung disambut hamparan hijau dari pepohonan rindang yang mengelilingi area makan. Taman Santap Rumah Kayu punya konsep “pleasant, always green, and go green” yang bikin suasananya adem banget, bahkan saat siang hari. Tapi yang paling bikin keluarga betah adalah ada kabin pesawat asli Boeing 737-400 bekas Sriwijaya Air yang dimodifikasi jadi area restoran. Sensasi makan di dalam pesawat tapi tetap di darat itu seru banget, apalagi buat anak-anak yang pasti penasaran berat. Menu di sini beragam, mulai dari masakan lokal seperti seruit dan ayam bakar kampung, sampai seafood segar langsung dari nelayan. Porsinya besar dan cocok untuk sharing, jadi makin hemat kalau makan rame-rame. Dengan kapasitas yang sangat besar, Rumah Kayu sering jadi pilihan aman untuk acara keluarga besar, gathering, atau bahkan reuni. Photo by Kampoeng Bamboe Restoran Kalau keluarga kamu tipe yang suka suasana hijau dan tenang, Kampoeng Bamboe bisa jadi pilihan pas. Konsepnya garden restaurant dengan nuansa alam yang menyejukkan, ditambah detail unik, yaitu makanan yang disajikan di atas alas bambu, bukan piring biasa. Sensasi tradisionalnya berasa banget tapi tetap nyaman buat anak-anak karena ada taman bermain khusus yang cukup aman. Menu di sini didominasi oleh masakan tradisional Indonesia dengan bahan dan bumbu berkualitas. Harganya juga bersahabat, mulai dari Rp6.000 untuk nasi putih sampai sekitar Rp100.000 untuk paket ikan gurame besar. Selain buat makan keluarga, tempat ini juga sering dipakai untuk acara spesial karena ada fasilitas wedding venue dan meeting room. Begadang Resto adalah nama yang sudah familiar di kalangan pencinta kuliner Padang di Bandar Lampung. Tapi jangan bayangkan warung Padang kecil, karena tempat ini berupa convention hall yang sangat luas. Lantai duanya saja bisa menampung lebih dari 400 orang, cocok banget buat keluarga besar atau acara komunitas. Yang bikin Begadang terus dicari adalah kualitas masakannya yang konsisten. Rendang daging sapinya juara, ayam gorengnya moist dan gurih, harganya tetap terjangkau meski tempatnya mewah. Ada juga VIP room ber-AC kalau mau suasana lebih private dan nyaman. Photo by Rudy Wibowo Lamban Sabah adalah hidden gem yang sayang banget kalau dilewatkan. Tempatnya luas dan asri dengan kolam ikan di sekeliling area makan, bikin suasana makan jadi tenang dan fresh. Ada juga area bermain anak, jadi ortu bisa santai makan sambil si kecil asik main. Menu andalannya pindang patin yang segar, paket nasi pancasila, dan kopi susu khas. Paling seru, malamnya ada live music yang bikin suasana makin hangat buat ngobrol bareng keluarga. Buat yang suka suasana semi-outdoor dengan sentuhan alam tapi tetap terawat, Lamban Sabah pas banget. Photo by CRZ 13 Chanel Kalau keluarga kamu suka makanan berkuah segar dengan cita rasa khas Palembang, Pindang Meranjat Riu Palapa wajib dicoba. Pindang baung dan pindang patinnya adalah menu yang selalu bikin ketagihan. Kuahnya asam pedas segar dengan ikan yang fresh, cocok dinikmati bareng nasi hangat dan tempe goreng tepung. Suasana di Riu sangat pas untuk makan malam keluarga. Cahaya remang-remang dan suasana hangat membuat momen bersantap jadi lebih akrab. Harganya juga terjangkau, mulai dari Rp15.000 per porsi. Photo by Nurul Nadya Rizka Yudha RM. Mbok Wito menawarkan suasana rumahan yang bikin betah. Konsepnya sederhana tapi nyaman. Menu yang disajikan adalah masakan rumahan khas Indonesia yang familiar di lidah, jadi cocok buat semua usia mulai dari anak kecil sampai nenek. Kalau kamu cari tempat makan keluarga di Bandar Lampung yang nggak neko-neko, cuma pengin makan enak sambil ngobrol santai, RM. Mbok Wito bisa jadi pilihan menarik. Setiap keluarga punya selera dan gaya makan yang berbeda. Ada yang lebih suka restoran bernuansa alam, ada yang mencari menu khas daerah, ada juga yang cukup butuh tempat nyaman buat ngobrol sambil menikmati makanan favorit. Kabar baiknya, pilihan tempat makan keluarga di Bandar Lampung cukup beragam, jadi kamu tinggal menyesuaikannya dengan kebutuhan dan budget. Jadi, sebelum akhir pekan datang atau momen kumpul keluarga berikutnya tiba, nggak ada salahnya mulai masukkan beberapa tempat di atas ke daftar tujuan. Siapa tahu, dari sekian banyak rekomendasi tadi, ada satu restoran yang akhirnya jadi langganan baru buat makan bareng orang-orang tersayang. Seorang content writer profesional dengan pengalaman lebih dari 3 tahun di bidang pemasaran digital dan strategi konten. Berbekal latar belakang pendidikan di bidang Manajemen, fokus mengemas topik teknologi, optimasi SEO, bisnis, hingga ulasan gaya hidup menjadi bacaan yang renyah dan berbobot. Melalui tulisan-tulisan di Hipwee, ingin berbagi panduan terpercaya untuk membantu pembaca menavigasi tren digital dengan cara yang paling mudah dipahami. Seorang content writer profesional dengan pengalaman lebih dari 3 tahun di bidang pemasaran digital dan strategi konten. Berbekal latar belakang pendidikan di bidang Manajemen, fokus mengemas topik teknologi, optimasi SEO, bisnis, hingga ulasan gaya hidup menjadi bacaan yang renyah dan berbobot. Melalui tulisan-tulisan di Hipwee, ingin berbagi panduan terpercaya untuk membantu pembaca menavigasi tren digital dengan cara yang paling mudah dipahami.",6193
tempat makan viral Lampung,"8 Wisata dan Kuliner Hits Lampung 2026, Simak! - detikcom",https://news.google.com/rss/articles/CBMimAFBVV95cUxQWm5RbU5TUl9rYTdQVUJISl9NQWozX21RdElDcU1aa1YyaXFfbGFNU2VRRWVtcTBuOEkwN2xWY0hPc181Q2tJcXpBRXRUUW5lQ2JjRTlsNWdVeWxaNUU5NUtuMlhBbEFiYnlEQlBXN2oyWi05Y2xYbDVTNXRwNlJCWVlPeXQxcnl6d05jTlRXX255ckxQZ09SUtIBngFBVV95cUxOWlV0TkJYMUdPYWFUWVQ3MTVhT21fLWFOSWVDLVp2Vl9CMkRodGtzcGJTbFp0d1FSNTZnRWVnVHRzV2UtMlN6MHFmd3VzV3JsTjlvbkI2TkZBdG0xdzJ2cVVmdzR3blpoem1mdmxVZ1RBeUdtV0NxbUYyekh5TEJUM0VzTmdzQ0JGZWw0UjBKVl9MZFpEWjZobXgtTDQyUQ?oc=5,2026-06-09 07:00:00+00:00,detikcom,https://lampung.idntimes.com/food/dining-guide/5-rekomendasi-tempat-makan-durian-di-lampung-rasa-tak-enak-bakal-ditukar-00-jf67w-dh21gt,"Bandar Lampung, IDN Times - Memasuki musim durian, aroma khas buah berduri ini gampang ditemukan di berbagai sudut Lampung. Menariknya, Lampung punya banyak cara untuk menikmati durian. Ada tempat sederhana dengan lesehan, atau dengan meja kursi di pinggir jalan hingga menikmati di restoran.Ingin menikmati durian, berikut beberapa tempat yang menawarkan pengalaman berbeda untuk mencoba durian di Lampung. BLehong Durian jadi salah satu tempat makan durian yang cukup dikenal di Lampung dan punya beberapa cabang, yakni di kawasan Korpri, Jalan Imam Bonjol Kemiling, serta Teluk Betung Selatan. Stok durian tersedia cukup banyak, termasuk aneka olahan seperti es teler durian yang viral, sop durian, dan cendol durian. Makan durian di sini gak bakal bosan karena punya banyak tempat nyaman dan estetik. Ada rooftop untuk makan sambil melihat pemandangan Kota Bandar Lampung, private room nonsmoking dan tidak berisik untuk makan bersama keluarga, serta memiliki spot foto estetik. Mau makan durian impor? Saburai Durian & Resto jawabannya. Pilihan durian di sini cukup beragam, mulai durian lokal, bawor, montong, musang king, black thorn atau durian hitam, sampai durian udang merah asal Malaysia. Setiap jenis punya cita rasa berbeda, sehingga pengunjung bisa memilih sesuai selera.Di sini juga tersedia durian dalam bentuk olahan seperti cendol durian, es krim durian, dan es campur durian. Menu tersebut cocok disantap saat cuaca terik ini. Apalagi, Saburai Durian punya area indoor dan outdoor cukup luas.Selain tempat nongkrong dan makan bersama keluarga, area tersebut bisa digunakan untuk arisan, gathering atau acara komunitas sambil menikmati berbagai jenis durian. Lokasinya berada di Jalan Majapahit Nomor 8, Enggal, Bandar Lampung. Mau cari durian impor yang masih fresh? Kamu juga bisa datang ke Sama Durian Lampung berada di Jalan Urip, Bandar Lampung yang buka 24 jam. Jenis tersedia cukup beragam, mulai dari montong Sulawesi, bawor Banyumas, durian mentega, musang king, petruk, black thorn Malaysia, hingga masmuar Malaysia. Gak bakal kecewa deh makan durian di sini, karena ada garansi jika durian yang didapat tidak manis. Menariknya, khusus hari Sabtu dan Minggu, durian bisa dinikmati sambil melihat pemandangan Kota Bandar Lampung dari atas bukit di The Ocean View Lampung. Bergeser ke Pesawaran, ada Gudang Durian Balap di Jalan Veteran II, Wiyono, Kecamatan Gedong Tataan, Kabupaten Pesawaran. Tempat ini menjual durian jatuh, bukan durian petik pohon, sehingga harganya lebih murah.Bawa uang Rp100 ribu, bisa mendapatkan tiga bahkan lima durian, tergantung ukurannya. Kamu juga gak perku khawatit soal rasa. Kalau dapat durian yang tidak bagus, buahnya bisa ditukar lho.Gak heran tempat ini selalu ramai pengunjung. Jangan lupa perhatikan kedatanganmu, biasanya stok durian baru akan datang sekitar pukul 13.00 WIB. Pencinta durian di Kota Metro punya satu spot yang sudah cukup lama dikenal. Durian Abah Ajib sudah ada sejak tahun 2003 dan menyediakan berbagai jenis durian legit. Kamu bisa makan durian langsung di lokasi dengan sensasi sederhana menikmati di pinggir jalan.Gak perlu khawatir soal rasa, karena di lapak satu ini punya janji tidak perlu bayar jika durian yang kamu beli tidak manis. Lokasinya berada di depan Bank BCA, Jalur 2 Kota Metro. Durian Abah Ajib buka mulai pukul 10.00 hingga 24.00 WIB.",3343
tempat makan viral Lampung,"Ceker Kerang Pedas Nona Viral di Lampung, Menu Serba Rp16 Ribuan - IDN Times Lampung",https://news.google.com/rss/articles/CBMixAFBVV95cUxOUVR2YmtUWE44cEttYk9hU0pDVjZuVjA3Z2pPS1ZSZ0xCZW9IUFRDUm8zU1VJeElMZ0R4bm1aUk8yd1lzT0JZNGFnYTV4QWd0dW83dzBPeFFtTmR3alk2bmY1TnVMQTE2MEtCd1R6VmtxcFMzaFJSejVCYVlRX0UxdjFFSWl2MTMyWXlBNlpzeTI3LVVsX0dlR1RqUWp6STJxSkhYc1JDQXBacTMxaTZLckJ2LUVqVmN0YmZiUWNvQWFyYmYw0gHKAUFVX3lxTE93Qkk0Z2lKeXU2Q1BJN1lFUFZaVFVmT2Nnczk4cTRjdTh5MnZZRnhHRDFEZDkxSWg5c3ZRdDVFNXVLOF9oVlh6clh3eGdaR1F4U1hIdDZGY0J5NzVtUHlPRW9VcHNrdURpSVlkQUx3Q3ZwaDdDX0NIbEJlcldfakx1Rlp3ZklXazI5VmZyLUxtZVRpUDBrOGVTZXZSUW5OVXJWRkptY1I3SDNOV0ZtQTlMYkZ5NlJ3MWlFZUh0YlB6S3VBWjYtMHMwY2c?oc=5,2026-07-03 07:00:00+00:00,IDN Times Lampung,https://www.detik.com/sumbagsel/wisata/d-8523508/8-wisata-dan-kuliner-hits-lampung-2026-simak,"Provinsi Lampung merupakan provinsi yang terletak di ujung Selatan Pulau Sumatera. Provinsi ini memiliki beragam destinasi wisata menarik, mulai dari keindahan alam hingga kuliner khas yang menggugah selera. Sejumlah wisata alam di Lampung menawarkan panorama yang memukau serta spot foto yang Instagramable. Sementara itu, wisata kulinernya juga tak kalah populer dengan cita rasa unik dan khas yang sayang untuk dilewatkan. Bagi detikers yang ingin mencari wisata hits untuk liburan mulai dari wisata alam hingga kuliner. Berikut detikSumbagsel sajikan informasinya. Yuk, simak! SCROLL TO CONTINUE WITH CONTENT Terletak di Kabupaten Pesawaran, pulau ini dikenal dengan kejernihan air lautnya yang menjadi favorit wisatawan untuk melihat berbagai terumbu karang dan ikan hias. Sehingga aktivitas seperti diving dan snorkeling menjadi aktivitas yang diminati pengunjung. Bagi detikers yang tertarik pergi ke Pulau Pahawang, pulau ini dapat diakses dari Bandar Lampung dan membutuhkan 1-2 jam untuk lama perjalanan. Barulah nanti perjalanan akan dilanjutkan dengan penyeberangan perahu sekitar 30-45 menit dari Dermaga Ketapang. Adapun biaya masuk kawasan ini meliputi sewa perahu Rp 30.000 - Rp 500.000 serta paket snorkeling sekitar Rp 50.000 atau lebih. Pantai Kyokko atau Kyokko Beach menjadi salah satu destinasi alam populer di Lampung, yang berlokasi di Kabupaten Lampung Selatan. Apabila detikers berangkat dari Bandar Lampung, pantai ini dapat dijangkau dalam waktu sekitar 1,5 hingga 2 jam. Pantai ini menawarkan keindahan hamparan pasir putih yang bersih, air laut yang jernih berwarna biru, dan suasana yang nyaman. Di sini wisatawan dapat bersantai di tepi pantai, bermain air, hingga menghabiskan waktu bersama orang terkasih. Dilansir dari akun Instagram resmi @kyokko.beach, bagi detikers yang tertarik mengunjungi wisata pantai ini, detikers akan dikenakan tiket masuk mulai dari Rp 60.000 hingga Rp 100.000. Salah satu spot destinasi wisata hits lainnya yang tak kalah keren di Lampung adalah Bukit Aslan. Wisata ini berlokasi di Jalan Way Gubak, Sukabumi, Bandar Lampung, sekitar 11 kilometer dari pusat kota dengan waktu tempuh kurang lebih 30 menit menggunakan kendaraan roda dua maupun empat. Dikutip dari akun instagram resmi @bukitaslan wisata alam ini memiliki banyak fasilitas mulai dari mushola, food court, playground anak, free Wi-Fi, toilet dan masih banyak fasilitas lengkap lainnya. Daya tarik utama Bukit Aslan terletak pada pemandangan 360 derajat dari ketinggian, yang menyuguhkan panorama kota, laut, lembah, hingga gemerlap city lights di malam hari. Selain menikmati pemandangan, pengunjung juga dapat melakukan berbagai aktivitas seru seperti bermain ATV, camping, hiking, hingga pre-wedding. Untuk harga tiket masuk, pada hari kerja dibanderol sekitar Rp 30.000 hingga Rp 40.000, sedangkan saat akhir pekan berkisar Rp 40.000 hingga Rp 50.000. Wisata lainnya adalah Teluk Kiluan yang berada di Kabupaten Tanggamus dan dapat ditempuh sekitar 3-4 jam dari Bandar Lampung. Meski akses jalannya cukup menantang, detikers akan disuguhi dengan pemandangan alam yang hingga sepanjang perjalanan. Destinasi ini terkenal dengan daya tarik wisatanya yakni untuk melihat langsung lumba-lumba hidung botol. Adapun biaya wisata umumnya berupa paket sekitar Rp 250.000 hingga Rp 300.000 per orang untuk menyewa perahu jukung. Selain wisata alamnya, Lampung juga terkenal dengan sejumlah wisata kulinernya. Dilansir dari laman Dinas Pariwisata dan Ekonomi Kreatif Provinsi Lampung dan sumber lainnya, berikut ini daftarnya: Wisata kuliner yang pertama adalah, Sambal Seruit Buk Lin Pahoman yang berlokasi di Jl. Ir. H. Juanda No. 8, Pahoman, Engal, Kota Bandar Lampung. Wisata kuliner ini berupa makanan khas asal Lampung yakni, seruit. Seruit biasanya disajikan dengan ikan/ayam bakar, sambal khas, dan lalapan yang menghadirkan cita rasa autentik yang merepresentasikan budaya kuliner Lampung. Adapun harga yang dipatok untuk dapat menikmati paket seruit ini mulai dari Rp 35.000 hingga Rp 80.000. Berikutnya, wisata kuliner legendaris dari Lampung yang tak kalah populer adalah Nasi Uduk Toha Kartini. Usaha ini dirintis oleh H. M. Toha sejak tahun 1990-an, berawal dari warung kaki lima sederhana hingga kini menjadi salah satu kuliner favorit saat berkunjung ke Lampung. Dikutip detikFood, ciri khas nasi uduk ini terletak pada taburan bawang goreng serta pilihan lauknya yang beragam, seperti ayam goreng, paru, ati ampela, petai, hingga tahu dan tempe. Meski terlihat sederhana, namun rasa dan kualitasnya tak perlu diragukan. Ayam goreng yang digunakan merupakan ayam kampung yang diungkep dengan bumbu kuning khas, lalu digoreng hingga renyah. Sambalnya juga berbeda dari nasi uduk pada umumnya. Gerusan cabainya jauh lebih kasar dan sedikit berair namun tetap pedas nikmat. Bagi detikers yang tertarik, usaha ini terletak di Jl. Kartini No. 105, Tj. Karang, Kec. TJ. Karang Pusat, Kota Bandar Lampung. Adapun prakiraan harga antara Rp 25.000 - Rp 50.000. Kuliner legendaris asal Lampung lainnya adalah mie khodon. Dilansir dari detikFood tempat makan ini konon sudah berdiri sejak tahun 1963 dan tidak buka cabang. Usaha ini berada di Jl. Ikal Bawal No. 22, Pesawahan, Kec. Telukbetung Selatan, Kota Bandar Lampung. Dengan varian menu mulai dari mie goreng, mie rebus, mie cemek, hingga bihun goreng dan rebus. Adapun ciri khas mie khodon adalah tekstur mie yang basah dan mienya yang dibuat sendiri (homemade) serta taburan udang kering (ebi) sebagai toppingnya. Tak kalah ketinggalan ada kuliner Bakso Son Hajisony yang telah tersohor di Lampung dan sekitarnya. Sebagai salah satu usaha kuliner yang telah berdiri sejak tahun 1996, usaha ini telah bertransformasi menjadi salah satu kuliner yang patut dicoba saat berpergian ke Lampung. Usaha ini telah memiliki banyak cabang dengan lokasi berdirinya pertama kali di Jl. Wolter Monginsidi No. 42 A, Durian Payung, Tanjung Karang Pusat, Bandar Lampung. Adapun prakiraan harga berbagai menu baksonya sekitar Rp 25.000 hingga Rp 50.000. Demikian 8 wisata hits Lampung 2026 mulai dari wisata alam hingga kulinernya. Semoga bermanfaat ya, detikers! Artikel ini ditulis oleh Bagus Rahmat Nugroho, peserta Program MagangHub Bersertifikat dari Kemnaker di detikcom . Anda menyukai artikel ini",6270
wisata viral Lampung,"7 Rekomendasi Wisata Alam di Bandar Lampung, Pernah Berkunjung? - IDN Times Lampung",https://news.google.com/rss/articles/CBMiwwFBVV95cUxNUHNiNG5NZDVMVWUwdGowY1FhMG53cENDZWxvZHN6YmJwcS14MXZmMDNFYVJtcDNoNkhqOEo2dVNlaGJJUzJYbVBYSzduMWZDeFFQS1M1WGZRS2YxTmFVRURwVHJ5ZHNyd3dnbFNxTHZUdGs0VGtBUFV1Q09faW5EdlZBb3M3NmFjcUhUSXpIU3p4eVhrNW5uN3YtX1ktSmhGVGRFTzFkYi1WYmFOZW50ejBlMlJWYzEtRGJWZnBWaFpHRW_SAcgBQVVfeXFMTmNzRm43d3c1c3diNHU4aXgxQ3FzZlY2a3VNRXFZS3pITUZsbXc3TDlHWTg0ZWVVX1hTUjU1NkU0azJHcnlZVUxCaUV1c0VjQzc3a1RpNDMxWkJ5cldaMENHUUU5dW1PdG12ZDMwQVdfeFM1SDdDYmJaWkZNcEd3Q0xlSEdOQWxHWDhuUDd0SzdEbHZ2ejloTkRGT0dpSmFfOERRcTdPcVg3QU9QVzBKZ0tmdV90Z0lVNU41MC1wSzQ1WFZ2NzZXRlg?oc=5,2026-08-22 07:00:00+00:00,IDN Times Lampung,https://lampung.idntimes.com/food/dining-guide/ceker-kerang-pedas-nona-viral-di-lampung-menu-serba-rp16-ribuan-00-jf67w-9f7vhs,"Bandar Lampung, IDN Times - Kuliner pedas selalu punya tempat di hati pencinta makanan berbumbu kuat. Di Bandar Lampung, kini hadir pendatang baru langsung mencuri perhatian, yakni Ceker Kerang Pedas Nona. Meski belum lama beroperasi, tempat makan ini sudah ramai dikunjungi dan viral di media sosial berkat sajian pedas yang menggugah selera. Sesuai namanya, menu andalan di sini didominasi olahan pedas. Menariknya lagi, hampir seluruh menu dibanderol dengan harga ramah di kantong, yakni sekitar Rp16 ribuan per porsi. Cocok buat kamu yang ingin berburu kuliner pedas tanpa bikin dompet jebol. Berlokasi di Jalan Pahlawan Nomor 119, Surabaya, Kedaton, Bandar Lampung tempat makan satu ini bukan cuma menawarkan menu pedasnya tapi juga menawarkan pengalaman makan yang berbeda. Begitu datang, setiap pengunjung akan disambut sapaan ramah ""Tuan, Nona, selamat datang"" sambil dibukakan pintu. Sapaan sederhana ini sukses menciptakan kesan hangat dan bikin suasana makan terasa lebih berkesan. Kamu akan merasa seperti menyambangi rumah teman, bukan sekadar datang untuk makan. Area makannya cukup luas dengan pilihan indoor, outdoor, dan semi outdoor berkonsep lesehan. Dominasi material kayu, pepohonan rindang, serta bangunan bergaya vintage membuat suasananya terasa hangat dan nyaman untuk makan bersama keluarga maupun teman. Di beberapa sudut terdapat sentuhan warna pink yang membuat tempat ini terlihat lebih estetik. Pengunjung juga akan melewati jalan setapak yang didesain menyerupai jalan raya mini lengkap dengan marka kuning dan tiang jalan. Konsep ini dipadukan dengan open kitchen di bagian depan sehingga menghadirkan pengalaman makan yang berbeda sekaligus memberi kesempatan melihat langsung proses memasak di dapur yang tampak bersih. Pencinta makanan pedas bakal dimanjakan dengan beragam pilihan menu di Ceker Kerang Pedas Nona. Mulai dari ceker pedas, kerang pedas, hingga usus mix sayap pedas dibanderol Rp16 ribu per porsi. Sementara udang pedas bisa dinikmati seharga Rp21 ribu. Semua menu dapat dipesan dengan tingkat kepedasan level 1 hingga 5 sesuai selera. Olahan ceker, usus, kerang, hingga udang dimasak menggunakan bumbu rempah kental sehingga menghasilkan rasa gurih dengan sensasi pedas yang meresap.",2235
wisata viral Lampung,"10 Rekomendasi Wisata Pantai Viral di Lampung, Wajib Masuk Bucketlist! - detikcom",https://news.google.com/rss/articles/CBMiuAFBVV95cUxQb2ZCanJoNjg2aDBZYU1MZ0ZtNnUxX3d6MGFDaklCUy05X2w4WlJXZUVWV201SmRDUmNhOEFITEpRMDJjdWhYYW4xaS1NLVdIQkdsS2VXcm1MWGVNZWhhQ2xHeU44ZXU3cEtRUWdhenRZWnRubzRwSkx3UTJXanMwa1hva3NLZzQtUzJ2TU1fTno0anJsWGlXeWRrLUw1TGJRU0k5ekVEc3lTZUdfNExGN1RVLXFBZkxH0gG-AUFVX3lxTE5qdTlldDVQTjZWMW43NkVhaS1uSl95b0lQamRFSlp5ME1OeENMSFJuaEl3cGVBdDlPbkkxYVIzNWE5aDM2SFc0ZmxRRVpSc2pVdER5N2tZcjJPWnpmbzBnUDBYa2hWLU8xdUt5ODB3VlNyS2p3Y2M4TjVqY2ZXcWlVTW01V2V6emI0cWZFZ1lub2FFSDRpODVqTmVpUWxDa1RrWFpmZ3JsRmNWemVRQ3FqV1NLcjVDdUNTc1l3QkE?oc=5,2026-04-13 07:00:00+00:00,detikcom,https://lampung.idntimes.com/travel/destination/7-rekomendasi-wisata-alam-di-bandar-lampung-pernah-berkunjung-00-5h6fh-kdgxyd,"Bandar Lampung, IDN Times - Ingin healing sejenak dari hiruk-pikuk kota tanpa harus keluar dari Bandar Lampung? Deretan tempat wisata bernuansa alam ini bisa jadi pilihan kamu kunjungi.Bagi warga Bandar Lampung maupun wisatawan yang mendambakan udara segar, pemandangan hijau, serta suasana tenang untuk menghabiskan waktu bareng keluarga atau sahabat, wisata bernuansa alam bisa jadi pilihan paling pas.Tak perlu jauh-jauh, kota berjuluk Tapis Berseri ini memiliki banyak destinasi wisata alam dan taman rekreasi asri dengan harga terjangkau. Mulai dari pemandangan perbukitan, interaksi dengan satwa, hingga area kemping tepi sungai.Berikut 7 rekomendasi tempat wisata alam di Bandar Lampung wajib kamu datangi! Ingin menikmati udara segar perbukitan sekaligus mengajak anak-anak bermain? Lembah Hijau adalah pilihan utama. Taman wisata terpadu ini menyuguhkan suasana alam yang indah, tenang, dan rindang oleh pepohonan.Di sini kamu bisa berjalan-jalan santai, bersepeda, mengunjungi kebun binatang (Taman Satwa) untuk melihat gajah hingga berbagai satwa lainnya, serta menikmati segarnya wahana waterpark. Dilengkapi fasilitas gazebo dan restoran, tempat ini sangat pas untuk liburan keluarga.Lokasi: Sukadana Ham, Bandar LampungJam Operasional: 08.00-16.00 WIB (Weekday) dan 08.00-17.00 WIB (Weekend)Harga Tiket: Tiket Masuk: Rp15.000-Waterpark: Rp25.000-Taman Satwa: Rp50.000 Bagi kamu pencinta panorama alam dari ketinggian, Bukit Aslan menyajikan pemandangan spektakuler yang memadukan hamparan bukit hijau dan birunya laut. Suasananya begitu menenangkan, baik untuk menikmati segarnya udara pagi maupun momen sunset yang romantis.Tak hanya itu, saat malam tiba, kamu bisa menikmati pemandangan citylight Kota Bandar Lampung serta lanskap berkilau di area Magic Forest.Lokasi: Way Gubak, Bandar LampungJam Operasional: 14.00-22.00 WIB (Weekday) dan 10.00-22.00 WIB (Weekend)Harga Tiket: Weekday: Rp30.000-Weekend: Rp40.000 Ingin merasakan sensasi memberi makan rusa di alam terbuka? Datang saja ke Penangkaran Rusa Taman Hutan Raya Wan Abdul Rachman (Tahura WAR). Salah satu daya tarik unik di area ini adalah sebatang pohon beringin ikonik yang tumbuh tegak di atas batu besar. Dikelilingi pohon-pohon rindang berudara sejuk, kamu bisa berinteraksi dan memberi pakan rusa-rusa yang ramah. Destinasi edukatif dan asri ini sangat cocok bagi kamu ingin melepas penat di akhir pekan.Lokasi: Sumber Agung, Bandar LampungJam Operasional: 07.00-17.00 WIB (Setiap Hari)Harga Tiket: Weekday: Rp30.000-Weekend: Rp40.000 Wira Garden telah lama menjadi destinasi favorit warga lokal untuk healing dan refreshing sejenak dari keramaian. Menyajikan panorama alam yang masih alami dengan aliran sungai jernih dan pepohonan hijau, tempat ini sangat pas untuk melepas lelah.Akses jalannya mudah dijangkau oleh berbagai jenis kendaraan. Bagi yang hobi berkemah, Wira Garden juga menyediakan fasilitas camp area estetik dan nyaman.Lokasi: Batu Putu, Bandar LampungJam Operasional: 09.00-17.00 WIB (Setiap Hari)Harga Tiket: Rp15.000 Cari tempat rekreasi bernuansa alam yang punya banyak spot foto estetik? Taman Betung jawabannya! Selain menyajikan pemandangan taman yang rapi dan segar, destinasi ini menawarkan fasilitas lengkap seperti gazebo, musala, kantin, hingga kandang kelinci yang disukai anak-anak.Taman Betung juga memiliki area camping ground, aula sewa, dan area luas yang sering dimanfaatkan untuk acara khusus seperti gathering atau acara keluarga besar.Lokasi: Kedaung, Bandar LampungJam Operasional: 08.00-17.00 WIB (Setiap Hari)Harga Tiket: Rp15.000 Menjadi salah satu magnet wisata hits di Bandar Lampung, Puncak Mas menawarkan perpaduan sempurna antara keindahan pemandangan alam dan hiburan modern. Terletak di perbukitan, tempat ini menyuguhkan pemandangan kota dari ketinggian, terutama saat malam hari ketika gemerlap lampu kota mulai menyala.Banyak spot foto ikonis di sini, salah satunya wahana balon udara. Tempat ini sangat ideal untuk tempat nongkrong santai menikmati angin sepoi-sepoi bersama teman atau pasangan.Lokasi: Sukadana Ham, Bandar LampungJam Operasional: 07.00 – 22.00 WIB (Setiap Hari)Harga Tiket: Rp20.000 Berada di ketinggian sekitar 700 hingga 900 meter di atas permukaan laut (mdpl), Taman Wisata Bumi Kedaton menyajikan udara pegunungan yang sangat sejuk dan jauh dari kebisingan kota. Berdiri di atas lahan seluas 15 hektar, tempat rekreasi terpadu ini menawarkan paket komplit untuk liburan keluarga.Di sini kamu bisa menikmati pemandangan alam perbukitan Batu Putu yang hijau, wahana air/kolam renang, serta area bermain terbuka yang luas dan asri.Lokasi: Batu Putu Sumber Agung, Bandar LampungJam Operasional: 07.00-17.00 WIB (Setiap Hari)Harga Tiket: Weekday: Rp40.000 dan Weekend: Rp45.000Nah, itulah 7 rekomendasi tempat wisata alam dan taman rekreasi di Bandar Lampung yang bisa kamu jadikan pilihan untuk healing atau berlibur di akhir pekan. Mana tempat yang paling ingin kamu kunjungi lebih dulu? Yuk, catat lokasinya dan ajak keluarga atau sahabatmu!",5000
wisata viral Lampung,"Banyak yang Nggak Tau, Nih 5 Rekomendasi Wisata Bandar Lampung yang Wajib Dikunjungi - lahatpos.disway.id - lahat pos",https://news.google.com/rss/articles/CBMizwFBVV95cUxNVGJmeXQxZlk4VFZ1OXd2UHBxeXNjdV9jRDJTd1MxSzFXOVBhRXVpa29JUkVyVWZVUThXdlNpUUVJa0tUM3p4NmJncE9LVllvZnVSaFZvQnZrOFVEbUVUMzRDZGJmeFdXR2N5Qm9xY3dWemlCYnctZWpybVFnQ1BMOWl4Rm5BcjU4TG5Mb2VuQVU4S1FKUk1pNURQcTZDQXNRdGVwWmxVWXRxWHJCU1lNSnBRa2MycEJPcDBIRHNZSmxaQXlxQTk3Ykdyb2d5Q2_SAb4BQVVfeXFMT1QxMENVX0FVS0lSYm5YeThsXzB0aXkyMUYwNkw0aVBkRUpNWWJ1YTVVRndzbWgza1NCM0tGTnhObVlEbVR3WkRPWkxjTGFJcF9sdW0yMmpxaTVnRWxlTlVYYWNsbm5BVzVJcG8yczFZRlNvNGZMYjBfNjhPSzgydVRVMEM5VkMwSmw3dHhZZTZvX3UweEFrQ0loOFdsbFJkMTNUT01QdTA3X1ZtRE9Tbm1uR1NMX0Y3cnNGRmROdw?oc=5,2026-08-01 07:00:00+00:00,lahat pos,https://www.detik.com/sumbagsel/wisata/d-8440586/10-rekomendasi-wisata-pantai-viral-di-lampung-wajib-masuk-bucketlist,"Kota Lampung dikenal sebagai salah satu destinasi wisata bahari terbaik di Indonesia. Daerah ini punya deretan pantai cantik dengan karakter berbeda, mulai dari yang cocok santai, snorkeling, hingga surfing kelas dunia. Tak heran jika banyak wisatawan menjadikan Lampung sebagai tujuan liburan favorit. Lampung memang nggak pernah kehabisan pesona kalau soal wisata bahari. Dari pantai dengan konsep kekinian hingga surga tersembunyi yang masih alami, semuanya bisa kamu temukan di sini. Buat detikers yang lagi cari referensi liburan, pantai-pantai di Lampung ini wajib banget masuk bucketlist. Selain pemandangannya yang indah, banyak juga spot foto Instagramable yang bikin hasil jepretan makin estetik. Cocok untuk healing tipis-tipis atau quality time bareng orang tersayang. SCROLL TO CONTINUE WITH CONTENT Biar nggak bingung menentukan tujuan, berikut ini daftar pantai viral di Lampung yang lagi hits dan wajib banget kamu kunjungi. Nah, sebelum menentukan destinasi, berikut ini 10 wisata pantai viral di Lampung yang lagi hits dan wajib kamu kunjungi. Yuk simak sampai habis! Pantai Rio by The Beach menjadi salah satu destinasi modern yang mengusung konsep beach club kekinian. Tempat ini sangat populer di kalangan anak muda karena menghadirkan suasana santai dengan sentuhan estetik di setiap sudutnya. Pengunjung bisa menikmati live music sambil duduk santai di kursi pantai yang Instagramable. Pemandangan laut yang indah berpadu dengan dekorasi modern menjadikan tempat ini cocok untuk bersantai sekaligus berburu foto. Pantai Teluk Hantu bukanlah tempat menyeramkan seperti namanya, justru menyuguhkan keindahan alam yang memukau. Hamparan pasir putih bersih dan air laut biru jernih menjadi daya tarik utama pantai ini. Selain itu, pengunjung bisa menikmati momen matahari terbit hingga kemunculan bulan yang menawan. Lokasinya berada di Desa Pagar Jaya, Pesawaran, dan menjadi favorit wisatawan karena suasananya yang masih alami. Pulau Wayang menawarkan pengalaman liburan tropis dengan pemandangan yang memanjakan mata. Pantainya memiliki pasir putih lembut dengan air laut yang sangat jernih, cocok untuk berenang atau sekadar bersantai. Keindahan bawah lautnya juga menjadi daya tarik utama dengan terumbu karang yang masih terjaga. Tak heran jika tempat ini jadi surga bagi pecinta snorkeling dan diving. Pantai Krui merupakan destinasi surfing kelas dunia yang terkenal hingga mancanegara. Ombaknya bisa mencapai 6-7 meter, cocok untuk para peselancar profesional. Selain surfing, pengunjung juga bisa snorkeling, diving, atau menjelajahi Pulau Pisang. Meski aksesnya cukup jauh, keindahan yang ditawarkan benar-benar sepadan. Pantai Cukuh Bedil menawarkan perairan yang tenang sehingga cocok untuk snorkeling, terutama bagi pemula. Terumbu karang di sekitar pantai masih alami dengan warna-warni yang memikat. Ikan-ikan kecil yang berenang bebas menambah keindahan bawah lautnya. Jarak pandang yang jernih membuat pengalaman snorkeling di sini terasa lebih menyenangkan. Pantai Senaya menjadi destinasi baru yang sedang naik daun di Kalianda, Lampung Selatan. Pantai ini menawarkan pemandangan indah dengan fasilitas lengkap seperti gazebo, mini cafe, hingga musholla. Dengan tiket masuk yang terjangkau, pengunjung sudah bisa menikmati berbagai fasilitas yang tersedia. Konsepnya yang nyaman dan ramah pengunjung membuat tempat ini cocok untuk semua kalangan. Pantai Arang merupakan destinasi wisata yang sedang viral dengan berbagai aktivitas seru. Pengunjung bisa menikmati barbeque di pinggir pantai sambil merasakan suasana santai. Selain itu, tersedia juga ATV untuk berkeliling area pantai yang menambah keseruan. Banyak spot foto menarik yang membuat tempat ini cocok untuk liburan bersama teman atau keluarga. Pantai M Beach dikenal dengan suasananya yang masih asri dan tidak terlalu ramai. Tempat ini cocok untuk wisatawan yang ingin mencari ketenangan dari hiruk pikuk kota. Tersedia berbagai spot foto menarik seperti ayunan pantai dan jembatan kayu. Keindahan alamnya yang alami membuat pengunjung betah berlama-lama di sini. Pantai Marina dikenal sebagai destinasi yang ramah keluarga karena ombaknya relatif tenang. Anak-anak bisa bermain air dengan aman sementara orang tua menikmati suasana pantai yang nyaman. Fasilitas di sini cukup lengkap seperti gazebo, tempat makan, dan area parkir luas. Garis pantai yang panjang juga membuat tempat ini cocok untuk rekreasi santai. Pantai Gigi Hiu memiliki ciri khas berupa karang-karang tinggi yang menyerupai gigi hiu. Pemandangan unik ini membuatnya menjadi spot favorit bagi para fotografer. Meski tidak cocok untuk berenang, pantai ini menawarkan panorama yang sangat dramatis. Momen sunrise dan sunset di sini menjadi waktu terbaik untuk berburu foto. Nah detikers, itulah 10 wisata pantai viral di Lampung yang bisa jadi referensi liburan kamu berikutnya. Setiap pantai punya daya tarik tersendiri yang sayang untuk dilewatkan. Semoga daftar ini bisa membantu kamu menemukan destinasi terbaik untuk healing atau sekadar melepas penat. Selamat berlibur! Artikel ini ditulis oleh Mutiara Helia Praditha peserta Program MagangHub Bersertifikat dari Kemnaker di detikcom. Anda menyukai artikel ini",5186
wisata viral Lampung,"Rekomendasi Tempat Liburan di Lampung, Favorit hingga Hidden Gem - detikcom",https://news.google.com/rss/articles/CBMisgFBVV95cUxPU2I0Zm9OOHVCLUs2Z2NFX3dsd3hid1J2c0tlREtxWkdvRjdBUmhEcEtVNkRNV3pfa0VQZDZmdTlrWnFFUlNVLVZBb1ZPMTdCektnX2hCX3NtclBRR2V3VGFqZ1czTnptTjY4WGxfRS1QSlVjQUw4OEJEOE9RcjhRR3lBdG9kSE1pTjVfTlhVQXFzT1JHWkxnajdEYlhhOC1UVnBEMnR5TnZVVDdIa2NWSzZ30gG3AUFVX3lxTE9xdmppYUxHcFlXRFNzRFRkTGRMSlFmYlBiUk9RSmNnOHgtZG01OVZSb3lGT1ZqQjBaNDRUcWlhaGNHbTQ1Vk1vMlhYMktxZFpoalhFM190dzdFNHZvTWF3d1o3QmJtWktaQ1pDNkpsekRvYmRGbGVkU2p1Q3NXQjRvaV84OFpCeFp5ZDFFNjZWYkdZZ1pkZ1FsSU56UzRFZllaSU85UUhyM1JNMnExQjBWRHZBaUJqOA?oc=5,2026-05-14 07:00:00+00:00,detikcom,https://lahatpos.disway.id/topik-utama/read/662144/banyak-yang-nggak-tau-nih-5-rekomendasi-wisata-bandar-lampung-yang-wajib-dikunjungi,"Banyak yang Nggak Tau, Nih 5 Rekomendasi Wisata Bandar Lampung yang Wajib Dikunjungi-RERI ALFIAN-RERI ALFIAN Lahatpos.co - Bandar Lampung merupakan salah satu destinasi wisata unggulan di Pulau Sumatera yang menawarkan beragam pilihan tempat rekreasi, mulai dari wisata alam, perbukitan, hingga taman hiburan keluarga. Kota ini cocok menjadi tujuan liburan bagi wisatawan yang ingin menikmati keindahan alam sekaligus suasana perkotaan yang nyaman. Berikut lima rekomendasi wisata di Bandar Lampung yang layak masuk daftar kunjungan Anda. Puncak Mas menjadi salah satu destinasi wisata favorit di Bandar Lampung. Berada di kawasan perbukitan, tempat ini menawarkan panorama Kota Bandar Lampung dari ketinggian. Saat malam hari, pengunjung dapat menikmati gemerlap lampu kota yang memukau. Selain itu, tersedia berbagai spot foto menarik yang menjadi daya tarik utama bagi wisatawan. BACA JUGA: Yamaha Grand Filano, Skutik Stylish dengan Teknologi Modern Bagi pecinta wisata alam, Wira Garden merupakan pilihan yang tepat. Destinasi ini menyuguhkan suasana sejuk dengan aliran sungai yang jernih serta area hijau yang asri. Pengunjung dapat bersantai bersama keluarga, menikmati piknik, bermain air, hingga berkemah di tengah suasana alam yang menenangkan. Lembah Hijau merupakan tempat wisata keluarga yang menawarkan berbagai wahana rekreasi dan edukasi. Di lokasi ini terdapat taman bermain, kolam renang, serta area satwa yang dapat menjadi sarana pembelajaran bagi anak-anak. Fasilitas yang lengkap membuat Lembah Hijau menjadi salah satu tujuan wisata favorit masyarakat Lampung. BACA JUGA: Polsek Merapi Gelar Kegiatan Belida Asri, Wujudkan Lingkungan Bersih dan Nyaman Bukit AsLan menawarkan keindahan alam dengan latar perbukitan hijau yang memanjakan mata. Tempat wisata ini terkenal dengan berbagai spot foto instagramable yang menarik bagi kalangan muda. Dari puncaknya, pengunjung dapat menikmati pemandangan kota dan alam sekitar yang sangat indah, terutama saat matahari terbenam. 5. Bukit Sakura Kemiling Ingin merasakan suasana ala Jepang tanpa harus pergi ke luar negeri? Bukit Sakura Kemiling menghadirkan konsep wisata tematik dengan nuansa Negeri Sakura. Berbagai dekorasi dan bangunan bergaya Jepang menjadi daya tarik utama tempat ini. Selain berfoto, pengunjung juga dapat menikmati udara sejuk khas kawasan perbukitan. Cek Berita dan Artikel lainnya di Google News",2388
wisata viral Lampung,Daftar Destinasi Wisata Pantai Paling Populer di Lampung Selatan - jogja.disway.id - Disway Jogja,https://news.google.com/rss/articles/CBMiqwFBVV95cUxPb000b3BxeTNSZENVS3htWGZwTjhlLW9NUVRZX0NKN05FRjJrNGJHLTlMWTRLRTREUTdldEdWWmVDS0E1dW5RZjlreHRFa0RHS3o4YkRFeGRSclE4VXIxQjQxYWJ4VnN1X0lsNlRueXZHY1NFQW1oZkJZMGNwMlc4WVVJcHFqU3Nid3lBQlRJb19nNFZlNGpaV0FIY3ZqTi1VOG5BaXhfZjZWSnfSAaABQVVfeXFMT2NtaFBnNG84OF80OTFRdXFYdzU0NHh4Sy1yaFlGZkg2RUZVR19FM19hOEJSLWpOaEpSSXB4S1IxOTBlUFZPeXNXMFJ2WXBaUUhDc01JaDY5MHlyaFczRTV3VFFlZjROVk5oVXQzOW9Kbmk2YUw4MFRTTkRCV1pjZWpHdWFfaEhlMl9uLU1hSlJnRmc1a0Z4alN4SlBoMWxKYw?oc=5,2026-04-07 07:00:00+00:00,Disway Jogja,https://www.detik.com/sumbagsel/wisata/d-8486533/rekomendasi-tempat-liburan-di-lampung-favorit-hingga-hidden-gem,"Lampung menyimpan beragam destinasi wisata yang menarik untuk dikunjungi, mulai dari pantai berpasir, taman alam, hingga kawasan konservasi satwa langka. Provinsi di ujung selatan Sumatera ini menawarkan pilihan liburan yang cocok untuk semua kalangan, baik keluarga, pasangan, maupun wisatawan solo. Tak hanya destinasi populer yang sudah lama dikenal, Lampung juga punya sejumlah tempat wisata tersembunyi yang belum banyak dijamah wisatawan. Harganya pun ramah di kantong dengan pemandangan yang tak kalah memukau. Berikut 10 rekomendasi tempat liburan di Lampung yang bisa jadi pilihan untuk akhir pekan atau hari libur, dari yang favorit hingga hidden gem. SCROLL TO CONTINUE WITH CONTENT Dikutip dari website pariwisata Lampung Selatan, Pantai Rio By The Beach adalah salah satu destinasi pantai populer di Lampung Selatan. Pantai ini dilengkapi berbagai fasilitas seperti gazebo, food court, area bilas, serta fasilitas sewa seperti loker, mini soccer, dan voli. Pengunjung bisa berjemur, berfoto di spot menarik, hingga menikmati suara ombak sambil bersantap. Lokasi: Bulok, Kecamatan Kalianda, Kabupaten Lampung Selatan Jam Buka: Setiap hari, pukul 07.00-20.00 WIB Tiket Masuk: Rp35.000 per orang Pulau Pahawang adalah destinasi bahari populer di Teluk Lampung yang terkenal dengan kejernihan air lautnya dan keindahan terumbu karang bawah laut. Tempat ini sangat cocok bagi pecinta snorkeling. Dari pusat Kota Bandar Lampung, perjalanan menuju pulau ini memakan waktu sekitar 1,5-2 jam darat dan laut, dilanjutkan menyeberang dari Dermaga Ketapang selama 10-30 menit. Lokasi: Kecamatan Punduh Pidada, Kabupaten Pesawaran, Lampung Tiket Masuk Mandiri: Rp10.000 - Rp15.000 per orang Paket Open Trip: Mulai Rp150.000 - Rp270.000 per orang (sudah termasuk kapal, alat snorkeling, dan pemandu) Dikutip dari situs Kementerian Kehutanan Direktorat Jenderal KSDAE, Taman Nasional Way Kambas memiliki luas 125.621,30 hektar dan menjadi habitat satwa langka seperti gajah Sumatera, badak Sumatera, dan harimau Sumatera. Taman nasional ini juga memiliki Pusat Latihan Gajah pertama di Indonesia yang telah beroperasi sejak 1985, menjadikannya destinasi wisata alam sekaligus edukasi konservasi. Lokasi: Kecamatan Labuhan Ratu, Kabupaten Lampung Timur Jam Buka: 08.00-18.00 WIB Tiket Masuk: Rp20.000 per orang (hari biasa), Rp30.000 per orang (akhir pekan/libur) Dikutip dari situs Disparekraf Lampung, Bukit Aslan menawarkan panorama alam dari ketinggian berupa hamparan perbukitan hijau dan laut biru yang memanjakan mata. Destinasi ini dilengkapi spot foto instagramable dan beberapa titik pandang yang nyaman. Waktu terbaik berkunjung adalah pagi hari untuk menikmati sunrise atau sore hari saat matahari terbenam. Lokasi: Provinsi Lampung Jam Buka: Selasa-Sabtu pukul 14.00-22.00 WIB. Minggu dan hari libur pukul 10.00-22.00 WIB Tiket Masuk: Rp25.000 - Rp35.000 (weekday); Rp35.000 - Rp45.000 (weekend). Anak di bawah 5 tahun gratis. Krakatau Park adalah taman rekreasi dan edukasi yang menawarkan lebih dari 20 wahana permainan dan 5 taman tematik. Beberapa wahana unggulannya antara lain Lava Seluncur, Tunggang Banteng, dan Rumah Hantu. Tersedia pula Galeri Sains yang edukatif dan Taman TikTok yang instagramable, menjadikannya pilihan wisata keluarga yang lengkap. Lokasi: Bakauheni Harbour City, Kecamatan Bakauheni, Lampung Selatan Jam Buka: Setiap hari, pukul 09.00-17.00 WIB Tiket Masuk: Mulai Rp70.000-Rp90.000 per orang Wira Garden menjadi pilihan tepat bagi wisatawan yang ingin menikmati suasana alam terbuka di tengah Kota Bandar Lampung. Taman wisata alam ini menawarkan suasana sejuk dan menenangkan, dilengkapi fasilitas seperti area outbound, aula meeting, gazebo, warung makan, mushola, dan area parkir luas. Lokasi: Jalan Wan Abdurrahman Batu Putu, Kecamatan Teluk Betung Utara, Bandar Lampung Jam Buka: Setiap hari, pukul 09.00-17.00 WIB Tiket Masuk: Rp15.000 per orang Bukit Cendana adalah area perkemahan luas yang mampu menampung hingga 150 tenda, dengan pemandangan alam hijau dan hamparan laut Pesawaran dari ketinggian. Tersedia berbagai spot menarik seperti danau buatan, kebun kopi, taman bunga, dan panorama pegunungan berlatar laut yang memukau. Lokasi: Desa Harapan Jaya, Kecamatan Way Ratai, Kabupaten Pesawaran, Lampung Jam Buka: 24 jam setiap hari Tiket Masuk: Rp5.000 per orang Pantai Krui adalah destinasi pantai di pesisir barat Sumatera yang dikenal sebagai salah satu surga surfing Indonesia. Ombak berkelas internasional menjadikannya magnet bagi peselancar mancanegara, sementara garis pantainya yang panjang dengan pasir cokelat keemasan cocok dinikmati oleh wisatawan yang ingin bersantai. Lokasi: Krui, Kecamatan Pesisir Tengah, Kabupaten Lampung Barat Jam Buka: 24 jam setiap hari Tiket Masuk: Rp5.000 per orang Dikutip dari Dinas Pariwisata Bandar Lampung, Taman Betung menawarkan suasana taman yang asri dengan berbagai fasilitas lengkap, mulai dari gazebo, musala, toilet, area bermain anak, kandang kelinci, spot foto estetik, hingga camping ground dan aula yang bisa disewa. Tersedia pula wahana perahu di danau buatan dengan tarif Rp10.000 per 30 menit. Lokasi: Jalan Wan Abdurrahman, Tanjung Gedung, Kecamatan Kemiling, Kota Bandar Lampung Jam Buka: Setiap hari, pukul 08.00-17.00 WIB Tiket Masuk: Rp15.000 per orang (dewasa), gratis untuk balita Farmora adalah taman edukasi dan agrowisata di perbukitan Bandar Lampung yang memadukan konsep rekreasi dan pembelajaran. Pengunjung bisa berinteraksi langsung dengan hewan seperti domba merino, kelinci, dan beragam unggas, sekaligus belajar proses peternakan dan pertanian. Tersedia pula restoran, spot foto bergaya Eropa, dan hiburan live music, menjadikannya destinasi ideal untuk wisata keluarga. Lokasi: Jalan Khadin Tihang, Gang Pertama No. 4, Sukarame II, Kecamatan Telukbetung Utara, Kota Bandar Lampung Jam Buka: Senin-Jumat pukul 09.00-17.00 WIB; Sabtu-Minggu pukul 09.00-17.30 WIB Tiket Masuk: Mulai Rp10.000 per orang, paket rombongan sekolah mulai Rp15.000 per anak Artikel ini ditulis oleh Widia Ardhana peserta Program MagangHub Bersertifikat dari Kemnaker di detikcom Anda menyukai artikel ini",6112
wisata viral Lampung,"Pantai Gigi Hiu Lampung: Daya Tarik, Harga Tiket hingga Lokasinya - detikcom",https://news.google.com/rss/articles/CBMisgFBVV95cUxOZTVCenJZaE54UzM0dXNfcm9NbEJRZDRiUVNsV2Jlc05nNk1mWHJ5VlNhbnFzcjVfd3hNanZUOHI2d1I0dkF2ODVVOHR6aHdSR3NEQXRfNlJrUzgzMzByaDEzQzBLWGVMa093cEpQTkk2THVWcEVXRmlyTUNRdkpaYVpaMzAydUNkR1RZYVM1X1UzX3F6QzNZX2FCZ0lKbWg2cklGN3d4WTAxRjZmNGIzVUxB0gG3AUFVX3lxTE1EVjVveUtoTVdxbzJ3LWJ2UzUzdzNFc2t3dDNDQTY4aWFVTHJFb3BCQ0h0V0licUN0VjM4NDNVSGh5dzhUaGt0akZIaHA2eVpqNElTck1qVDVBWGxVZUdnWEhsZ0hraEVQbUE5SzJLS3Q3R2poM25kM1NXN0g4SWdqNVhOb3oya2h6Q0k4dDk0YmQ0R1c5RWlxeTUxTkVyT09xdVFVcnB6U1FaZDdScHdGMlZjcE45aw?oc=5,2026-06-07 07:00:00+00:00,detikcom,https://jogja.disway.id/wisata/read/698488/daftar-destinasi-wisata-pantai-paling-populer-di-lampung-selatan,"diswayjogja.id – Provinsi Lampung, yang berdiri tegak di gerbang selatan Pulau Sumatera, kini telah memantapkan posisinya sebagai salah satu episentrum pariwisata yang paling diperhitungkan di Indonesia. Kedekatan geografisnya dengan Pulau Jawa serta aksesibilitas yang semakin membaik melalui infrastruktur jalan tol lintas Sumatera membuat daerah ini menjadi magnet bagi para pelancong, terutama saat memasuki musim libur panjang. Lampung tidak hanya menawarkan sekadar tempat persinggahan, melainkan sebuah petualangan visual yang memadukan garis pantai yang dramatis, pulau-pulau tropis yang eksotis, hingga situs-situs bersejarah yang sarat akan nilai perjuangan bangsa. Sektor pariwisata di wilayah Lampung Selatan khususnya, terus menunjukkan geliat pertumbuhan yang sangat signifikan melalui inovasi dan pengembangan fasilitas yang berkelanjutan. Pemerintah daerah bersama para pelaku usaha kreatif tampak bahu-membahu untuk mengubah potensi alam yang melimpah menjadi destinasi kelas dunia yang mampu menarik minat wisatawan domestik maupun mancanegara. Strategi pengembangan ini tidak hanya fokus pada keindahan estetika semata, tetapi juga menekankan pada kenyamanan keluarga, keamanan pengunjung, serta keberagaman pilihan aktivitas yang bisa dilakukan oleh berbagai rentang usia. Memilih Lampung Selatan sebagai tujuan berlibur bersama keluarga adalah keputusan yang sangat tepat karena karakteristik wisatanya yang sangat beragam. Di sini, pengunjung bisa merasakan sensasi berenang di laut yang jernih pada pagi hari, menikmati fasilitas modern di taman bermain air pada siang hari, dan menutup hari dengan memandangi matahari terbenam yang memukau di tepi pantai. Keramahan penduduk lokal serta sajian kuliner khas laut yang segar semakin menyempurnakan pengalaman batin para wisatawan yang ingin melepas penat dari hiruk-pikuk rutinitas perkotaan yang menjemukan. Oleh karena itu, sangat penting bagi para calon pelancong untuk memiliki panduan yang komprehensif mengenai titik-titik lokasi paling hits dan layak dikunjungi di Lampung Selatan. Dengan pemahaman yang baik mengenai karakter setiap destinasi, Anda dapat merancang jadwal perjalanan yang efisien dan berkesan. Dari pesona bawah laut yang menakjubkan hingga relaksasi di pemandian air panas alami, berikut adalah 12 rekomendasi destinasi wisata di Lampung Selatan yang wajib masuk ke dalam daftar rencana perjalanan liburan Anda berikutnya. BACA JUGA : Menjelajahi Permata Tersembunyi di Sumatra Sebagai Wisata Hemat dan Berkesan di Lampung BACA JUGA : Menemukan Wisata Keluarga Kedamaian di Taman Betung yang Asri dan Terjangkau di Bandar Lampung Pantai Minang Rua merupakan permata hijau di Lampung Selatan yang menawarkan keindahan alam yang masih sangat murni. Pantai ini bukan sekadar tempat bermain pasir, melainkan sebuah kawasan ekowisata yang memiliki fitur alam lengkap, mulai dari pasir putih yang halus hingga air laut berwarna gradasi biru kehijauan. Salah satu daya tarik yang jarang ditemukan di pantai lain adalah keberadaan ""Green Canyon"" versi lokal dan air terjun yang alirannya langsung jatuh ke bibir pantai. Selain itu, pengunjung juga bisa mengamati upaya pelestarian lingkungan melalui area konservasi penyu yang dikelola secara swadaya. Pantai Rio By The Beach Bagi wisatawan generasi muda yang mencari suasana kekinian, Pantai Rio By The Beach adalah jawabannya. Mengusung konsep beach club yang estetik, tempat ini menawarkan perpaduan antara keindahan alam dan fasilitas hiburan modern. Dengan dekorasi yang sangat fotogenik, penampilan musik langsung (live music), serta pilihan kuliner yang variatif, pantai ini menjadi lokasi favorit untuk bersantai sambil mengumpulkan konten media sosial yang menarik. Suasana santai namun elegan menjadikan pantai ini sangat populer belakangan ini. Pantai Marina dikenal luas sebagai destinasi yang sangat bersahabat bagi wisatawan keluarga. Karakteristik ombaknya yang cenderung tenang dan stabil menjadikannya lokasi yang relatif aman bagi anak-anak untuk bermain air di pinggir pantai. Fasilitas pendukung di sini sudah sangat mumpuni, mulai dari deretan gazebo untuk beristirahat, area parkir yang luas, hingga berbagai kedai makanan. Garis pantainya yang memanjang memberikan ruang gerak yang leluasa bagi siapa saja yang ingin berjalan-jalan santai sambil menikmati hembusan angin laut. Dahulu dikenal dengan nama Pantai Merak Belantung, Pantai M Beach kini tampil dengan wajah baru yang tetap mempertahankan keasrian lingkungannya. Pengelola menambahkan berbagai aksen dekoratif seperti ayunan di pinggir laut dan jembatan kayu yang artistik sebagai spot foto. Suasananya yang tidak terlalu bising dan teratur membuat tempat ini sangat direkomendasikan bagi mereka yang ingin mencari ketenangan atau sekadar ingin membaca buku dengan latar belakang suara ombak yang ritmis. Cek Berita dan Artikel lainnya di Google News",4872
museum viral Lampung,"Setelah Jokowi Dapat Gelar Adat dari 5 Kerajaan, Lalu Apa? - inilampung.com",https://news.google.com/rss/articles/CBMihAFBVV95cUxPT0ZJaXlOSEJIX3oxYVJESktpQTgzZHl4N2pzR2NlT29xQXBlSmNybGlhSGotMC02RDltUmEzSmxjeE9JSm1hVUVQZGFqUWdXakRXVXJZTW1leEluV3R4Zy1fYzdpb1ZjOThmdVhJQ0dxMnJON1BkWDJoZ1UwRDF2Q2ZaQVI?oc=5,2026-06-25 07:00:00+00:00,inilampung.com,https://www.detik.com/sumbagsel/wisata/d-8518298/pantai-gigi-hiu-lampung-daya-tarik-harga-tiket-hingga-lokasinya,"Lampung terkenal sebagai salah satu provinsi di Sumatera yang memiliki banyak destinasi wisata pantai. Setiap pantai memiliki daya tariknya tersendiri, termasuk Pantai Gigi Hiu. Sesuai dengan namanya, pantai ini memiliki keunikan yang membuat banyak orang mungkin penasaran dengan asal-usul penamaannya. Selain itu, Pantai ini juga dikenal sebagai destinasi wisata yang cukup tersembunyi dan membutuhkan usaha lebih untuk menjangkaunya. Berikut detikSumbagsel sajikan informasi mengenai Pantai Gigi Hiu Lampung mulai dari daya tarik, harga tiket, hingga lokasinya. Yuk, simak! SCROLL TO CONTINUE WITH CONTENT Dilansir dari detikTravel , alasan dibalik nama Pantai Gigi Hiu dikarenakan di pantai itu, memiliki bebatuan karang yang tajam layaknya gigi hiu. Selain itu, oleh masyarakat sekitar pantai ini juga dapat disebut sebagai Pantai Batu Layar oleh masyarakat sekitar. Hal tersebut karena adanya batuan yang mengembang sehingga terbentuk seperti layar pada perahu. Dilansir dari laman Dinas Pariwisata dan Ekonomi Kreatif Provinsi Lampung dan sumber lainnya, berikut ini sejumlah daya tarik dari Pantai Gigi Hiu, antara lain: Daya tarik utama dari pantai ini tentunya terletak pada deretan batu karang raksasa yang menjulang tinggi hingga 10 meter, sehingga mirip dengan gigi hiu. Selain itu bebatuan karang tersebut tersebar secara alami di sepanjang pesisir, menciptakan lanskap eksotis yang fotogenik. Cocok bagi detikers yang suka foto-foto. Tidak hanya soal batu karangnya yang unik, sunrise dan sunset di pantai ini juga tidak kalah keren. Sinar matahari yang memantul di antara batu-batu membuat suasana terasa magis. Apabila detikers masih punya nyali untuk berada hingga malam/bermalam di sini. Detikers akan berkemungkinan mendapatkan keindahan bonus hamparan bintang-bintang atau yang disebut Star Gasing jika langit malam dalam keadaan cerah yang dapat membuat suasana semakin menakjubkan. Harga Tiket Pantai Gigi Hiu Dilansir dari berbagai sumber, harga tiket masuk ke pantai ini berkisar antara 20 ribu hingga 40 ribu per orang. Selain itu tempat parkir untuk mobil dan motor dibedakan. Mengingat akses jalan yang sempit, bagi penggendara mobil dapat memarkirkan kendaraannya di dekat pendopo dan melanjutkan perjalanan ke area pantai dengan berjalan kaki. Sementara itu bagi pengendara motor dapat langsung pergi ke area pantai menggunakan motor. Perlu diingat juga untuk mengecek kondisi kendaraan apakah prima atau tidak, mengingat rute tempuh pantai yang menantang. Pantai Gigi Hiu Lampung berada di Kecamatan Kelumbayan, Kabupaten Tanggamus, Lampung. Jika detikers berangkat dari Bandar Lampung, estimasi waktu yang ditempuh diperkirakan 3-5 jam. Apabila detikers bertekad menuju ke sini, maka harus siap untuk berpetualang. Mengingat letak pantai ini tersembunyi. Namun, jangan khawatir sebab di tengah perjalanan, akan disuguhkan pemandangan laut dari daratan tinggi. Dari Bandar Lampung, dapat melewati 2 rute. Rute pertama melewati Teluk Kiluan yang berjarak sekitar 80 km. Sedangkan rute kedua melewati Padang Cermin, lalu menyusuri Tulang Bawang, hingga Kampung Kelumbayan. Demikian informasi mengenai Pantai Gigi Hiu mulai dari daya tarik, harga tiket, hingga lokasinya. Semoga bermanfaat ya detikers! Artikel ini ditulis oleh Bagus Rahmat Nugroho, peserta Program MagangHub Bersertifikat dari Kemnaker di detikcom . Anda menyukai artikel ini",3371
museum viral Lampung,Apa Itu Sampah Antariksa? Benda Bercahaya yang Lintasi Langit Lampung - detikNews,https://news.google.com/rss/articles/CBMirAFBVV95cUxPVUQ5dHJ3VmNWaVFjMUduRE5JaVFkTmZSUHlxbHlkaVJPbUllR3FZdnRZWjN6emJONnhzUGkxQkx1eEExYXVwRklvSEhCSFhFdS1lNER5eFlvdDBEb091T0sxRUN3UGVSX005TEU5cDhObFVhR09QSXptcTljWXpJcng5cVNySmIxU1VhQWdlX213bWcwOU1VdHd6OHc0eVhleTZZczZ5Z3ZkNmhE0gGyAUFVX3lxTE5ISU02OHZib2s3dUxhM3R6VUo0c1c3MTNxcHRmSm1VZmZ2NGJMbEptOEpKbHlLcFhaUGlsclBjd2ZvUEpCNHVtcjZNSGpnMURibE5nSGVuS09uQ0Zrb24xNE9pRXBmRDBvenVGQWVLbE5iYk03RE05cHQ3djAtWC1wenZnbnVQWjdZbC1la1FHMDJDVVkwTGRudjlRaWEtUTBZU3RROEc0UmhKZ1p3SHFYcUE?oc=5,2026-04-05 07:00:00+00:00,detikNews,https://www.inilampung.com/2026/06/setelah-jokowi-dapat-gelar-adat-dari-5.html,"--> Breaking News Home › BUDAYA › JOKO WIDODO › OPINI › PSI LAMPUNG Setelah Jokowi Dapat Gelar Adat dari 5 Kerajaan, Lalu Apa? Dibaca : 0 INILAMPUNG Kamis, 25 Juni 2026 Komentar Baca Juga Oleh: Helmi Fauzi | pemerhati sosial budaya Joko Widodo pernah mengenakan pakaian adat Lampung, pada acara detik-detik Proklamasi 17 Agustus Tahun 2021, di Istana Merdeka Jakarta. Peristiwa penting itu menjadi viral dan membanggakan warga di Lampung. (dok.setneg) TIDAK ada yang salah dengan upaya melestarikan budaya. Tidak ada yang keliru dengan pembukaan museum adat. Tidak ada pula yang perlu dipersoalkan jika masyarakat adat ingin menggelar begawi, sewarean, atau menganugerahkan gelar kepada seseorang yang mereka anggap layak. Masalah baru muncul ketika ruang budaya menjadi terlalu sesak oleh kepentingan politik. Agenda Pelestarian Budaya dan Pembukaan Museum Kedatun Keagungan Lampung pada 27 Juni 2026 sejatinya merupakan kegiatan yang patut diapresiasi. Museum dibutuhkan. Budaya memang harus dirawat. Tradisi adat perlu terus dihidupkan agar tidak hanya menjadi pajangan dalam buku sejarah. Namun, publik tentu berhak bertanya ketika seluruh rangkaian acara itu justru bertemu dengan safari politik Joko Widodo sebagai tokoh sentral Partai Solidaritas Indonesia (PSI). Sulit mengatakan bahwa dua agenda tersebut berdiri sendiri. Terlebih, setelah prosesi adat, jadwal berikutnya adalah menghadiri Rakorda PSI, bertemu kader, relawan, hingga berbagai konsolidasi politik. Di titik itulah budaya kehilangan jarak dengan politik. Pertanyaan paling sederhana sebenarnya bukan mengapa Jokowi diberi gelar adat. Pertanyaannya adalah: Mengapa sekarang? Mengapa bukan ketika beliau masih menjabat Presiden dan memiliki kewenangan besar membantu kebudayaan Lampung? Mengapa bukan setelah lahir kebijakan besar yang benar-benar mengangkat masyarakat adat Lampung? Mengapa justru dilakukan ketika beliau sedang melakukan safari politik menjelang konfigurasi politik menuju Pemilu 2029? Pertanyaan-pertanyaan itu tidak otomatis menuduh siapa pun. Tetapi pertanyaan semacam itu wajar dalam masyarakat demokratis. Gelar Adat untuk Apa? Dalam tradisi Lampung, adok (gelar adat) bukan sekadar rangkaian kata indah. Gelar adalah pengakuan sosial. Ia mengandung tanggung jawab moral. Ia melekat pada kehormatan sekaligus kewajiban. Karena itu, pemberian gelar seharusnya memiliki dasar yang jelas. Apa kontribusi seseorang terhadap masyarakat adat? Apa jasanya terhadap pelestarian budaya? Apa warisan yang ia tinggalkan? Kalau jawabannya kabur, gelar berubah menjadi sekadar seremoni. Lebih buruk lagi bila berubah menjadi instrumen pencitraan. Kita tentu menghormati hak masyarakat adat Pemuka Way Kanan, Subing Terbanggi Besar, maupun Marga Buai Bulan Megow Pak Tulangbawang untuk mengangkat saudara dan memberikan penghormatan kepada siapa pun. Namun, masyarakat juga memiliki hak yang sama untuk mempertanyakan makna penghormatan tersebut. Sebab gelar adat bukan barang pribadi. Ia membawa nama kebudayaan Lampung. Politik Menunggangi Budaya Lima belas tahun lalu, Udo Z. Karzi menulis esai ""Feodalisme Modern di Lampung"". Esai itu terasa seperti sedang ditulis untuk hari ini. Ia mengingatkan bahwa adat telah berkali-kali dipolitisasi demi kepentingan elite. Adok diberikan kepada pejabat. Gelar dianugerahkan kepada penguasa. Upacara adat dijadikan panggung legitimasi. Yang diuntungkan bukan masyarakat adat, melainkan elite politik. Tulisan itu bahkan menyebut fenomena ""berburu gelar adat"" sebagai gejala feodalisme modern. Kalimat itu masih relevan hingga sekarang. Bedanya, tokoh politik datang dan pergi silih berganti. Yang tetap tinggal hanyalah masyarakat adat dengan segala persoalannya. Pertanyaan pentingnya adalah apa yang didapat Lampung. Sudah berapa banyak pejabat memperoleh gelar adat Lampung? Sudah berapa gubernur? Berapa menteri? Berapa jenderal? Berapa politisi nasional? Berapa tokoh yang sekadar mampir beberapa jam di Lampung lalu pulang membawa adok? Lalu, apa hasilnya? Apakah bahasa Lampung semakin kuat? Apakah sekolah-sekolah adat bertambah? Apakah manuskrip kuno berhasil diselamatkan? Apakah para penyimbang memperoleh perlindungan hukum? Apakah rumah-rumah adat bertambah? Apakah generasi muda semakin bangga memakai bahasa Lampung? Apakah museum-museum hidup dengan koleksi yang baik? Kalau jawabannya belum, berarti ada sesuatu yang salah. Barangkali, kita terlalu sibuk memberi penghormatan kepada orang luar, tetapi lupa menghormati kebudayaan sendiri. Dalam ilmu ekonomi dikenal istilah inflasi. Semakin banyak uang beredar tanpa nilai produksi yang memadai, semakin turun nilainya. Hal yang sama bisa terjadi pada gelar adat. Semakin mudah gelar diberikan, semakin turun wibawanya. Semakin sering dipakai sebagai alat politik, semakin hilang kesakralannya. Padahal, kehormatan adat justru lahir dari kelangkaan, ketelitian, dan pertimbangan moral. Kalau setiap tokoh politik yang datang memperoleh gelar, lama-kelamaan masyarakat akan memandang adok hanya sebagai souvenir kebudayaan. Itulah yang sebenarnya berbahaya. Setelah Gelar Itu Diberikan Katakanlah Jokowi resmi menjadi saudara masyarakat adat. Lalu apa? Apakah akan lahir beasiswa kebudayaan Lampung? Apakah akan dibangun pusat dokumentasi bahasa Lampung? Apakah museum adat mendapat dukungan nasional? Apakah para peneliti budaya memperoleh perhatian? Apakah pemerintah pusat kelak memberikan afirmasi terhadap pelestarian budaya Lampung? Kalau tidak ada tindak lanjut, maka gelar itu berhenti sebagai foto bersama. Ia akan menjadi berita sehari. Besok masyarakat sudah lupa. Yang tersisa hanyalah pigura penghargaan di dinding rumah. Padahal, kebudayaan tidak hidup dari pigura. Budaya hidup karena diwariskan. Politik tentu membutuhkan simbol. Namun, simbol budaya jangan dijadikan alat kampanye yang terlalu telanjang. Sebab, politik memiliki siklus lima tahunan. Adat memiliki usia ratusan tahun. Politik mengenal menang dan kalah. Adat mengenal martabat. Politik berganti elite. Budaya diwariskan lintas generasi. Karena itu, adat semestinya menjaga jarak yang sehat terhadap seluruh kekuatan politik. Bukan memusuhi politik, tetapi juga tidak menjadi subordinasinya. Masyarakat adat akan jauh lebih terhormat apabila mampu mengatakan bahwa siapa pun boleh datang, siapa pun boleh dihormati, tetapi adat tidak boleh diperalat. Pada akhirnya, sejarah tidak akan mengingat berapa banyak gelar yang diterima seseorang. Sejarah justru akan mengingat apa yang ia lakukan setelah menerima penghormatan itu. Karena itu, jika benar Jokowi akan menjadi saudara masyarakat adat Lampung, masyarakat tentu berharap status itu tidak berhenti sebagai seremoni. Seorang saudara semestinya ikut memikul beban keluarganya. Kalau benar menjadi bagian dari keluarga besar adat Lampung, maka kontribusi nyata bagi pelestarian bahasa, sastra, museum, rumah adat, manuskrip, dan pendidikan budaya jauh lebih penting daripada keris pusaka, pin kehormatan, atau selembar piagam. Sebab, yang dibutuhkan Lampung hari ini bukan semakin banyak gelar adat yang beredar. Yang dibutuhkan adalah semakin banyak orang yang sungguh-sungguh bekerja untuk menjaga martabat adat itu sendiri. * Penulis pemerhati sosial-budaya, alumnus Sosiologi FISIP Unila. #BUDAYA #JOKO WIDODO #OPINI #PSI LAMPUNG Bagikan Komentar LIPSUS X",7284
museum viral Lampung,"Aksinya Terekam Kamera dan Viral, 2 Begal Serahkan Diri ke Polisi - Liputan6.com",https://news.google.com/rss/articles/CBMitAFBVV95cUxNSFFvUGhkZ0hJSnNvMHlTM25CVzB5OWZfNG1idlU3YnIwbHpiUlpkMjlZalpzOWFoc3lIWFNBTV9abExyR2E5VUhoeFF3YV9PeURab2RoLW9aZVd3YWZtdGVJWGtkUTBseTdpNndKUHlKZXYzWGtjbWpGOFlkMXhHLWRZRHpYa1BCMkp0TlVmeEU5X3JmZy1fSzhCSkMwX2pLU1NocElPV0dZX2ViZDViNl9SSUTSAacBQVVfeXFMT2lRX3QzYk40WnktdHZnc0FzQTA5dFpaZzBqX2E4ekY3aEM4U0ZLSmNvbVRQNGVEb0ZnWE1NdDJlMXZLbklqM1Vwa2d3N1RXLW9INnNLcHpOekpPQ1lReWhFaHNRTWhQUkxmR25mNE1oLTdPZlFBRzMwQmtCLTE4OGtZV3RQZGVEaVhaOGY2QUl2bXNqVERvdnhXbkcwbVhFM1VzYTF6ZTA?oc=5,2026-06-10 07:00:00+00:00,Liputan6.com,https://news.detik.com/berita/d-8430265/apa-itu-sampah-antariksa-benda-bercahaya-yang-lintasi-langit-lampung,"Benda bercahaya yang melintas di langit Lampung sempat menghebohkan warga dan ramai dibahas di media sosial. Badan Riset dan Inovasi Nasional ( BRIN ) menyebut benda langit misterius tersebut merupakan sampah antariksa . ""Masyarakat sekitar Lampung dan Banten dihebohkan dengan objek terang yang meluncur di langit dan tampak terpecah menjadi beberapa bagian. Itu adalah pecahan sampah antariksa,"" kata Profesor Astronomi BRIN Thomas Djamaluddin saat dikonfirmasi di Jakarta, dilansir Antara , Minggu (5/4/2026). Lalu, apa itu sampah antariksa dan bagaimana benda tersebut bisa terlihat dari Bumi? Simak penjelasan lengkap mengenai sampah antariksa, mulai dari pengertian hingga bahayanya berikut ini. SCROLL TO CONTINUE WITH CONTENT Sampah antariksa adalah objek buatan manusia yang berada di luar angkasa dan sudah tidak berfungsi lagi. Merujuk laman Natural History Museum , sampah antariksa dapat berupa satelit mati, bagian roket, hingga pecahan kecil dari tabrakan objek di orbit. Objek tersebut tetap mengorbit Bumi dengan kecepatan tinggi dan jumlahnya terus bertambah seiring meningkatnya aktivitas peluncuran satelit dan misi luar angkasa. Kondisi ini membuat sampah antariksa menjadi perhatian para ilmuwan karena dapat mengganggu aktivitas di orbit. Natural History Museum menjelaskan bahwa sebagian sampah antariksa pada akhirnya dapat masuk kembali ke atmosfer Bumi dan terbakar sehingga terlihat sebagai cahaya terang dari permukaan Bumi. Sampah antariksa berasal dari berbagai aktivitas manusia di ruang angkasa. Merujuk laman BRIN tentang bahaya sampah antariksa, sumber utamanya berasal dari sisa peluncuran roket, satelit yang sudah tidak aktif, serta pecahan akibat tabrakan objek di orbit. Aktivitas peluncuran satelit yang terus meningkat membuat jumlah objek di orbit semakin banyak. Benda yang sudah tidak digunakan tetap berada di orbit dan berpotensi menjadi sampah antariksa jika tidak dikendalikan. BRIN menjelaskan bahwa sampah antariksa menjadi tantangan dalam pengelolaan ruang angkasa karena pergerakannya sulit dikendalikan dan dapat menimbulkan risiko bagi satelit aktif maupun misi luar angkasa. Sampah antariksa memiliki risiko yang perlu diwaspadai karena bergerak dengan kecepatan sangat tinggi di orbit. Merujuk laman BRIN setidaknya terdapat dua bahaya sampah antariksa, yaitu ketika di orbit dan ketika jatuh ke permukaan Bumi. ""Pada saat mengorbit, ada potensi sampah antariksa bertabrakan dengan satelit aktif. Ini akan menimbulkan masalah pada satelit aktif tersebut sehingga ada upaya untuk membatasi sampah antariksa. Bahaya yang lainnya yaitu ketika jatuh di permukaan Bumi, bisa dilihat dari segi ukuran bisa sampai berton-ton. Ini berpotensi membahayakan tetapi kejadiannya langka,"" terang Profesor Astronomi BRIN Thomas Djamaluddin, dilansir laman BRIN. BRIN mencatat sampah antariksa pernah beberapa kali jatuh di wilayah Indonesia. Berdasarkan data yang dihimpun BRIN, kejadian tersebut antara lain pada tahun 1981 di Gorontalo milik Rusia, 1988 di Lampung milik Rusia, 2004 di Bengkulu milik RRT, 2016 di Sumenep Madura milik Amerika Serikat, 2017 di Sumatera Barat milik RRT, dan 2022 di Kalimantan Barat milik RRT. Merujuk penjelasan BRIN, Indonesia memiliki potensi dilintasi sampah antariksa karena berada di wilayah khatulistiwa yang menjadi lintasan orbit banyak satelit dan roket. Oleh karena itu, pemantauan objek antariksa terus dilakukan untuk mengantisipasi potensi jatuhnya benda luar angkasa ke wilayah Indonesia. BRIN juga menjelaskan bahwa sampah antariksa yang jatuh menjadi tanggung jawab negara pemiliknya. Kepemilikan objek dapat diketahui melalui katalog antariksa dan analisis lintasan orbit, sehingga jika terjadi kerugian besar dapat melibatkan negara peluncur sesuai ketentuan hukum internasional. Lihat juga Video: Indonesia Belum Punya Alat Pendeteksi Sampah Antariksa yang Jatuh ke Bumi [Gambas:Video 20detik] Anda menyukai artikel ini",3915
museum viral Lampung,"Krakatau Historical Corner, Ikon Baru Wisata Edukasi Lamsel? - IDN Times Lampung",https://news.google.com/rss/articles/CBMiwwFBVV95cUxQcTM0dFZnNTR3VFZ2d2hDbi1RVGR3SFFKZXRGR3F1blN1M3dqWEU5UEduUThyRDNHSHkwaUpnbDRwbVlWd0o0cmRZWDF1QnlJUE9mNFp0ZXNhMDZ4Zk5ReEJyTFk5U1lTZm50NjNmdlVQb2JXYVp2azc2QThCT05EOUNYUE95ckhSeW1BNkpXSVdKZnhaZHFoWHpBd0swTDl2X0NyRld2TWx5OFBoWjhzdWs5MEZKckstOGc4cWNKRmVTSmfSAcgBQVVfeXFMTXZUZ2pZTjlpTEpuSUV2aGJnYXhDdkZhTjNrdzYwQXRRRU05bXJOSFVWNVBWOW1ObzhlMkdDSjBVTnJwakxMRC1tM0RZalg5cC1GemxyYkdWT3VNTjlGZi1wUjdEaWxGa080NVRrR0RFV2l5TVUwOWdlLTQ5b2VOM0tzU09hdEZqSXBkMmdFaHVPYVBRUW9BMkNLYW1uVC0tM3pBTU5DbEczWkdnRGdnbEtzRzBNQnF5QVFKT0wtN0QtTm5nMmRVSmM?oc=5,2026-04-08 07:00:00+00:00,IDN Times Lampung,https://berita.liputan6.com/regional/read/7877620/aksinya-terekam-kamera-dan-viral-2-begal-serahkan-diri-ke-polisi,"Liputan6.com, Jakarta - Dua pelaku pembegalan yang viral setelah aksinya terekam kamera dashboard (dashcam) milik warga di Kabupaten Lampung Timur, akhirnya menyerahkan diri. Kedua pelaku terlibat dalam kasus pencurian dengan kekerasan (curas) terhadap seorang pemuda di Jalan Raya Desa Sukadana Tengah, Kecamatan Sukadana, Lampung Timur. Kasatreskrim Polres Lampung Timur AKP Stefanus Boyoh mengatakan kedua pelaku menyerahkan diri ke Mapolres Lampung Timur pada Rabu (10/6/2026) sekitar pukul 13.40 WIB. Polisi menetapkan dua tersangka, yakni seorang anak berhadapan dengan hukum (ABH) berinisial V dan seorang pelaku lainnya berinisial RA. Peristiwa pembegalan terjadi pada Senin (8/6/2026) sekitar pukul 09.30 WIB. Saat itu, korban melintas dari arah Way Jepara menuju Belitang, Kabupaten Ogan Komering Ulu (OKU) Timur, Sumatera Selatan. Setibanya di Jalan Umum Desa Sukadana Tengah, korban dipepet oleh dua pelaku yang mengendarai sepeda motor Honda Beat warna hijau doff. Kedua pelaku kemudian memaksa korban berhenti. ""Setelah korban menghentikan kendaraannya, salah satu pelaku mengeluarkan senjata tajam dan mengancam korban. Pelaku meminta uang tunai serta telepon genggam milik korban,"" kata Stefanus, Rabu (10/6). Karena takut, korban menyerahkan uang sebesar Rp 500 ribu dan satu unit telepon genggam Redmi 13C. Setelah berhasil merampas barang-barang korban, kedua pelaku melarikan diri ke arah Way Jepara. Akibat kejadian tersebut, korban mengalami kerugian sekitar Rp1,5 juta dan melaporkannya ke Polres Lampung Timur. Dari hasil penyelidikan, polisi mengamankan sejumlah barang bukti, di antaranya satu unit ponsel milik korban, kotak ponsel, sebilah badik bersarung kulit, pakaian yang digunakan pelaku saat beraksi, serta sepeda motor Honda Beat yang digunakan dalam aksi pembegalan. Stefanus juga mengungkap bahwa setelah dilakukan pengembangan, kedua tersangka mengaku terlibat dalam aksi pembegalan lainnya yang juga terjadi di wilayah hukum Polres Lampung Timur. Untuk diketahui, kasus pembegalan ini menjadi perhatian publik setelah rekaman dashcam milik seorang warga bernama Nia Yashofa viral di media sosial. Saat itu Nia mengaku tengah membuat konten perjalanan bersama suami dan anaknya ketika tanpa sengaja merekam aksi pembegalan tersebut. Dalam video yang beredar, terlihat korban dipepet dan dihentikan oleh dua pria bermotor. Curiga melihat kejadian itu, Nia dan suaminya kemudian mengejar korban untuk memastikan situasi yang sebenarnya. Setelah mengetahui korban baru saja dibegal, mereka mengawal korban menuju Polres Lampung Timur untuk membuat laporan polisi. Rekaman tersebut kemudian menjadi salah satu petunjuk penting bagi polisi dalam mengidentifikasi para pelaku hingga akhirnya berhasil diamankan.",2743
toko viral Lampung,"Wanita di Lampung BAB di Depan Ruko Terekam CCTV, Pedagang Resah - detikcom",https://news.google.com/rss/articles/CBMisgFBVV95cUxNQzBsWkJEY3pNWEFLcXF1SDdFdXgyVl9OTS1qd2tvZ1VJVDcxQVlqaFZsZmlDc0trWW1SdmJMb2prNkVTU2EyY3RhNHJIcmE3SjJYdEh0M2dqOTlleERlSGlCRGhybElHVDIwOUp3d3FvY1l2cTBpNFlUd2VpQVRZUjktbWNiZ0FNNlVZVDNOX2dxVlZvTHhDcWJjSUR2R0xLanl4czh2YVdLVk5udjZyZGtB0gG3AUFVX3lxTE1Nc1I4LTFhM19aczcyUW51R1U1RTdjOFo1UGk3SlN5VjN4NnhieWNsX0JiRVdxMGJPSUh0cjJ1Rjl1X3NCYmJqXzluTmhlb3NjcHhzRmNKUVJVY3pUa2VNdHduaENnTHV4RFpYbjhCVTVfV243NWNQdnRzRWpNcGJ0NjNRWlpXdldCbGxuMW5PQ2NxZ2FZd2dmZ1N6LTF4S1BoczZaYUFHa1F4VFJsSlE2MGw0YlA1bw?oc=5,2026-07-09 07:00:00+00:00,detikcom,https://www.merahputih.com/post/read/hoaks-atau-fakta-toko-harian-yang-dekat-dengan-kopdes-merah-putih-dipaksa-ditutup,"MERAHPUTIH.COM - BEREDAR informasi di media sosial yang menyebut toko harian yang berada di dekat Koperasi Desa Merah Putih dipaksa untuk tutup. Penutupan ini dikabarkan dilakukan agar tak mengganggu eksistensi kopdes Merah Putih.Informasi ini diunggah akun Facebook 'Berita Update'.Akun ini menampilkan petugas terlibat cekcok dengan pemilik toko dengan klaim bahwa pemilik toko harian diperintahkan untuk tutup secara paksa karena lokasinya berdekatan dengan kopdes. Pengunggah juga menambahkan narasi. NARASI 'Viral, pemilik toko disuruh tutup oleh aparat karena dekat dengan KOPDES merah putihSumber: dimasrinjani Bagaimana pendapat Anda? Tulis di kolom komentar.' TurnBackHoax menemukan klaim serupa pada unggahan kanal YouTube 'fothe junior' [arsip].Unggahan akun Facebook 'Berita Update' telah mendapat 25 tanda suka, menuai 14 komentar dan dibagikan ulang sebanyak 39 kali. Sementara itu, unggahan kanal YouTube 'fothe junior' telah mendapat lebih dari 12.000 tanda suka dan menuai 6.700-an komentar. FAKTA Tim Pemeriksa Fakta Mafindo (TurnBackHoax) memasukkan video yang diunggah kanal YouTube 'fothe junior' tersebut ke dalam InVid. Beberapa keyframe yang diperoleh melalui InVid kemudian dipindai menggunakan Yandex. Hasil pencarian tersebut mengarahkan pada konteks asli video yang telah diunggah lima tahun lalu, antara lain:Tribun Kaltim Official 'VIRAL PETUGAS PPKM VS PENJUAL KOPI SAAT PENERTIBAN COVID 19' yang diunggah pada Minggu (11/7/2021), Voidotid 'Ribut Pedagang Angkringan dengan Petugas PPKM di Bandar Lampung' yang tayang pada Senin (12/7/2021), dan Kompascom Reporter on Location 'Video Polisi dan Pedagang Saling Bentak Penertiban PPKM Darurat di Bandar Lampung' tayang pada Senin (12/7/2021).Melansir dari ketiga sumber tersebut, video itu diambil ketika petugas penertiban PPKM bersitegang dengan pedagang warung kopi di Bandar Lampung pada Juli 2021. KESIMPULAN Faktanya, video yang dibagikan merupakan video petugas penertiban PPKM yang bersitegang dengan pemilik warung kopi di Bandar Lampung pada Juli 2021. Jadi, unggahan video berisi klaim 'toko harian dipaksa tutup karena dekat dengan kopdes' merupakan konten yang menyesatkan.(knu)",2171
toko viral Lampung,ITERA: Benda angkasa viral lintasi langit Lampung sampah antariksa - ANTARA News Sumbar,https://news.google.com/rss/articles/CBMirgFBVV95cUxOTkN1Y1p1d0ZkQl9zQnpfanA5ajllLWl4MnRfUVNqT2pYcjVsMGF2VWFpREgtMzVIRkVUYTJHdVVhNHlxWXpxZlpMZ0loWldMWDhaRHF1MjFPZmFYeTRPMzRmSjdwTjROM2U1SGJHdTd5RGhIMTR2RWZGSmtEZWlkVHNvQ0hzQ0l1d25fdFEyMUhIY0NaV3BIY2l6Zk5wemNlM1lkQjBIbHZ3WHpuTHc?oc=5,2026-04-05 07:00:00+00:00,ANTARA News Sumbar,https://www.detik.com/sumbagsel/berita/d-8566019/wanita-di-lampung-bab-di-depan-ruko-terekam-cctv-pedagang-resah,"Seorang wanita terekam kamera pengawas (CCTV) diduga buang air besar (BAB) di depan sebuah ruko di Plaza Bandar Jaya, Kabupaten Lampung Tengah. Aksi tersebut membuat resah para pedagang lantaran disebut sudah terjadi lebih dari empat kali. Rekaman CCTV yang viral di media sosial itu memperlihatkan wanita yang belum diketahui identitasnya datang ke lokasi pada Sabtu (4/7/2026) sekitar pukul 06.37 WIB. Ia mengenakan pakaian rapi dan membawa tas selempang. Dalam rekaman, wanita itu berhenti di depan ruko yang masih tutup. Ia kemudian jongkok di depan toko, lalu berpindah ke sisi lain bangunan dan kembali melakukan hal serupa sebelum meninggalkan lokasi. SCROLL TO CONTINUE WITH CONTENT Penjaga toko, Devi, mengatakan pegawai baru mengetahui adanya kotoran manusia saat hendak membuka toko sekitar pukul 07.10 WIB. ""Awalnya kami mencium bau tidak sedap. Setelah lampu dinyalakan, ternyata ada kotoran manusia. Bukan hanya di satu titik, tetapi di beberapa tempat,"" kata Devi saat dikonfirmasi, Rabu (8/7/2026). Devi mengungkapkan, kejadian itu bukan pertama kali dialami pihak toko. Menurutnya, aksi serupa telah berulang lebih dari empat kali hingga akhirnya pengelola memasang CCTV untuk mengungkap pelakunya. ""Sudah sering. Kurang lebih empat kali kejadian seperti ini, makanya sekarang kami pasang CCTV,"" ujarnya. Meski wajah pelaku terekam kamera, Devi mengaku tidak mengenalnya. Ia mengatakan penampilan wanita tersebut tampak layaknya warga pada umumnya sehingga tidak menimbulkan kecurigaan. ""Kalau lihat dari pakaiannya rapi, seperti orang normal. Pakai tas juga, jadi kami sama sekali tidak menyangka,"" ucapnya. Aksi tersebut membuat pedagang di sekitar lokasi merasa terganggu. Selain menjual pakaian adat, posisi ruko juga berada di kawasan pusat perbelanjaan yang berdampingan dengan pedagang makanan. ""Kami jelas merasa risih dan terganggu. Apalagi di depan toko juga ada pedagang makanan,"" katanya. Pihak toko telah melaporkan kejadian itu kepada pengelola Plaza Bandar Jaya. Saat ini, pengelola bersama para pedagang masih berupaya mengidentifikasi wanita yang terekam dalam CCTV tersebut. Anda menyukai artikel ini",2135
toko viral Lampung,"Video Viral Diduga Pelaku Penembakan Polisi Ditangkap, Ini Kata Kapolda Lampung - Kupas Tuntas",https://news.google.com/rss/articles/CBMisgFBVV95cUxOSnJ4Mm5rNkJ4aU9tZ3JlTVpybXVDVVlVWGFRNmp3T0R2UENxZFowQ3BwczRGZVNkdXI3NjdTMUhlOURrRENYUGxFc0o3bnV1R1ZlYmNPS1lmejBUN2Q1TVAtbjVUQXVHVkI1dGk3YWxxQUdfc2VxRDdrV3FqOWZPcXE1U1RhS0h4OFBWYjZSX1NsS1czTURUY2hqb2I0THdycFRQRVY2cnpPN015Smt2TlJn?oc=5,2026-05-12 07:00:00+00:00,Kupas Tuntas,https://sumbar.antaranews.com/berita/756029/itera-benda-angkasa-viral-lintasi-langit-lampung-sampah-antariksa,"Bandarlampung (ANTARA) - Kepala Pusat Observatorium Astronomi ITERA Lampung (OAIL) Dr. Annisa Novia Indra Putri menyampaikan bahwa benda angkasa yang melintasi langit Lampung pada Sabtu (4/4) kemungkinan sampah antariksa. ""Fenomena langit yang menghebohkan masyarakat itu bukan komet, kemungkinan hal itu sampah antariksa,"" katanya dihubungi dari Bandarlampung, Minggu. Dia menjelaskan berdasarkan analisis sementara benda terang dan berekor yang melintas di langit Lampung memiliki gerakan dan lintasan yang tidak menyerupai komet. ""Bahkan dari pecahan yang ada di video tersebut itu bukan ciri-ciri dari komet,"" kata Kepala Pusat Observatorium Astronomi pada Institut Teknologi Sumatera (ITERA) itu. Dr Annisa menyebutkan bahwa benda langit tersebut kemungkinan besar sampah antariksa dari tubuh roket milik Negara China. ""Namun begitu, benda langit tersebut tidak bahaya karena benda jatuh yang turun ke bumi sudah berinteraksi dengan atmosfer dan terbakar. Biasanya hanya sisa-sisa saja yang sampai ke permukaan bumi,"" kata dia. Pada sisi lain Dr. Annisa mengatakan terdapat sebuah komet yang mencapai jarak terdekat dengan Matahari pada jarak 0,02 sa. Apabila komet ini tidak hancur, akan menjauh dari Matahari dan mencapai perige atau jarak terdekatnya dengan Bumi pada tanggal (6/4). ""Komet ini bernama C/2026 A1 (MAPS). Komet ini merupakan komet pelintas dekat Matahari atau sungrazer. Jika komet ini selamat dari perihelion maka MAPS akan tampak di rasi Cetus dan menjadi objek yang hien diamati dengan mata tonna alat ID,"" kata dia. Viral di media sosial sebuah benda langit melintasi langit Lampung pada Sabtu (4/4). Sejumlah masyarakat yang menyaksikan hal itu mengira benda langit tersebut merupakan komet yang jatuh ke bumi. Berita ini telah tayang di Antaranews.com dengan judul: Pewarta: Dian Hadiyatna Uploader: Laras Robert COPYRIGHT © ANTARA 2026",1865
toko viral Lampung,"Viral Penggerebekan di Lampung Timur, Diduga Pelaku Penembak Bripka Arya Ditangkap - MetroTVNews.com",https://news.google.com/rss/articles/CBMiwAFBVV95cUxPSmNtektsQjBzaGdUcVlkQVBfNzVkOUJTeGdfMGxrbzkyYkdHSjh6c3k0eU1NVW9OYkNueC1qcnB6VjUwNkUwMVhMLUhWSEU0MWNXam1GcVpUa0JscTcyZHBneFJvd3c2bEdFZjV1ZTU4NlRpS0FkMXZoZjdxUWRVMkJFRHJaNmlNV1FFMmxWME1ZVmVickdWWml2bkhFT3hYT2FldzJYbXd4YWZpNThHSmduVnZLTmJGZURBT2VqbHY?oc=5,2026-05-12 07:00:00+00:00,MetroTVNews.com,https://kupastuntas.co/2026/05/12/video-viral-diduga-pelaku-penembakan-polisi-ditangkap-ini-kata-kapolda-lampung,"Kapolda Lampung Irjen Pol Helfi Assegaf, saat diwawancarai di Mapolda Lampung, Selasa (12/5/2026). Foto: Yudi/kupastuntas.co Kupastuntas.co, Bandar Lampung - Kapolda Lampung Irjen Pol Helfi Assegaf menegaskan informasi terkait penangkapan pelaku penembakan anggota Polda Lampung, Bripka Anumerta Arya Supena, yang beredar melalui video viral masih belum dapat dipastikan kebenarannya. Irjen Helfi menyampaikan, hingga saat ini tim gabungan masih terus melakukan pengejaran terhadap para pelaku serta mendalami seluruh informasi yang beredar di masyarakat. ""Sedang berlangsung pengejaran. Nanti kita press release resmi, kita ungkapkan semua,” kata Helfi Assegaf saat diwawancarai di Mapolda Lampung, Selasa (12/5/2026). Saat ditanya mengenai kabar bahwa pelaku telah ditangkap di wilayah Jabung, Lampung Timur, Kapolda meminta publik menunggu hasil resmi penyidikan. ""Ini masih proses penyidikan ya, lagi proses penyidikan. Nanti setelah ada kepastian, kita akan baru konfirmasi ke sana, karena masih banyak yang harus kita klopkan informasinya,” ujarnya. Begitu juga saat dikonfirmasi terkait video viral yang disebut-sebut memperlihatkan proses penangkapan salah satu pelaku, Helfi belum membenarkan informasi tersebut. ""Belum. Nanti kita informasikan setelah selesai,” tegasnya. Sebelumnya, kabar penangkapan salah satu pelaku begal penembak Bripka Anumerta Arya Supena ramai beredar melalui video di media sosial. Dalam rekaman itu tampak sejumlah aparat bersenjata mengepung sebuah rumah warga yang disebut berada di wilayah Kecamatan Jabung, Kabupaten Lampung Timur. Baca juga : Video Penggerebekan Viral, Diduga Pelaku Penembakan Polisi Berhasil Ditangkap Suasana di lokasi terlihat tegang. Warga sekitar memadati area penangkapan untuk menyaksikan penggerebekan. Dalam video juga terdengar beberapa kali suara letusan yang diduga berasal dari tembakan saat proses penyergapan berlangsung. Namun hingga kini, pihak kepolisian belum memberikan keterangan resmi terkait identitas terduga pelaku maupun jumlah orang yang diamankan. Untuk diketahui, Bripka Anumerta Arya Supena tewas ditembak pelaku curanmor pada Sabtu, 9 Mei 2026 sekitar pukul 05.30 WIB. Peristiwa itu terjadi di Jalan ZA Pagar Alam, tepatnya di depan toko Yussy Akmal, kawasan Kedaton, Bandar Lampung. Korban diketahui memergoki aksi pencurian sepeda motor dan berusaha menggagalkan pelaku. Namun komplotan pelaku yang diduga membawa senjata api langsung melepaskan tembakan ke arah korban hingga mengenai bagian kepala. Korban sempat dilarikan ke RS Bhayangkara Polda Lampung, namun nyawanya tidak tertolong. Kematian Bripka Anumerta Arya Supena memicu perhatian luas masyarakat Lampung dan menjadi sorotan atas maraknya aksi kriminal bersenjata di jalanan. Polda Lampung sendiri telah membentuk tim gabungan untuk memburu para pelaku yang masih buron. (*)",2830
toko viral Lampung,"Video Penggerebekan Viral, Diduga Pelaku Penembakan Polisi Berhasil Ditangkap - Kupas Tuntas",https://news.google.com/rss/articles/CBMirwFBVV95cUxPdzNRbTZ2VUxDRk1IQlRIbXBfdjF5cUtTZUd4Q0tnMmp2Z1d5SHkyNWcwNUZyS2lYRkpIZGtwU0p1eTdpN0hmTUxJX05Wd1FSVDJHa0ZMVzQxanBhSUIzMjJ1TDJFck5tcmo2OThFQUM5TG92X2J0Z01JaE52eUlfdkh0dWxaY0J2eURGc2JXTzZrQ19XajV2bjJKM01HQzhhSDEyQ0ZtV0R1X1Q1NDZ3?oc=5,2026-05-11 07:00:00+00:00,Kupas Tuntas,https://www.metrotvnews.com/play/KYVCeGRp-viral-penggerebekan-di-lampung-timur-diduga-pelaku-penembak-bripka-arya-ditangkap,"Bandar Lampung: Video penggerebekan yang diduga dilakukan tim khusus Polda Lampung viral di media sosial. Dalam video tersebut, aparat kepolisian dikabarkan berhasil menangkap salah satu pelaku pencurian kendaraan bermotor ( curanmor ) yang terlibat dalam penembakan terhadap Bripka anumerta Arya Supena. Peristiwa penggerebekan disebut terjadi di wilayah Kabupaten Lampung Timur. Dalam rekaman video amatir warga, terdengar beberapa kali suara letusan tembakan saat aparat kepolisian melakukan pengejaran dan penggerebekan terhadap terduga pelaku.",548
toko viral Lampung,Aksi Pencuri Bawa Payung Pink Saat Bobol Toko Di Tanggamus Lampung - SinPo.id,https://news.google.com/rss/articles/CBMimAFBVV95cUxNZ3U2TXl0cDlobWh5eU1yWExHMVQ0NUVIdTB0eFFsdExnNERVdmowNHZXZnRrR1RVbjRhNFBoaFphQ2hranJ4RlBFbHRHZDdWUXhpemRTUE9zeDRlLURvSlJrX0FpZnBrdGpQV1FaTmk3YWpaN3JndExiaVhZM3dmNmN0aU9JNl80NHlJMmVtcXZBWUNST29TNg?oc=5,2026-07-05 07:00:00+00:00,SinPo.id,https://kupastuntas.co/2026/05/11/video-penggerebekan-viral-diduga-pelaku-penembakan-polisi-berhasil-ditangkap,"Video Penggerebekan Viral, Diduga Pelaku Penembakan Polisi Berhasil Ditangkap. Foto: Ist. Kupastuntas.co, Lampung Timur - Aparat kepolisian diduga berhasil menangkap salah satu pelaku begal yang terlibat dalam kasus penembakan anggota Polda Lampung, Bripka (Anumerta) Arya Supena, yang terjadi beberapa hari lalu di Bandar Lampung. Informasi penangkapan tersebut beredar luas melalui video yang memperlihatkan suasana penggerebekan di sebuah rumah warga yang dikabarkan berada di wilayah Kecamatan Jabung, Kabupaten Lampung Timur. Dalam video itu, terlihat sejumlah aparat kepolisian bersenjata melakukan pengepungan lokasi. Suasana di lokasi tampak tegang. Warga sekitar terlihat ramai menonton di area penangkapan untuk menyaksikan proses penggerebekan. Dalam rekaman video juga terdengar beberapa kali suara letusan yang diduga merupakan tembakan saat aparat melakukan upaya penangkapan terhadap terduga pelaku. Meski demikian, hingga kini pihak kepolisian belum memberikan keterangan resmi terkait detail operasi penangkapan tersebut, termasuk identitas pelaku maupun jumlah orang yang diamankan. Baca juga : Banyak Karangan Bunga di Lokasi Tewasnya Brigadir Arya Supena, Toko Baru Pasang CCTV Pascakejadian Sebelumnya, Bripka (Anumerta) Arya Supena, anggota Banit III Subdit IV Ditintelkam Polda Lampung, tewas ditembak pelaku Curanmor pada Sabtu, 9 Mei 2026 sekitar pukul 05.30 WIB. Peristiwa itu terjadi di Jalan ZA Pagar Alam, tepatnya di depan toko Yussy Akmal, kawasan Kedaton, Bandar Lampung, tidak jauh dari Mal Boemi Kedaton (MBK). Korban diketahui memergoki aksi pencurian sepeda motor dan berusaha menggagalkan pelaku. Namun pelaku yang diduga merupakan komplotan begal bersenjata api langsung melepaskan tembakan ke arah korban hingga mengenai bagian kepala. Bripka (Anumerta) Arya Supena sempat dilarikan ke RS Bhayangkara Polda Lampung untuk mendapatkan penanganan medis, namun nyawanya tidak tertolong. Kematian Bripka (Anumerta) Arya Supena memicu perhatian luas masyarakat Lampung dan menjadi sorotan terkait maraknya aksi kriminal bersenjata di jalanan. Polda Lampung sebelumnya telah membentuk tim gabungan untuk memburu para pelaku yang melarikan diri usai kejadian. (*)",2194
toko viral Lampung,"Viral, Puluhan Babi Lepas dan Berkubang di Jalan Rusak Usai Truk Terguling di Lampung - MetroTVNews.com",https://news.google.com/rss/articles/CBMixAFBVV95cUxOM0pmX0pPSmV1OFBEVE9RWFJNdGJlcVc1NjcwR3h6cU1GTUhaRkpCeTRRY2l2eEpDSmNmMWh0NHFhWVhzTzR3TWZVRXNpN1VjeThCR09VMEloc2Z4SkYySzhnWUZEZFIwSzYyNGVua0xVZVozN3ZENDdlNVlxcE1VMF8yblJhVXNwVFNJdzNhOUFONmw1YTJZSU44M0tsVDRWd1pWZUdrcVRxMm5tLURkemxFRnJIWWVLX2tMZDNEdnpZUWo0?oc=5,2026-06-22 07:00:00+00:00,MetroTVNews.com,https://tv.sinpo.id/detail/aksi-pencuri-bawa-payung-pink-saat-bobol-toko-di-tanggamus-lampung,"SinPo.tv - Sebuah rekaman CCTV yang memperlihatkan aksi pencurian dengan modus tak lazim viral di media sosial. Pelaku terekam membawa payung merah muda yang terus dibuka saat membobol toko material di Kabupaten Tanggamus, Lampung, diduga untuk menghalangi kamera merekam identitasnya. #sinpotv #sinpotvnews #Tanggamus #Kriminal 27 September 2026 | 05:00 WIB NASIONAL | 1 hari yang lalu INTERNASIONAL | 5 hari yang lalu NASIONAL | 4 hari yang lalu INTERNASIONAL | 5 hari yang lalu NASIONAL | 6 hari yang lalu",508
toko viral Lampung,"Dipergoki Kurir Paket, Empat Pencuri Gagal Gasak Motor di Sukarame Bandar Lampung - Kupas Tuntas",https://news.google.com/rss/articles/CBMitAFBVV95cUxQM1hibHdjZ2VzMWdFZXU0WlNNTkw1VV9ad3FTMnRJTF9JQnRiUkVnRTF0eWhuOV9GWWlOMkRXc0xrdkE5UEhhWWgtTWNFczZZTnkxMmw4cmxnUlQxdVg1ZWlEWGxPU01xSUZPT0ZCU181SFdLWEpfSVBYWGFKVU1QejMxd2NGb2tBVlVJZzh1dGpZOEdybDE3aXRIdXZvaUt2UDF5UmcwZlU1ak1XZVQ2MDFEVG0?oc=5,2026-04-13 07:00:00+00:00,Kupas Tuntas,https://www.metrotvnews.com/play/NrWC8WzM-viral-puluhan-babi-lepas-dan-berkubang-di-jalan-rusak-usai-truk-terguling-di-lampung,"Way Kanan: Sebuah video yang memperlihatkan puluhan ekor babi berkubang di jalan berlumpur di Kabupaten Way Kanan, Lampung, viral di media sosial. Setelah ditelusuri, hewan-hewan tersebut berasal dari sebuah truk pengangkut ternak yang terguling saat melintasi ruas jalan rusak di wilayah tersebut. Peristiwa itu terjadi di Kampung Bali Sadar Utara, Kecamatan Banjit, Kabupaten Way Kanan . Dalam video yang beredar, puluhan babi terlihat berkeliaran dan berkubang di jalan yang dipenuhi lumpur. Berdasarkan informasi yang dihimpun, truk tersebut mengangkut sekitar 100 ekor babi yang akan dikirim menuju Medan dan Kalimantan. Saat melintas di jalan yang dipenuhi lubang dan genangan air, kendaraan diduga kehilangan kendali hingga akhirnya terguling.",750
tempat belanja viral Lampung,"Viral Pengadaan Penghapus Pensil Rp30 Juta, Ini Kata Pemkab Lambar - IDN Times Lampung",https://news.google.com/rss/articles/CBMiwAFBVV95cUxQeWI3YTZnUC1COTFJZlBWZDQ5cEVNUDkteFRoTF80TTNxemRoTmFob050SG5wS3c3aGNQMVJFUmtzenFkNDV2N0VwYW1IcW5XSldYMmxTeFhOd0llZTk1aXFmemNrSXNyTjg3aHJqLUJrU2xkRG5HRU45cncwelZkeW4waHYxVTc1WWY2NmNxQXA2X2MtcVRyZ2p1ZzZsYkRyUFBIN1doLWhndlRQMjYzelU2MGpBaUhCNXUtZGVDeXrSAcYBQVVfeXFMTUFqZXBFdllhcC1YV2NXU0V3NXluZmVsMlZqcHFRM1JSelk5TzNNU2ppbUFDMzFKVlhrSml3WXV1bmtUbE9HdWx1M2t1U0lxV1p5c0hoN3lPTEl0ZzdNdmtQOG5CeldHbzdQT01wSm5JYVJTLVgzMGNmcU5sUERyclhVNi1KSUxURm1uUlNGVmRPV2NINWtlZGhkMkNRNEI5eF9zeWd1UWpRdXFNM1AtS0hvNHhCeWg5Y183M0ZTNTZxTDhpX2dR?oc=5,2026-06-19 07:00:00+00:00,IDN Times Lampung,https://kupastuntas.co/2026/04/13/dipergoki-kurir-paket-empat-pencuri-gagal-gasak-motor-di-sukarame-bandar-lampung,"Rekaman CCTV menunjukkan keempat pelaku saat mencoba melancarkan aksinya di sebuah toko di Sukarame Bandar Lampung. Foto: Ist Kupastuntas.co, Bandar Lampung - Aksi percobaan pencurian sepeda motor
(curanmor) di Jalan Pulau Pisang, Kecamatan Sukarame, Kota Bandar Lampung,
gagal setelah dipergoki seorang kurir paket. Peristiwa tersebut pun viral di
media sosial. Berdasarkan rekaman kamera pengawas (CCTV) yang diterima Kupas Tuntas,
empat orang pelaku datang dengan mengendarai dua unit sepeda motor. Mereka sempat berhenti di depan toko sebelum turun dan langsung mengincar
satu unit sepeda motor jenis Honda Beat yang terparkir di halaman dalam. Salah satu pelaku bahkan sudah sempat memundurkan sepeda motor tersebut dan
diduga hendak merusak kunci kontak. Namun, aksi mereka mendadak terhenti saat seorang kurir datang untuk
mengantarkan paket. Kedatangan kurir tersebut membuat situasi berubah. Saat salah satu karyawan
keluar untuk menemui kurir, kondisi di luar toko sudah mencurigakan, bahkan
motor milik korban sudah dalam posisi dimundurkan. Mengetahui aksinya dipergoki, para pelaku langsung panik dan melarikan diri
tanpa berhasil membawa kabur kendaraan yang menjadi target. Dari rekaman CCTV, para pelaku terlihat didominasi berusia remaja. Wajah
salah satu pelaku terekam jelas, sementara dua lainnya mengenakan masker dan
satu pelaku memakai helm. Salah satu saksi mata sekaligus karyawan toko, Nikma, mengatakan kejadian
tersebut terjadi pada Sabtu, 11 April 2025 sekitar pukul 15.39 WIB, saat
dirinya bersama rekan kerja berada di dalam toko. “Kemarin kami masih di dalam, terus ada kurir manggil. Pas salah satu
keluar, ternyata di luar sudah ramai. Kata kurir, motor kok sudah dimundurin,”
kata Nikma saat ditemui Senin (13/4/25). Ia menambahkan, kurir sempat menanyakan maksud kedatangan para pelaku
sebelum akhirnya diketahui sebagai upaya pencurian. “Sempat ditanya sama kurir mereka mau ambil paket atau tidak, tapi dijawab
tidak. Motor sudah posisi dimundurin, lalu kurir minta cek CCTV, ternyata
mereka mau maling motor milik owner tempat kami bekerja,” jelasnya. Nikma pun berharap pihak kepolisian segera menangkap para pelaku yang dinilai
sudah meresahkan. “Kami berharap pelaku bisa segera ditangkap, apalagi mereka masih terlihat
muda,” ujarnya. Peristiwa ini menjadi pengingat pentingnya kewaspadaan, sekaligus
menunjukkan peran tak terduga seorang kurir paket yang berhasil menggagalkan
aksi kejahatan. (*)",2463
tempat belanja viral Lampung,Sekolah Rakyat: Anggaran 'tidak wajar' memunculkan kecurigaan - BBC,https://news.google.com/rss/articles/CBMiYEFVX3lxTFAyd1dNZi1JTkVNTVRTb2hmczAxU2V3MzQ3SkJCNGt0NE1xdkFuaUJycHRaalRGLXV2NEJIZUpZRnk5RTl0OWM5bzdNXzlNUklMUnZEMFU3ZGNQZVZURWdKSdIBZkFVX3lxTE53Tlk1Vnp4bV9yMXRJMGVsUW5vRDBaN0k0bFF4QXZXY2k1MmxGQkdQd0VZdm9Tai13MVFCWGNPT2xIVmZBVXZhblZUNU1Zdm1OazZxMC1HZ1lXczJ0WUdZUzZMbU1DQQ?oc=5,2026-05-08 07:00:00+00:00,BBC,https://lampung.idntimes.com/news/lampung/viral-pengadaan-penghapus-pensil-rp30-juta-ini-kata-pemkab-lambar-00-5h6fh-y1nk7p,"Lampung Barat, IDN Times - Temuan data anggaran pengadaan barang berupa penghapus pensil yang mencapai puluhan juta rupiah di lingkungan Pemerintah Kabupaten (Pemkab) Lampung Barat (Lambar) viral di media sosial (Medsos).Berdasarkan tangkapan layar yang beredar di media sosial (Medsos), paket pengadaan dengan kode RUP 66039458 tercatat memiliki nama paket Belanja ATK (DPMPTSP LB) pada Dinas Penanaman Modal dan Pelayanan Terpadu Satu Pintu (DPMPTSP) Kabupaten Lampung Barat Tahun Anggaran 2026.Dalam rincian paket tersebut, volume pekerjaan tertulis sembilan buah dengan uraian pekerjaan berupa penghapus pensil. Namun, perhatian publik ialah nilai total pagu anggaran mencapai Rp30.042.000. Dalam data yang diterima IDN Times tersebut, spesifikasi barang tertulis sebagai penghapus pensil dengan ukuran minimal 100 x 150 x 300 milimeter berwarna putih atau menyesuaikan dengan kebutuhan.Selain itu, paket tersebut menggunakan metode pemilihan penyedia melalui e-purchasing dengan jenis pengadaan barang. Jadwal pelaksanaan dan pemilihan penyedia tercantum berlangsung pada Maret 2026. Menanggapi ramainya informasi tersebut, Kepala DPMPTSP Lampung Barat, Robert Putra, menjelaskan paket pengadaan dengan nama ""Belanja ATK (DPMPTSP LB)"" senilai Rp30.042.000 bukan diperuntukkan untuk membeli sembilan buah penghapus pensil saja.Menurutnya, paket tersebut merupakan paket konsolidasi kebutuhan Alat Tulis Kantor (ATK) yang menggabungkan sebanyak 108 Rencana Umum Pengadaan (RUP) dari berbagai subkegiatan di lingkungan DPMPTSP selama satu tahun anggaran.""Ini paket konsolidasi kebutuhan Alat Tulis Kantor (ATK) yang menggabungkan 108 RUP ATK dari beberapa subkegiatan dalam satu tahun anggaran,"" katanya, saat dikonfirmasi, Jumat (19/6/2026). Robert menegaskan, penyusunan paket konsolidasi tersebut mengacu pada amanat Peraturan Presiden Nomor 16 Tahun 2018 tentang Pengadaan Barang/Jasa Pemerintah, beserta perubahannya yang terakhir diatur melalui Peraturan Presiden Nomor 45 Tahun 2026.Melalui mekanisme konsolidasi, pemerintah daerah dapat menggabungkan paket-paket pengadaan sejenis dalam satu proses pengadaan sehingga administrasi menjadi lebih sederhana dan pelaksanaannya lebih efisien.Selain itu, langkah tersebut juga disebut bertujuan mewujudkan tata kelola pengadaan yang lebih efektif, transparan, dan akuntabel sesuai prinsip-prinsip pengadaan barang dan jasa pemerintah. ""Penyusunan RUP konsolidasi paket tersebut dilakukan melalui Sistem Informasi Rencana Umum Pengadaan (SiRUP),"" imbuh Robert.",2514
tempat belanja viral Lampung,"Respon Cepat, Polisi Cek TKP Pencurian Rokok di Sukoharjo Pringsewu - Tribratanews Polda Lampung",https://news.google.com/rss/articles/CBMiuwFBVV95cUxPSG9CbnZ3eUI5SjhyUjNHS3NycU5RTDNFVDZBZTR6dkZETWtZWlcyRkpTcGlaVjRiZkd1MkUxbm5RVVFiMFF5akZfZFJQeUx3QTBUOWZJTE5uMVJLSjExbjFsVHE5c05uX2NESjNCSUxqRWduZTFjWmtLZWM1S0dJNEhxTkpaYXlMSG9fMXptU0FoOXY5d1hMamRWRTcwSWVRNndURVhJYmVXWk1mWTJZTktOaWpya1BkTHpB?oc=5,2026-05-13 07:00:00+00:00,Tribratanews Polda Lampung,https://www.bbc.com/indonesia/articles/cjdp32pxgj0o,"Sumber gambar, ANTARA FOTO Dugaan penggelembungan anggaran pada program Sekolah Rakyat ramai diperbincangkan di media sosial, setelah terungkap bahwa ada perbedaan signifikan antara harga berbagai barang yang dianggarkan dan harga wajar barang-barang tersebut di pasar. BBC News Indonesia dan sejumlah lembaga antikorupsi menemukan ketidakwajaran harga sejumlah barang yang ditawarkan penyedia di e-katalog Lembaga Kebijakan Pengadaan Barang/Jasa Pemerintah (LKPP), yakni Inaproc. Menteri Sosial, Saifullah Yusuf, menyebut harga sepatu yang ramai dibicarakan tersebut merupakan perkiraan pada tahap perencanaan yang berkisar Rp500.000 sampai Rp700.000. Akan tetapi, harga realisasi pembeliannya sekitar Rp250.000 hingga Rp640.000, dan sudah termasuk kaos kaki. Dia mengklaim hal ini sudah sejalan dengan aturan pengadaan. Ia pun menambahkan pengadaan sepatu untuk program sekolah rakyat tidak sepenuhnya dilakukan secara terpusat oleh kementerian. Untuk tahap awal, pembelian diserahkan kepada masing-masing sekolah. ""Anggaran dikasihkan ke sekolah, sekolah beli sendiri-sendiri,"" ujar Saifullah. Akan tetapi, Program Officer Divisi Tata kelola Partisipasi dan Demokrasi Transparency International Indonesia (TII), Agus Sarwono, mewanti-wanti harga yang tidak wajar dalam pengadaan bukan sekadar isu teknis, tapi indikasi serius adanya potensi penggelembungan harga. ""Ketika negara justru membeli dengan harga yang sangat jauh diatas kewajaran, publik berhak curiga bahwa ada persoalan dalam proses perencanaan, penentuan spesifikasi teknis, hingga dalam proses penentuan penyedia,"" ujar Agus. ""Masalahnya tidak lagi sekadar inefisiensi anggaran, melainkan pergeseran berbahaya menuju praktik korupsi yang terselubung dalam prosedur yang tampak sah secara administratif,"" tambahnya. Akhir dari Paling banyak dibaca Liputan mendalam BBC News Indonesia langsung di WhatsApp Anda. Upaya penggelembungan anggaran atau mark-up bukan modus baru dalam tindak pidana korupsi. Hal ini juga diduga terjadi pada program prioritas pemerintah karena ada ketidakwajaran harga pada sejumlah barang yang masuk dalam rencana pengadaan atau telah direalisasikan. ""Masalahnya, seringkali penyedia menawarkan harga di e-katalog yang nilainya sangat besar dibandingkan e-commerce. Ketika ada kementerian/lembaga/pemerintah daerah yang membeli harga tinggi dibandingkan dengan e-commerce, upaya penindakan atau pengawasannya cenderung tidak ada,"" ujar Kepala Divisi Hukum dan Investigasi ICW, Wana Alamsyah. Komisi Pemberantasan Korupsi (KPK) menyatakan telah melakukan kajian terkait program ini. ""Kajian ini guna memotret proses bisnis dan penerapannya di lapangan, apa saja dan di mana saja yang masih rentan dan berpotensi terjadinya tindak pidana korupsi,"" ujar Juru Bicara KPK, Budi Prasetyo, di Jakarta, Rabu (06/05). Pada Jumat (08/05) ini, Saifullah telah menemui pimpinan KPK untuk menjelaskan prosedur pengadaan barang dan jasa di Kementerian Sosial. Kepala Pusat Penerangan Hukum Kejaksaan Agung, Anang Supriatna, tidak memberikan respons saat ditanya mengenai tindak lanjut dari dugaan penggelembungan anggaran yang mungkin terjadi pada Sekolah Rakyat. BBC News Indonesia menelusuri sistem pengadaan Inaproc yang berkaitan dengan Sekolah Rakyat. Pencarian dibatasi hanya pada Kementerian Sosial. Pada Rencana Umum Pengadaan tahun anggaran 2026 , Kementerian Sosial memiliki 3.645 paket pengadaan dengan total nilai Rp2,85 triliun. Dari rencana ini, sebanyak 933 paket telah direalisasikan dengan total nilai Rp336,9 miliar. Dari nilai Rp336,9 miliar, BBC News Indonesia menemukan pengadaan kaos kaki sebesar Rp2,42 miliar. Namun, pengadaan sepatu belum direalisasikan. Hal ini tidak sesuai dengan klaim menteri bahwa sepatu sudah termasuk kaos kaki. Selain itu, ada sejumlah pengadaan dengan perbedaan signifikan antara harga pada e-katalog dan harga toko resmi. Antara lain, pengadaan drone, lambang garuda, foto bingkai presiden dan wakil presiden, jam dinding, gerobak angkut, dan mesin cuci. Pada pengadaan drone, misalnya, anggaran total realisasinya sebesar Rp4,03 miliar. Nama paketnya hanya tertulis ""Pengadaan drone pada sekolah rakyat"" yang dibagi dalam dua paket melalui dua penyedia, yakni Media Citra Komunikasi dan Pilar Kreasi Teknologi. Pada laman Inaproc , Media Citra Komunikasi hanya memiliki dua jenis drone yaitu DJI Mini 5 Pro Combo RC2 Plus seharga Rp25 juta dan DJI Air 3S Fly seharga Rp31,7 juta. Akan tetapi, harga resmi sebelum diskon di toko resmi DJI lebih rendah. DJI Mini 5 Pro dengan spesifikasi yang sama berharga Rp18 juta. Adapun DJI Air 3S Fly dijual Rp24 juta. Artinya, pengadaan kedua perangkat itu punya selisih sekitar Rp7 juta dengan harga di toko resmi. Sementara itu, produk drone milik Pilar Kreasi Teknologi menawarkan pilihan DJI Air 3S Fly dan seri mavic, tapi tertulis belum aktif. Sumber gambar, Screenshot e-katalog Begitu pula dengan mesin cuci dua tabung. Kebutuhan mesin cuci memang ada pada tiap Sekolah Rakyat mengingat konsep asrama yang dijalankan. Akan tetapi, harga yang ditawarkan penyedia di e-katalog sebesar Rp2,55 juta untuk mesin cuci dua tabung merk Polytron. Ini satu-satunya jenis mesin cuci yang ada di dalam e-katalog penyedia. Namun, harga resmi dengan spesifikasi dan merk yang sama di toko resmi tercatat Rp1,82 juta. Anggaran untuk jam dinding juga telah dikeluarkan sebesar Rp1,82 miliar. Dalam e-katalog penyedia, satu-satunya jam dinding merk Seiko yang dijualnya dibanderol seharga Rp666.000. Namun, tidak ada spesifikasi jam dalam katalog tersebut. Harga untuk jam serupa di toko resmi Seiko berkisar pada angka Rp360.000. Barang lain adalah foto bingkai Presiden dan Wakil Presiden yang direalisasikan sebesar Rp2,72 miliar. Harga sepasang bingkai dan foto di penyedia sebesar Rp1 juta. Sumber gambar, Screenschot laman Inaproc Untuk pengadaan sepatu, realisasi yang sudah terjadi pada anggaran 2025 berupa sepatu dinas, sepatu harian, dan sepatu olahraga untuk guru sebesar Rp4,23 miliar. Kemudian, ada juga sepatu harian, sepatu olahraga, serta sepatu PDH dan PDL untuk siswa sebesar Rp24,6 miliar. Ada satu penyedia di dalam e-katalog yang menawarkan dua sepatu olahraga bermerek Mills dan Specs. Untuk sepatu Mills seri Cruz Triple Black dibanderol Rp505.000. Padahal harga aslinya sebesar Rp369.000 di toko resminya. Sepatu Specs seri Coanda dihargai Rp500.000 pada katalog. Padahal di toko resminya harganya berkisar Rp599.000 hingga Rp749.000. Di penyedia lain, terdapat sepatu olahraga sebesar Rp721.000 hingga Rp750.000 tanpa gambar dan spesifikasi yang jelas. Untuk sepatu harian, ada tiga penyedia yang dipilih dalam e-katalog. Ketiganya tidak menampilkan sepatu keluaran Stradenine. Salah satu penyedia memberikan harga sepasang sepatu sekolah sebesar Rp499.000. Semua pengadaan sepatu ini di bawah satuan kerja Sekretariat Jenderal dengan penyedia yang sudah tercantum sehingga semestinya tidak bisa sekolah membeli sendiri seperti klaim menteri. Sementara itu, ⁠⁠berdasarkan catatan ICW, rencana umum pengadaan 2026 dengan menggunakan kata kunci 'sekolah rakyat' totalnya mencapai Rp3,8 triliun dengan rencana pengadaan sebanyak 1.013 paket. Ini tersebar pada Kementerian Sosial dan Kementerian Pekerjaan Umum. Temuan ICW rencana belanja yang paling besar ada pada pekerjaan konstruksi yakni sekitar Rp3,1 triliun atau 80,5% dari total rencana belanja yang dikhususkan untuk sekolah rakyat. ""⁠⁠Besarnya rencana belanja untuk sekolah rakyat tanpa adanya mekanisme pengawasan yang ekstra ketat akan membuka celah terjadinya praktik korupsi, terutama di pengadaan,"" ujar Kepala Divisi Hukum dan Investigasi ICW, Wana Alamsyah. Peneliti Transparency International Indonesia (TII), Agus Sarwono, juga menemukan beberapa hal dalam Inaproc. Salah satunya terkait dengan konstruksi berupa biaya bongkaran gedung dan bangunan yang mencapai Rp3,8 miliar. Kepala Divisi Hukum dan Investigasi ICW, Wana Alamsyah, menyoroti adanya pergeseran pola metode pengadaan yg sebelumnya kebanyakan tender, kini menjadi e-purchasing. Melalui metode ini, kementerian/lembaga/pemerintah daerah bisa memilih sendiri penyedia yang sesuai dengan kebutuhan. Persoalannya, harga di e-katalog yang nilainya sangat besar dibandingkan e-commerce atau toko resmi. Di sisi lain, kementerian/lembaga/pemerintah daerah tidak melakukan negosiasi. Padahal, e-purchasing telah menyediakan fitur untuk bernegosiasi sehingga bisa melakukan penawaran harga. ""Ini harusnya bisa dilakukan, tapi yang terjadi harganya tetap dibiarkan tinggi tanpa ada penindakan dan pengawasan. Hal ini berpotensi menjadi celah korupsi yang difasilitasi oleh sistem dan regulasi."" Data penindakan KPK sepanjang periode 2004 hingga 2025, terdapat 446 perkara berkaitan dengan pengadaan barang dan jasa dari total 1.782 kasus. Penyelewengan pada pengadaan barang dan jasa ini menjadi modus perkara terbesar kedua setelah suap dan gratifikasi. Secara terpisah, Agus berkata dugaan harga sepatu hingga Rp700.000 dalam program Sekolah Rakyat bukan sekadar isu teknis pengadaan, tapi indikasi serius adanya potensi penggelembungan harga yang tidak bisa ditoleransi. Kondisi pasar normal, sepatu siswa dengan kualitas yang sangat baik tidak berada pada rentang harga yang tertera di e-katalog. ""Ketika negara justru membeli dengan harga yang sangat jauh diatas kewajaran, publik berhak curiga bahwa ada persoalan dalam proses perencanaan, penentuan spesifikasi teknis, hingga dalam proses penentuan penyedia,"" ujar Agus. ""Situasi ini semakin problematik ketika sebelumnya pemerintah menyampaikan narasi yang tidak konsisten terkait komponen pengadaan, seperti kasus kaos kaki yang terbukti dianggarkan terpisah."" Ia juga melanjutkan, persoalannya bukan hanya pada angka Rp700.000 itu sendiri. Namun, ada pada pola sistemik pengadaan yang membuka ruang lebar untuk melakukan pembengkakan biaya. Ruang lebar itu berupa pemisahan paket pengadaan, penggunaan e‑purchasing tanpa pengujian kewajaran harga, serta lemahnya transparansi dalam justifikasi spesifikasi merupakan kombinasi yang kerap menjadi pintu masuk terjadinya praktik korupsi. Dalam banyak kasus, praktik semacam ini dilakukan secara ""legal prosedural"", tetapi secara substansi merugikan keuangan negara dan merugikan hak siswa sekolah rakyat untuk mendapatkan kualitas barang/jasa yang lebih baik. ""Jika tidak diuji secara kritis, maka penggelembungan harga dapat dengan mudah disamarkan sebagai ""spesifikasi khusus"" atau ""kualitas premium"","" kata Agus. Sumber gambar, ANTARA FOTO Agus pun mendorong KPK dan Kejaksaan untuk aktif dan tidak hanya menunggu laporan formal. Langkah proaktif melalui audit terhadap kewajaran harga dan penelusuran desain pengadaan menjadi keharusan, terutama karena program ini dibiayai uang publik dan menyasar kelompok rentan. ""Aparat penegak hukum harus menguji apakah harga tersebut wajar, bagaimana spesifikasi disusun, siapa penyedianya, dan apakah terdapat indikasi pengondisian. Pendekatan "" follow the money "" juga penting untuk memastikan tidak ada aliran keuntungan tidak sah di balik kontrak yang tampak formal."" Di sisi lain, ia menambahkan situasi ini menjadi ujian serius bagi efektivitas Perpres Pengadaan Barang dan Jasa terbaru, yaitu Perpres Nomor 46 Tahun 2025. Regulasi itu menawarkan fleksibilitas tinggi tapi juga berpotensi mereduksi ketajaman pengawasan apabila tidak disertai kontrol yang kuat dan transparansi yang memadai. Jika praktik semacam ini terjadi pada program yang menyasar kelompok paling rentan, maka konsekuensinya jauh lebih dalam: bukan hanya kerugian keuangan negara, tetapi juga erosi kepercayaan publik yang mendasar terhadap komitmen pemerintah dalam menjaga integritas pengelolaan anggaran.",11643
tempat belanja viral Lampung,"Viral Flexing Menantu DPRD Lampung Tengah, Klaim Postingan Sudah Lama - IDN Times Lampung",https://news.google.com/rss/articles/CBMixAFBVV95cUxNS0dMeTV2T1MzZHBBZTFEVXNldzlvTHh3MmpjcmJSbVlMeXlHZVJqcEJjN054UXpHSGRCZS00aHktaFAwVUNGVEw5LVlCTzRVS3BHOWUxdXQ0cGRqNkZkWkhZMlpIcEFyUVUzYk00TmxjQll6VHZadmxBUkhFNG9xcENHenFSQUdYZUNHeHZDWE5WWF9YbVhzY3FPQ0E3V2Z1WU9zZ3YwZ1NqajRmNTJvNFZtcGlHQlgxRm9NWnJuNXFqWU5u0gHKAUFVX3lxTE85b2l4TGxmME9JSGRQWGJiNkIyRWFvSFdBRXV5ako2cHBGcVV6TENaWkVtcmZCaHZqNVpzN1lQOUxSRUg2WDVfOV9DdmVOVEYtcWU5V3dfd0YtcWhVc3FwWlF1YkYzenI2aWY4NGF4VE5idnZVMmJjVTMtc2lWTDdEUjhmWU5UbUdVQW9rd19PR1hZUWNLSXVVaGsyZXhCY3hmaV9rM3F6TkNCS0UxaDZvdHJBUDlwZTNXSGJWd2l4MlRxZzJCR0RTT2c?oc=5,2026-07-25 07:00:00+00:00,IDN Times Lampung,https://tribratanews.lampung.polri.go.id/detail-post/respon-cepat-polisi-cek-tkp-pencurian-rokok-di-sukoharjo-pringsewu,"tribratanews.lampung.polri.go.id. Pringsewu, Rabu 13 Mei 2026 - Aparat Polsek Sukoharjo bergerak cepat menindaklanjuti informasi warga terkait aksi pencurian di sebuah toko milik Dwi Setiowati di Pekon Sukoharjo 2, Kecamatan Sukoharjo, Kabupaten Prin...",253
pasar viral Lampung,"Foto Tumpukan Uang Diduga Milik Kepala SPPG di Pesisir Barat, KPPG Lampung Buka Suara - Kompas.com",https://news.google.com/rss/articles/CBMi0gFBVV95cUxPTzRFazNQZEFsUG9hMUtHX2szV3dWV0JZU1Jvd0lZdGxHSzVmZnhLNmZoa3dHNTV3bXh4RlptMHp4d0NrZnNLMnJtQmU0dkhEUEFVS2FNUmtteUd2c090TTJhVFI4RVFWUlZQOGJ1UUxsaWdfTHN2WHA2ZTZhVXJyZEpCS0RHazVpck1zcVVOaWFDZzN1eG9ockRHRGx3LWFUQWxseTJKdnlkYXRNWFRkT2M4THlGYnhtVnRINzRyVXFkR2ZLOHJXeGFQaGdoUlQwZGc?oc=5,2026-07-17 07:00:00+00:00,Kompas.com,https://lampung.idntimes.com/news/lampung/viral-flexing-menantu-dprd-lampung-tengah-klaim-postingan-sudah-lama-00-5h6fh-j5247j,"Bandar Lampung, IDN Times - Unggahan media sosial milik seorang perempuan bernama Dhea Adita Aprilia menjadi sorotan. Itu setelah beredar tangkapan layar memperlihatkan deretan barang bermerek hingga bukti pembayaran tindakan operasi plastik bernilai puluhan juta rupiah.Dalam sejumlah unggahan dilihat IDN Times, Dhea tampak memperlihatkan koleksi tas mewah, perhiasan, hingga sejumlah kotak belanja berbagai merek. Salah satu unggahan juga menampilkan invoice tindakan operasi plastik bernilai sekitar Rp67,7 juta.Berdasarkan narasi beredar, Dhea disebut merupakan menantu anggota DPRD Lampung Tengah periode 2024-2029 dari Partai Golkar, Syaifudin. Ia juga disebut aktif sebagai kader Partai Golkar di Lampung. Tak hanya menyorot gaya hidup mewah atau flexing Dhea, unggahan viral tersebut disertai narasi dan informasi yang menyebut suami Dhea memiliki dua dapur program Makan Bergizi Gratis (MBG). ""Dikirimi warga Lampung. Doi adalah menantu dari anggota DPRD Lampung Tengah, Syaifudin, periode 2024-2029 (Partai Golkar). Dhea Adita Aprilia juga adalah anggota Partai Golkar di Lampung. Menurut pengirim, suaminya memiliki 2 dapur MBG di sana (belum bisa dikonfirmasi),"" tulis narasi beredar. Menanggapi ramainya unggahan beredar, Anggota DPRD Lampung Tengah (Lamteng), Syaifudin membenarkan Dhea merupakan menantunya. Namun, ia mengaku terkejut lantaran namanya ikut dikaitkan dalam isu berkembang di medsos tersebut.""Ya, saya agak kaget. Kenapa bisa serta-merta nama saya dibawa-bawa,"" ujarnya dikonfirmasi IDN Times, Sabtu (25/7/2026).Pascamengetahui dan menerima informasi ihwal unggahan viral itu, ia langsung menanyakan dan mengonfirmasi langsung kepada sang menantu. ""Sudah saya tanya ke menantu saya. Itu kan postingan-postingan tahun 2023, 2022, sudah lama itu. Kok tiba-tiba muncul seperti itu lagi,"" lanjut dia. Syaifudin menegaskan, putra dan menantunya telah hidup mandiri serta tidak lagi tinggal serumah dengannya. Keduanya juga disebut sudah memiliki kartu keluarga (KK) sendiri dan menjalankan rumah tangga secara terpisah dengannya.Ia menyebut, pasangan tersebut juga telah memiliki usaha sendiri sehingga selama ini mengelola kehidupan rumah tangga mereka secara mandiri.""Dan mereka sudah punya usaha sendiri, sudah rumah tangga sendirilah. Saya juga kaget. Itu foto lama kok tiba-tiba di-upload lagi,"" imbuh Syaifudin.",2343
pasar viral Lampung,"Pisang Viral Pedagang Buah di Lampung, Ini Potensi Besar Cavendish di Indonesia - bataviapos.id",https://news.google.com/rss/articles/CBMirgFBVV95cUxNVG56ZVJUUExPMnY1TjNXR0JwcEQzMGE2SG9DVEY2ZllYN1k2WnhqQlNSaUc2ZVpDY1M4WXotZlZkNkxySWs0cUU1b25kSUVGRHJYLVEzNHpnX0ZJZTkweTBWUS1ycjBSUGgxODItdEdleFNqcEtmbUREbHNoSlJDczI3VG9kbzVjSFROeFJONlppZnJUak9JbVJjQ3BOZDduNkg1MHd3czdOWUJKd1E?oc=5,2026-08-10 07:00:00+00:00,bataviapos.id,https://regional.kompas.com/read/2026/07/17/201744578/foto-tumpukan-uang-diduga-milik-kepala-sppg-di-pesisir-barat-kppg-lampung?page=all,"Foto Tumpukan Uang Diduga Milik Kepala SPPG di Pesisir Barat, KPPG Lampung Buka Suara PESISIR BARAT, KOMPAS.com - Foto yang memperlihatkan tumpukan uang tunai dalam jumlah besar diduga melibatkan Kepala Satuan Pelayanan Pemenuhan Gizi (SPPG) 02 Pasar Krui, Kabupaten Pesisir Barat, Lampung viral di media sosial dan menjadi sorotan publik. Dalam foto yang beredar, tampak uang pecahan Rp 100.000 dan Rp 50.000 disusun dalam beberapa tumpukan. Pada foto lainnya, uang tersebut terlihat dimasukkan ke dalam kantong plastik berwarna hitam. Baca juga: Belum Beroperasi, SPPG di Mojokerto Dibobol Maling, Polisi Amankan Pencuri dan Penadah Foto-foto itu diduga diambil di dalam sebuah ruangan kerja. Unggahan yang memuat foto tersebut ramai diperbincangkan warganet. Hingga Jumat (17/7/2026), video yang menampilkan foto-foto itu telah ditonton lebih dari 27.000 kali dan dibagikan sekitar 580 kali di media sosial. Sejumlah akun media sosial pun meminta adanya penelusuran terkait asal-usul foto dan uang yang terlihat dalam unggahan tersebut. Namun, berbagai komentar yang beredar sejauh ini masih merupakan opini pribadi warganet dan belum dapat dipastikan kebenarannya. Berdasarkan informasi yang dihimpun, Kepala SPPG 02 Pasar Krui diketahui bernama Chaeirunnisa. Sementara itu, seorang ahli gizi yang turut menjadi sorotan dalam unggahan tersebut adalah Bunga Nanda Puspita. Baca juga: Kejagung Terbitkan Surat Penghentian Pengumpulan Data MBG, Kejati Jabar: Hanya Inventarisasi Jumlah SPPG Menanggapi viralnya foto tersebut, Kepala Kantor Pelayanan Pemenuhan Gizi (KPPG) Provinsi Lampung Achmad Hery Setiawan mengatakan, pihaknya telah meminta klarifikasi kepada Koordinator Wilayah maupun Kepala SPPG Pasar Krui . ""Kami sudah meminta klarifikasi kepada koordinator wilayah dan Kepala SPPG terkait foto yang beredar di media sosial,"" kata Achmad Hery kepada Kompas.com , Jumat (17/7/2026). Menurut dia, berdasarkan informasi yang diterimanya dari koordinator wilayah, foto tersebut merupakan unggahan lama yang berasal dari akun Facebook milik ahli gizi di SPPG 02 Pasar Krui dan diambil pada Januari 2026. ""Berdasarkan keterangan dari koordinator wilayah, foto tersebut merupakan unggahan lama di akun Facebook milik ahli gizi yang diambil pada Januari lalu,"" ujarnya. Menurut Achmad Hery, foto lama itu kembali diangkat dan disebarluaskan di media sosial sehingga memunculkan berbagai spekulasi di tengah masyarakat. Baca juga: Ikuti Instruksi Kejagung, Kejati Jabar Stop Pengumpulan Data SPPG Meski demikian, pihaknya belum memberikan kesimpulan lebih jauh dan masih melakukan koordinasi untuk memastikan seluruh informasi yang berkembang. ""Kami masih terus berkoordinasi dan melakukan penelusuran agar informasi yang beredar dapat dipastikan kebenarannya dan tidak menimbulkan kesalahpahaman di masyarakat,"" katanya. Hingga saat ini, belum ada penjelasan resmi terkait konteks pengambilan foto maupun asal-usul uang yang terlihat dalam unggahan tersebut. KPPG Lampung menyatakan proses klarifikasi masih berlangsung. Bayangkan seorang anak Indonesia bercita-cita menjadi dokter tetapi hanya memiliki satu buku lusuh untuk belajar. Bersama Ekspedisi Kata ke Nyata Kompas.com, Anda bisa membantu mengubah kisah itu. Mari hadirkan akses literasi bagi anak-anak di berbagai pelosok Indonesia melalui donasi lewat tautan https://bit.ly/JagatLiterasi2026 . Setiap kebaikan yang Anda berikan bukan hanya membuka jendela pengetahuan, tetapi juga membuka masa depan mereka. Copyright 2008 - 2026 PT. Kompas Cyber Media (Kompas Gramedia Digital Group). All Rights Reserved.",3569
pasar viral Lampung,"9 SPPG di Lampung Barat Belum Punya SLHS, Dua Viral Jadi Sorotan - Kupas Tuntas",https://news.google.com/rss/articles/CBMingFBVV95cUxPZGZNemc1MTNGNzRBa1Z2Y3hQUUxZVlBfSXhpR3NIWG9yNVdnMk95cWgzNHRSWWJWLUlWenBkM1pZQm0zM2RYMko1Mm9mbGlQZHMxSVBxNkdIdkg0elJqYXF2STJKSDhXWGM3YUpoRlV0TTRpZHdjcklrb1BjSHhyRWhGQjJXZ1g1UHFuMzg1U21ET245ZV9YejlMdWk4QQ?oc=5,2026-04-29 07:00:00+00:00,Kupas Tuntas,https://bataviapos.id/wahyono/pisang-viral-pedagang-buah-di-lampung-ini-potensi-besar-cavendish-di-indonesia/,"JAKARTA -Kata “pisang” mendadak viral pada awal Agustus 2026. Bukan karena resep pisang goreng atau harga pasar, melainkan kisah seorang pedagang buah di Lampung yang nyaris merugi ratusan juta rupiah karena pesanan besar untuk Program Makan Bergizi Gratis (MBG) dibatalkan mendadak. Di balik cerita viral itu, tersimpan potret lebih besar tentang potensi dan tantangan komoditas pisang—khususnya pisang Cavendish—sebagai salah satu andalan pertanian Indonesia. Cerita berawal dari Imam Mustofa (35), pedagang buah asal Kota Metro, Lampung, yang menerima pesanan 14 peti pisang Cavendish senilai sekitar Rp2,1 juta pada akhir Juli 2026. Pesanan datang dari seseorang bernama yang mengaku mewakili kebutuhan dapur MBG di Bandar Lampung. Pisang Cavendish tidak bisa disiapkan begitu saja. Buah ini membutuhkan proses pematangan beberapa hari. Imam langsung memesan dari pemasok. Ketika pisang sudah matang dan siap dikirim, pesanan tiba-tiba dibatalkan dengan alasan dapur MBG “sedang suspend”. BACA JUGA: Komoditas Unggulan Daerah Jadi Kunci Perkuat Swasembada Pangan Imam datang ke lokasi dapur dan menemukan aktivitas masih berjalan normal. Ia pun curiga berurusan dengan perantara atau calo, bukan pihak resmi. Karena pisang bersifat mudah rusak, menunda penjualan berarti risiko kualitas turun drastis. Untungnya, Imam menceritakan pengalamannya di sosial media, Threads. Unggahan itu viral. Warganet berbondong-bondong membeli pisang tersebut, sebagian bahkan meminta disumbangkan ke panti asuhan. Stok akhirnya habis dan modalnya kembali. Namun, pengalaman ini meninggalkan pelajaran penting: rantai pasok komoditas pertanian yang mudah rusak masih sangat rentan. Pisang sebagai Komoditas Strategis Pertanian Kisah Imam bukan sekadar cerita individu. Ia mencerminkan posisi pisang sebagai salah satu komoditas hortikultura paling penting di Indonesia. Menurut data Badan Pusat Statistik (BPS), produksi pisang Indonesia pada 2024 mencapai sekitar 9,68 juta ton, menjadikannya buah dengan volume produksi tertinggi di tanah air—jauh di atas mangga, jeruk, atau nenas. Pisang mudah dibudidayakan di hampir seluruh wilayah Indonesia, memiliki siklus panen relatif cepat, dan memiliki pasar domestik yang sangat besar. Di antara berbagai varietas, pisang Cavendish menonjol karena karakteristiknya yang sesuai dengan pasar modern dan kebutuhan program pangan berskala besar. Buah ini memiliki ukuran seragam, rasa manis, tekstur lembut, serta daya tahan relatif baik untuk distribusi. Kandungan gizinya (karbohidrat, vitamin B6, vitamin C, serat, dan kalium) membuatnya ideal untuk menu makanan bergizi, termasuk Program Makan Bergizi Gratis. Beberapa daerah seperti Jawa Timur (Lumajang, Banyuwangi, Mojokerto), Lampung, dan sebagian Sumatera sudah mulai mengembangkan budidaya Cavendish secara komersial, baik oleh petani skala kecil maupun kemitraan dengan perusahaan. Peluang Besar dari Program MBG Program MBG membuka pasar baru yang signifikan bagi petani dan pedagang pisang. Kebutuhan satu Satuan Pelayanan Pemenuhan Gizi (SPPG) yang melayani ribuan penerima manfaat bisa mencapai ribuan buah pisang per hari. Di beberapa daerah, pengepul dan petani sudah merasakan lonjakan permintaan. BACA JUGA: Hilirisasi Perkebunan, Upaya Keluar dari ‘Commodity Trap” Namun, kasus Imam menunjukkan sisi lain: tanpa sistem pengadaan yang transparan, kepastian kontrak, dan mekanisme pembayaran jelas, peluang besar justru bisa berubah menjadi risiko bagi pelaku di hulu. Pisang yang sudah matang tidak bisa “disimpan menunggu” seperti beras atau minyak goreng. Tantangan yang Harus Dibenahi Keberadaan perantara yang tidak resmi meningkatkan risiko pembatalan sepihak dan praktik yang merugikan petani/pedagang. Pisang memiliki masa simpan terbatas. Sistem logistik dingin, jadwal pengiriman yang disiplin, dan perencanaan permintaan yang akurat menjadi sangat penting. Untuk menembus pasar modern dan ekspor, petani perlu konsisten dalam ukuran, kematangan, dan bebas residu pestisida. Petani skala kecil sering kesulitan membiayai budidaya intensif Cavendish yang membutuhkan bibit berkualitas dan pemeliharaan lebih intensif. Dari Pasar Domestik hingga Ekspor Indonesia masih memiliki ruang besar untuk meningkatkan nilai tambah pisang. Selain pasar domestik yang kuat (termasuk MBG), ekspor pisang Indonesia masih didominasi tujuan regional seperti Malaysia dan Singapura. Dengan perbaikan kualitas, sertifikasi, dan rantai pasok yang lebih efisien, pisang Cavendish berpotensi menjadi komoditas ekspor yang lebih kompetitif. Beberapa inisiatif sudah berjalan, mulai dari pengembangan bibit kultur jaringan, kemitraan petani-perusahaan, hingga hilirisasi produk olahan (chips, puree, tepung pisang). Jika dikelola dengan baik, pisang bukan hanya “buah rakyat”, tetapi juga penggerak ekonomi pedesaan yang tangguh.",4813
pasar viral Lampung,Buron Curanmor yang Viral Lepaskan Tembakan di Kotabumi Ditangkap Saat Razia Lantas - VIVA Lampung,https://news.google.com/rss/articles/CBMivwFBVV95cUxQeTNCbjJ0Nm5QZWhGcUJOUTdXYjl2Q0lNeFEzY3NTNDVFSkY1U082QUxQdHlpeHl4cDAwOERYS2xXdjlNNkkxYlZqc0Q3MllST0ZQNmhBQnFSMHBNTVUydVVFeTR3dlVjZ3hrR2VoX0dwbm5oenQtc0JHcEhKS1JVWEQ1VTh0YTZHM0ZJdndjcVJMcWZCR2JsWXJaMVN2YWVkNkpNeklCTllqRXdzZGxqUFA0N0VvZUpPaGdjTjg1c9IBxAFBVV95cUxQVFBkVzVXVU54SFV5ZEhOTHFTV001ZUJIekxFWUdISFF5R2dWWllZX0YwY2xiY2RuOEJJaFVMWG9sLUZnX1ZhcjBCNGtwQm92b0YxNmRYTFlTeThnSjI1MEYwYl9WS2tlZWM5VjlISG4wSHhVbHNsWDJYb2xxTGNMYm5QQzAxRXJTbGhhRmFldU4zVWRnSzdCUER5OVZPbDdsWFZBQjBSZEMydlVRZ1ZIMVZ5TWhsQjNOWUFSX1JJTHhzZ25Q?oc=5,2026-05-12 07:00:00+00:00,VIVA Lampung,https://kupastuntas.co/2026/04/29/9-sppg-di-lampung-barat-belum-punya-slhs-dua-viral-jadi-sorotan,"9 SPPG di Lampung Barat Belum Punya SLHS, Dua Viral Jadi Sorotan. Foto: Ist. Kupastuntas.co, Lampung Barat - Sebanyak 9 dapur Satuan Pelayanan Pemenuhan Gizi (SPPG) di Kabupaten Lampung Barat diketahui belum mengantongi Sertifikat Laik Higiene Sanitasi (SLHS). Dari jumlah terseb ut, dua di antaranya justru menjadi sorotan publik setelah viral di media sosial. Data yang dihimpun menunjukkan, dari total 29 SPPG yang telah beroperasi di Lampung Barat, baru 20 dapur yang memiliki SLHS. Sementara sisanya masih belum tersertifikasi, meski telah menjalankan kegiatan penyediaan makanan bagi masyarakat. Kepala Dinas Penanaman Modal dan Pelayanan Terpadu Satu Pintu (DPMPTSP) Lampung Barat, Ir. Robert Putra, S.ST., M.T., menjelaskan bahwa 20 dapur yang telah mengantongi SLHS tersebut telah melalui proses verifikasi sesuai ketentuan yang berlaku. “SLHS ini menjadi bukti bahwa dapur SPPG sudah memenuhi standar higiene dan sanitasi, sehingga layak dalam penyediaan makanan bagi masyarakat,” ujarnya, Rabu (29/4/2026). Ia menegaskan, penerbitan sertifikat dilakukan melalui tahapan pemeriksaan ketat, mulai dari kondisi dapur, peralatan, hingga penerapan standar kebersihan oleh pengelola. “Setiap dapur yang mengajukan wajib memenuhi seluruh persyaratan, termasuk penggunaan alat pelindung diri (APD), kebersihan lingkungan, serta prosedur pengolahan makanan yang sesuai standar,” tegasnya. Meski demikian, hasil penelusuran menunjukkan masih adanya dapur yang beroperasi tanpa sertifikat tersebut. Dua di antaranya adalah SPPG Pasar Liwa dan SPPG Seranggas di Kelurahan Pasar Liwa, yang belakangan menjadi perhatian publik. SPPG Pasar Liwa viral setelah ditemukan ulat pada menu program Makan Bergizi Gratis (MBG) yang dibagikan kepada penerima manfaat. Sementara SPPG Seranggas disorot akibat beredarnya video yang memperlihatkan aktivitas memasak tanpa penggunaan APD lengkap, bahkan diiringi musik remix. Kondisi ini memunculkan pertanyaan terkait pengawasan dan standar operasional dapur SPPG yang belum mengantongi sertifikat, terlebih keduanya telah melayani masyarakat. Sementara itu, Anggota Satgas MBG Lampung Barat, Marjohan, membenarkan bahwa saat ini terdapat 29 SPPG yang telah beroperasi di wilayah tersebut. “Sudah 29 yang beroperasi,” kata dia saat dikonfirmasi melalui sambungan WhatsApp. Dengan demikian, terdapat kesenjangan antara jumlah dapur yang beroperasi dan yang telah memenuhi standar kelayakan higiene sanitasi. Pemerintah daerah pun diharapkan dapat mempercepat proses sertifikasi sekaligus memperketat pengawasan, agar kualitas layanan pemenuhan gizi benar-benar terjamin bagi masyarakat. (*)",2623
pasar viral Lampung,"Diduga Cari Mangsa Baru, Buronan Curanmor Viral Ditangkap Anggota SatLantas Polres Lampura - Rilis.id Lampung",https://news.google.com/rss/articles/CBMijgFBVV95cUxPb1hiYkMzM3dTeGZUZmIybWxyUXdudEhpMHpvdzhmcjRmMlJLOWl6UXA5NWtkMTlEbFpsVzFMeEVVaFNnRUVQcHpfSFg2M0I0YmZXbjZEamh3bGhOY1hQZDN5S1FqME9nNEtDZjJMbERrWlYyS0wwMkwzdlRSaXdsc2JOVnF6MHVDU2RqVzR3?oc=5,2026-05-12 07:00:00+00:00,Rilis.id Lampung,https://lampung.viva.co.id/berita/8913-buron-curanmor-yang-viral-lepaskan-tembakan-di-kotabumi-ditangkap-saat-razia-lantas,"Lampung Utara, Lampung – Pelarian Alviqi Duta Pratama, salah satu pelaku pencurian kendaraan bermotor ( Curanmor ) yang sempat viral karena melepaskan tembakan di wilayah Pasar Lama Kotabumi, Lampung Utara, akhirnya kandas. Buronan yang masuk dalam Daftar Pencarian Orang (DPO) Tim Tekab 308 ini diringkus saat terjaring razia kepolisian pada Selasa (12/5/2026). Nasib apes dialami warga Desa Negeri Katon, Kecamatan Selagai Lingga, Lampung Tengah tersebut. Bukannya tertangkap dalam penggerebekan khusus, ia justru kandas di tangan petugas saat anggota Satuan Lalu Lintas (Satlantas) Polres Lampung Utara menggelar patroli hunting di kawasan Bundaran Tugu Payan Mas, Kotabumi. Kasat Lantas Polres Lampung Utara, AKP Foni Salimubun, melalui Kanit Turjawali Ipda Andi, menjelaskan bahwa penangkapan bermula saat petugas mencurigai sepeda motor yang dikendarai pelaku bersama seorang rekannya. ""Kendaraan pelaku tidak dilengkapi plat nomor. Saat diminta berhenti untuk pemeriksaan, pelaku justru mencoba melarikan diri ke arah kota. Dengan sigap, anggota melakukan pengejaran dan pemberhentian paksa. Satu pelaku berhasil kami amankan, sementara rekannya melarikan diri,"" ujar Ipda Andi. Saat dilakukan pemeriksaan mendalam di Pos Pelayanan Tugu Payan Mas, petugas menemukan sejumlah barang bukti yang menguatkan dugaan bahwa pelaku hendak kembali beraksi, di antaranya, Satu bilah senjata tajam jenis Laduk dan Kunci Letter T serta sepeda motor dengan nomor rangka dan nomor mesin yang sudah dirusak. Identitas Alviqi telah dikonfirmasi sebagai buronan yang selama ini diburu Tim Tekab 308 Presisi Polres Lampung Utara. Ia merupakan rekan dari pelaku lain yang sudah lebih dulu diringkus. Aksi kriminal kelompok ini sempat menghebohkan jagat maya pada Jumat (13/3/2026) lalu di kawasan Pasar Lama, Kelurahan Kotabumi Pasar. Dalam rekaman video milik warga, pelaku yang berboncengan motor Honda Beat Street putih terekam jelas sedang mengamati target. Aksi tersebut berujung mencekam karena saat dipergoki warga, pelaku sempat melepaskan tembakan senjata api untuk meloloskan diri dari kepungan massa. Kasat Reskrim Polres Lampung Utara, AKP Ivan Roland Cristofel, membenarkan bahwa pelaku yang diamankan ini adalah target operasi yang sempat membuang tembakan saat beraksi.",2272
pasar viral Lampung,"Jalan Rusak di Pasar Talang Padang Disindir Warganet, Satir ‘Edit Biar Cepat’ Viral Jelang Expo 2026 - radartanggamus.disway.id - Radar Tanggamus",https://news.google.com/rss/articles/CBMi5AFBVV95cUxQREo2SHlrM3pQM2RoZld2TWRiZlRnVnBJOXNqNkxwSEwxMkJkQ08xYzRKN1czV2xPTW51MlluV1otN3dLTTN6Z21tYVdXX3FOY1Q1cW9zVHNtd3lPa0k2M0hYRmlqY0JwYmo1dS1xZU1ISTNONFcteER5YTBCNUI1cXdXb0tleWxMWEVpaF81VDlELXNPa3otMjJOMGVkWmM5V1N6bWRGRDJkeDRpc3VOcGIzTWw1aTBVNkhDMGY2b0VKeXlrc1dHUUFKa2VJb3JWR1hzUzRacFVNdFZ2cnJUcGEtb0vSAdcBQVVfeXFMT0FCQnFsZWlrZFRqVjRUelBadWJzVUtkcWwyYThZS2swbHRFWGhDeEFoSlRQbVJsbzdrVzA3QkkzZC1rRlljSzZPdDEwUmJjZUlIZVFjQV9hcFpLeEZwNThhSmlIdjhMbkJtMjFwTmhZelRLX3V1bnFkTUlQM2J3VGNhbW5mMjRBTk44ZC1DbV9fdVB6QXRSRkU2Q0h2aWhVTTZubncxWGxlM25NMmlhRWMydkplQnl0NFVtUEdYRW4tS2hpTFpQUWJxZUJFMGtiWF9RNE5FSkU?oc=5,2026-04-05 07:00:00+00:00,Radar Tanggamus,https://lampung.rilis.id/Hukum/Berita/cari-mangsa-baru-buronan-curanmor-viral-di-Qq09,"RILISID, Lampung Utara
                — Pelarian Alviqi Duta Pratama salah satu tersangka pencurian kendaraan bermotor (Curanmor) yang sempat viral karena melepaskan tembakan di Pasar Lama Kotabumi, akhirnya ditangkap Satlantas Polres Lampung Utara (Lampura). Buronan yang masuk dalam Daftar Pencarian Orang (DPO) Tim Tekab 308 Polres Lampura ini diringkus saat terjaring razia polisi di Bundaran Tugu Payan Mas, Selasa (12/5/2026). Kasat Lantas Polres Lampura AKP Fonny Salimubun, melalui Kanit Turjawali IPDA Andi menjelaskan, penangkapan bermula saat anggotanya mencurigai sepeda motor yang dikendarai tersangka bersama seorang rekannya. Kendaraan yang tidak dilengkapi plat nomor, diminta berhenti untuk pemeriksaan, dan tersangka justru mencoba melarikan diri ke arah kota. ""Dengan sigap, anggota melakukan pengejaran dan pemberhentian paksa. Tersangka berhasil kami amankan, sementara rekannya melarikan diri,"" ujar IPDA Andi. Saat dilakukan pemeriksaan lebih mendalam, petugas menemukan sejumlah barang bukti yang menguatkan dugaan tersangka hendak kembali beraksi... Polisi menemukan seilah senjata tajam jenis Laduk dan kunci letter T, serta sepeda motor dengan nomor rangka dan mesin yang sudah dirusak. Identitas tersangka setelah dikonfirmasi sebagai buronan yang selama ini diburu Tim Tekab 308 Presisi Polres Lampura. Aksi kriminal kelompok ini sempat menghebohkan jagat maya pada Jumat (13/3/2026) lalu di kawasan Pasar Lama, Kelurahan Kotabumi Pasar. Dalam rekaman video milik warga, tersangka yang berboncengan dengan sepeda motor Honda Beat Street putih terekam jelas sedang mengamati target. Dapatkan update berita terbaru setiap hari
                                                langsung dari kami. ""Dilarang mengambil dan/atau
                                    menayangkan ulang sebagian atau keseluruhan artikel di atas tanpa seizin redaksi"" Perampasan Sepeda Motor di Kebun Singkong Diungkap Polres Tulang Bawang Keren! 4 Dosen Universitas Teknokrat Raih Insentif Video Pembelajaran Berbasis Riset, Terbanyak Kedua Nasional Polda Lampung Ungkap Peredaran Narkoba Senilai Rp158 Miliar Lebih Ada Trucukan hingga Srigunting, Digagalkan Tim Gabungan di Pelabuhan Bakauheni Kapolda Lampung Irjen Pol Helfi Assegaf Apresiasi Film Ageman, Jadi Edukasi Generasi Muda Menyikapi Perbedaan Modus Hapus Berita, Polisi Bekuk Dua Pemeras Perangkat Desa di Tanjung Bintang Curi Dua Handphone, Residivis Dibekuk Polisi di Martapura Sambut Malam Tahun Baru, Swiss-Belhotel Lampung Hadirkan ASTRONOM LAND 2027 Kepsek SDN 9 Mesuji Bantah Adanya Dugaan Iuran Sekolah Nyaris Dihakimi Massa, Jambret di Gadingrejo Digelandang ke Mapolsek Terlibat Penganiayaan, Pemilik Badik Diamankan Polres Lampung Utara Sebarkan Video Asusila, Warga Tulang Bawang Tengah Ditahan Polres Tubaba Momentum Hari Pelanggan Nasional, PLN Perkuat Keandalan Listrik Industri PT Fermentech Indonesia Curat dan Penggelapan, Pria Asal Cilincing Jakarta Utara Ditangkap Polisi Way Kanan Amankan Sepeda Motor hingga Sajam, Polres Way Kanan Tangkap Dua Warga Abung Barat Kerukunan, Hak Beribadah, dan Kehadiran Negara Polsek Terbanggi Besar Amankan Dua Orang Terlibat Penyalahgunaan Narkoba di Lokasi Berbeda Lebih Dekat dengan Peserta Termuda Kemah dan Bengkel Sastra 2026 Alasan Kebutuhan Ekonomi, Pria 20 Tahun di Tanjung Bintang Nekat Curi Celengan Milik Tetangga Tim Biliar PWI Lampung Menangkan Laga Eksebisi Melawan Pebiliar Drachen Universitas Teknokrat Indonesia Bekali Mahasiswa Baru dengan Penguatan Iman Hadapi Perkembangan Zaman Polisi Temukan Pohon Ganja di Tengah Semak Gunung Seminung Lampung Barat",3592
pasar viral Lampung,"Polda Lampung Gelar Bazar, Pasar Rakyat, Olahraga Bersama, dan Bakti Sosial Sambut Hari Bhayangkara ke-80 - Viral Publik",https://news.google.com/rss/articles/CBMixAFBVV95cUxQNnF5VnducTJON2Iyb0JrdkR6ZGg3cVF0QTNXWTIya3ZGM1VoaS11ZVhHMDhHb3NqeTJnLUE1bU9USEhVMk0tbERyUHdPb1BSXzBvY1VacHZYM3RpUzVhVDJ6TVZ2Y0ZZclJybXI0MFphamk3S1BrN1VyOG1yemFwTklqWDZ2SldBZWhWSHJXaUZFamtObXVKSkthU2o4bmRieUFOa3Z2RDR1RWZRUmM5eDNtOXlQV2ItczkzU3VQVVMzWTNo?oc=5,2026-06-21 07:00:00+00:00,Viral Publik,https://radartanggamus.disway.id/headline/read/20382/jalan-rusak-di-pasar-talang-padang-disindir-warganet-satir-edit-biar-cepat-viral-jelang-expo-2026,"RADARTANGGAMUS.CO.ID– Kondisi jalan rusak di kawasan Pasar Talang Padang kembali menjadi sorotan publik menjelang pelaksanaan Tanggamus Expo 2026. Warganet ramai menyindir lambannya perbaikan melalui unggahan satir di media sosial. Salah satu unggahan menampilkan perbandingan jalan berlumpur dengan hasil editan digital yang tampak mulus. Narasi bernada humor menyertai unggahan tersebut, menyebut jalan bisa “selesai dalam dua menit” hanya dengan kuota internet. Berbagai komentar pun bermunculan, mulai dari candaan hingga kritik tajam terhadap kinerja pihak terkait. Warganet menilai perbaikan jalan di kawasan strategis seharusnya menjadi prioritas, terutama menjelang event besar daerah. BACA JUGA: Pemprov Lampung Mulai Perbaikan Jalan 16 Km, Target Rampung September 2026 BACA JUGA: Pemprov Lampung Kucurkan Puluhan Miliar untuk Infrastruktur Pesawaran, Jalan dan Jembatan Jadi Prioritas Di lapangan, kondisi jalan masih berlumpur dan rusak, menyulitkan pengendara serta meningkatkan risiko kecelakaan, terutama saat hujan. Aktivitas perdagangan tetap berlangsung, namun tidak didukung infrastruktur memadai. Tanggamus Expo 2026 dijadwalkan berlangsung pada 6–10 April 2026 di Lapangan Tangsi, Talang Padang. Kegiatan ini akan menjadi ajang promosi UMKM dan hiburan masyarakat. Hingga berita ini diturunkan, belum ada kepastian resmi terkait jadwal perbaikan jalan dari pemerintah daerah maupun Dinas PUPR. Masyarakat berharap perbaikan segera dilakukan demi kenyamanan dan keselamatan.",1494
pasar viral Lampung,"Viral Kepala SPPG Pesisir Barat Pamer Tumpukan Uang, KPPG Lampung Minta Klarifikasi - Kupas Tuntas",https://news.google.com/rss/articles/CBMitwFBVV95cUxNa3VKN29IOUIxalZMaV81b2xrb1cxVXZqam1JOXM4ZkhEcFZCS0lEOEJTc08tT2pISks4ZGtHeldRU1ZQTjc4d1pZOFZwbFBDanJ5RUZpNGc0c0NJaVZUTC1GWXFsX056QUwyVWxGYW42NjRUdjVqNUhIY1pmWUZ0MjNOSVJnZVRpMVRGYWp1MFRXYWhfbkJ5YlBXaW1md3p1S1hUMGlrckQ4a2dyMlJWNTBMdnMzTWc?oc=5,2026-07-18 07:00:00+00:00,Kupas Tuntas,https://www.viralpublik.com/polda-lampung-gelar-bazar-pasar-rakyat-olahraga-bersama-dan-bakti-sosial-sambut-hari-bhayangkara-0,"Lampung Selatan — Semangat kebersamaan dan sinergitas lintas elemen masyarakat mewarnai pelaksanaan kegiatan Bazar, Pasar Rakyat, Olahraga Bersama, dan Bakti Sosial yang digelar Polda Lampung dalam rangka memperingati Hari Bhayangkara ke-80 Tahun 2026, Jumat (19/6/2026). Kegiatan yang berlangsung di Lapangan Polda Lampung sejak pukul 06.30 WIB tersebut dihadiri langsung oleh Kapolda Lampung, Irjen Pol Helfi Assegaf, didampingi Wakapolda Lampung, Brigjen Pol Sumarto, beserta Bhayangkari, jajaran pejabat utama Polda Lampung, unsur TNI, Forkopimda, pemerintah daerah, stakeholder terkait, serta masyarakat. Pelaksanaan kegiatan ini menjadi salah satu wujud komitmen Polri, khususnya Polda Lampung, dalam memperkuat kedekatan dengan masyarakat melalui kegiatan yang menyentuh langsung kebutuhan publik. Selain olahraga bersama dan jalan sehat, kegiatan juga diisi dengan bazar UMKM, pasar rakyat, bakti sosial, hiburan, serta pembagian berbagai door prize kepada peserta. Dalam kegiatan bakti sosial tersebut, Polda Lampung menyalurkan sebanyak 1.000 paket bantuan dengan sasaran komunitas ojek online atau ojol dan masyarakat penerima lainnya. Bantuan tersebut menjadi bentuk kepedulian Polri kepada masyarakat, khususnya kelompok yang membutuhkan dukungan langsung dalam memenuhi kebutuhan sehari-hari. Dalam sambutannya, Kapolda Lampung menyampaikan bahwa peringatan Hari Bhayangkara ke-80 menjadi momentum penting bagi Polri untuk terus memperkuat pengabdian kepada bangsa dan negara, sekaligus meningkatkan kualitas pelayanan, perlindungan, dan pengayoman kepada masyarakat. Kapolda Lampung menegaskan bahwa olahraga bersama dan kegiatan sosial yang dilaksanakan tidak hanya bertujuan menjaga kesehatan dan kebugaran, tetapi juga menjadi sarana mempererat silaturahmi, soliditas, dan sinergitas antara Polri, TNI, pemerintah daerah, Forkopimda, stakeholder, serta seluruh lapisan masyarakat. “Melalui kegiatan ini, kita ingin terus memperkuat kebersamaan dan sinergitas dalam menjaga keamanan, ketertiban, serta mendukung pembangunan di Provinsi Lampung. Polri tidak dapat bekerja sendiri tanpa dukungan seluruh elemen bangsa,” ujar Helfi. Lebih lanjut, Kapolda Lampung menyampaikan apresiasi dan terima kasih kepada unsur TNI, Forkopimda, pemerintah daerah, stakeholder terkait, masyarakat, serta seluruh personel Polda Lampung dan jajaran yang telah berperan aktif dalam menjaga stabilitas keamanan dan ketertiban masyarakat di wilayah Lampung. Menurutnya, kolaborasi yang kuat antara Polri dan seluruh elemen masyarakat merupakan fondasi penting dalam menciptakan situasi kamtibmas yang aman, damai, dan kondusif. Sinergitas tersebut juga menjadi bagian dari upaya mendukung terwujudnya pembangunan daerah yang berkelanjutan serta kesejahteraan masyarakat. Kapolda Lampung juga menekankan bahwa memasuki usia ke-80 tahun, Polri dituntut untuk semakin adaptif, responsif, dan profesional dalam menjawab berbagai tantangan tugas ke depan. Polri harus terus hadir di tengah masyarakat dengan pelayanan yang humanis, transparan, dan berorientasi pada kepentingan publik. “Di usia ke-80 tahun, Polri harus semakin Presisi, semakin dekat dengan masyarakat, serta terus meningkatkan kepercayaan publik melalui kerja nyata, pelayanan terbaik, dan kehadiran yang memberikan manfaat bagi masyarakat,” tegasnya. Selain itu, Kapolda Lampung turut mengapresiasi berbagai prestasi yang telah diraih personel Polda Lampung, baik dalam bidang pelayanan, penegakan hukum, pemeliharaan kamtibmas, maupun kegiatan sosial kemasyarakatan. Ia berharap prestasi tersebut dapat terus ditingkatkan dan menjadi motivasi bagi seluruh personel untuk memberikan pengabdian terbaik kepada masyarakat, bangsa, dan negara. Kegiatan Bazar, Pasar Rakyat, Olahraga Bersama, dan Bakti Sosial ini juga menjadi bentuk nyata kepedulian Polda Lampung terhadap masyarakat, khususnya dalam mendorong pemberdayaan UMKM, membantu masyarakat melalui pasar rakyat, serta memperkuat nilai solidaritas sosial melalui kegiatan bakti sosial. Antusiasme masyarakat tampak tinggi sejak awal kegiatan. Para peserta mengikuti rangkaian acara dengan penuh semangat, mulai dari olahraga bersama, mengunjungi stan bazar, hingga menikmati hiburan dan mengikuti pembagian door prize yang menambah kemeriahan suasana. Melalui kegiatan tersebut, Polda Lampung berharap semangat Hari Bhayangkara ke-80 dapat menjadi momentum memperkuat kemitraan antara Polri dan masyarakat, sekaligus menegaskan komitmen Polri untuk terus hadir sebagai pelindung, pengayom, dan pelayan masyarakat.",4529
pasar viral Lampung,"Pria di Bandar Lampung yang Curi Mobil Temannya Ditangkap, Pelaku Ditembak - detikcom",https://news.google.com/rss/articles/CBMizwFBVV95cUxPbTZGUVgwQm9IV1JwVWFBNzR4d1dYVnpqU1k5bXVGSFBZZEFaYlB4eWMyM3VCM3NSc3ppVWk2U3d1b2d4azkyRV9QTDEtY1U1MmlZUDFaMzU3REpFbE8tdFdJZDRYb3VsTDlCTzZ3MkkzcC1DMjhIVVIzLXhiaGs5ZVYtQmE4WnlmNndBbzAycEc4cG1KNDMwSW5JX2gwRWNncjRyNjhPQndnZ0lzMEVlLVlJSWl1UGZwN3RSMXo2UzBCYUVzbk1CQ3RZcWswRzjSAdQBQVVfeXFMTXltVU84UU1IbkJVM3lSLV9RX245aU8zYnpTMGFGWnVnYXhlMUphQU1kRExTY0hGNGlZRVoxMjFTbkZEdlRlRlZRamxDeUdhZndsRC1oc0pFUEUyNUtpWkdHSW1acXhkTW1NZGN6Rnc4bXFMT3BvVE00OGthdUtRSUNUUG5lczJhU0QwczM2WmU5Vko2V0o4V3Q1V3p2eUhGQ2pxdzJmdkRkVG9pWHFqOG5yckRWZnFWOEhseTFNNmVjRGhtMUhSYXZJVUJYQzlacDRhemw?oc=5,2026-06-17 07:00:00+00:00,detikcom,https://kupastuntas.co/2026/07/18/viral-kepala-sppg-pesisir-barat-pamer-tumpukan-uang-kppg-lampung-minta-klarifikasi,"Viral Kepala SPPG Pesisir Barat Pamer Tumpukan Uang, KPPG Lampung Minta Klarifikasi. Foto: Ist. Kupastuntas.co, Pesisir Barat - Foto yang memperlihatkan Kepala Satuan Pelayanan Pemenuhan Gizi (SPPG) di Kabupaten Pesisir Barat bersama seorang ahli gizi memegang tumpukan uang tunai viral di media sosial. Unggahan tersebut memicu beragam spekulasi dari warganet hingga akhirnya mendapat perhatian dari Kantor Pelayanan Pemenuhan Gizi (KPPG) Provinsi Lampung. Dalam foto yang beredar, terlihat dua perempuan memegang uang pecahan Rp100 ribu dan Rp50 ribu yang disusun dalam beberapa tumpukan. Pada foto lainnya, uang tersebut tampak dimasukkan ke dalam kantong plastik hitam. Unggahan itu ramai diperbincangkan dan menuai berbagai komentar yang mempertanyakan asal-usul uang yang terlihat dalam dokumentasi tersebut. Menanggapi hal itu, Kepala KPPG Provinsi Lampung, Achmad Hery Setiawan mengatakan, pihaknya telah meminta klarifikasi kepada Koordinator Wilayah serta Kepala SPPG Pasar Krui untuk mengetahui fakta di balik foto yang beredar. Langkah tersebut dilakukan agar informasi yang berkembang di masyarakat tidak menimbulkan kesalahpahaman. Berdasarkan keterangan awal yang diterima KPPG Lampung, foto tersebut merupakan dokumentasi lama yang diunggah melalui akun media sosial milik seorang ahli gizi di SPPG 02 Pasar Krui pada Januari 2026. Namun, foto itu kembali beredar dan menjadi viral sehingga memunculkan berbagai spekulasi di ruang publik. ""Kami sudah meminta klarifikasi kepada koordinator wilayah dan Kepala SPPG terkait foto yang beredar di media sosial. Berdasarkan informasi sementara, foto tersebut merupakan unggahan lama yang diambil pada Januari lalu,"" ujar Achmad Hery, Jumat (17/7/2026). KPPG Provinsi Lampung menegaskan proses pendalaman masih berlangsung untuk memastikan konteks foto tersebut secara utuh. Pihaknya juga mengimbau masyarakat tidak terburu-buru menarik kesimpulan sebelum hasil klarifikasi resmi disampaikan. Hingga kini, belum ada informasi yang menunjukkan adanya pelanggaran ataupun penyimpangan terkait foto yang viral tersebut, dan penyelusuran masih terus dilakukan. (*)",2120
pasar viral Lampung,"Program MBG Lampung Barat Kembali Tuai Keluhan, SPPG Pasar Liwa Tak Jera Meski Sudah Dapat SP1 - Kupas Tuntas",https://news.google.com/rss/articles/CBMixgFBVV95cUxNbjlTamN1VzFhUFY1Njd4UUxyR3lnelBHRjFreGZhZXdpYlUtUWQ1Tlp0QXNrbmtsZ0czZ1RubTRpSTlHQnNMSDBVSzgyTEZULWtab3lkQVAtMXE1SVVRWmZIXzgwT2F2Q1RTWjdoZEZIbTVaaDVIMVVSSlNnV1d3bnRwQ21oMGFXRkw3T01rSEd0VkJYcFI2QU1LWEw2bDRudHp3MDg3R1NUT0xlYldMbzh3T25xY0NvaG1ueEpxMlBkT0ZuaVE?oc=5,2026-04-20 07:00:00+00:00,Kupas Tuntas,https://www.detik.com/sumbagsel/hukum-dan-kriminal/d-8535560/pria-di-bandar-lampung-yang-curi-mobil-temannya-ditangkap-pelaku-ditembak,"Pria di Bandar Lampung, berinisial MRP (25) yang mencuri mobil milik temannya ditangkap polisi. Saat hendak ditangkap pelaku melawan hingga ditembak petugas. Direktur Reserse Kriminal Umum Polda Lampung Kombes Indra Hermawan mengatakan pelaku ditangkap di kawasan Pasar Tugu, Bandar Lampung, Minggu (14/6/2026) sekitar pukul 11.30 WIB. ""Pelaku berhasil kami amankan berikut barang bukti kendaraan yang sebelumnya dilaporkan hilang oleh korban. Saat proses penangkapan, pelaku melakukan perlawanan aktif yang membahayakan petugas sehingga dilakukan tindakan tegas dan terukur sesuai prosedur,"" kata Indra, Rabu (17/6/2026). SCROLL TO CONTINUE WITH CONTENT Setelah dilumpuhkan, pelaku langsung dibawa ke Rumah Sakit Bhayangkara Polda Lampung untuk mendapatkan perawatan medis sebelum menjalani pemeriksaan lebih lanjut. Indra menjelaskan kasus tersebut bermula saat pelaku yang merupakan teman anak korban meminjam mobil Daihatsu Sigra milik korban pada 10 Mei 2026. Saat itu, pelaku meminta izin menggunakan kendaraan melalui anak korban dan diberikan kunci serep mobil. ""Keesokan harinya, mobil tersebut dikembalikan. Namun beberapa hari kemudian, korban mendapati kendaraan yang diparkir di sekitar rumahnya di kawasan Sawah Brebes, Tanjungkarang Timur, Bandar Lampung ini telah hilang,"" jelasnya. Tak hanya mobil, korban juga mengetahui kunci serep dan STNK kendaraan telah raib. Atas kejadian itu, korban mengalami kerugian berupa satu unit mobil Daihatsu Sigra tahun 2024 warna hitam bernomor polisi BE-1891-AAS. ""Dari hasil penyelidikan, pelaku diduga memanfaatkan akses yang diperolehnya saat meminjam kendaraan korban. Setelah laporan diterima, tim melakukan serangkaian penyelidikan hingga akhirnya keberadaan pelaku berhasil diketahui,"" ujarnya. Dalam pengungkapan kasus tersebut, polisi mengamankan barang bukti berupa satu unit mobil Daihatsu Sigra milik korban yang sebelumnya dilaporkan hilang. Saat ini pelaku telah ditahan di Mapolda Lampung dan menjalani proses hukum. Penyidik menjerat pelaku dengan Pasal 477 Undang-undang Nomor 1 Tahun 2023 tentang pencurian dengan pemberatan. ""Kami mengimbau masyarakat untuk lebih berhati-hati saat meminjamkan kendaraan kepada pihak lain, sekalipun orang yang sudah dikenal. Kasus ini masih terus kami dalami untuk melengkapi berkas penyidikan,"" ujarnya. Anda menyukai artikel ini",2336
pasar viral Lampung,"Lindungi Konsumen, Dinas Perdagangan Bandar Lampung Gencar Sidang Tera di Pasar Tradisional - radarlampung.disway.id - Radar Lampung",https://news.google.com/rss/articles/CBMi4gFBVV95cUxQMDlfbVhUNEVyQnFPZ0ZTVUNZQ01HMkFndmVTRXpkcGtfUGhUZWdxM2xhODVSV3VTTHpFczF0SjJfYndWUVg2Rk1zUWF3UDd6dUZ6SkVUNTdrNVNZbmI2OE95ZnYyRmNfSV92dHltUVBybUJ1LXh6dkNXU2FXX2tTOGsyem9IN0hSMzh3SFZWdWJyM0hRcFdTRUIydHdCWGx1dUFFWDNCMVB5eGFlcHA1SlhYeFFNcjdhOUFqYWJjajZRa0ZFSlBIb2dndGJMX1h3bHA1MlBuSnJNUEdHb0VPa2pR0gHMAUFVX3lxTE5hNVlpTTQzS2VjNThsd1VvbnM0d2xYaFNmRGxTOFQ2TjRwbDY3cTQ3b0trUzJsc2NZQ0tIZDhZbTVUWG8wdVFtXzZDSVRyZHZXUFVsZGhWdkpUWXpiUTFhU0Zjb0xKbzB5ZlZFVjRFRDkwNERWLXlIQzgxYzcycS04Nl8xVDVMNnRiVE0yYURxUVk0Mi1qUzItLUVvYmZvSUFtVGVtSV9sbF9GRmotMnlZNkh5WFN5Qmg3S0hPeXpWdGFpeWlReFdsejRpQw?oc=5,2026-09-20 09:25:00+00:00,Radar Lampung,https://kupastuntas.co/2026/04/20/program-mbg-lampung-barat-kembali-tuai-keluhan-sppg-pasar-liwa-tak-jera-meski-sudah-dapat-sp1,"Temuan ulat di Menu MBG dari SPPG Pasar Liwa. Foto: Ist Kupastuntas.co, Lampung Barat - Satgas MBG Lampung Barat
mengaku masih belum menerima laporan terkait keluhan penerima menu program MBG
yang dibagikan SPPG Tugu Sari 2, Kecamatan Sumber Jaya yang mendapat menu
daging dengan kondisi alot dan susah di makan. Hal tersebut disampaikan Anggota Satgas MBG Lampung Barat,
Marjohan, namun demikian ia mengatakan ketua Satgas telah menginstruksikan
Camat untuk datang langsung ke lokasi memastikan hal tersebut. ""Untuk Satgas sudah diperintah langsung (ke lokasi)
oleh Ketua Satgas, camat yang melaksanakan cek ke lokasi,"" kata Marjohan
saat diminta keterangan, Senin (20/4/2026). Ia mengatakan jika dapur SPPG Tugu Sari 2, Sumber Jaya yang
mendistribusikan menu MBG yang viral tersebut yakni milik yayasan Bangun
Cakrawala Nusantara, namun saat ditanya terkait pemilik yayasan ia mengaku
belum tau pasti. ""Kalau nama mitra nya kami kurang paham, karena antara
yayasan dan mitra orang nya berbeda,"" kata dia. Selain kasus MBG di Kecamatan Sumber Jaya, pihaknya juga
telah menginstruksikan Satgas Kecamatan untuk menindaklanjuti kasus temuan ulat
di SDN 3 Way Mengaku milik dapur SPPG Pasar Liwa, Kecamatan Balik Bukit. Diketahui SPPG Pasar Liwa berlokasi di Komplek Pertokoan
Pasar Liwa, Kecamatan Balik Bukit, di bawah naungan Yayasan Insan Sehat
Mandiri. Namun ia mengatakan belum menerima hasil dari peninjauan lokasi atas
kedua kasus itu. ""Kami belum dapat (laporan) mungkin langsung lapor
Ketua satgas,"" sambungnya. BACA JUGA: MBG
di Lampung Barat Dikeluhkan, Daging Alot Seperti Karet hingga Temuan Ulat di
Makanan Siswa Marjohan mengatakan, mengantisipasi kasus serupa agar tidak
terulang, pihaknya minggu ini akan segera mengumpulkan kepala Dapur SPPG untuk
dilakukan pembinaan serta membahas kasus yang sedang viral. ""Segera minggu ini satgas akan mengumpulkan kepala
dapur SPPG untuk melakukan rakor bulanan, dan pembinaan. Sekalian membahas hal
ini petunjuk pimpinan,"" jelasnya. Sekedar diketahui, SPPG Pasar Liwa sebelumnya telah mendapat
SP1 karena kesalahan yang sama, yakni ditemukan ulat pada daun sajian makanan
yang disiapkan untuk di konsumsi para penerima beberapa waktu lalu. Ketua Satgas MBG Lampung Barat, Ahmad Hikami saat itu
menjelaskan, Satgas menemukan proses pencucian bahan makanan yang kurang
higienis dan Satgas juga menemukan adanya ulat pada daun sajian makanan yang
disiapkan. Atas temuan tersebut, Satgas langsung melakukan pemeriksaan
lanjutan dan memberikan SP1 kepada pengelola SPPG. “Temuan ini tergolong
serius. Kami minta pengelola segera melakukan perbaikan menyeluruh agar
kejadian serupa tidak terulang,” tegas Ahmad Hikami saat itu. Sementara saat ini, Ketua Satgas MBG Lampung Barat, Ahmad
Hikami saat di hubungi belum memberikan respon terkait hasil peninjauan Satgas
Kecamatan terhadap dua kasus MBG yang tengah viral di tengah masyarakat
tersebut. (*)",2933
pasar viral Lampung,"Viral Keroyok Pengendara Motor di Metro Lampung, Tiga Terduga Anggota Gengster Ditangkap Polisi - Kupas Tuntas",https://news.google.com/rss/articles/CBMixwFBVV95cUxPOU5zY052a3hzSDBzMGZoTU1tVnpnR2FaVXUxUVZ6aHF2RndibGdqUHo3d1NORTJUeVVVLWhrNzFaQU9ONVZIQXJSbU9sQzVvQ21yZXlHeFBCd3UxRV85aDVlcVRhS1NkalVydUhJd18tR2d3cjFVSFo0NFRfdHBiM21PMVd1d3hSSV9sNEdkMzJacEpPdzRZcHhKdjh2LWh1LTlOLVhjZmVFOXJDR1pFTGVlXzAxNjVIR1hvZ0lZcW1pdXpyaE1V?oc=5,2026-07-04 07:00:00+00:00,Kupas Tuntas,https://radarlampung.disway.id/bandar-lampung/read/729172/lindungi-konsumen-dinas-perdagangan-bandar-lampung-gencar-sidang-tera-di-pasar-tradisional,"ilustrasi pasar tradisional-Ai generated- RADARLAMPUNG.CO.ID— Dinas Perdagangan Kota Bandar Lampung terus menggencarkan kegiatan Sidang Tera dan Tera Ulang Alat Ukur, Takar, Timbang, dan Perlengkapannya (UTTP) di berbagai pusat perbelanjaan dan pasar tradisional. Langkah proaktif tersebut dilakukan guna memastikan setiap transaksi perdagangan di Kota Tapis Berseri berjalan jujur, adil, serta akurat demi melindungi hak-hak masyarakat sebagai konsumen. Kepala Dinas Perdagangan Kota Bandar Lampung, Erwin, menjelaskan bahwa kegiatan sidang tera merupakan komitmen nyata pemerintah kota dalam menghadirkan ekosistem perdagangan yang transparan dan akuntabel. Melalui sistem pelayanan jemput bola yang langsung menyambangi pasar-pasar, pihaknya ingin memastikan seluruh perangkat ukur yang digunakan pedagang tetap presisi sesuai standar metrologi legal. Sebagai salah satu wujud nyata dari komitmen tersebut, Dinas Perdagangan Kota Bandar Lampung melalui Bidang Metrologi sebelumnya telah berkolaborasi dengan UPT Pasar Tamin untuk melaksanakan kegiatan Sidang Tera/Tera Ulang di lingkungan UPT Pasar Tamin pada tanggal 15–17 September 2026. Kegiatan di pasar tersebut berjalan dengan lancar dan disambut baik oleh para pedagang. BACA JUGA: Kopertais XV Lampung Dorong Migrasi Total SISTER demi Akselerasi Karier Dosen PTKIS Erwin menyatakan bahwa dalam aktivitas perdagangan, prinsip utamanya adalah yang ditimbang harus pas, yang diukur harus tepat, dan yang dibayar harus sesuai. Melalui kegiatan seperti di UPT Pasar Tamin, pihaknya ingin memastikan hal tersebut benar-benar diterapkan di lapangan. Erwin memaparkan bahwa pelaksanaan sidang tera memberikan banyak manfaat strategis, baik dari sisi perlindungan konsumen maupun keuntungan bagi pelaku usaha. Berdasarkan Permendag Nomor 24 Tahun 2024 tentang Kegiatan Tera dan Tera Ulang UTTP, tera ulang dilakukan antara lain terhadap UTTP yang masa berlaku tanda sahnya telah berakhir dengan jangka waktu yang ditetapkan sesuai ketentuan. Bagi konsumen, kegiatan ini memberikan kepastian takaran sehingga mereka mendapatkan kuantitas barang baik berat, volume, maupun panjang yang sesuai dengan uang yang dibayarkan, sekaligus mencegah potensi kecurangan ukuran. Sementara itu, bagi para pedagang dan pelaku usaha, kepemilikan cap tera yang sah pada alat ukur menjadi bukti nyata bahwa mereka menjalankan usaha secara jujur dan terpercaya. Erwin menambahkan bahwa tera ulang secara berkala juga berfungsi menghindarkan pedagang dari kerugian akibat alat ukur atau timbangan eror yang justru keliru memberikan takaran berlebih. BACA JUGA: Resmi Tutup PKKMB 2026 'Brilliant Generation', Teknokrat Tumbuhkan Karakter Sang Juara Terlebih, dengan konsep pelayanan jemput bola langsung di lokasi strategis seperti pasar tradisional, para pedagang diuntungkan karena tidak perlu repot membawa perangkat timbang mereka ke kantor dinas, sehingga dapat menghemat waktu dan biaya operasional. Melalui pengawasan dan penertiban yang konsisten, Dinas Perdagangan Kota Bandar Lampung optimis budaya tertib ukur dapat semakin membudaya di tengah masyarakat. Hal ini tidak hanya menciptakan iklim pasar yang kondusif dan transparan, tetapi juga turut menjaga stabilitas ekonomi lokal serta mendongkrak daya beli masyarakat terhadap pasar tradisional. Erwin menegaskan bahwa tertib ukur merupakan cermin budaya jujur dan mengajak seluruh pihak bersama-sama mewujudkan perdagangan yang adil dan terpercaya di Kota Bandar Lampung. (*) Cek Berita dan Artikel lainnya di Google News",3516
pasar viral Lampung,"Viral Kasus MBG Lambar, SPPG Sumber Jaya Kena Teguran BGN, Pasar Liwa Terancam SP2 - Kupas Tuntas",https://news.google.com/rss/articles/CBMitAFBVV95cUxQRG52cWd1T0xyTGN1dVZvblpKUktEWmRXb1FoSXdCcktaVXVzQVJRTHlycldLQjFYc2VKTk5KZWFkZ3FlYy1ueDdnTng2cm51MVVBSldBeVp6ZkZRZXVpbEgzNW5YdVQzTFJpRjFrNzJPOGlqX3QzT3BZR3p2ZnQxV1ZXcjczQUpRT3J6M1VMRnFVUEpiendkWDc2T2k2SThIQUh0bHNVNVZjRFd5ZkdNalpvN1I?oc=5,2026-04-23 07:00:00+00:00,Kupas Tuntas,https://kupastuntas.co/2026/07/04/viral-keroyok-pengendara-motor-di-metro-lampung-tiga-terduga-anggota-gengster-ditangkap-polisi,"Tangkapan layar video viral aksi pengeroyokan yang diduga dilakukan oleh kelompok gangster di Metro. Foto: Ist. Kupastuntas.co, Metro - Aksi sekelompok pemuda yang diduga ingin tampil bak gangster jalanan di Kota Metro, Lampung akhirnya ber ujung antiklimaks . Setelah sempat viral melalui tiga video amatir yang beredar di media sosial, tiga orang yang diduga terlibat dalam aksi pengeroyokan terhadap seorang pengendara motor kini berhasil diringkus Tim Tekab 308 Presisi Satreskrim Polres Metro. Jika sebelumnya mereka percaya diri menguasai jalanan, kini mereka harus menghadapi proses hukum. Kasus tersebut bermula dari peristiwa pengeroyokan yang terjadi pada Jumat, 26 Juni 2026 sekitar pukul 02.30 WIB di Jalan Imam Bonjol, Kelurahan Hadimulyo Barat, Metro Pusat. Korban yang sedang melintas bersama rekannya tiba-tiba dihadang oleh sekitar lima sepeda motor yang ditumpangi belasan orang. Tak hanya menghadang, kelompok tersebut diduga langsung melontarkan kata-kata kasar sebelum melakukan pemukulan secara bersama-sama. Korban tak mampu melawan hingga akhirnya tak sadarkan diri dan harus dilarikan ke RS Azizah Metro untuk mendapatkan perawatan akibat luka memar di kepala, lecet di punggung, serta luka robek di bagian kaki. Peristiwa itu kemudian dilaporkan ke Polres Metro. Laporan korban menjadi dasar penyelidikan yang dilakukan Satreskrim Polres Metro. Di sisi lain, beredarnya video pengeroyokan di media sosial semakin memudahkan aparat mengidentifikasi para pelaku. Kasat Reskrim Polres Metro AKP Rizky Dwi Cahyo mengatakan Tim Tekab 308 Presisi terus melakukan penyelidikan hingga akhirnya memperoleh informasi keberadaan salah seorang pelaku pada Jumat, 3 Juli 2026 sekitar pukul 18.30 WIB di kawasan Pasar Shopping Metro. ""Petugas kemudian bergerak cepat dan berhasil mengamankan tersangka berinisial DK beserta barang bukti berupa sebuah helm berwarna abu-abu. Dari hasil pemeriksaan awal, polisi melakukan pengembangan hingga akhirnya dua tersangka lainnya, yakni NM dan AS, berhasil diamankan di lokasi berbeda,"" terang Kasat saat dikonfirmasi awak media, Sabtu (4/7/2026). Selain menangkap ketiga tersangka, polisi turut mengamankan barang bukti berupa satu bilah senjata tajam jenis senjer yang diduga digunakan dalam aksi tersebut. Seluruh tersangka berikut barang bukti langsung dibawa ke Mapolres Metro untuk menjalani pemeriksaan lebih lanjut. Dari hasil penyelidikan, ketiga tersangka diduga merupakan bagian dari kelompok yang menamakan diri Ultras Perintis, yang disebut berasal dari salah satu sekolah kejuruan di Kota Metro. Polisi pun masih terus mendalami kemungkinan keterlibatan pelaku lain yang ikut berada di lokasi saat kejadian. ""Atas perbuatannya, para tersangka dijerat dengan dugaan tindak pidana pengeroyokan sebagaimana diatur dalam Pasal 262 Undang-Undang Nomor 1 Tahun 2023 tentang KUHP. Penyidik juga masih melengkapi alat bukti, memeriksa saksi-saksi, serta menyempurnakan berkas perkara untuk proses hukum selanjutnya,"" beber Kasat. Fenomena kelompok yang mengatasnamakan ""Gangster"" belakangan memang kerap meresahkan masyarakat. Dengan nama yang terdengar sangar, sebagian anggotanya justru memilih mencari pengakuan melalui aksi kekerasan di jalan. Padahal, keberanian tidak pernah diukur dari seberapa banyak orang yang dikeroyok, melainkan dari kemampuan bertanggung jawab atas setiap tindakan. Ironisnya, aksi yang diduga ingin menunjukkan eksistensi justru meninggalkan jejak digital yang sulit dihapus. Di era kamera ponsel dan media sosial, setiap tindakan bisa menjadi barang bukti. Video yang semula diduga dianggap sebagai simbol keberanian berubah menjadi petunjuk yang mengantar aparat kepada para pelaku. ""Polres Metro tidak akan memberi ruang bagi aksi premanisme maupun kekerasan jalanan yang mengganggu keamanan masyarakat. Kepolisian juga mengajak para orang tua, pihak sekolah, dan lingkungan sekitar untuk lebih aktif mengawasi pergaulan anak-anak agar tidak terjerumus dalam kelompok yang mengarah pada tindak kriminal,"" tandasnya. Kasus ini menjadi pelajaran bahwa julukan Gangster mungkin terdengar gagah di tongkrongan, tetapi di hadapan hukum tidak ada panggung untuk unjuk keberanian. Pada akhirnya, yang menentukan bukan seberapa viral aksinya, melainkan seberapa besar tanggung jawab yang harus dipikul atas perbuatan yang diduga dilakukan. (*)",4328
event viral Lampung,5 Event Lampung Bulan April 2026 yang Wajib Masuk Wishlist - IDN Times Lampung,https://news.google.com/rss/articles/CBMimgFBVV95cUxOc2J2TEVFc3RSb3BPclRzTDd1czNXRndGU2NiOXlwaDItNVV0Ty1IZFVIbFZ4a3Jxc3doeUE4YXRKVEdveE5Td0JtOGpIaWFJUDQ5bVhIeHRjNVV6UUF1a0tLVDhPWXNzdHJaUGxHZkVvR1FyY0VoNnVYanZOLWI3RUJPSnZqMy1iNFVnV3Q4SEFlVWtORVdJNWpR0gGfAUFVX3lxTE1YYkpNZ3QycFhMQ3JCUU1ZNkljQzViek9nVXliQWsteDJOUXZiSUVBRTd6MFpROVU4Sm90TVhsa0JmS2FNaGFjN2p0ZEpxSnpTU05POVU4M3dXZXQyOUhXUFg2cVFDdUdOOEE0X2VqUFJHRVhMUlhtZHg5cmdaNEhPeGtySzRhN2ItZ2dkOGFMTWR5ZWQ4SnNRZl9EcDJ6dw?oc=5,2026-04-03 07:00:00+00:00,IDN Times Lampung,https://kupastuntas.co/2026/04/23/viral-kasus-mbg-lambar-sppg-sumber-jaya-kena-teguran-bgn-pasar-liwa-terancam-sp2,"Kupastuntas.co, Lampung Barat - Buntut viralnya sejumlah
temuan dalam pelaksanaan program Makan Bergizi Gratis (MBG) di Kabupaten
Lampung Barat, Satuan Pelayanan Pemenuhan Gizi (SPPG) Sumber Jaya resmi
mendapat sanksi teguran dari Badan Gizi Nasional (BGN). Sementara itu, SPPG
Pasar Liwa terancam menerima sanksi lanjutan berupa Surat Peringatan 2 (SP2)
apabila terbukti kembali melakukan pelanggaran serupa. Ketua Satgas MBG Lampung Barat, Ahmad Hikami, mengungkapkan
bahwa pihaknya telah bergerak cepat menindaklanjuti persoalan tersebut dengan
menginstruksikan Satgas di tingkat kecamatan untuk turun langsung ke lapangan
melakukan pengecekan dan klarifikasi. Menurut Hikami, langkah ini dilakukan guna memastikan
kebenaran informasi yang beredar sekaligus sebagai bentuk pengawasan terhadap
kualitas pelaksanaan program MBG di daerah tersebut. Terkait kasus di Kecamatan Sumber Jaya, Hikami menjelaskan
bahwa pihak pengelola SPPG telah mendapatkan teguran langsung dari BGN. Teguran
tersebut diberikan setelah adanya laporan dari masyarakat melalui kanal
pengaduan resmi yang disediakan pemerintah. “Untuk Sumber Jaya, mereka sudah mendapat teguran langsung
dari BGN karena ada laporan masyarakat yang masuk melalui kanal pengaduan,”
kata Ahmad Hikami saat dimintai keterangan, Kamis (23/4/2026). Meski demikian, Hikami mengaku hingga saat ini pihaknya belum
menerima salinan resmi dari teguran yang diberikan oleh BGN tersebut. Namun, ia
memastikan bahwa informasi tersebut telah dikonfirmasi secara internal. Di sisi lain, kasus serupa juga terjadi di wilayah Pasar
Liwa, Kecamatan Balik Bukit, yang sebelumnya sempat menjadi sorotan akibat
temuan ulat pada menu MBG yang disajikan kepada penerima manfaat. Hikami menegaskan bahwa pihaknya telah menginstruksikan
Satgas Kecamatan untuk segera melakukan penelusuran dan klarifikasi terhadap
temuan tersebut sebelum mengambil langkah lanjutan termasuk pemberian sanksi
SP2. “Dengan adanya pemberitaan terkait temuan ulat di menu MBG,
Satgas akan melakukan klarifikasi terlebih dahulu. Jadi masih berpotensi
diberikan SP2, jika hasilnya terbukti nanti pasti SP2, karena nanti sanksinya
bisa sampai SP3,” ujarnya. Ia menambahkan, keputusan pemberian sanksi akan didasarkan
pada hasil pemeriksaan di lapangan, termasuk sejauh mana tingkat kelalaian yang
terjadi serta apakah pelanggaran tersebut merupakan kesalahan berulang. Diketahui, SPPG Pasar Liwa sebelumnya telah menerima Surat
Peringatan 1 (SP1) akibat kasus serupa, yakni ditemukannya ulat pada bahan
makanan yang disajikan kepada penerima program MBG. Dalam temuan sebelumnya, Satgas MBG Lampung Barat
mengidentifikasi adanya proses pencucian bahan makanan yang tidak higienis,
sehingga memicu munculnya kontaminasi pada menu yang disajikan. Atas kejadian tersebut, Satgas telah memberikan peringatan
keras kepada pengelola SPPG Pasar Liwa agar segera melakukan perbaikan menyeluruh
terhadap standar operasional, khususnya dalam hal kebersihan dan pengolahan
makanan. Hikami menegaskan bahwa pihaknya tidak akan mentolerir
kelalaian yang berulang, mengingat program MBG menyangkut kesehatan dan
keselamatan masyarakat, khususnya para penerima manfaat. Sebagai langkah pencegahan, Satgas MBG Lampung Barat juga
berencana menggelar rapat koordinasi bersama seluruh kepala dapur SPPG dalam
waktu dekat. Agenda tersebut akan difokuskan pada pembinaan serta evaluasi
terhadap pelaksanaan program agar kejadian serupa tidak kembali terulang. (*)",3490
event viral Lampung,"Daftar Event Seru Lampung Mei 2026, Jangan Sampai Ketinggalan - IDN Times Lampung",https://news.google.com/rss/articles/CBMiugFBVV95cUxQMVRQVFg4dkpRWTQ2Z1lSVDRRaklVbUoxMmVZNXh0TTRKR00xQWZtcC1WSG03c0dxUzZUeTlnYi15YTRIeEFwRUVfUmdDcWs3UERxdWdLcndKcWgxSEdKWTFmLXh4Q2ttYldyaFlUYUg5ZkIxaTZ4ckJ6SWUxZDVPNW5DeTZWeGs3bFpQTzI2MVNaaFpuSkhGMW9KZk85TFdBQnl0T1RuQnNndlVlVlhUNmtleFQ4MXBGcmfSAb8BQVVfeXFMTzFZYkxiMXR0VnY3QmZ3aEpwWlRFLWlCQUIwTlptZ05YWDdWRE5KMGxMUHRKeFNySUZSUE1VdWNYX0NzVmJJUTc2bTVMcHB3ZXhXcXAzLXU0MHhDTG9lNE9mZEN0ZFhFc0pMYnpUUGdxMTBWV0lkRThWZzJQY0FnbHRudmotSzE3clEwNi1VTzJhUlY1eUhzVzVZcWp0TDVna2hrX3hxNUtOOFhNeFJsTm9vaXZfZzIyTnVOeVJDRVk?oc=5,2026-05-07 07:00:00+00:00,IDN Times Lampung,https://lampung.idntimes.com/travel/destination/event-lampung-bulan-april-2026-00-jf67w-f8trdt,"Bandar Lampung, IDN Times - Event-event seru di Lampung kembali menggeliat dan siap meramaikan bulan April 2026. Setelah melewati bulan Ramadan dan merayakan Idul Fitri, kini berbagai festival, konser, hingga ajang olahraga kembali hadir dengan konsep lebih fresh dan menarik. Gak heran kalau bulan ini jadi momen pas buat kamu jika ingin healing sekaligus cari hiburan seru di akhir pekan.Di bulan April ini, ada banyak event seru dan sayang banget untuk dilewatkan, mulai dari kulineran sampai nonton penampilan musisi. Penasaran apa saja daftar event seru di Lampung selama bulan April ini? Berikut IDN Times rangkum 5 rekomendasi event seru bulan April di Lampung. Buat kamu pecinta kuliner, Rodshow Kuliner Viral Indonesia wajib banget masuk list kunjungan. Event festival kuliner ini digelar di Lampung City Mall mulai 2 hingga 12 April 2026, setiap hari pukul 10.00 WIB sampai 23.00 WIB.Event ini sudah sukses digelar di lebih dari 38 kota di seluruh Indonesia, lho! Di sini, kamu bisa menemukan beragam tenant makanan dan minuman viral dan sedang hits di media sosial. Mulai dari jajanan kekinian, street food, hingga minuman unik menggoda selera, semuanya ada dalam satu tempat. Cocok banget buat kamu jika ingin wisata kuliner tanpa harus jauh-jauh. Expo Tanggamus hadir sebagai salah satu event paling meriah dan berlangsung di Lapangan Tangsi Talang Padang pada 6 hingga 10 April 2026. Event ini menghadirkan beragam kegiatan menarik bisa dinikmati semua kalangan.Mulai dari festival kuliner, bazar UMKM, hingga launching kain Tappan yang menjadi salah satu kekayaan budaya daerah. Pengunjung juga bisa menikmati minum kopi gratis, mencicipi pangan balak, serta berbagai aktivitas seru lainnya. Tak hanya itu, Expo ini juga akan dimeriahkan oleh kehadiran artis nasional dan doorprize menarik siap menambah keseruan acara. Kalau kamu ingin menikmati suasana pantai sambil party, Pesta Lyric bisa jadi pilihan tepat. Event ini akan digelar di Rio By The Beach pada 11 April 2026.Dengan harga tiket mulai dari Rp149 ribu, kamu sudah bisa menikmati penampilan DJ performance dari nama-nama seperti Beynedic, MC De, El Miza, dan masih banyak lagi. Suasana pantai santai dipadukan dengan musik elektronik energik bakal bikin pengalaman kamu makin seru dan berkesan. Wrap Town Market hadir sebagai event yang cocok buat kamu pecinta fashion dan lifestyle. Event ini akan berlangsung di Pasar Raya Lebak Budi pada 15 hingga 19 April 2026.Di sini, kamu bisa menemukan berbagai brand fashion lokal, sneakers keren, hingga berbagai produk hobi dan aksesoris unik. Selain itu, event ini juga menghadirkan berbagai aktivitas seru bikin pengalaman belanja jadi lebih menyenangkan. Dengan tiket masuk mulai dari Rp149 ribu, kamu bisa menikmati suasana market trendy dan kekinian. Buat kamu jika suka olahraga, Gunung Madu Half Marathon bisa jadi pilihan tepat untuk mengisi akhir bulan. Event lari ini akan digelar di Stadion Pahoman pada 26 April 2026. Dengan harga tiket mulai dari Rp175 ribu, peserta tidak hanya akan merasakan pengalaman lari seru, tetapi juga hiburan dari guest star Kerispatih. Perpaduan antara olahraga dan hiburan ini membuat event ini semakin menarik untuk diikuti, baik oleh pelari profesional maupun pemula.Itu dia deretan event seru bisa kamu kunjungi selama bulan April di Bandar Lampung. Dari kuliner, musik, hingga olahraga, semuanya tersedia untuk menemani waktu santai kamu. Jadi, event mana nih yang paling ingin kamu datangi?",3459
event viral Lampung,Festival Krakatau XXXV Jadi Momentum Lampung Perkuat Daya Saing Pariwisata Nasional - Rilis.id Lampung,https://news.google.com/rss/articles/CBMimgFBVV95cUxPZU5NNWNodHFBYkN4cjVjWlZXUVNhbWRkWTlKaWxZVEo3THVycDcycGp2eHBZYUxibDFaV3ZHUU50cGY3Z240YnBrS0d4aFd0RVMyS2RDTUMyMmo3cl9INU4taHBLdU5SNHhCWVVOOTVfUkxmd0lpbGRYeFlzT3pRY1FzUjBYdEhRZHlMdkkwX0Q0VUFLQXZGSUpn?oc=5,2026-08-13 00:21:00+00:00,Rilis.id Lampung,https://lampung.idntimes.com/news/lampung/daftar-event-seru-lampung-mei-2026-jangan-sampai-ketinggalan-00-jf67w-z3wtyg,"Bandar Lampung, IDN Times - Mei 2026, Provinsi Lampung dipenuhi beragam kegiatan menarik sayang untuk dilewatkan. Mulai dari festival kuliner dengan ratusan jajanan viral, event lari bergengsi, hingga pertunjukan musik dan kegiatan keluarga, semuanya hadir meramaikan suasana. Ditambah lagi, Mei kali ini identik dengan sejumlah hari libur nasional bisa dimanfaatkan masyarakat untuk menikmati berbagai event tersebut.Jika kamu sedang mencari agenda seru, berikut ini daftar event menarik akan berlangsung di Lampung sepanjang Mei 2026. Bagi pecinta kuliner manis, event Blok M Dessert Week menjadi salah satu agenda wajib dikunjungi. Event ini telah berlangsung sejak 24 April dan akan berakhir pada 10 Mei 2026. Menariknya, kamu bisa menikmati berbagai jajanan viral khas Blok M, Jakarta, tanpa harus jauh-jauh ke ibu kota.Terdapat lebih dari 300 jenis dessert dan jajanan kekinian bisa kamu temui di sini, mulai dari croffle, donat viral, hingga dessert box ramai di media sosial. Suasana event pun dibuat menyerupai street food market modern Instagramable, cocok untuk berburu konten sekaligus mencicipi kuliner. Tanpa biaya tiket masuk, pengunjung hanya perlu menyiapkan budget untuk jajan sepuasnya. Selain hiburan, bulan Mei juga diisi dengan kegiatan menenangkan hati. Salah satunya kajian bersama Ustadz Hilman Fauzi yang akan digelar di Masjid Raya Al Bakrie pada Jumat, 8 Mei 2026 pukul 19.00 WIB.Kajian ini terbuka untuk umum dan tidak dipungut biaya, namun kuota peserta dibatasi hanya untuk 1.000 orang. Dengan tema relevan dengan kehidupan sehari-hari, acara ini bisa menjadi kesempatan untuk menambah wawasan sekaligus memperdalam nilai-nilai spiritual di tengah padatnya aktivitas. Kalau kamu hobi olahraga, event HIPMI Half Marathon siap memacu adrenalin. Kegiatan ini akan digelar di kawasan PKOR Way Halim pada 10 Mei 2026. Event ini menyediakan beberapa kategori lomba, mulai dari 21K, 10K, hingga 5K yang bisa diikuti sesuai kemampuan peserta. Dengan biaya pendaftaran Rp175 ribu, peserta tidak hanya mendapatkan pengalaman berlari di event besar, tetapi juga kesempatan bertemu komunitas lari dari berbagai daerah. Suasana kompetitif sekaligus kebersamaan menjadi daya tarik utama ajang ini. Beralih ke dunia hiburan, Creative Spark Pringsewu menjadi salah satu event musik patut dinantikan. Festival ini akan berlangsung 20-23 Mei 2026 di Lapangan Banyumas.Selama empat hari penyelenggaraan, pengunjung akan disuguhkan penampilan dari berbagai musisi lokal seperti Kipas Tua, Reska, hingga Orkes Bada Isya. Event ini tidak hanya menjadi ajang hiburan, tetapi juga wadah bagi talenta lokal untuk menunjukkan karya mereka kepada publik lebih luas. Acara satu ini cocok jadi agenda bareng keluarga. Ada lomba Mewarnai Geng Jumbo akan digelar di Gramedia Raden Intan Lampung Minggu, 24 Mei 2026 mulai pukul 08.00 WIB. Lomba ini terbagi dalam dua kategori, yaitu Kategori A untuk Pra TK dan TK, serta Kategori B untuk siswa kelas 1 hingga 3 SD. Biaya pendaftaran Rp70 ribu, anak-anak tidak hanya bisa mengasah kreativitas, tetapi juga belajar berkompetisi secara sehat sejak dini. Event ini juga menjadi momen seru bagi orang tua untuk mendampingi sekaligus mendukung bakat buah hati mereka. Beragamnya pilihan event di Lampung sepanjang Mei 2026 membuat bulan ini terasa semakin hidup. Tinggal pilih kegiatan paling sesuai dengan minatmu, dan nikmati momen seru bersama orang-orang terdekat.",3411
event viral Lampung,Festival UMKM dan Pasar 1001 Malam Lampung Timur Dorong Ekonomi Desa - Media Indonesia,https://news.google.com/rss/articles/CBMisgFBVV95cUxObC1wUVk2Mmt0bXcwbnZHazJXczF1V294OE5DV2ZJRmpEampnOGRFS29udllMNmZ0ai1UM010N3BNOWFneHBRWEtLRnZaWlJfYWdRVWE4bzMtNDMxblRKRmJIa3hXRVh1cHdGOEFvb0p1cnlWLXVIdlk2anpyaFNRSk1PZkRLdnJuOXRiSUpVVG9DMVRpYlB1dEZHMGFETFNQUkxPS1RyYlV0Rk5OeXVlbHln?oc=5,2026-04-18 07:00:00+00:00,Media Indonesia,https://lampung.rilis.id/Pemerintahan/Berita/festival-krakatau-xxxv-jadi-momentum-lampung-eRUO,"RILISID, Bandarlampung
                — Saat acara Press Conference Festival Krakatau XXXV Tahun 2026, Wakil Gubernur Jihan Nurlela menegaskan komitmen Pemerintah Provinsi Lampung untuk memperkuat sektor pariwisata sebagai mesin penggerak ekonomi daerah melalui model pembiayaan berbasis kolaborasi. Wagub mengungkapkan bahwa hampir seluruh pembiayaan penyelenggaraan festival tahun ini terwujud atas sinergi lintas sektor. ""Festival Krakatau ini salah satu bentuk event yang memang diselenggarakan dengan modal kolaborasi. Hampir 95 persen modal anggaran untuk mensukseskan Festival Krakatau ini dari modal kolaborasi, terhimpun dari berbagai sektor swasta, BUMD, BUMN, dan mitra terkait,"" ujar Wagub Jihan, di El's Coffee Roastery, Rabu (12/10/2026). Wagub menjelaskan bahwa Gubernur Lampung telah memberikan arahan tegas agar seluruh jajaran fokus menghadirkan festival berkualitas yang mampu bersaing di tingkat nasional. Sektor pariwisata diposisikan sebagai tumpuan utama pertumbuhan ekonomi daerah di luar sektor pertanian. ""Pak Gubernur memberikan intervensinya jelas, bahwa infrastruktur menuju ke arah pariwisata diperbaiki, kemudian ekosistem pariwisata diintegrasikan melalui pendidikan, budaya, dan lain sebagainya. Tujuannya untuk menjadikan Lampung, selain sektor pertaniannya yang unggul, pariwisatanya juga kita ingin menjadi yang terbaik di Indonesia,"" tegasnya. Dapatkan update berita terbaru setiap hari
                                                langsung dari kami. ""Dilarang mengambil dan/atau
                                    menayangkan ulang sebagian atau keseluruhan artikel di atas tanpa seizin redaksi"" Polisi Temukan Pohon Ganja di Tengah Semak Gunung Seminung Lampung Barat Sebarkan Video Asusila, Warga Tulang Bawang Tengah Ditahan Polres Tubaba Keren! 4 Dosen Universitas Teknokrat Raih Insentif Video Pembelajaran Berbasis Riset, Terbanyak Kedua Nasional Kerukunan, Hak Beribadah, dan Kehadiran Negara Terlibat Penganiayaan, Pemilik Badik Diamankan Polres Lampung Utara Perampasan Sepeda Motor di Kebun Singkong Diungkap Polres Tulang Bawang Curi Dua Handphone, Residivis Dibekuk Polisi di Martapura Modus Hapus Berita, Polisi Bekuk Dua Pemeras Perangkat Desa di Tanjung Bintang Sambut Malam Tahun Baru, Swiss-Belhotel Lampung Hadirkan ASTRONOM LAND 2027 Kapolda Lampung Irjen Pol Helfi Assegaf Apresiasi Film Ageman, Jadi Edukasi Generasi Muda Menyikapi Perbedaan Lebih Dekat dengan Peserta Termuda Kemah dan Bengkel Sastra 2026 Tim Biliar PWI Lampung Menangkan Laga Eksebisi Melawan Pebiliar Drachen Nyaris Dihakimi Massa, Jambret di Gadingrejo Digelandang ke Mapolsek Curat dan Penggelapan, Pria Asal Cilincing Jakarta Utara Ditangkap Polisi Way Kanan Ada Trucukan hingga Srigunting, Digagalkan Tim Gabungan di Pelabuhan Bakauheni Amankan Sepeda Motor hingga Sajam, Polres Way Kanan Tangkap Dua Warga Abung Barat Alasan Kebutuhan Ekonomi, Pria 20 Tahun di Tanjung Bintang Nekat Curi Celengan Milik Tetangga Kepsek SDN 9 Mesuji Bantah Adanya Dugaan Iuran Sekolah Polda Lampung Ungkap Peredaran Narkoba Senilai Rp158 Miliar Lebih Universitas Teknokrat Indonesia Bekali Mahasiswa Baru dengan Penguatan Iman Hadapi Perkembangan Zaman Momentum Hari Pelanggan Nasional, PLN Perkuat Keandalan Listrik Industri PT Fermentech Indonesia Polsek Terbanggi Besar Amankan Dua Orang Terlibat Penyalahgunaan Narkoba di Lokasi Berbeda",3362
event viral Lampung,"Festival Tapis Masuk Festival Krakatau 2026, Tour Krakatau Dipertimbangkan Ulang karena Status Siaga - radarlampung.disway.id - Radar Lampung",https://news.google.com/rss/articles/CBMi8AFBVV95cUxNRWg5aDB0N0I3X18zOVV5UWJsSnNseDBIMzhpeW5zT0lIVUF0cGMxUm5XOU9iYk5keXQtNUNDSDhxMjRDVzZFR1BPOWxGcWRHYzZCZTZxWWRtVFdabURwTS00VFFhbWstYkktQmhDa3dqQUZDZHRzeVo0N3lWR0FySHhLYkt1NlI3WXpMMjNJSFBpcG5ZUjR1ZUxCcVBhbTZxUTg4alp4OEUxaGdKSUhGc2ZYb1JxMmw0RGxzX0g5T3kyTEZ0Vm5YbmRJOEJUV0swNDZleGMyeURES0RzN2tYc3ZXaUQ1czJiOHkwblQwUUnSAdgBQVVfeXFMUHpEUlNuVHdkeFBlNGdNYjYzU1pSSHlKbGt1VFQyR2w5eTEtY2JOaTRVVUlNRm01NVNSaGVzb3owVGRpek9MM1FvV3lETGM3LUx3OFBDY016U0RkWDgtNWhtbHgtamlwWUozYXVZQWtwaWxaZ1VwdjhIdlZ1NUJoamg3ZHdQMlZGVTFYQlhVY1JOb3E2Wk1JNFN6WDdncUNubGUzanBEV2RiQkhEeUtvSFV0a2toQldUV1ZPeHZocmM2YWtoVGVYM1ROR004UWpRME4xbDZXRGR0?oc=5,2026-07-13 07:00:00+00:00,Radar Lampung,https://mediaindonesia.com/nusantara/880916/festival-umkm-dan-pasar-1001-malam-lampung-timur-dorong-ekonomi-desa,"Terungkap, dari 16 unit rumah temuan Ombudsman RI, cuma tiga unit berstatus barang milik negara. SEMANGAT penguatan ekonomi kerakyatan membuncah di Lapangan Bandar Sribhawono. Festival UMKM dan Pasar 1001 Malam resmi dibuka pada Jumat (17/4/2026) sebagai bagian dari rangkaian perayaan HUT ke-27 Kabupaten Lampung Timur. Perhelatan ini menjadi panggung bagi sekitar 1.500 pelaku usaha lokal untuk menunjukkan taringnya. Gubernur Lampung, Rahmat Mirzani Djausal, yang hadir langsung membuka acara tersebut, menegaskan bahwa Usaha Mikro, Kecil, dan Menengah (UMKM) adalah tulang punggung utama perekonomian daerah. Ia meyakini bahwa kemajuan daerah harus dimulai dari penguatan produk-produk desa. “Kalau produk desa naik kelas, UMKM akan tumbuh. Ketika UMKM tumbuh, lapangan kerja terbuka luas. Dengan tersedianya lapangan kerja di desa, generasi muda tidak perlu lagi merantau jauh. Mereka bisa sukses dan berdaya di kampung halamannya sendiri,” ujar Mirza, sapaan akrab Gubernur. Baca juga : Tahun Pertama Kepemimpinan Ela-Azwar: Mengakselerasi Pembangunan Lampung Timur Berdasarkan data yang dipaparkan, Lampung Timur saat ini memiliki sekitar 51 ribu UMKM. Potensi besar ini diharapkan mampu menciptakan desa yang mandiri dan membanggakan. Namun, Mirza menekankan bahwa kesuksesan ini memerlukan kolaborasi lintas sektor, mulai dari peningkatan kualitas SDM, pembukaan akses pasar, hingga fasilitasi permodalan. Selain sektor UMKM, Gubernur juga menyoroti dampak positif kebijakan nasional di bawah kepemimpinan Presiden Prabowo Subianto. Kenaikan harga komoditas unggulan seperti padi, jagung, dan singkong telah meningkatkan pendapatan petani di Lampung Timur secara signifikan. “Pendapatan petani yang meningkat ini harus kita manfaatkan dengan meningkatkan nilai tambah melalui pengembangan UMKM berbasis hasil pertanian,” tambahnya. Baca juga : Menakar Potensi Kakao Lampung Timur, Strategi Tumpang Sari dan Tantangan Keamanan Pemerintah Provinsi Lampung juga terus mendorong produktivitas melalui program ""Desaku Maju"", yang mencakup pemanfaatan pupuk organik cair. Di sisi lain, Bupati Lampung Timur, Ela Siti Nuryamah, menyatakan kesiapannya mendukung program strategis nasional seperti Makan Bergizi Gratis (MBG) dan Koperasi Desa/Kelurahan Merah Putih (KDMP). Terkait infrastruktur, Ela mengapresiasi dukungan Pemprov Lampung dalam perbaikan jalan. Pada tahun 2026, terdapat empat ruas jalan provinsi di Lampung Timur yang menjadi prioritas, termasuk ruas strategis Jabung–Sp Labuhan Maringgai yang kini telah memasuki tahap ground breaking . “Kami siap menjadi garda terdepan dalam menyukseskan program Bapak Presiden dan Bapak Gubernur. Harapan kami, pembangunan ini memberikan manfaat nyata bagi kesejahteraan masyarakat luas,” tutur Ela. Gubernur dan Bupati mengajak seluruh masyarakat Lampung untuk hadir dan memeriahkan Festival UMKM 1001 Malam yang akan berlangsung hingga 25 April mendatang. Ajang ini bukan sekadar pasar malam, melainkan simbol kebangkitan ekonomi dari desa untuk Indonesia. (Z-1) Pembangunan infrastruktur mitigasi konflik gajah di TNWK Lampung Timur mencapai 82%. Komite pastikan akses pertanian warga tetap terjaga melalui pintu khusus. Bupati Lampung Timur Ela Siti Nuryamah meresmikan Sekolah Rakyat Terintegrasi 1 di Desa Muara Jaya sebagai upaya memutus rantai kemiskinan struktural. Aksi warga Lampung Timur menambal jalan rusak menggunakan cangkang kerang viral di media sosial. Bentuk protes atas infrastruktur yang tak kunjung diperbaik Wamenkop Farida Farichah dorong Koperasi Agro Mulyo Lestari Lampung Timur jadi pilar ekonomi melalui digitalisasi dan pembiayaan LPDB 3 persen. Perayaan HUT ke-27 Kabupaten Lampung Timur tahun 2026 sukses mencatat perputaran uang Rp10,048 miliar melalui Festival UMKM dan Pasar 1001 Malam. Menurut dia, pemerintah perlu memastikan keberpihakan terhadap UMKM melalui kebijakan yang membuka akses pasar dan memperkuat daya saing produk. Festival yang melibatkan 110 tenant UMKM dan 30 sponsor itu ditutup Wali Kota Kupang dr.Christian Widodo di ruas Jalan El Tari, Minggu (27/9) malam. IFG dan Jamkrindo menggelar Ruang Resonansi 2026 di Bandung guna memperkuat pelestarian budaya serta mendorong UMKM dan ekonomi kreatif naik kelas. BPDP menggandeng sejumlah UMKM yang bergerak di sektor perkebunan dengan menghadirkan produk-produk olahan dan inovatif. Simposium InFast Bestari menyoroti pentingnya penguatan kelas menengah dan akses pembiayaan UMKM untuk mencapai target pertumbuhan ekonomi 8 persen. Pengelolaan sampah berbasis masyarakat dikembangkan di sekitar Pembangkit Listrik Tenaga Mesin Gas Uap (PLTMGU) Lombok Peaker, Kota Mataram, Nusa Tenggara Barat (NTB). Copyright @ 2026 Media Group - mediaindonesia. All Rights Reserved",4723
event viral Lampung,BRIN: Bright Object in the Sky Over Lampung and Banten as Space Debris - RRI.co.id,https://news.google.com/rss/articles/CBMiqwFBVV95cUxNWXlvRk1uYmdWdHRZRmhMVG1GbHd5clg3bENYUEZLMm9HTWtNeUFuRnJjVHMwUS1IYTFkdTNKR2thQjRNQi1BT25VdzZoaFJDdWFVU3kwaDdGb3d3eWdIR0d0NmdEZnlVbkg2bGNHekZzUTd6YzNxdHBxWXRwQTFtS2NSbzNIeTdYTE4wVzVfcjRmRDlqTjVOS1ZnNnB2TWo0N01VWmx4LXRtck0?oc=5,2026-04-06 07:00:00+00:00,RRI.co.id,https://radarlampung.disway.id/provinsi-lampung/read/727193/festival-tapis-masuk-festival-krakatau-2026-tour-krakatau-dipertimbangkan-ulang-karena-status-siaga,"Kepala Dinas Pariwisata dan Ekonomi Kreatif Provinsi Lampung, Tony Ferdinansyah.---Foto: Prima Imansyah Permana/ Radarlampung.co.id.--- RADARLAMPUNG.CO.ID – Pemerintah Provinsi (Pemprov) Lampung menyiapkan Festival Tapis sebagai salah satu rangkaian utama dalam Festival Krakatau 2026 , sekaligus mempertimbangkan ulang kegiatan yang berkaitan langsung dengan kawasan Gunung Krakatau menyusul statusnya yang masih berada pada Level III (Siaga). Kepala Dinas Pariwisata dan Ekonomi Kreatif Provinsi Lampung, Tony Ferdinansyah, mengatakan Festival Krakatau dijadwalkan berlangsung pada 25–30 Agustus 2026 dan salah satu agenda yang sedang disiapkan adalah Festival Tapis. “Di acara tersebut, kami akan mencoba mengundang berbagai elemen pemangku kepentingan untuk berpartisipasi, termasuk dari dunia pendidikan seperti SMA dan perguruan tinggi, serta stakeholder lainnya,” kata Tony saat ditemui di lobi Kantor Gubernur, Senin 13 Juli 2026. Festival Tapis akan menampilkan peserta dengan busana berbahan kain tapis yang dikreasikan secara modern tanpa menghilangkan identitas asli budaya Lampung. Konsep detail kegiatan masih disusun bersama pihak Event Organizer (EO). BACA JUGA: Modernisasi Pertanian Lampung Makin Masif, Pacu Pertanian Modern dan Produktif “Nantinya mereka akan berbusana yang menonjolkan ciri khas budaya Lampung, yaitu kain tapis, dengan kreasinya masing-masing. Namun, kreasi tersebut tidak akan menghilangkan identitas asli budaya tapis sebagai ciri khas Lampung,” ujarnya. Selain menyiapkan festival budaya, Disparekraf juga mengevaluasi kemungkinan pelaksanaan rangkaian kegiatan di kawasan Krakatau. Salah satu agenda yang sebelumnya direncanakan adalah tabur bunga di sekitar Gunung Krakatau. “Melihat kondisi Gunung Krakatau yang sedang aktif seperti saat ini dan sudah berstatus Level 3 (Siaga), kami akan terus memantau perkembangannya nanti. Kami akan melihat langkah selanjutnya, apakah kegiatan tersebut bisa dilanjutkan atau konsepnya harus diubah,” jelas Tony. Menurut dia, keputusan akhir terkait kegiatan di kawasan Krakatau akan ditentukan berdasarkan perkembangan aktivitas gunung api dan rekomendasi dari instansi terkait. BACA JUGA: Hanya Seminggu, Buruan Scan Aplikasi Indomaret Poinku untuk Tebus Murah Kebutuhan Rumah Tangga Tony juga mengingatkan bahwa Gunung Krakatau bukan objek wisata biasa, melainkan kawasan cagar alam yang memiliki aturan ketat untuk dikunjungi. “Saat ini telah diimbau agar menjaga jarak aman paling tidak sejauh 5 kilometer, jangan sampai mendekat. Kalau dulu batas amannya masih 2 kilometer,” katanya. Imbauan tersebut, lanjutnya, telah disampaikan melalui BPBD Provinsi Lampung. BPBD juga meminta masyarakat maupun wisatawan untuk tidak mendekati kawasan Krakatau untuk kegiatan apa pun selama status siaga masih berlaku. “Kami akan terus memantau kondisinya, terutama kaitannya dengan pelaksanaan Festival Krakatau, apakah salah satu rangkaian acara bisa tetap diselenggarakan di sana atau tidak,” pungkas Tony . Cek Berita dan Artikel lainnya di Google News",3030
event viral Lampung,"Tapir Kembali Ditemukan di Mesuji, BKSDA Turun Tangan Antisipasi Kasus Penyembelihan Viral Terulang - Kompas.com",https://news.google.com/rss/articles/CBMizAFBVV95cUxOTm9uNjhFbC1tNVE3X1ZaS3VEcUItbEpqQUpCSjhWalFPVGdFaVVTTGNKLWZMN1RkMUlSOWxaT20wZkZ6VWFFUG93RWRRVm9SUUtycHFINklwQTZ5dnY1MzgtblBMSVR0eFU1ZUVSc0xzUDRjQkpGa1VvbnM5UlMwaU5tWFRnS25DQXRWSFNvVHMtdXhhbTVsck1VSHp5MkZFWjZpNDlqNU5IYkFrVHo1d21tdEQxTlp3TUV6QWgzaDYtNE9QaGpvMzNXMUo?oc=5,2026-09-21 01:08:00+00:00,Kompas.com,https://rri.co.id/en/trending/2312566/brin-bright-object-in-the-sky-over-lampung-and-banten-as-space-debris,"RRI.CO.ID, Jakarta - Recently, a bright streaking object seen moving across the skies in the Lampung and Banten regions of Indonesia caught the public's attention and went viral on social media. Senior Researcher in Astronomy and Astrophysics at the National Research and Innovation Agency (BRIN), Dr. Thomas Djamaluddin, conveyed that the object was actually space debris, the remains of a China's Long March 3B (CZ-3B) rocket re-entering Earth's atmosphere. According to him, the bright object appeared because the rocket entered the atmosphere at an extremely high speed. As it passed through denser atmospheric layers, it experienced intense atmospheric friction, generating extreme heat. This caused the rocket to disintegrate and break into multiple fragments, producing the bright light visible from the Earth's surface. “The bright object seen in the sky was a fragment of space debris. As it entered the increasingly dense atmosphere, it burned up and broke apart, creating fiery debris,” Dr. Thomas told the BRIN Public Relations team on Sunday, 5 April 2026, according to the official BRIN website. From orbital data analysis and object tracking, it was found that the rocket debris came from India and was heading towards the Indian Ocean to the west of Sumatra. At around 19:56 WIB, the rocket began to enter the denser atmosphere at an altitude of about 120 kilometers, where atmospheric drag caused a rapid decrease in speed and altitude. This resulted in the object burning up and fragmenting, creating a bright flash in the sky. Although this kind of phenomenon is relatively common outside of Indonesia, such a visible event in the country is quite rare. Thomas also noted that a similar event occurred in 2022 when a similar object was seen in Lampung and fell in Sanggau, West Kalimantan. He emphasized that the genuine risk involves any parts that do not burn up completely and fall in populated areas, though this has never happened anywhere in the world to date. He urged the public to remain calm and not panic if they witness a similar phenomenon in the future. According to him, this phenomenon offers an opportunity to spark public interest in space science and the phenomena occurring in outer space. Loading latest news.....",2253
event viral Lampung,"Viral Warga Kecewa Jokowi Batal Datang, Sembako dan ID Panitia Dibuang - IDN Times Lampung",https://news.google.com/rss/articles/CBMixgFBVV95cUxQOU04Q1Y2UWtqWVpqUWNHMGhfYUJHbk5iNFZWbFZXR2RWbjlXTUZrMlpNYV9OWjlIS21PbXphbVRsMHZKQjlFWnBBekhZQUZhYndhLTdoUG41YkhqWjNtUVRWU0JpY3hZcjNsOV9rODhSekFOU0Q3MDExQ0drTGtYUnh3ZFFiUkQ5NkhqVkZNMDVoa0ZpN2NSZGl5N2wwU0ZWcktRbFB2OFZuNzRWMjVYNm05VGFfYTJ5MkJYSG1WVVF2SGRnblHSAcsBQVVfeXFMTm5xVDJtakJlaFFNNzRvd2VERUprYUJqbzhfeC14M2NfX1FnY0xKRmZJcllsWFQxWGo5SHVYRktxMndFS092WTRscENtZEhWZnJPSmxJNEZySUc1WDljV0R4YjI3Sl95Q1h5OS10WjdaVS1qY3l1NGhTZ19HS25mYkVWNGF6VkVERjA4SUhyVlZvcjZDbzZ5N3RacW1qbXhrWllGX1d5YUlYb3JTZEp5VjR3NGl1bjdpY3gyOU1Ob19kUVFRbGdEY0MtV1E?oc=5,2026-06-29 07:00:00+00:00,IDN Times Lampung,https://regional.kompas.com/read/2026/09/21/080809478/tapir-kembali-ditemukan-di-mesuji-bksda-turun-tangan-antisipasi-kasus?page=all,"Tapir Kembali Ditemukan di Mesuji, BKSDA Turun Tangan Antisipasi Kasus Penyembelihan Viral Terulang LAMPUNG, KOMPAS.com - Seekor tapir kembali ditemukan di Kabupaten Mesuji, Lampung. Kemunculan satwa dilindungi itu terjadi di areal perkebunan kelapa sawit PT Pematang Agri Lestari, Kecamatan Way Serdang, dan videonya kemudian beredar di media sosial. Temuan tersebut kembali menjadi perhatian karena sebelumnya Mesuji juga dihebohkan dengan kasus tapir yang ditemukan warga di kawasan Register 45 pada Juli 2026. Satwa dalam kasus tersebut berakhir tewas setelah diburu dan disembelih warga. Kepala Seksi Konservasi Wilayah III Lampung Balai Konservasi Sumber Daya Alam ( BKSDA ) Bengkulu, Itno Itoyo, membenarkan adanya temuan tapir tersebut. ""Betul mas, dan saat ini tim KSDA telah berada di lokasi kejadian untuk mendapatkan informasi secara lebih detail guna penanganan yang lebih tepat,"" kata Itno saat dikonfirmasi, Senin (21/9/2026). Baca juga: Kasus Tapir Disembelih di Mesuji, Hukum Tidak Cukup Tanpa Edukasi Konservasi Itno mengatakan, tim BKSDA turun langsung untuk mengumpulkan informasi mengenai kondisi satwa dan situasi di lokasi penemuan. Langkah tersebut dilakukan agar penanganan terhadap tapir tidak dilakukan secara sembarangan, mengingat satwa tersebut merupakan jenis yang dilindungi. ""Kami sedang berada di lokasi untuk mendapatkan informasi secara lebih detail,"" ujar Itno. Ia belum merinci kondisi tapir, termasuk apakah satwa tersebut mengalami luka atau gangguan kesehatan. BKSDA masih melakukan pemeriksaan dan pendalaman di lapangan. Baca juga: Tapir Malang di Mesuji, Ketika Norma Adat dan Hukum Berbenturan Informasi awal menyebutkan proses evakuasi dilakukan bersama warga sekitar dan petugas setempat. Setelah proses penanganan selesai, satwa tersebut direncanakan diserahkan kepada Pemerintah Kabupaten Mesuji untuk mendapatkan perlindungan dan ditempatkan di Taman Keanekaragaman Hayati Kabupaten Mesuji sebagai bagian dari upaya konservasi. Namun, kepastian mengenai kondisi satwa dan mekanisme penanganannya masih menunggu hasil pemeriksaan tim BKSDA di lapangan. Kemunculan tapir kali ini juga tidak bisa dilepaskan dari kasus serupa yang terjadi di Mesuji pada awal Juli 2026. Saat itu, seekor tapir pertama kali terlihat berjalan di Jalan Lintas Timur Sumatera sebelum berlari menuju kawasan Hutan Register 45, Kecamatan Mesuji Timur. Video kemunculan satwa tersebut kemudian viral di media sosial. Baca juga: Kasus Tapir Disembelih, Menilik Aturan Perlindungan Satwa Liar di Indonesia Alih-alih berhasil diselamatkan, tapir tersebut justru diburu sejumlah warga. Berdasarkan hasil penyelidikan polisi, satwa itu dikejar, ditombak, kemudian disembelih dan dagingnya dibagikan kepada warga sekitar. Polisi kemudian menangkap empat orang yang diduga terlibat, yakni KS, WS, TS, dan MPY. Penyidik menyebut masing-masing memiliki peran berbeda, mulai dari mengejar, menombak hingga menyembelih tapir. Dua orang lainnya disebut masih dalam pencarian. Kasus tersebut juga menjadi perhatian BKSDA. Saat itu, Itno Itoyo mengatakan pihaknya menerima informasi mengenai kematian tapir yang viral dan mengirimkan tim untuk berkoordinasi dengan kepolisian serta mengecek langsung lokasi. Polisi dalam kasus Juli tersebut juga menyita sejumlah barang bukti, antara lain tombak, golok, kulit, tulang-belulang, sisa daging serta rekaman video penyembelihan yang sebelumnya beredar di media sosial. Baca juga: Tragis Nasib Seekor Tapir di Mesuji: Keluar Hutan karena Habitat Menyusut, Berakhir Disembelih Warga Temuan tapir kembali di Mesuji membuat penanganan terhadap satwa liar yang keluar dari habitatnya menjadi perhatian. Peristiwa kali ini berlangsung di wilayah perkebunan dan langsung ditangani bersama oleh warga dan petugas. BKSDA kini masih memastikan kronologi lengkapnya, termasuk bagaimana tapir tersebut bisa berada di areal perkebunan dan kondisi terakhir satwa tersebut. Itno menegaskan, pihaknya masih mengumpulkan informasi sebelum menentukan penanganan lebih lanjut. ""Tim KSDA telah berada di lokasi kejadian untuk mendapatkan informasi secara lebih detail guna penanganan yang lebih tepat,"" katanya. Keterangan lebih lengkap mengenai kondisi tapir dan kronologi penemuannya masih menunggu hasil pemeriksaan BKSDA di lokasi. Bayangkan seorang anak Indonesia bercita-cita menjadi dokter tetapi hanya memiliki satu buku lusuh untuk belajar. Bersama Ekspedisi Kata ke Nyata Kompas.com, Anda bisa membantu mengubah kisah itu. Mari hadirkan akses literasi bagi anak-anak di berbagai pelosok Indonesia melalui donasi lewat tautan https://bit.ly/JagatLiterasi2026 . Setiap kebaikan yang Anda berikan bukan hanya membuka jendela pengetahuan, tetapi juga membuka masa depan mereka. Copyright 2008 - 2026 PT. Kompas Cyber Media (Kompas Gramedia Digital Group). All Rights Reserved.",4817
tempat makan viral DKI Jakarta,Jangan Lewatkan! Ini 10 Rekomendasi Makanan Khas DKI Jakarta yang Punya Cita Rasa Autentik - Info Ekonomi,https://news.google.com/rss/articles/CBMivgFBVV95cUxNVWIzbUpXZGRlbVg2cTdLaC0wc1MwMWpqeERZamw3LTNpUTdxV3Q4T3JTOWhrbXJNYmRTZnF6bTFacko2TDNjSUVEaTYzT0FxeVpmZENGNkdraEh4eUR6cldOdVc2NEFxaGNYRnJGeEdiejhMRGFza3VCaU84Si1VMlVNeDRNc0JfZmNvdzFqMTd3aDF3RW9CWGFQNWc3bElOX2tlckdtYkdtUm9EN1RjdEpPNnpvM0NPbXVYa1dR?oc=5,2026-08-08 07:00:00+00:00,Info Ekonomi,https://lampung.idntimes.com/news/lampung/viral-warga-kecewa-jokowi-batal-datang-sembako-dan-id-panitia-dibuang-00-5h6fh-jn8ckz,"Lampung Timur, IDN Times - Rekaman video sejumlah warga meluapkan kekecewaan lantaran Presiden ke-7 RI, Joko ""Jokowi"" Widodo batal menghadiri Festival Budaya di Taman Wisata Randu Mas, Desa Pugung Raharjo, Kecamatan Sekampung Udik, Kabupaten Lampung Timur viral di media sosial (Medsos), Minggu (28/6/2026).Berdasarkan video diterima IDN Times, terlihat beberapa orang menolak tas bingkisan diduga berisi sembako berwarna hijau-kuning. Terdengar suara seorang wanita yang berteriak dengan lantang, ""Kami nggak butuh ini! Kami butuh Jokowi!"".Luapan emosi tersebut disampaikan sebagai bentuk protes warga di lokasi, lantaran mereka urung bertemu langsung dengan Jokowi, atau sekadar menerima bingkisan. Dalam momen berikutnya, warga turut melakukan aksi pelepasan tanda pengenal atau id card. Mereka menanggalkan kartu tanda pengenal kepanitiaan betulis ""PANITIA BELA BUDAYA NUSANTARA, DALAM RANGKA PENYAMBUTAN BAPAK JOKO WIDODO"", sekaligus melemparkannya ke atas anak tangga semen.Terdengar suara pria di latar belakang video meluapkan kekesalannya. ""Buat apa jadi panitia, cuma capek-capek akekesalannya,"" Di akhir video, terekam seseorang menendang tumpukan kartu panitia tersebut. Terkait insiden tersebut, Ketua panitia pelaksana, Kausar mengatakan, kekecewaan warga dipicu pembatalan kunjungan dinilai dilakukan secara sepihak tanpa penjelasan memadai. Menurutnya, panitia dan masyarakat telah melakukan berbagai persiapan selama hampir satu bulan, guna mengikuti petunjuk teknis dari tim Jokowi.""Ya, jadi masyarakat ini merasa dibohongi karena pembatalan ini seperti dilakukan sepihak dan tidak ada kejelasan,"" katanya.Ia menambahkan, penolakan terhadap bingkisan sembako bukan karena warga tidak menghargai bantuan tersebut, melainkan karena masyarakat sejak awal hanya berharap dapat bertemu langsung dengan Jokowi. ""Warga sangat menyayangi beliau, jadi bukan paket sembako yang diinginkan,"" lanjut dia. Ketua Umum Bela Budaya Nusantara, Mulyono turut menyampaikan permohonan maaf kepada masyarakat atas batalnya kunjungan tersebut. Meski mengaku kecewa, ia mengimbau seluruh tokoh adat, panitia, dan warga tetap bersabar serta tidak terpancing emosi.Selain itu, ia menegaskan Festival Budaya digelar di Pugung Raharjo merupakan kegiatan murni pelestarian budaya tanpa kepentingan lain. Ia mengaku sempat meminta Heru, perwakilan dari pihak Jokowi asal Solo untuk memberikan penjelasan kepada masyarakat terkait batalnya kunjungan tersebut.""Kami mohon maaf dan kami memahami rasa kecewa ini, karena antusiasme masyarakat masih sangat besar. Mudah-mudahan pada kesempatan mendatang, pak Jokowi bisa berkunjung ke Pugung Raharjo dan bertemu langsung dengan masyarakat,"" imbuh Mulyono.",2689
tempat makan viral DKI Jakarta,"6 Promo Makanan dan Minuman Spesial HUT DKI Jakarta, Ada Chatime Beli 1 Gratis 1 - Kompas.com",https://news.google.com/rss/articles/CBMiwgFBVV95cUxPR0lISU1xeERxeGNyRFFIM1B1Y0tuTThWYm5zMFRQTHJoUlM3YzFvbEd0WldXMkl5a29LOEd1VTJlXzNQT1phZ2VBRV9BdmZVTUF5di1mdzhaNlV2UkY4eGdFUnVpZXo5WXJBOEtiSUxMM0ZiRTdWZmVmOU5uQS14X2ROUTMyYVZHZEpKR1NWWUwxcUNfVXQ4UEZ0Y2w1c2V1TkJNLUNONm50aVFGbjJRZkhkWDV2d0Q2ZmRyU1JzVkJLZw?oc=5,2026-06-24 07:00:00+00:00,Kompas.com,https://infoekonomi.id/2026/08/jangan-lewatkan-ini-10-rekomendasi-makanan-khas-dki-jakarta-yang-punya-cita-rasa-autentik/,"Berkunjung ke DKI Jakarta tidak lengkap rasanya tanpa mencicipi beragam kuliner khas yang menjadi bagian dari identitas masyarakat Betawi. Di tengah perkembangan Jakarta sebagai kota metropolitan, makanan tradisional tetap memiliki tempat tersendiri karena menawarkan cita rasa khas sekaligus cerita budaya yang panjang. Kuliner khas Jakarta tidak hanya berupa makanan berat. Ada pula jajanan tradisional, makanan ringan hingga minuman yang masih dapat ditemukan di berbagai kawasan Ibu Kota. Pemerintah Provinsi DKI Jakarta sendiri mencatat bahwa Jakarta memiliki puluhan hingga ratusan hidangan khas yang dipengaruhi beragam kebudayaan, termasuk Melayu, Timur Tengah dan Tionghoa. Bagi masyarakat yang sedang mencari rekomendasi makanan khas DKI Jakarta, berikut sejumlah kuliner Betawi yang menarik untuk masuk dalam daftar wisata kuliner. Nasi uduk menjadi salah satu makanan yang paling mudah ditemukan di Jakarta. Nasi ini dimasak menggunakan santan dan berbagai rempah sehingga menghasilkan aroma harum serta rasa gurih. Biasanya nasi uduk disajikan bersama ayam goreng, telur, tempe, tahu, bihun, sambal, bawang goreng, mentimun hingga emping. Kombinasi tersebut membuat nasi uduk cocok disantap sebagai menu sarapan maupun makanan utama. Bagi pencinta kuliner tradisional, nasi uduk bisa menjadi pilihan pertama ketika ingin mengenal cita rasa khas Betawi. Kuliner berikutnya yang tidak boleh dilewatkan adalah soto Betawi. Hidangan berkuah ini umumnya menggunakan daging sapi dan dapat dilengkapi jeroan, dengan kuah berbahan santan atau susu yang memberikan tekstur gurih dan kaya rasa. Soto Betawi biasanya semakin nikmat ketika disantap bersama nasi putih, emping, sambal dan perasan jeruk limau. Kerak telor merupakan salah satu makanan yang sangat identik dengan Jakarta. Makanan ini dibuat menggunakan telur dan beras ketan, kemudian diberi campuran bumbu serta serundeng sehingga menghasilkan cita rasa gurih dan tekstur khas. Kerak telor juga dikenal sebagai salah satu jajanan tradisional Betawi yang masih banyak dicari wisatawan ketika berkunjung ke Jakarta. Pencinta makanan berbahan sayuran bisa mencoba gado-gado Betawi. Hidangan ini terdiri dari berbagai sayuran yang disiram saus kacang, kemudian dilengkapi bahan pendamping seperti tahu, tempe dan telur. Perpaduan sayuran segar dengan saus kacang yang gurih dan sedikit pedas membuat gado-gado menjadi salah satu pilihan kuliner yang cukup populer di Jakarta. Pemerintah Provinsi DKI Jakarta juga memasukkan gado-gado sebagai salah satu kuliner Betawi yang mudah ditemukan di Jakarta. Ketoprak menjadi pilihan menarik bagi mereka yang menyukai perpaduan tahu, bihun, tauge dan saus kacang. Hidangan tersebut biasanya dilengkapi kecap manis, bawang goreng dan kerupuk. Sederhana tetapi mengenyangkan, ketoprak dapat ditemukan mulai dari pedagang kaki lima hingga tempat makan yang menyajikan kuliner khas Nusantara. Selain nasi uduk, Jakarta juga memiliki nasi ulam sebagai salah satu kuliner tradisional Betawi. Hidangan ini menggunakan nasi putih yang dipadukan dengan berbagai lauk dan rempah, kemudian diberi taburan bahan seperti serundeng serta pelengkap lainnya. Nasi ulam menjadi salah satu kuliner tradisional yang keberadaannya semakin jarang ditemukan sehingga menarik untuk dicoba ketika menemukan penjualnya. Soto tangkar merupakan kuliner berkuah khas Betawi yang memiliki cita rasa rempah cukup kuat. Hidangan ini biasanya menggunakan bagian iga atau tulang sapi dengan kuah berwarna kemerahan dan kaya bumbu. Soto tangkar juga termasuk kuliner yang disebut dalam daftar makanan khas Jakarta dan menjadi pilihan bagi pencinta hidangan berkuah dengan rasa gurih serta rempah yang kuat. Bagi pencinta makanan dengan cita rasa segar, asinan Betawi layak masuk daftar. Hidangan ini menggunakan berbagai sayuran dan pelengkap yang dipadukan dengan kuah atau bumbu bercita rasa asam, gurih dan segar. Asinan cocok disantap ketika membutuhkan makanan ringan yang memberikan sensasi berbeda dari hidangan Betawi berbumbu gurih. Gabus pucung merupakan salah satu kuliner Betawi yang memiliki karakteristik unik. Hidangan ini menggunakan ikan gabus dengan kuah berbumbu kluwek yang menghasilkan warna gelap dan rasa gurih kaya rempah. Menurut informasi kuliner dari Pemerintah Provinsi DKI Jakarta, gabus pucung memiliki kemiripan dengan rawon dari penggunaan kluwek, tetapi bahan utamanya adalah ikan gabus. Tidak hanya makanan berat, Jakarta juga memiliki jajanan tradisional seperti kue rangi. Kue berbahan dasar tepung sagu dan kelapa ini memiliki tekstur khas dengan aroma kelapa yang kuat. Kue rangi bisa menjadi pilihan bagi wisatawan yang ingin mencicipi jajanan tradisional Betawi yang berbeda dari makanan utama. Kuliner Betawi, Warisan Rasa di Tengah Modernitas Jakarta Keberagaman makanan khas DKI Jakarta menunjukkan bagaimana budaya Betawi berkembang bersama berbagai pengaruh budaya yang hadir di Ibu Kota. Tidak mengherankan jika makanan Jakarta memiliki karakter rasa yang beragam, mulai dari gurih, manis, pedas hingga segar. Bagi wisatawan yang ingin melakukan wisata kuliner di Jakarta, mencicipi makanan tradisional tersebut bukan sekadar mencari makanan lezat. Setiap hidangan juga menjadi bagian dari kekayaan budaya yang terus diwariskan dari generasi ke generasi. Dengan banyaknya pilihan, nasi uduk, soto Betawi, kerak telor, gado-gado, ketoprak, nasi ulam, soto tangkar, asinan Betawi, gabus pucung hingga kue rangi dapat menjadi rekomendasi kuliner yang patut dicoba saat menjelajahi Jakarta. Tingkatkan exposure dan reputasi brand/perusahaan lewat publikasi media nasional Cek Artikel dan Berita Lainnya di Google News Kirimkan Press Release berbagai aktivitas kegiatan Brand Anda ke email sekred@infoekonomi.id © Copyright - InfoEkonomi.ID - PT MEDIA ADS INDONESIA",5776
wisata viral DKI Jakarta,Jakarta Jadi Titik Temu Pasar Dunia dengan Destinasi Wisata Indonesia - detikTravel,https://news.google.com/rss/articles/CBMitwFBVV95cUxOZWpyN0R4Qk9uNl9vd0NValQ0MmN2NjFfeXpfMmJaREdpVG1HOWFCSHB4UnhCSFhKeUFKZWN3VWlsTG1CVlMyYVNKVDlncWxGVmZZenljSU5IN0k2M3RRSGV0S2NEX0V4T1ZvUnRvajQ5V2l0WnZtQllmNmVKQ1R0eTA2QkdEQlQ5Rk9ISHdSYnprZm5FWDRUR0MxbUtoZHNkdmhYaE55d3VUeGM5YjhSQmtlSFRoZVHSAbwBQVVfeXFMTWxnTHNLdll6UmFwTHNBTENMbDBiSWpRMDB4OFdrN2lUMTk3RmdlRTcyTFBjNkdvNVJGLXJFVTlfZlpWa2RWcTdKY2NUTVRTajU3bEpIT2ZSZGNReUJqOXl4Yy03ZU1Fak9ZOHE5RjJmWDdRNy13TEowdFdZS3FJTVRKZVNzQWxJX3FBQ0g4QUpvTzV2Vjkwc00tbXBWRGdUdThEUXVhdTlWZEdxbDBUcFdkNlZJMEJ6VlpZSnU?oc=5,2026-09-23 15:15:02+00:00,detikTravel,https://food.detik.com/info-kuliner/d-8542220/spesial-hut-jakarta-ke-499-ini-5-promo-restoran-yang-menarik-dicoba,"HUT DKI Jakarta ke-499 dirayakan dengan berbagai aktivitas menarik. Beberapa restoran juga memberikan promo menarik berupa potongan harga atau makanan gratis. Jakarta telah menginjak usia ke-499 tahun. Momen ini dirayakan dengan hadirnya kembali Pekan Raya Jakarta (PRJ). Tak jarang restoran juga memberikan promo menarik di hari ulang tahun Jakarta. detikFood telah merangkum restoran yang memberikan promo menarik saat perayaan HUT Jakarta ke-499 ini. Di antaranya ada dari restoran grup F&B ID, Wingstop, dan lainnya. SCROLL TO CONTINUE WITH CONTENT Jaringan restoran di bawah naungan F&B ID memberikan promo menarik saat ulang tahun kota Jakarta. Mereka serentak memberikan promo B1G1 (Buy One Get One). Promo itu berlaku pada hari ini sampai 24 Juni 2026. Restoran yang menawarkan promo itu adalah Chatime, Chatime Atealier, Gindaco, Go! Go! Curry, dan Cupbop. Pada promo yang dibagikan Chatime, jika membeli Chatime large (semua varian) dan topping akan mendapatkan gratis Pure Cocoa atau Chatime Roasted Milk Tea. Sementara untuk promo B1G1 dari Gindaco berupa membeli takoyaki 8 pcs atau size partybox nanti akan mendapatkan gratis takoyaki isi 4 pcs. Wingstop juga turut memberikan promo menarik saat HUT Jakarta ke-499. Promonya berupa potongan harga yang sangat besar, yaitu dengan membayar Rp 49 ribuan akan mendapatkan 6 Boneless + Mushroom Fritters (R) + 2 Nasi + 2 Coca-Cola. Promo ini hanya berlangsung 2 hari sampai tanggal 23 Juni. Harga tersebut belum termasuk pajak. Promo juga berlaku untuk dine in, takeaway, maupun delivery. Oh ya, promo ini juga berlaku kelipatan ya! Jika ingin menikmati promo menarik dari The People's Cafe, kamu juga bisa merasakannya selama HUT Jakarta ke-499 ini. Promo yang ditawarkan berupa harga spesial untuk pembelian kedua. Jadi, jika kamu membeli Nasi Goreng Gila atau Nasi Goreng Teri Medan akan dikenakan harga Rp 499 untuk pembelian kedua. Promo ini hanya berlangsung selama 3 hari saja, sampai 24 Juni 2026. Promo harga spesial dari The People's Cafe ini dapat ditemukan di seluruh outlet. Namun, tetap ada syarat dan ketentuan berlaku, ya! Hokben juga turut menawarkan promosi menarik saat ulang tahun Jakarta ke-499 ini. Ia memberikan penawarkan menarik berupa harga spesial. Harga Rp 49.900 itu bisa ditemukan pada sajian menu Irodori Bento 1/3 dan segelas ocha yang segar. Promo ini berlangsung selama 3 hari sampai 24 Juni 2026. Kamu bisa menemukan promo ini di seluruh outlet. Oh ya, khusus promo ini untuk transaksi nontunai! Burger Bangor kembali memberikan penawarkan menarik saat HUT Jakarta ke-499. Mereka memberikan promosi bertajuk 'Hajatan'. Menu promosi yang ditawarkan ada Hajatan 1 berisikan 2 pitik lava, sistagor, dan 2 minuman. Lalu, ada juga Hajatan 2 yang berisikan 2 creamy garlic burger, sistagor, dan 2 minuman. Harganya dibanderol Rp 60.000 per porsi. Promosi ini hanya berlangsung selama 1 hari, yaitu 22 Juni 2026 saja. Jangan lupa menunjukkan KTP Jakarta milikmu, ya! Anda menyukai artikel ini",2979
wisata viral DKI Jakarta,Wagub DKI Tinjau Pariwisata dan Ekonomi di Pulau Tidung - Lampumerahnews,https://news.google.com/rss/articles/CBMiigFBVV95cUxNS3Fwd09XMzJWUlN5WlZFVV9yRWllSEZUeFZ1RjJHaEFlQ0tKcXNsRHZyalRHeEE4cGk3aWNXUnI3YlRrVy1wSHE3eGduVXBVNjB6Qzc4MlQzaElVaklwR0tjRWNyaVdCcFAwcDhuMmZTa2R5YnBzaDBzZzNDRWY1S3E5LWtwYzR1WVE?oc=5,2026-09-26 01:25:00+00:00,Lampumerahnews,https://travel.detik.com/travel-news/d-8676178/jakarta-jadi-titik-temu-pasar-dunia-dengan-destinasi-wisata-indonesia,"Melalui Wonderful Indonesia Tourism Fair (WITF) 2026 mendorong Jakarta sebagai titik temu pasar pariwisata dunia dengan berbagai destinasi wisata di Indonesia. Dalam WITF 2026 yang diselenggarakan di JIExpo Kemayoran pada 15 hingga 17 Oktober mendatang. Selain menjadi ajang promosi pariwisata Indonesia, juga menjadi momentum baik bagi Kota Jakarta. Ketua Steering Committee WITF 2026, Budi Tirtawisata, mengatakan Kota Jakarta ini punya peran yang penting untuk pariwisata Indonesia. Karena di kota ini menjadi sentral aktivitas ekonomi, bisnis, budaya, dan pariwisata. SCROLL TO CONTINUE WITH CONTENT ""Jakarta bukan hanya tempat penyelenggaraan, Jakarta adalah bagian penting dari cerita WITF 2026, khususnya menuju (perayaan) lima abad Jakarta yang akan tiba pada tahun 2027. Jakarta memiliki posisi yang sangat strategis bagi pariwisata Indonesia, sebagai ibu kota, dan salah satu pintu masuk utama Indonesia,"" kata Budi dalam konferensi pers WITF 2026 di Kantor Kementerian Pariwisata, Rabu (23/9/2026). Melalui WITF, pasr internasional datang ke Jakarta untuk bertemu dengan pelaku industri dari berbagai daerah. Di sisi lain, perwakilan destinasi dari seluruh Indonesia juga hadir untuk memperkenalkan potensi wisatanya kepada pasar internasional. Pertemuan tersebut diharapkan membuka koneksi bisnis yang dapat mendorong wisatawan dari berbagai negara untuk berkunjung ke destinasi-destinasi di Indonesia. ""Dan melalui pertemuan tersebut, kita ingin menciptakan koneksi yang dapat membawa wisatawan dari berbagai negara menuju destinasi di Indonesia. Inilah yang kami maksudkan dengan Jakarta sebagai The Great Hub, Jakarta bukan hanya titik kedatangan, Jakarta adalah titik pertemuan,"" ungkapnya. WITF menjadi agenda yang digagas oleh Gabungan Industri Pariwisata Indonesia (GIPI) yang didukung oleh Kementerian Pariwisata bersama Pemprov DKI Jakarta. ""WITF 2026 akan dihadiri lebih dari 300 buyers dari luar dan dalam negeri, baik untuk kebutuhan leisure ataupun corporate, ataupun meeting. Tercatat sampai dengan saat ini, ada 35 negara asal buyers yang akan mencari produk dan paket wisata, serta destinasi baru di Indonesia,"" lengkap Budi. Seperti yang telah dijelaskan, nantinya akan terdapat exhibitor dari berbagai daerah di Indonesia untuk mempromosikan destinasi. Tentunya hal itu sebagai sebuah produk yang ditawarkan kepada pasar global. ""Dengan 35 negara asal buyers akan menjadikan WITF sebagai pasar untuk menjuak produk wisata dan perjalan di pasar global,"" sambung Ketua Umum GIPI, Hariyadi B.S Sukamdani. Anda menyukai artikel ini",2557
wisata viral DKI Jakarta,"Tuan Rumah WITF 2026, Jakarta Jadi The Great Hub Pariwisata Indonesia - women.okezone.com",https://news.google.com/rss/articles/CBMivgFBVV95cUxPY2ZiRTBwSXJIYVN6QS1jYlUwY0FrT0N0aDRKcHdZWVQwNVhSMWhZQzFLd1B2SHhqY2RYUFFiTUJJVWZLdV9vMjAxQU85Unp6NE9rRlNIbU80N2Z6OEtTZkRuNTJUSG9pN2RBQW9TdXlBSHE5MS1VV2dYcExiVHp4S2RMbncxWjRJVTFsQTFHMm5XYUp6QXlrb19qX2VndWJaRWNtRmJIdVRxY0wyXzlsUUJRU2ZrRzVTQ1k4em9B0gG8AUFVX3lxTE5GaDBPYlgzV29NQ2wwd3N1ZWltU3hZeUFxb29iWk5aRE9WV2xlRGV4TFM1cUdtR0J6M3RjcnlSU2NIRjRzNXNaWGJXWG1nd2hvb0RFY1dOek9FNC1sWHREZVJSTHFUS1VyLXZ3bDRtZ2hpWVJZdGZjaEdnY2JJdTQ5N1VjU0wxUlpMak81dDNPVlJieUUyRFpEaGYyRjQ3elYzOEJLRWl4ZjFHOUl0SldrSElnOWlJY3lwcFJI?oc=5,2026-09-24 06:05:33+00:00,women.okezone.com,https://www.lampumerahnews.id/2026/09/wagub-dki-tinjau-pariwisata-dan-ekonomi.html,"JAKARTA -Wakil Gubernur DKI Jakarta, Rano Karno melakukan kunjungan kerja ke Pulau Tidung, Kabupaten Administrasi Kepulauan Seribu, Jumat (25/07/2026). Dalam kunjungan tersebut, Wagub Rano meninjau keramba budi daya ikan kerapu dan bawal bintang, fasilitas pendidikan vokasi SMK Negeri 61 Jakarta, serta lokasi kreasi mural publik sebagai bagian dari pengembangan potensi wisata dan ekonomi masyarakat pesisir. Menurut Wagub Rano, pengembangan pariwisata Pulau Tidung perlu memberi manfaat langsung kepada warga melalui penguatan ekonomi kreatif, sekaligus tetap menjaga ekosistem pesisir. “Pariwisata harus berjalan seiring dengan konservasi. Karena itu, kegiatan ini dibarengi Gerakan Jaga Jakarta berupa pilah sampah, pelepasan ikan bawal bintang, dan penanaman mangrove untuk menjaga ekosistem pesisir,” ujarnya. Salah satu kegiatan yang dikembangkan adalah Wall of Jakarta 2026 sebagai bagian dari peringatan World Tourism Day. Kreasi mural di ruang publik tersebut mengangkat cerita masyarakat pesisir, biota laut, serta pesan pelestarian lingkungan. “Wall of Jakarta 2026 menjadi bagian dari peringatan World Tourism Day sekaligus upaya menghidupkan ruang publik Pulau Tidung melalui seni. Mural tidak hanya mempercantik kawasan, tetapi juga mengangkat cerita masyarakat pesisir, biota laut, dan pesan lingkungan,” kata Wagub Rano. Pemprov DKI juga melibatkan warga dalam sejumlah pelatihan keterampilan untuk membuka peluang usaha baru, mulai dari pengolahan kuliner berbahan sukun dan Kopi Tidung, nail art bertema biota laut, sablon kaus, sketch jamming, hingga barber workshop. “Yang penting, warga lokal dilibatkan langsung. Ada pelatihan kuliner sukun dan kopi Tidung, nail art biota laut, sablon kaus, sketch jamming, hingga barber workshop untuk membuka peluang ekonomi kreatif baru,” tutur Wagub Rano. Selain pelatihan, pasar kreatif disiapkan sebagai ruang bagi pelaku usaha lokal untuk menjual produk kuliner dan kerajinan langsung kepada wisatawan. “Pasar kreatif juga membuka ruang bagi pelaku ekonomi lokal untuk memasarkan kuliner khas dan kerajinan langsung kepada wisatawan, sehingga manfaat kegiatan tidak berhenti pada aspek seni, tetapi juga menggerakkan ekonomi warga,” jelasnya. Wagub Rano berharap rangkaian kegiatan tersebut berdampak langsung terhadap aktivitas ekonomi Pulau Tidung, mulai dari usaha homestay, transportasi laut, hingga penjualan produk lokal. “Dampaknya diharapkan nyata bagi ekonomi Pulau Tidung, mulai dari meningkatnya okupansi homestay, jasa transportasi laut, lama tinggal dan belanja wisatawan, hingga pendapatan pelaku usaha lokal. Saya juga mengapresiasi seniman, OPD, Pemkab Kepulauan Seribu, dan seluruh warga yang terlibat,” pungkasnya.",2697
wisata viral DKI Jakarta,"WITF 2026 Kembali Digelar di Jakarta, Indonesia Siap Bidik Pasar Pariwisata Global - SINDOnews Lifestyle",https://news.google.com/rss/articles/CBMi2AFBVV95cUxQY213SXlYbTl3ZXpGcDJCWHBxQWFKUGtYajI2WDIwajN3bUNNNy1pUGRCemtnRXNycnd1WERDM1NuZ2xiUmdvSC1YUUxNOU9fUDVrTlhsNm9ZdzBnNXQzOUlTZDQ1NlVhMFBuVFNFblU4OVVWY1c5RzctMngzMGV4RllaQnRfRTRHM1Q4cjMtb0dDb2xmZ0lSOG5FTklKSHpCb08tX1FSUklrenB0dGo4TTMxNTBtOEwxdUhTM0lDWV90TFRIREpDZktjZzhtSmtQWm1mSTIxZ1TSAd4BQVVfeXFMUEU2R0dvRzdYX1lFWTJ4UnU0RHdTemd5bUZzQlZqeFgtcFFCRmpiRHVscGVEY3RNZ2tZNWRmM2JVU2NwdzhrejdYOVVjU21NclFkYWp0U3Z6VkU2TWs2NE1teHIwcmxWNUEyT1ZrTk51RDhScExaclI5MHBQYTJkSTdzSFZfRFBsWW1jMkxhMldMUi1tYWxRWGxDWVVPd3BrS09zX0NjZTJzMWFsYWdFRTBYMnhNV05WczF2dzBraHlpZ3JQMWVDNXdLN1kwLXpLcWhuNTdudFBnSTgwLUJn?oc=5,2026-09-24 07:20:36+00:00,SINDOnews Lifestyle,https://women.okezone.com/read/2026/09/24/25/3243907/tuan-rumah-witf-2026-jakarta-jadi-the-great-hub-pariwisata-indonesia,"JAKARTA – Gelaran Wonderful Indonesia Tourism Fair (WITF) 2026 menjadi momentum bagi Jakarta untuk memperkuat perannya sebagai penghubung antara industri pariwisata Indonesia dan pasar internasional. Ratusan pelaku usaha pariwisata dari berbagai daerah serta buyer dari mancanegara akan dipertemukan dalam ajang tersebut. WITF 2026 akan berlangsung pada 15–17 Oktober 2026 di Grand Ballroom Jakarta International Expo (JIExpo) Kemayoran. Memasuki tahun ketiga penyelenggaraannya, pameran business-to-business (B2B) tersebut digelar melalui kolaborasi Gabungan Industri Pariwisata Indonesia (GIPI), Kementerian Pariwisata, dan Pemerintah Provinsi DKI Jakarta. Momentum WITF 2026 semakin istimewa karena bertepatan dengan persiapan Jakarta menyongsong usia lima abad pada 2027 mendatang. Jakarta tidak hanya menjadi lokasi penyelenggaraan, tetapi juga diposisikan sebagai penghubung potensi pariwisata Nusantara dengan pasar global. Ketua Steering Committee WITF 2026, Budi Tirtawisata, menegaskan bahwa Jakarta memiliki peran penting dalam memperkuat koneksi antara pelaku industri pariwisata dan pasar internasional. ""Bagi kami, Jakarta bukan hanya tempat penyelenggaraan. Jakarta adalah bagian penting dari cerita WITF 2026, khususnya menuju 5 abad Jakarta di tahun 2027 yang akan datang. Jakarta merupakan tempat di mana berbagai aktivitas ekonomi, bisnis, budaya, dan pariwisata bertemu,"" ujar Budi dalam konferensi pers di Gedung Sapta Pesona Kementerian Pariwisata, Rabu (23/9/2026). Menurut Budi, kehadiran ratusan pelaku industri di Jakarta akan membuka lebih banyak peluang pertemuan bisnis. WITF 2026 ditargetkan menghadirkan lebih dari 300 buyers internasional dari 35 negara.",1686
wisata viral DKI Jakarta,Pemprov DKI gandeng hotel bidik wisata kebugaran - ANTARA News,https://news.google.com/rss/articles/CBMilAFBVV95cUxNRmZkQlFpd2g3a200Rzd2WjJla0Nyd2xQUVNjZzMxSVZTcnRvWjd4V0ZKMXVRTDRHcU9taW1iQXhrbWV4QkZiU1FwR00tNk5aU09CQ08xQ1VoUjczLVFmSUZvSjlqa3B0eE8xV1lDUXhpRGlwckVDRWVYQzRjZU9lS0hfZXpTVTkzVVd4bzRSWjExZFF60gGXAUFVX3lxTE9iNU5EVXRnOTZlWV9HWXVPRnBkNnFPTTcyMlZDNWowVVVrQ2FoVElsV2xySkFwaFBFTnZ4dVlYd2thMXVqWGdlMmYyT3hacVN3cTFtV3ZBZXhwQV95eTFUTkVtbzVYTHZycTlTTVdJcFNkazRXdlFaSGtZSHZKaUNVbm9YRG4xMC1odTMyYm9udXVWT29UbWs?oc=5,2026-07-02 07:00:00+00:00,ANTARA News,https://lifestyle.sindonews.com/read/1753165/156/witf-2026-kembali-digelar-di-jakarta-indonesia-siap-bidik-pasar-pariwisata-global-1790230166,WITF 2026 kembali digelar di Jakarta pada 15-17 Oktober. Pameran pariwisata B2B ini menargetkan 300 buyers internasional dari 35 negara. Ajang pameran pariwisata...,164
wisata viral DKI Jakarta,"HUT ke-499 Jakarta: Masuk Tempat Wisata Gratis, Cek Syaratnya - Gaya Hidup - Bloomberg Technoz",https://news.google.com/rss/articles/CBMiswFBVV95cUxPQVB5RFVNVllsdG9jXzd2MzZFVko0ektzTVBqa0NYamhkbW42N19IZjVYVjNQN3VfYm9DV05tZHBJSlRRWVRYSHdJbUpnRVpYdmpBcFRNU3lDc2tVaGNhWXVHV25uRy03YlBTU1FKRlJpNEpwaXVZOHFCOHhDakhidUNTbHYzeFJyZ1RVV3lBeURJN00zYTZqNGZ1M1NfSkc0RnBHaTRyNGdVcnJpWjd5N1Zjcw?oc=5,2026-06-28 07:00:00+00:00,Bloomberg Technoz,https://www.antaranews.com/berita/5632876/pemprov-dki-gandeng-hotel-bidik-wisata-kebugaran,"Jakarta (ANTARA) - Dinas Pariwisata dan Ekonomi Kreatif (Disparekraf) DKI Jakarta berkolaborasi dengan industri perhotelan dan agen perjalanan mengadakan program wisata kebugaran dan kesehatan (wellness tourism dan medicine tourism ). ""Paket-paket bundling dengan hotel dan tempat-tempat wellness ataupun paket pengobatan yang ada di Jakarta, seperti di Rumah Sakit Pondok Indah, Rumah Sakit Cipto, dan sebagainya yang punya kelebihan-kelebihan dalam hal medicine ,"" kata Ketua Subkelompok Usaha Pariwisata, Disparekraf DKI Jakarta, Syarif Hidayat dalam acara daring yang dipantau di Jakarta, Kamis. Menurut Syarif, kolaborasi dengan berbagai pihak dalam penyelenggaraan industri pariwisata yang ada di Jakarta merupakan salah satu strategi untuk meningkatkan posisi Jakarta sebagai kota global. ""Selama ini yang kami lihat, industri pariwisata di Jakarta, seperti hotel, sudah punya program-program, tapi mereka hanya jalan sendiri. Kami dari Pemprov punya keinginan bagaimana caranya antara satu asosiasi dengan asosiasi yang lain saling berhubungan,"" kata dia. Ketua Asosiasi Travel Agent Indonesia (Astindo) DKI Jakarta, Rina Darmawan berharap Pemerintah Provinsi (Pemprov) DKI Jakarta dapat mengumpulkan para agen perjalanan dalam kegiatan-kegiatan. ""Karena kalau tidak, masing-masing jalan sendiri. Karena kami mungkin secara sektoral agak sungkan, tapi kalau ada dinas yang mendorong kami untuk berkumpul dan mengadakan kegiatan yang bisa dilakukan bersama-sama, itu sangat menyenangkan,"" kata dia. Sementara itu, dalam kesempatan berbeda, Wakil Gubernur DKI Jakarta, Rano Karno pernah menyampaikan Kota Jakarta memiliki kekayaan warisan kebugaran seperti pijat Betawi, ramuan herbal nusantara, bir pletok, tradisi meditasi, dan olah tubuh. Menurut Wagub, semua ini merupakan kekayaan autentik yang menjadikan Jakarta berdaya saing kuat di tingkat regional maupun internasional. Rano menyampaikan bahwa Jakarta dengan segala dinamikanya sedang bergerak menuju transformasi besar. ""Menuju kota global yang bukan hanya kompetitif tetapi juga nyaman, seimbang dan membahagiakan bagi seluruh warganya,"" katanya. Baca juga: DKI tingkatkan wisata kebugaran untuk wujudkan kota bahagia Baca juga: DKI kuatkan industri pariwisata lewat rencana induk hingga kolaborasi Pewarta: Lia Wanadriani Santosa Editor: Syaiful Hakim Copyright © ANTARA 2026 Dilarang keras mengambil konten, melakukan crawling atau pengindeksan otomatis untuk AI di situs web ini tanpa izin tertulis dari Kantor Berita ANTARA. Kirim Komentar menjadi tanggung-jawab Anda sesuai UU ITE.",2554
wisata viral DKI Jakarta,Pemprov DKI Kaji Pengoperasian Trem Wisata untuk Keliling Kota Tua - Kompas.com,https://news.google.com/rss/articles/CBMivwFBVV95cUxNNEFfVWN1Vk9GeVBJWTF6UkJaTGZmby1FMEF2V2hBSzNvNWltQ2VDb0hqcC1ST2hhVDczQzktbmg3Y2JYWVlBS1BrNWFsUXNrdEJhTnhnX1FhUFZDNHN3S0RWbnIyR0dzRnlEejF0YjhyOUhFWUxaS2prWmtjbDR6dFdSdmdsbWJPbUtueUI5UVdIOGR3Qzd3cDlZcVBoOTJyeUExNVgwLVVpczBfemdraXIwOVRmM2tmdEZRV0ctdw?oc=5,2026-06-14 07:00:00+00:00,Kompas.com,https://www.bloombergtechnoz.com/detail-news/113271/hut-ke-499-jakarta-masuk-tempat-wisata-gratis-cek-syaratnya/2,"Khusus pemilik KTP atau Kartu Identitas Anak (KIA) Indonesia. Wajib melakukan reservasi melalui ancol.com paling lambat H-1. Satu KTP/KIA berlaku untuk satu tiket gratis. Perlu diperhatikan, program ini hanya berlaku untuk tiket masuk kawasan. Tiket kendaraan maupun tiket wahana atau unit rekreasi tetap berbayar. Selain itu, kuota tiket gratis juga terbatas. Pengunjung dapat masuk ke Ragunan secara gratis pada 22, 27, dan 28 Juni 2026 dengan syarat cukup membawa kartu identitas. Meski tiket masuk digratiskan, biaya parkir kendaraan tetap berlaku dan beberapa wahana di dalam kawasan masih dikenakan tarif. Masyarakat juga dapat menikmati akses gratis ke: Program ini berlaku pada 22, 27, dan 28 Juni 2026. Sebanyak 11 museum di bawah pengelolaan Pemprov DKI juga dapat dikunjungi tanpa biaya pada 22, 27, dan 28 Juni 2026, yakni: Museum Sejarah Jakarta; Museum Taman Prasasti; Museum Seni Rupa dan Keramik; Museum Arkeologi Onrust; Rumah Si Pitung; dan Sementara itu, Taman Mini Indonesia Indah (TMII) turut menghadirkan promo khusus berupa diskon 49,9% untuk tiket masuk kawasan dan kereta gantung pada 22 dan 28 Juni 2026. TMII juga menggelar konser gratis yang menampilkan Tipe-X, Pasming Based, Orkes Biang Kerok, dan musisi lainnya pada 26 Juni 2026 di Plaza Keong Emas. Selain destinasi wisata, masyarakat juga dapat memanfaatkan fasilitas olahraga secara gratis, yakni sebanyak sembilan kolam renang milik Dinas Pemuda dan Olahraga (Dispora) DKI Jakarta dibuka gratis, yakni Kolam Renang Gelanggang Jakarta Utara, Rawa Badak, Sunter, Gelanggang Jakarta Timur, Ciracas, Bulungan, GOR Grogol, Kebon Jahe, serta Kolam Renang Senen Jakarta Pusat.",1655
wisata viral DKI Jakarta,"Warga Non KTP Jakarta Juga Gratis Naik Transportasi Umum dan Tempat Wisata pada 22, 27 dan 28 Juni - VIVA.co.id",https://news.google.com/rss/articles/CBMi2AFBVV95cUxQMTQzazd6aUV3TVl2RWlnS2ZJS3YybEdlX2ttdkxyMGFyX1J3eTZ5YXhZNFhYckRsS0JGSW9aLTFiWldqUXhkYjNTalpvS1BHM2duSXZNRnd2eEpFNEhSZDJ6MEUyU29yT0VBb3BRcWpGMTB2cU8yNVptYnVxaTMxdE9QT00yX2xVbUxCd3FIR09VbHVPR0d3ZVNIdE9ZMnJKeVdEdHYtd2tCWXJtVzQyeWEwVXpQdjZqSmFhejF3RU5BUk1WMzdUcWl4dDE5ZnJFUjBUUWZodnPSAd4BQVVfeXFMTzAzdE43RmhfN01XaFVabUZ0V20yNk9QcjZQTXVtNTJaTjJtREJaejFKdWJLTlJReHNHMWxCYWpxWVlxYWVOX3paeS1mY0Zod0RYVWhZdXU2N2M3UWNESi1tdElBbE1zbjhKODAyNTRFWDVUcUtKRkplRVhvLXp1RzlHTzVXQmF6aGZFZkN0STROSjhOUjRDVl90NDN1Sm14S3ZOdkRLMEdQQ3A2bFNGOE5hZ1lpUkFBUGtDbE0zdUxHMTQ3dGViN1VNQmNzbmlFZ3ltUjN5cnpNdVNTeEZ3?oc=5,2026-06-21 07:00:00+00:00,VIVA.co.id,https://megapolitan.kompas.com/read/2026/06/14/18494301/pemprov-dki-kaji-pengoperasian-trem-wisata-untuk-keliling-kota-tua,"Pemprov DKI Kaji Pengoperasian Trem Wisata untuk Keliling Kota Tua JAKARTA, KOMPAS.com - Pemerintah Provinsi (Pemprov) DKI Jakarta berencana menghidupkan kembali moda transportasi trem di kawasan Kota Tua. Kepala Unit Pengelola Kawasan Kota Tua Jakarta Denny Aputra menyebut gagasan tersebut merupakan wacana Wakil Gubernur DKI Jakarta Rano Karno yang ingin menjadikan Kota Tua sebagai kawasan rendah emisi atau Low Emission Zone (LEZ). “Ini wacana Pak Wagub (Rano Karno) ya. Tapi kita usahakan,” ujar Denny saat dihubungi Kompas.com, Minggu (14/6/2026). Baca juga: Wacana Menghidupkan Kembali Trem Kota Tua Jakarta dan Jejaknya di Masa Lalu Saat ini, Pemprov DKI tengah melakukan revitalisasi kawasan Kota Tua dan Rano Karno juga ditunjuk sebagai penanggung jawab sekaligus bagian dari tim revitalisasi kawasan bersejarah tersebut. Denny menjelaskan, apabila terealisasi, trem akan difungsikan sebagai sarana wisata yang melayani mobilitas pengunjung di kawasan Kota Tua. “Rencananya antar wisata ya. Cuma belum tahu yang mana, bismillah semoga jadi,” katanya. Meski demikian, ia menegaskan bahwa rencana tersebut masih berupa wacana dan belum diputuskan secara final. Baca juga: Pembangunan Trem Kota Tua Masih Dikaji, Pramono Prioritaskan MRT Rampung 2029 Sejumlah aspek, termasuk kebutuhan anggaran, masih menjadi bahan pembahasan. “Nah itu belum putus sepertinya. Biaya juga kan,” tutur Denny. Di sisi lain, akses transportasi menuju Kota Tua juga terus ditingkatkan. Salah satunya melalui pembangunan MRT Jakarta Fase 2A rute Bundaran HI-Kota. Gubernur DKI Jakarta, Pramono Anung, mengatakan MRT Jakarta Fase 2A ditargetkan mulai beroperasi sampai Stasiun Harmoni pada akhir 2027. Sementara itu, jalur MRT yang tersambung hingga kawasan Kota Tua ditargetkan selesai pada akhir 2029. Baca juga: Transformasi Transum di Jakarta: Dari Trem Kuda hingga Kini Masuk Daftar Terbaik Dunia Hal itu disampaikan Pramono usai mendampingi Wakil Presiden RI Gibran Rakabuming Raka meninjau pembangunan MRT Fase 2A pada Selasa (12/5/2026). “Operasi sampai dengan Harmoni akan dilakukan paling lama akhir 2027. Sedangkan sampai dengan Kota, atau yang kita sebut dengan Kota Tua, direncanakan 2029 akhir,” ujar Pramono di Balai Kota Jakarta, Selasa. Copyright 2008 - 2026 PT. Kompas Cyber Media (Kompas Gramedia Digital Group). All Rights Reserved.",2337
wisata viral DKI Jakarta,Jakarta Selatan Jadi Incaran Turis Lokal pada April 2026 - GoodStats,https://news.google.com/rss/articles/CBMimwFBVV95cUxOdktIaVl0S3ZyOE1kRTgtd3RpV2NKbWVzdTRuVnNLa0lKdEhITkFoRVhhMGQ1X3F6SGFNNGFvNzhoWlJMUDdKUmo2ZlRXbk50VGdWbGFRZEhBUVQ5MWlxbmdTM3g0MGNCR0c0YTlHYTR3clc0cUlXNnp6VlVGby1fd3pNVXFqdXFWYmowSjRvM1hQYWg4OVlRblZHbw?oc=5,2026-07-01 07:00:00+00:00,GoodStats,https://www.viva.co.id/berita/metro/1907584-warga-non-ktp-jakarta-juga-gratis-naik-transportasi-umum-dan-tempat-wisata-pada-22-27-dan-28-juni,"Jakarta , VIVA – Pemerintah Provinsi DKI Jakarta menggratiskan tiket masuk ke seluruh tempat wisata dan transportasi umum yang dikelola pada 22, 27 dan 28 Juni 2026 untuk warga Jakarta dan luar Jakarta. Gubernur DKI Jakarta Pramono Anung mengatakan tiket masuk wisata tidak hanya meliputi Ancol, tetapi juga Taman Margasatwa Ragunan (TMR), serta museum-museum dan transportasi  yang dikelola Pemprov DKI Jakarta, seperti MRT Jakarta, Transjakarta dan LRT Jakarta. GULIR UNTUK LANJUT BACA “Setelah mendapatkan masukan dari banyak pihak, terutama yang ingin memanfaatkan itu rata-rata dari luar Jakarta. Maka (tempat wisata dan transportasi umum gratis) tidak hanya berlaku bagi KTP Jakarta, tetapi bagi KTP Republik Indonesia,” kata Pramono di Jakarta, Minggu. Selain Ancol dan Ragunan, tempat wisata lain yang dikelola Pemprov DKI Jakarta antara lain Monumen Nasional (Monas), Museum Sejarah Jakarta, Museum Taman Prasasti, Museum M.H Thamrin, Museum Joang’45. Lalu, Museum Seni Rupa dan Keramik, Museum Wayang, Museum Tekstil, Museum Bahari, Museum Betawi, Rumah Si Pitung dan Taman Benyamin Sueb. Sementara itu, pengelola Ragunan, dalam rangka peringatan Hari Ulang Tahun (HUT) ke-499 Kota Jakarta, mengadakan kuis interaktif berhadiah yang dapat diikuti oleh para pengunjung selama periode perayaan ulang tahun Jakarta. GULIR UNTUK LANJUT BACA Selain itu, layanan Ragunan Night Zoo juga dijadwalkan dibuka pada malam HUT ke-499 DKI. Di sisi lain, manajemen Ancol menggratiskan masuk kawasan Taman Impian seperti area pantai pada 22, 27 dan 28 Juni 2026 pukul 05.00-23.00 WIB. (Ant)",1584
wisata viral DKI Jakarta,"Viral Gorong-Gorong Jokowi Muncul di Google Maps, Netizen: Destinasi Wisata Horor Jakarta - OWRITE",https://news.google.com/rss/articles/CBMixAFBVV95cUxQS25QMUZoWlhGTUVFUXpIU2psc3ZsR0U4WjdKZDlaYmtzLU9ZNm93LXd0NHQxRGI3V1dWQUw1VGM1c0MxMzUxV05HbEZhdEs5S2VORVZQdHg1N0phM2psQnVqbHc0YnR6Y2dmZUlxUTB0ZHJ5azctcmtNc21LNlo3bl9FZUFWbnRNX29IMDdJNktvSjJTcUdkWElzUF9OMy1pQk9aYmtmS2FsVnVzYWhBbkdDdjRyck9FUjhYSXpQbWZyMnVx?oc=5,2026-05-23 07:00:00+00:00,OWRITE,https://goodstats.id/article/jakarta-selatan-jadi-incaran-turis-indonesia-saat-ke-jakarta-yoqA9,"Patung Pancoran Jaksel | Afif Ramdhasuma/Pexels Liburan menjadi momen yang tepat untuk bepergian dan menikmati berbagai destinasi wisata. Di Indonesia, pilihan tempat liburan sangat beragam, mulai dari wisata alam, taman hiburan, hingga destinasi edukatif yang menarik untuk dikunjungi. Jakarta bisa menjadi salah satu pilihan saat musim liburan tiba. Selain dikenal sebagai pusat bisnis dan pemerintahan, ibu kota juga menawarkan berbagai destinasi wisata, mulai dari wisata bahari, kuliner, hingga museum. Tak hanya itu, sejumlah kawasan populer seperti Blok M juga menjadi daya tarik tersendiri karena ramai dikunjungi dan viral di media sosial. Baca Juga: Jakarta Selatan Pimpin Rata-Rata Lama Sekolah di Jakarta pada 2025 Badan Pusat Statistik (BPS) merilis daerah tujuan wisatawan nusantara (wisnus) saat berpergian ke Jakarta. Per April 2026 diketahui bahwa Jakarta Selatan (Jaksel) menjadi tujuan paling disukai saat ke Jakarta. Jumlah perjalanan wisnus ke Jaksel menyentuh 2,36 juta pengunjung. Tingginya angka kunjungan turis lokal ke Jaksel tidak lepas dari daya tariknya. Sebut saja Blok M, yang merupakan kawasan perdagangan dan hiburan yang hampir tidak pernah tidur. Ditambah lagi beberapa kulinernya yang ramai jadi perbincangan di dunia maya, seperti gultik atau gulai tikungan, turut menambah daya tarik wilayah tersebut. Urutan kedua diduduki oleh Jakarta Pusat dengan jumlah perjalanan wisnus mencapai 1,72 juta juta. Wilayah ini menjadi pusat pemerintahan dan sejarah nasional. Beberapa destinasi utamanya yang terkenal adalah Monumen Nasional (Monas), Masjid Istiqlal, Gereja Katedral Jakarta, dan Taman Ismail Marzuki (TIM). Jakarta Timur mencatatkan 1,64 juta perjalanan turis lokal, bertengger di urutan ketiga. Lokasi paling ikoniknya yakni Taman Mini Indonesia Indah (TMII) yang merupakan wisata ramah anak. Di posisi keempat terdapat Jakarta Barat dengan total 1,37 juta kunjungan. Kawasan Kota Tua Jakarta dengan Museum Fatahillah menjadi magnet bagi wisatawan di kawasan ini. Posisi kelima dan keenam diraih oleh Jakarta Utara dan Kepulauan Seribu dengan jumlah perjalanan turis lokal masing-masing sebesar 1,27 juta dan 43,46 ribu. Kawasan Jakarta Utara terkenal dengan wisata pesisirnya dan Taman Impian Jaya Ancol yang di dalamnya terdapat Dunia Fantasi (Dufan) dan SeaWorld Ancol. Sementara itu, Kepulauan Seribu menawarkan wisata bahari seperti snorkeling , diving , dan wisata pulau yang dapat memanjakan mata pengunjung. Baca Juga: 10 Mal Paling Ramai di Jakarta, PIM Nomor Satu! https://jakarta.bps.go.id/id/publication/2026/06/05/3bf2957bae4a6a12b6f1460d/berita-resmi-statistik-provinsi-dki-jakarta-juni-2026.html Penulis: Alifia Ayu Fitriana • Editor: Editor Bagikan artikel ini: Terima kasih telah membaca sampai di sini",2761
wisata viral DKI Jakarta,HUT ke-500 Jakarta: Transportasi dan Wisata Gratis 5 Hari - merahputih.com,https://news.google.com/rss/articles/CBMimAFBVV95cUxPNFp0S0dvYW1COUkweGVFaGZteU9JT0VJT25pbWRwV0NrRWprWW5QdHE4THg1NzBvejZLQ0hTS1VNZi1oR3R0SmhPY0tUZXY2M3BVU1Y1Q1J1c1hIczBzU19ZT2JmNHZMTjdZS1NXVVI5TTIwRUxxWXZkUGdnV3d2Vnd5aDlCLVNVOFdzZmd5RlFsVk10X1dwYdIBlwFBVV95cUxPaDc2Vmt4UklkVkdLaWJiVXQ1ZFVfb0JjZzFHVUR6d0U0Snk1M2ViS1FOaGUweXRqTmpDS3N4UmpIckpJSDVHWnd1dFlOVWNuZlNwbTdPU2RrYUZxMU5EVUdpbUROMWh0bEgxVnpMU01sQ0gxWHdoQlU4Z3FoNEQzY3d2WWhLYUJLeDNMYm9rOFpPVUxIR3ln?oc=5,2026-07-08 07:00:00+00:00,merahputih.com,https://www.owrite.id/hype/2026/05/23/viral-gorong-gorong-jokowi-muncul-di-google-maps-netizen-destinasi-wisata-horor-jakarta/,"23 Mei 2026 · 02.00 WIB 23 Mei 2026 · 02.00 WIB Baru-baru ini viral di media sosial lokasi gorong-gorong yang pernah dimasuki Joko Widodo saat masih menjabat sebagai Gubernur DKI Jakarta 2012 lalu. Menariknya, lokasi tersebut kini muncul di Google Maps dengan nama ‘Gorong-gorong Jokowi’. Berdasarkan penulusuran di Google Maps, lokasi itu tercatat berada di Jalan MH Thamrin, RT 1/RW 5, Menteng, Jakarta Pusat. Jika ditelusuri lebih detail, titik tersebut berada tepat di depan Hotel Mandarin Oriental dan berseberangan dengan Hotel Indonesia serta pusat perbelanjaan Grand Indonesia. Setelah tembok ratapan Solo sekarang ada situs bersejarah lagi ges di Jakarta. Buat yang naik transom bisa turun di Halte TJ Tosari, Stasiun KRL Sudirman atau Stasiun MRT Bundaran HI/Dukuh Atas BNI,” Unggahan yang telah disukai lebih dari 5,3 ribu akun dan mendapat banyak respon dari pengguna media sosial. Tidak sedikit dari netizen yang membagikan momen mereka di gorong-gorong Ikonik itu. Destinasi wisata horor Jakarta,” Seandainya waktu itu langsung ditutup, bisa hemat lebih dari 80 triliyun,” Napak tilas situs gorkowi,” Gorong gorong itu setara temple mount di Yerussalem,” Ini gorong gorong kabarnya bisa tembus ke Kota Solo, lebih tepatnya Tembok Ratapan Solo,” Hadi Febriansyah — Selasa, 29 September 2026 · 01.14 WIB Syifa Fauziah — Selasa, 29 September 2026 · 01.04 WIB Ossid Duha Jussas Salma — Selasa, 29 September 2026 · 00.02 WIB Rika Pangesti — Senin, 28 September 2026 · 23.57 WIB Rahmat Tunny — Senin, 28 September 2026 · 23.35 WIB",1538
wisata viral DKI Jakarta,WITF 2026 Jadi Sarana Promosi Pariwisata Indonesia ke Kancah Dunia - detikTravel,https://news.google.com/rss/articles/CBMiswFBVV95cUxPZFVuUXJ1S1B6UXl3VlBoekJWOWFzalVQd2VWZk03ZFNwM3RLaGFpZlJ2Q1Fyb2R2LVpUUVQ4Zjd1ZFpoX2xRZlV5YmkycHBJTTl3RnZuVWVBcHppc21HMk40RXVyVzBPelZKV1l4SmZYcWtwZmZfcEpjWFlxQjN6UTdFSXJLaXp2ajZBdS16blRTWDJoZXVOeVVhQmtyU2tXanZjTkZxUldvV01KRTVxWlFlY9IBuAFBVV95cUxORTg2NG9TZDdrLUVrZUNIVHp2NHVNZE1neGJtczBSZVpGWk5UYW9rZ3hkakZqTDRGYWtJLWtzQUplanZIdHhMZTFkb0VSVGtjc3hwSUJEUEZYSllpWE94aTl4RThiOHNYeDFHeW9SRnF5X3U4a2c2YmYxbGJxN0x1LUd1QjFCTmtIZ0tMMkNuc0NSYXpIMTVtaTBMZ1djbjZkODVXYmlidGp3bUJBbkRMa3hmZ3YwVUdh?oc=5,2026-09-23 13:12:02+00:00,detikTravel,https://www.merahputih.com/post/read/hut-ke-500-jakarta-transportasi-dan-wisata-gratis-5-hari,"MerahPutih.com - Gubernur DKI Jakarta, Pramono Anung, memastikan transportasi umum di Jakarta akan digratiskan selama lima hari dalam rangka perayaan Hari Ulang Tahun (HUT) ke-500 atau lima abad Jakarta pada 2027. Kebijakan tersebut berlaku bagi seluruh warga Indonesia yang berada di Jakarta, tidak terbatas hanya bagi warga ber-KTP DKI Jakarta. Hal ini disampaikan Pramono saat menghadiri acara khitanan massal di Balai Kota Jakarta, Rabu (8/7). Monas, Ragunan hingga Ancol Juga Gratis Tak hanya transportasi umum, Pemerintah Provinsi DKI Jakarta juga akan menggratiskan akses ke sejumlah destinasi wisata milik pemerintah daerah. Beberapa lokasi yang masuk dalam program tersebut antara lain Monumen Nasional (Monas), Taman Margasatwa Ragunan, hingga Ancol. ""Dan kita perlakukan yang sama masuk ke Monas, Ragunan, Ancol, dan sebagainya juga gratis,"" ucapnya. Respons Positif Jadi Dasar Kebijakan Pramono mengatakan, kebijakan serupa pernah diterapkan saat peringatan HUT ke-499 Jakarta pada Juni lalu. Saat itu, insentif berupa transportasi umum gratis, akses wisata, dan museum tanpa biaya mendapat respons positif dari masyarakat. Jumlah pengguna transportasi publik maupun pengunjung tempat wisata meningkat signifikan pada 22, 27, dan 28 Juni. Menurutnya, jumlah pengunjung Taman Margasatwa Ragunan yang biasanya berada di kisaran 103 ribu hingga 105 ribu orang meningkat menjadi sekitar 135.500 orang. Sementara itu, jumlah pengunjung Ancol juga melonjak dari sekitar 35 ribu hingga 40 ribu orang menjadi sekitar 80 ribu orang. Pramono menilai antusiasme masyarakat menunjukkan bahwa kebijakan tersebut mampu mendorong penggunaan transportasi umum sekaligus meningkatkan kunjungan ke destinasi wisata di Jakarta. ""Jadi masyarakat betul-betul merasakan itu. Karena naik transportasinya gratis, masuk Ancolnya gratis. Tetapi di sana bayarnya yang tidak gratis, kalau beli makanan. Kalau bawa bekal, monggo saja,"" pungkasnya. (Asp)",1936
wisata viral DKI Jakarta,PHRI Ingin Perkuat Branding Wisata RI usai Jakarta Unjuk Gigi di China - cnnindonesia.com,https://news.google.com/rss/articles/CBMizgFBVV95cUxOWDI4ZE16Y1FOWGdkR19oUklzSVVxc1QtSURqaVQxenN4a0NVQzRvWmtBcGRScUlkRmREWEI2Y3N5YWcxNkxETExCYVZIa2RoUlE0bjl4RTBBVkFrc1EzZmZ6NkpRWjVnRmg5SVJ1Wlh4ODQ5RDB1NE1PX0w5aTBTRHhaNDY3RE9BZXNTMjZZN2hxWWEwVVJhUVRYeVJFVVFCTEhCTWJhVjhWTlFtbWRBLU5PcWtZNkJMUDBITkRFa3FlWmtreldVNkhhVFc1d9IB0wFBVV95cUxQMTlGcHZJRXFaMXk5UFB0ZVBjNjZYYkNRNFRDcERuZHFabUl3X014b3Jsa2dGU3FRUjdqcldkeURnakF0ckZFVGttSVh5amhTLW96dkdDclU1UHpXbkU3UlN0Z2Y5S0NleHUzb056VkgtYXgxeS1fODdIekxBNHRWTV9iUVowNkFCRlFlcXdNeEV4cEVLVWtGenh4akRRNTV0d3ZLemZmTXo0N19BNDZFTjUtUlFfanB4TTdYN1Ita3FnY2VWaGZHSFpHSXdWb3BWNkRN?oc=5,2026-05-29 07:00:00+00:00,cnnindonesia.com,https://travel.detik.com/travel-news/d-8676175/witf-2026-jadi-sarana-promosi-pariwisata-indonesia-ke-kancah-dunia,"Wonderful Tourism Indonesia (WITF) 2026 akan terlaksana di Kota Jakarta pada 15-17 Oktober mendatang. Agenda ini menjadi semangat pertumbuhan pariwisata Indonesia di tengah situasi geopolitik saat ini. Dengan dihelatnya agenda merupakan upaya yang kuat dari industri pariwisata Indonesia untuk tetap bergerak dalam situasi saat ini. Dalam konferensi pers WITF 2026 di Kantor Kementerian Pariwisata, Rabu (23/9/2026), Menteri Pariwisata, Widiyanti Putri Wardhana, mengapresiasi kolaborasi yang terjalin antara industri, pemerintah, dan stakeholders lainnya. SCROLL TO CONTINUE WITH CONTENT ""Penyelenggaraan WITF merupakan inisiatif yang didorong oleh industri untuk memperluas akses pasar dan memperkuat hubungan bisnis pariwisata Indonesia dengan pasar internasional,"" ucap Menpar Widi. ""Tahun ini WITF akan mempertemukan lebih dari 250 hingga 300 buyers dari 35 negara dengan pelaku industri pariwisata Indonesia. Pemerintah akan terus mendukung inisiatif seperti ini dan mendorong kolaborasi yang semakin kuat antara pemerintah dan industri dalam mengembangkan pariwisata indonesia,"" lanjutnya. Menpar Widi menyebut sektor pariwisata saat ini memiliki peran yang penting dalam pergerakan ekonomi di Tanah Air. Ia menjabarkan pertumbuhan pariwisata yang masih dalam tren yang cukup positif. Per Maret hingga Juli 2026, kunjungan wisman ke Indonesia mencapai 8,98 juta atau tumbuh 5,23% dibandingkan periode yang sama di tahun lalu. Devisa yang dihasilkan pun mencapai 8,43 miliar atau Rp 140,95 triliun pada semester pertama di tahun ini. ""Dari sisi domestik, perjalanan wisatawan Nusantara juga terus menggerakkan aktivitas ekonomi. Hingga Juli 2026 perjalanan wisnus telah mencapai lebih dari 737,8 juta perjalanan, tumbuh 3,34 persen dibandingkan periode yang sama di tahun lalu,"" paparnya. Sebagai informasi, penyelenggaraan WITF 202 ini diinisiasi oleh Gabungan Industri Pariwisata Indonesia (GIPI) yang didukung oleh Kementerian Pariwisata dan Pemerintah Provinis DKI Jakarta. Ketua Umum GIPI, Hariyadi B.S. Sukamdani, menyampaikan sektor pariwisata dunia tahun mengalami tantangan dari situasi geopolitik yang terjadi. Karena pariwisata menjadi salah satu yang sensitif terhdap isu tersebut. ""Namun dari perspektif industri,ada satu hal yang menurut kami sangat penting,dalam kondisi pasar yang penuh ketidakpastian,maka industri tidak boleh berhenti bergerak.Kita tidak bisa hanya menunggu kondisi global menjadi lebih baik, tapi kita tetap harus melakukan promosi,kita harus tetap melakukan penjualan,kita harus tetap membangun hubungan yang baik dengan seluruh buyer kita,"" ucapnya. ""Dan tidak kalah pentingnya kita harus memastikan bahwa Indonesia tetap berada dalam perhatian pasar pariwisata dunia,"" lengkap Hariyadi. Dalam kesempatan yang sama, Ketua Steering Committee WITF 2026, Budi Tirtawisata, mengatakan Jakarta mempunyai posisi yang strategis bagi pariwisata Indonesia. Di mana berbagai aktivitas ekonomi, bisnis, budaya, serta pariwisata. ""Karena itu ketika kita berbicara mengenai WITF sebagai sebuah B2B tourism show, Jakarta memiliki peran yang sangat penting. Jakarta menjadi tempat bertemunya dunia dengan Indonesia,"" kata Budi. Maka dari itu, Budi menyatakan dalam helatan JWITF 2026 ini harapannya mampu terjadi koneksi yang menghasilkan banyak wisatawan berkunjung ke Indonesia. ""Inilah yang kami maksudkan dengan Jakarta sebagai The Great Hub, Jakarta bukan hanya titik kedatangan,Jakarta adalah titik penemuan. Titik di mana buyer internasional dapat mengenal Indonesia,titik di mana pelaku industri Indonesia dapat bertemu dengan pasar,dan titik di mana berbagai destinasi di Indonesia dapat mendapat akses yang lebih luas terhadap pasar internasional,"" lanjutnya. Nantinya JWITF 2026 akan dilaksanakan di JIExpo Kemayoran, dengan tema yang diusung yakni 'Beyond Borders: Shaping the Future of Indonesian Tourism'. Anda menyukai artikel ini",3874
wisata viral DKI Jakarta,Sanksi untuk ASN DKI Usai Ketahuan Pakai Mobil Dinas ke Puncak - detikNews,https://news.google.com/rss/articles/CBMipAFBVV95cUxPTnFmYXlsOHZWcldFWE1JMXJMdThKSUJSOF9DbjVCUWNTZXR3b09vclA4RTFqWkx4eWMtRE5wbTBhWEdHcE5ack9XLWtZdExMWTR3MGRrQ2M2YVh4UVdBRk5pWHNNOF93ejd6QTgxS3RkRzlNT3RHZXc3NlNtckI3bXh2WkFyUGxFMmRnSVdlOGdwOXRXOWZ3N01YcTRJRzNLNjBNeNIBqgFBVV95cUxQb19UN09xNUFnLUFzVHNwX05qTUFtd2NCaTZSb1B3M3h6aFJrcDM0RUlCX2pWYUd0Zy00eExmY2lKb0REV1ZWNmp2MFFWYUs2TjRWTGZNT0RUSGNfQ0l5RkE2TU1XNGtLeS0yT3ZnRW5WS0FiMmRDOWp0Z0M4VDgzSDhKZ1NhSWxoQkhJc3pwT2xZR1RJOEZRU2dOYzdfeklPTHhCRHBVdUpudw?oc=5,2026-04-08 07:00:00+00:00,detikNews,https://www.cnnindonesia.com/ekonomi/20260529125541-92-1363381/phri-ingin-perkuat-branding-wisata-ri-usai-jakarta-unjuk-gigi-di-china,"Perhimpunan Hotel dan Restoran Indonesia ( PHRI ) mengapresiasi langkah strategis Dinas Pariwisata dan Ekonomi Kreatif Provinsi DKI Jakarta yang aktif melakukan promosi pariwisata Jakarta melalui sales mission ke Xiamen dan Shanghai serta partisipasi dalam ajang ITB China 2026. PHRI DKI Jakarta menilai langkah tersebut penting mengingat China merupakan salah satu pasar wisatawan outbound terbesar di dunia dan menjadi target potensial untuk mendongkrak kunjungan wisatawan mancanegara ke Jakarta. ""Partisipasi Jakarta dalam ITB China 2026 menunjukkan komitmen kuat Pemerintah Provinsi DKI Jakarta untuk memperluas pasar wisatawan mancanegara, memperkuat jejaring bisnis pariwisata, serta meningkatkan kunjungan wisatawan dan kegiatan MICE ke Jakarta,"" tulis PHRI DKI Jakarta dalam keterangan tertulis, Jumat (29/5). SCROLL TO CONTINUE WITH CONTENT PHRI menilai pendekatan direct sales mission dan business matching ke kota-kota strategis seperti Xiamen dan Shanghai relevan dengan tren wisatawan China yang kini lebih mengutamakan pengalaman wisata berkualitas, city tourism , wisata belanja, kuliner, perjalanan bisnis, hingga premium lifestyle experience . Sebagai kota metropolitan dan pintu gerbang Indonesia, Jakarta dinilai memiliki kekuatan besar mulai dari konektivitas internasional, hotel dan restoran bertaraf global, pusat perbelanjaan modern, wisata budaya urban, hingga destinasi MICE yang kompetitif. PHRI DKI Jakarta optimistis promosi yang dilakukan secara konsisten dapat membuka peluang besar bagi peningkatan kunjungan wisatawan asal China dalam beberapa tahun mendatang. Selain itu, PHRI menegaskan industri hotel dan restoran di Jakarta siap mendukung strategi promosi tersebut melalui peningkatan kualitas layanan, hospitality experience, serta pengembangan paket wisata dan MICE yang lebih kompetitif di pasar internasional. Namun, di balik keikutsertaan Jakarta dalam ITB China 2026, PHRI DKI Jakarta juga menyoroti perlunya penguatan national branding pariwisata Indonesia di pasar global. Menurut PHRI, negara pesaing seperti Malaysia dan Thailand tampil jauh lebih kuat karena hadir dengan dukungan terintegrasi antara pemerintah pusat, pemerintah daerah, maskapai penerbangan, asosiasi, hingga pelaku industri pariwisata dalam satu branding nasional. ""Meskipun penampilan DKI Jakarta dinilai sangat baik dan profesional, skala promosi tersebut tentu belum dapat dibandingkan dengan negara-negara yang hadir dengan dukungan nasional yang terintegrasi,"" tulis PHRI. PHRI DKI Jakarta menilai kondisi tersebut menjadi refleksi penting agar promosi pariwisata Indonesia ke depan dilakukan lebih besar, terkoordinasi, dan melibatkan berbagai provinsi dalam satu national branding Indonesia. ""DKI Jakarta sudah menunjukkan komitmen yang luar biasa dalam mempromosikan pariwisata Indonesia di pasar China. Namun jika ingin bersaing dengan Malaysia dan Thailand, Indonesia perlu hadir sebagai sebuah kekuatan nasional, bukan berjalan sendiri-sendiri,"" tulis PHRI DKI Jakarta. Lebih lanjut, PHRI DKI Jakarta meyakini sinergi antara pemerintah pusat, pemerintah daerah, asosiasi, maskapai penerbangan, dan pelaku industri pariwisata akan menjadi kunci meningkatkan daya saing pariwisata Indonesia di tengah persaingan regional yang semakin ketat.",3267
wisata viral DKI Jakarta,"Pramono Anung: Jakarta Tak Semata-mata Kota Bisnis, Kini Jadi Kota Wisata - detikTravel",https://news.google.com/rss/articles/CBMiugFBVV95cUxPYm5KNVZpNklvYXBWaWVWMTd0SHd4V2xoOW5HR1ZjTk1xUy1RdG1oX2NVX3FON2V6Z183NG11b2xhTGRNa05OX3lTMXZrVVFHeExsMjUzR19OTlBOMHE1a3d6N1VmSEZqZ2ZkVzBGMG1PQkl5Z0FzcmVLbU1nZ3hEOFFhcFJfSWxBc1VPeU5wdmw4aEZuRzE1Vm9rZnJtczJhNjhjajZpZzlzRmVhZ2VYeE02TVh1aElQQnfSAb8BQVVfeXFMT1NlZkI1ek4weUloM0wxUmF0YmlfWUJOTjgtWnAxdjNwUjB2UUd4UWNWM2JSb1lSaWNyX08xMWRwaWlyV0ltNzlranJyUEZlbE1kbGxPSFpHTmcwVUFQYzk2Xy1yRlFrdHNTSU9jVS1FZ1hIRDZsTlpGaFlzNDk0QnlPT2JWUmllWGdjRGduaU5EY1hnb3Q0UVZGWjdBTXQ5RElXQ04ta08zR2JUZlRvYTVHNXplVURoQVNyWlJ6aFE?oc=5,2026-04-20 07:00:00+00:00,detikTravel,https://news.detik.com/berita/d-8434045/sanksi-untuk-asn-dki-usai-ketahuan-pakai-mobil-dinas-ke-puncak,"Perkara pelat merah mobil dinas diganti pelat sipil warna putih saat wisata di Puncak , Bogor, berbuntut panjang. Kini, sanksi menanti bagi ASN DKI Jakarta yang membawa kendaraan dinas tersebut. Persoalan mobil dinas diganti pelat sipil warna putih ini sempat viral di media sosial, Minggu (5/4) yang lalu. Saat itu, polisi menyetop mobil tersebut. Dalam video beredar yang dilihat detikcom, tampak sebuah minibus hitam bernopol B-1732-PQG melaju di tengah jalan raya padat kendaraan. Penampakan minibus ditumpangi sejumlah orang tersebut direkam di Jalan Raya Puncak, Bogor. SCROLL TO CONTINUE WITH CONTENT Video viral itu memperlihatkan anggota kepolisian meminta pemobil menepi dan meminta kelengkapan surat-surat. Polisi juga sempat menanyakan warna asli pelat nopol kendaraan. Dalam video viral, pemobil mengakui kalau pelat nopol kendaraannya yang semula merah diganti menjadi putih. Pria tersebut mengaku aksinya dilakukan agar kendaraan tidak menjadi perhatian warga sekitar. Adegan lain dalam video memperlihatkan pemobil mengganti kembali pelat nomor mobilnya menjadi warna merah. Pemobil tersebut tampak hanya diberi peringatan dan nopol palsu berwarna putih disita polisi, agar tidak digunakan kembali. ""Pelat itunya (pelat nopol palsu) saya ambil, kalau nggak diambil nanti dipasang lagi, bener nggak? Janganlah. Kalau itu punya pemda DKI pakailah punya pemda DKI, gentleman aja , Pak. Kenapa harus diganti begini?"" ucap polisi dalam video viral. Kasat Lantas Polres Bogor Iptu Afif Widhi Ananto mengatakan momen dalam rekaman video viral itu terjadi di Jalan Raya Puncak, Kecamatan Cisarua, Kabupaten Bogor. Aksi pemobil terungkap setelah polisi memeriksa surat kendaraan. ""Saat dilakukan pengecekan data kendaraan, ternyata pelat itu seharusnya berwarna merah sesuai STNK, namun yang terpasang adalah pelat putih,"" kata Afif ketika dimintai konfirmasi, Senin (6/4). ""(Tujuan pemobil) wisata,"" imbuhnya. Afif menyebutkan pemobil diduga melanggar Undang-Undang No 22 Tahun 2009 Pasal 280 dan Pasal 68 ayat (1) tentang kewajiban penggunaan pelat nopol resmi. Setelah diedukasi, pemobil diberi teguran, dan pelat nopol palsu disita. ""Benar, warna pelat nomor salah, melanggar Undang-Undang No 22 Tahun 2009 Pasal 280 dan Pasal 68 ayat (1). Petugas memberi teguran ke sopir dan minta ganti pelat dengan asli berwarna merah. Setelah diganti dan dicek benar, mobil diperbolehkan melanjutkan perjalanan,"" terang Afif. Sementara itu, Gubernur DKI Jakarta Pramono Anung buka suara atas perkara tersebut. Pramono menegaskan ASN yang bersangkutan sudah ditindak. ""Saya kebetulan lihat sendiri dan tadi Pak Sekda juga sudah menyampaikan, pasti akan kita kasih teguran untuk itu. Nggak boleh,"" kata Pramono di Balai Kota Jakarta, Selasa (7/4). Pramono menegaskan tidak ada toleransi bagi ASN yang menyalahgunakan kendaraan dinas, termasuk dengan mengubah pelat nomor demi menghindari sorotan. Dia mengingatkan agar kendaraan dinas dipakai sesuai peruntukannya. ""Kalau di Jakarta yang gitu-gitu kita nggak kasih toleransi. Kalau memang harus berkendaraan dinas, ya berkendaraan dinas,"" tegasnya. Ia juga menyinggung soal perbedaan penggunaan kendaraan dinas dengan kendaraan pribadi yang harus dipatuhi sesuai aturan. Menurutnya, tindakan mengubah pelat justru menimbulkan kesan negatif di masyarakat. ""Tetapi kalau kemudian kendaraannya diubah dari pelat putih menjadi pelat merah atau sebaliknya, itu kan kelihatan banget,"" ujar Pram. Sementara itu, Sekretaris Daerah (Sekda) DKI Jakarta Uus Kuswanto menjelaskan ASN yang bersangkutan diketahui berasal dari unit pelaksana teknis (UPT) di bawah Badan Pengelola Aset Daerah (BPAD). Saat kejadian, ASN tersebut tengah membuat konten di salah satu aset milik Pemprov DKI di kawasan Cimacan. ""Berdasarkan laporan dari Kaban BPAD, yang bersangkutan kebetulan di hari libur sedang melaksanakan konten untuk promosi aset DKI,"" kata Uus. Namun, kata dia, permasalahan muncul karena kendaraan dinas yang digunakan justru diubah pelat nomornya menjadi pelat putih. ""Yang jadi permasalahan, kendaraannya diubah pelat menjadi pelat putih,"" jelasnya. Uus memastikan pihaknya telah memberikan teguran kepada ASN tersebut dan tengah mendalami lebih lanjut terkait pelanggaran yang dilakukan. ""Itu sekarang sedang proses dan sudah diberikan teguran agar tidak terulang kembali,"" imbuhnya. Simak Video 'Respons Pramono soal Pelat Merah Mobdin ASN Diganti untuk ke Puncak': [Gambas:Video 20detik] Anda menyukai artikel ini",4456
wisata viral DKI Jakarta,Ambisi Jakarta Ingin Jadi Kota Destinasi Event Dunia - detikTravel,https://news.google.com/rss/articles/CBMioAFBVV95cUxPSWwtWUdFbTlCMk8zU0FyQnFkRmVPT3RxS0IxYmRkUzlPdFNLMDA4SFdqdk45d0NOWER3RFdZZWdpRmlSTUYtNGhhUHRQcnhqVjRZNkxtTTlUTXNQeGdXLUZVSFZpTktqMVZja0RQLTctOF91LVdVTTNSZHJhYTRLaTdscmRNMnc2dVB1OG1zQllBTTlOdGNhOUxBcTdQY1JP0gGmAUFVX3lxTFAwNnVQS3AtQzg3QnFhMUVqWUctLUlNVkNON2hpLVZTVFFQSzROc2lEN1J5bDFIT0p4N3F5aEdwVXZjNEpnZU1ocXBBc1NKYm5HVWtlWHBmR05ZbU95VkFXNXdyMEY4dXVrQVZaU243TGNSelpxUlVoZzN4T1ZuZmNUNXJ2NVFRTTVBOXh5VkR6bjktZE5aS3duazRCZUdfdXFHck5NTmc?oc=5,2026-04-29 07:00:00+00:00,detikTravel,https://travel.detik.com/travel-news/d-8452135/pramono-anung-jakarta-tak-semata-mata-kota-bisnis-kini-jadi-kota-wisata,"Gubernur DKI Jakarta Pramono Anung antusias menyambut rentetan konser penyanyi dan grup band internasional di ibu kota. Dia mengatakan agenda itu memperkuat posisi Jakarta sebagai salah satu destinasi wisata global. Pramono menyinggung bahwa Jakarta kini semakin rutin menjadi tuan rumah konser artis global itu dalam agenda Halal Bihalal Ikatan Orang Tua Mahasiswa ITB di Jakarta Selatan, Minggu (19/4/2026). Dia mengatakan deretan konser besar sudah mulai masuk ke Jakarta, mulai dari Guns N' Roses, Metallica, hingga The Weeknd, hingga kemudian juga muncul nama BTS. Bahkan, Pramono merestui konser itu digelar di Gelora Bung Karno (GBK). Dia berkelakar harus mengalah setelah usulan konser BTS di Jakarta International Stadium (JIS) dikritik oleh fans BTS. SCROLL TO CONTINUE WITH CONTENT Dampak dari meningkatnya kegiatan berskala internasional tersebut turut terlihat pada sektor pariwisata Jakarta secara umum. Pola kunjungan wisatawan menunjukkan perubahan yang cukup signifikan dalam beberapa waktu terakhir. Dia menilai transformasi tersebut mulai terlihat dari pola kunjungan wisatawan ke Jakarta yang mengalami perubahan signifikan. Wisatawan kini cenderung tinggal lebih lama dibanding sebelumnya. Jika dulu rata-rata lama tinggal hanya sekitar 1 hingga 1,5 hari, kini meningkat menjadi hampir tiga hari. Hal ini menunjukkan adanya pergeseran fungsi Jakarta sebagai kota transit bisnis menjadi kota tujuan wisata. ""Kenapa itu terjadi? Karena mereka merasa bahwa di Jakarta bukan semata-mata kota bisnis tetapi juga menjadi kota wisata. Bahkan wisatanya yang utama itu sekarang adalah wisata belanja,"" kata Pramono dilansir dari detikNews . Anda menyukai artikel ini",1678
wisata viral DKI Jakarta,Rasakan Sensasi Terbang Dengan Flying Board di Jakarta - 20detik,https://news.google.com/rss/articles/CBMiqgFBVV95cUxNci1ZSjFhcE96Sm1KMUZrUlhrekUyYlB1NlM2T2ZodTB2d05ncHJnaFoxZnVpQVVsS2dUT2RNTEhvazFnNW43TGxsU3VWakxhQUZCdlZiMDBLbFZ6NUxkU1dDdXFUd3k2WFdNUEVESkJobTNaYVd5YUhhTUdfRTFFYlROOG1xWjZodjdjZ2dvSHlQemxLZExOQ2lnS0xucWp5cUZVd2NPTXQzZw?oc=5,2026-08-26 07:00:00+00:00,20detik,https://travel.detik.com/travel-news/d-8467684/ambisi-jakarta-ingin-jadi-kota-destinasi-event-dunia,"Pemerintah Provinsi DKI Jakarta berambisi menjadikan Jakarta sebagai kota destinasi event dunia yang berkualitas. Mengutip data Global City Index (GCI), Jakarta menduduki posisi ke-74 sebagai kota yang paling berpengaruh secara global. Peringkat itu kemudian naik menjadi 71 pada tahun 2025. Salah satu hal yang menurutnya menaikkan peringkat tersebut yakni sektor pariwisata dan ekonomi kreatif telah mendorong komponen pengalaman budaya dalam dimensi peringkat kota global. SCROLL TO CONTINUE WITH CONTENT Pemprov DKI Jakarta berupaya terus menggenjot posisi tersebut dan berbenah diri guna menghadirkan Jakarta sebagai destinasi yang menarik sekaligus nyaman dikunjungi oleh wisatawan. ""Kami berharap banyak kolaborasi antara mitra dengan kami, akan terjadi (karena sebentar lagi) 500 tahun Jakarta. Jadi mestinya event-nya akan banyak sekali,"" kata Kepala Bidang Industri Pariwisata Disparekraf DKI Jakarta Iffan dalam sesi diskusi IPOS X di Jakarta seperti dikutip dari Antara, Rabu (29/4/2026). Sejumlah upaya pun dilakukan untuk meningkatkan kesiapan ekosistem event di Jakarta. Misalnya mempermudah perizinan dengan digitalisasi melalui integrasi sistem perizinan event satu pintu, mempersiapkan tenaga kerja yang kreatif dan promotor lokal yang tersertifikasi, serta meningkatkan integrasi transportasi publik menuju ke pusat-pusat acara. Pemprov DKI Jakarta juga berkomitmen mengoptimalkan aset dan venue yang mereka miliki. Beberapa contohnya yaitu Jakarta International Stadium (JIS) sebagai tempat yang cocok untuk sportainment berskala masif dan Taman Ismail Marzuki (TIM) sebagai pusat kesenian modern dan edukasi. Ada juga Lapangan Banteng dan Monumen Nasional (Monas) sebagai ruang terbuka untuk festival publik dan budaya, hingga Jakarta International Velodrome yang diperkenalkan sebagai venue multifungsi kelas dunia. Di samping itu, Pemprov DKI Jakarta juga sedang aktif merevitalisasi ruang publik sebagai venue kreatif. Pemanfaatan ruang terbuka hijau dan kawasan pedestrian banyak dilakukan di sekitar kawasan Sudirman-Thamrin untuk pop-up events. Kalender event strategis menuju Jakarta 500 tahun pun sudah disiapkan Event-event yang sudah dikurasi diharapkan bisa diselenggarakan secara tahunan dan berkelanjutan seperti Jakarta Fair, Jakarta Film Week, Jakarta Fashion Week, event olahraga internasional dan tur musik global, hingga The Golfen Jubilee Festival sebagai peringatan 500 tahun Jakarta. Dalam acara IPOS X itu, turut hadir Wakil Menteri Pariwisata Ni Luh Puspa yang menyebut Indonesia punya momentum untuk memperkuat daya saing global di industri event, sekaligus mendorong pertumbuhan ekonomi berbasis MICE. ""IPOS bukan sekadar sebuah event, tetapi gerakan bersama untuk memajukan, meningkatkan profesionalitas, dan mengangkat martabat industri MICE di panggung nasional dan global,"" kata Ni Luh. Mengusung tema A Decade of Impact: Independent, Resilient, Progressive, IPOS-X menandai 10 tahun perjalanan sebagai forum B2B paling strategis di Indonesia. Tahun ini ada 160 delegasi buyers dan 70 delegasi sellers yang mendaftar. Forum ini pun menciptakan deal yang tinggi dan efisiensi waktu yang maksimal. Menurut Irvan Mahidin, Ketua Umum IVENDO, meski memiliki lebih dari 10.000 event per tahun dan melibatkan 8,77 juta tenaga kerja, namun industri event Indonesia masih menghadapi tantangan fundamental. ""Tantangan itu belum adanya control tower yang mengintegrasikan data, demand-supply, dan konversi bisnis,"" ucap Irvan. Namun dengan mengusung pendekatan curated market dan menghadirkan decision makers, IPOS X terbukti menghasilkan 454+ business leads dan potensi revenue lebih dari Rp 396 miliar pada 2026. Anda menyukai artikel ini",3679
wisata viral DKI Jakarta,Bosan ke Mal Terus? Cobain 17 Spot Jalan-jalan Seru di Jakarta Ini Buat Weekend! - detikTravel,https://news.google.com/rss/articles/CBMizwFBVV95cUxNQUFJaERUdWJ0ZW9hMEtGQkdkS0ZRNU5fcXJGLU5ORUhVaG16SDNqN1BiSGhWQ3RnR201d3RWTEF4M1ZBZ01mZzA1d3FiZVphaUZLOW1saU1sZWNPVU81dnFhVi1nbjd4Y1BTRGlkWEZsZU5NZk9KeU9VVElfNjJ5VnEtZkZ5d3RsYmlGckxGbGZRUEsxU3V1a01qeHNyM1RIV0RlZlQ4Y2p1bjBNTWRaRkdtZFRhQWJaU1k2Zm5nN2FxQnE2ai1oclowU0tFQjTSAdQBQVVfeXFMTlRDQVZMb3k1N3RuVVNLYlJEX0t5NU1xZXcwYnlWRFZmV0QyanBtYmQzOThNRjdMTjMxSE1TemdqcHlWSmIwdHVOQjBCNG5EVXJHZERCamdTYm9nQ2NsTzQ5cUJrTXFkcjFKSmp1U2pBOE5WNkNsd3NEOWRrWDBDcFh1dFF3QjR6YlVaVUNORmlIQkhjcTNoY1NLMW04NTBwTEl1U0tsbHdIcnkwWmV2dGZvSTNqamJOcC1pWlNuYklqTlRtX2lIYnhKcm1UaTlPVHVFRFA?oc=5,2026-05-09 07:00:00+00:00,detikTravel,https://20.detik.com/spot-wisata/20260729-260729026/rasakan-sensasi-terbang-dengan-flying-board-di-jakarta,"Setelah seru-seruan main wake boarding, sselanjutnya selebriti mau bermain Flying Boarding. Mereka akan tandem dengan intruktur permainan Flying Board ini. Mereka senang bisa merasakan sensasi terbang di atas ancol seperti ini. Dok : Celebrity On VacationTrans TV (Diki)",270
wisata viral DKI Jakarta,"Menemukan Fashion Terbaru di Mall Grand Indonesia, Jakarta - 20detik",https://news.google.com/rss/articles/CBMirgFBVV95cUxQWW9sZ253MEVKRldfM1JNTjhzMUdXVG95Ql83VFZ1YTlSV3NJTXQyLWFCV0VWYm83Yk5WLTBkUDVSVXBFRnphaUhPX3B0aV9DSUJyVDVGcHVnNXp4RmsxOVJGY0xDeEtDeW1BaGZzQS0yVHh4RjFUM3hhV0lDUWNKY0dSSG1ia0cwZTEtZHZES2drbDVRMHNLR2JWWDNrUkR6WTNwN1BMLU9Vd0xIWlE?oc=5,2026-04-03 07:00:00+00:00,20detik,https://travel.detik.com/domestic-destination/d-8482042/bosan-ke-mal-terus-cobain-17-spot-jalan-jalan-seru-di-jakarta-ini-buat-weekend,"Menjelajahi Jakarta di akhir pekan kini tidak lagi melulu soal pusat perbelanjaan yang padat. Ada banyak tempat yang bisa kamu jelajahi di akhir pekan. Sebagai kota yang terus bersolek, Jakarta tahun 2026 menawarkan wajah baru melalui revitalisasi ruang publik yang mengedepankan konsep terbuka, hijau, dan ramah pejalan kaki. Dari taman-taman ekosistem yang asri hingga kawasan bersejarah yang telah ditata ulang, ibu kota menyediakan berbagai alternatif wisata yang menyegarkan pikiran tanpa harus terjebak di dalam gedung mal. Keberagaman destinasi wisata ini hadir untuk memenuhi setiap selera, mulai dari pencinta seni kontemporer hingga keluarga yang mencari hiburan edukatif. Dengan akses transportasi umum yang kini semakin terintegrasi, berpindah dari satu lokasi wisata ke lokasi lainnya menjadi pengalaman yang jauh lebih praktis dan efisien. SCROLL TO CONTINUE WITH CONTENT Menghabiskan akhir pekan dengan berkeliling hutan kota atau menikmati senja di pesisir utara Jakarta akan memberikan perspektif baru tentang kehidupan urban yang lebih seimbang. Jadi, siapkan sepatu ternyamanmu dan mulailah petualangan singkat di sudut-sudut tersembunyi Jakarta yang jauh dari kesan monoton. Bekas percetakan uang yang kini menjadi kiblat kultur anak muda. Di tahun 2026, areanya semakin luas dengan tambahan zona podcasting dan toko piringan hitam yang lebih lengkap. Lokasi: Jl. Panglima Polim No. 37, Melawai, Jakarta Selatan. Tiket: Gratis (Kecuali konser/event khusus). Jam Buka: 10.00 - 23.00 WIB. Gedung Filateli peninggalan Belanda yang disulap menjadi ruang kreatif. Sekarang menjadi pusat produk lokal (UMKM) paling estetik di Jakarta Pusat. Lokasi: Jl. Pos No. 2, Pasar Baru, Jakarta Pusat. Jam Buka: 10.00 - 21.00 WIB (Weekdays), 07.00 - 00.00 WIB (Weekend). Wajah baru TIM setelah revitalisasi besar-besaran menjadikannya pusat seni tercanggih di Asia Tenggara. Jangan lewatkan Planetarium dan Perpustakaan Jakarta yang sangat futuristik. Lokasi: Jl. Cikini Raya No. 73, Menteng, Jakarta Pusat. Tiket: Gratis (Masuk area), Tiket khusus untuk teater/planetarium. Jam Buka: 09.00 - 20.00 WIB. Kini sepenuhnya menjadi kawasan pejalan kaki yang nyaman. Di tahun 2026, konektivitas dengan MRT Jakarta membuat akses ke sini semakin mudah. Lokasi: Jl. Taman Fatahillah No. 1, Jakarta Barat. Tiket: Gratis (Masuk area), Museum Sejarah: Rp15.000. Jam Buka: 08.00 - 21.00 WIB. Simbol abadi Jakarta. Di tahun 2026, sistem pertunjukan air mancur menari dan video mapping pada dinding Monas semakin rutin digelar setiap akhir pekan. Lokasi: Lapangan Merdeka, Gambir, Jakarta Pusat. Tiket Pelataran Puncak: Dewasa Rp24.000, Mahasiswa Rp13.000, Anak Rp6.000. Tiket Museum: Dewasa Rp8.000, Mahasiswa Rp5.000, Anak Rp3.000. Jam Buka: 06.00 - 16.00 WIB (Kawasan luar buka hingga malam). Taman peraih penghargaan internasional ini tetap menjadi primadona berkat Infinity Link Bridge-nya. Pendaftaran masuk kini wajib menggunakan aplikasi ""Jaki"" untuk membatasi kuota pengunjung. Lokasi: Jl. Tebet Timur Raya No. 19, Jakarta Selatan. Tiket: Gratis (Wajib reservasi via aplikasi). Jam Buka: 06.00 - 18.00 WIB. Sering disebut sebagai ""Central Park""-nya Jakarta. Menawarkan pemandangan kontras antara rerumputan hijau dan gedung pencakar langit Sudirman. Lokasi: Pintu Tujuh Senayan (Komplek GBK), Jakarta Pusat. Jam Buka: Selasa-Minggu (Shift 1: 06.00-10.00, Shift 2: 15.00-18.00). Oase hijau di pesisir utara. Di tahun 2026, fasilitas jalur sepeda dan jogging di sini sudah terintegrasi hingga ke jembatan penghubung pulau reklamasi. Lokasi: Kamal Muara, Penjaringan, Jakarta Utara. Tiket: Dewasa Rp30.000, Anak Rp15.000 (Weekend naik Rp5.000). Jam Buka: 08.00 - 17.30 WIB. Destinasi laut terdekat. Di tahun 2026, Ancol semakin cantik dengan renovasi area promenade (jalan kaki) di sepanjang bibir pantai. Lokasi: Taman Impian Jaya Ancol, Jakarta Utara. Tiket: Rp30.000 per orang. Jam Buka: 06.00 - 24.00 WIB. Dua taman ikonik di jantung Menteng yang menawarkan keteduhan maksimal dan internet gratis 24 jam. Lokasi: Jl. Taman Suropati & Jl. HOS Cokroaminoto, Jakarta Pusat. Pilihan tepat untuk olahraga pagi bagi warga Jakarta Barat. Pohon-pohonnya kini semakin rimbun dan asri. Lokasi: Jl. Letjen S. Parman, Palmerah, Jakarta Barat. Jam Buka: 07.00 - 18.00 WIB. Seni, Hiburan & Indoor Adventure Rumah bagi instalasi seni kontemporer kelas dunia seperti karya Yayoi Kusama. Koleksinya terus diperbarui setiap beberapa bulan. Lokasi: AKR Tower, Kebon Jeruk, Jakarta Barat. Tiket: Dewasa Rp70.000 - Rp90.000. Jam Buka: 10.00 - 18.00 WIB (Senin Tutup). Tempat paling Instagrammable di Jakarta Selatan. Kamu bisa berkeliling instalasi seni menggunakan sepatu roda atau melukis di dinding kanvas raksasa. Lokasi: Komplek GBK, Pintu Biru Zona 8, Jakarta Pusat. Tiket: Mulai dari Rp125.000. Jam Buka: 11.00 - 19.30 WIB. Taman bermain indoor dengan teknologi canggih. Wahana iFly (skydiving dalam ruangan) tetap menjadi daya tarik utama yang menantang adrenalin. Lokasi: Trans Studio Mall Cibubur, Depok/Cibubur. Tiket: Mulai dari Rp 195.000 (Sering ada promo kartu bank tertentu). Jam Buka: 11.00 - 17.00 WIB. NEW IN 2026: Destinasi Paling Baru & Viral Destinasi yang ngetren di Jakarta Timur. Jembatan layang estetik yang menghubungkan stasiun LRT dengan area olahraga, menawarkan pemandangan kota dari sisi yang berbeda. Lokasi: Rawamangun, Jakarta Timur. Tiket: Gratis (Akses umum). Kawasan kuliner di tengah hutan kota mini ini baru saja memperluas areanya dengan konsep pet-friendly yang lebih besar dan kafe-kafe baru yang eksklusif. Lokasi: Jl. RS Fatmawati Raya No. 45, Jakarta Selatan. Tiket: Gratis (Hanya bayar pesanan kuliner). Area wisata terapung terbaru di Jakarta Utara yang terinspirasi dari kejayaan Batavia lama, namun dengan sentuhan modern. Di tahun 2026, ini menjadi spot paling viral untuk berfoto ala Eropa di atas air. Lokasi: Golf Island PIK, Jakarta Utara. Tiket: Gratis (Masuk area), biaya parkir berlaku. Anda menyukai artikel ini",5948
museum viral DKI Jakarta,"Rustic Market di Sentul Viral, Wisata Vibes Eropa yang Bisa Diakses Menggunakan Transjakarta - Jawa Pos Metropolitan",https://news.google.com/rss/articles/CBMi3wFBVV95cUxPRG00QkZzZDViQnJ1d0lLSE9CQTU1aDVTaVJkX1RNSE55eWg2Sld2Nm5lSnFWVEFtNVh0c2twU1NIM1JOUlY1ajZ3dDZRaTg2VDJreUc5OUhQanhHVkdSYnVySU1GMktBNWQwbmFINEMtNzc1UDU5dmFpemQ0QmxPdXdrR0Q3SW9JeVliTWx0RWRQdnVwWk9HWmdfb2ZFOVQ0UFJzYWlDaGczSzc1VDRVNU1sSEdZNmFPVmpRTVZ2V1Y1VWJyYlpiNlpzdjUyR0xjWHBwMWs3bll5Z2ZUdkpj0gHkAUFVX3lxTE5Kbm0yS3VUMHRRaGotcmt4anJJSzkyUHZBMng5bWxqTm5MYV9BSUdUdzBCODJXcTRYbnE5NlhQY0JzRG8wUDNBN3ROLUdqMWZNV2dLRnVEbklFQ0ppTjdKdzZBUGFvOFpiemZEZ2FvR09wMW5IZ0dJVVozd0szUHRMd1p4T2xlUDRiSF9jN01WM1ZLcGdyNDM2YlQ2enpzOXhiRWg3U0xEcTBxekl5M0tKbktLQ2Q2RUdoTjdvUDdISHRWUEtHNFVuWTNRbmZlMFRzNVdmbVE3T0gwaVVUcDZzMGFjWQ?oc=5,2026-05-05 07:00:00+00:00,Jawa Pos Metropolitan,https://20.detik.com/spot-wisata/20260327-260327017/menemukan-fashion-terbaru-di-mall-grand-indonesia-jakarta,"Salain di Pasar Tanah Abang, selebriti juga mau beli pakaian Di Mall Grand Indonesia. Mereka akan mencari pakaian yang khas Indonesia Banget. Disini kita bisa memilih-milih aneka batik nusantara dan pernak-perniknya. Dok : Celebrity On VacationTrans TV (Ade)",258
museum viral DKI Jakarta,"HUT ke-499 Jakarta, Pramono Pertimbangkan Masuk Ancol dan Ragunan Gratis - merahputih.com",https://news.google.com/rss/articles/CBMiwAFBVV95cUxNVTFiUlpqNXc3bGNIbWlZU0tDLU42Z2pqeFFfTThlUlVHdVFGVW9hODFrTjJxNmxxY2dyVGQ3OGxPOHhxSnJoVy1qMEVqamtJRlE5ejJKR0JCYmFDSEc5eTZBak1iVGpiZ2NBVUxNSUlkb3JUT0FmdmlWRF9FTkZmSjVxbVVVU3dWMV9yUkRfd2daQ0lWWHY0Z3VHd0hfNVlLQnZIT0I1aXJ1TGd5VUlMUUhvMllfZ2tGNFVsODEyZ1HSAb8BQVVfeXFMUElaclpub0FDZDdTOVVDRXp6SmtZa3VfYnVpR0wxOW1YX3NtakluRTNyaWttajZiN09ad3FhbmlXQ1J3dUFsREVLVXhfUjN4ZlZXVF9PNmtCazhqNGR0akhxOTZZNzN6TkRyU0ItNmdrN3FDWHNJeXdUOWNsaFB3UEp0LW9rUlJyMFg0dFVZOUpuVkgyREIzZFNEX1FsZUFyOVFYc2NKUkdWdjRVYzBrcjFzNjRtWE4wbGVVSnNkTFU?oc=5,2026-06-07 07:00:00+00:00,merahputih.com,https://metropolitan.jawapos.com/aglomerasi/2605050001/rustic-market-di-sentul-viral-wisata-vibes-eropa-yang-bisa-diakses-menggunakan-transjakarta,"Rustic Market, atau Valley Market, merupakan salah satu destinasi wisata yang ramai diperbincangkan di media sosial. Warganet banyak menyebutnya “vibes pedesaan Eropa yang ada di Bogor”.",186
toko viral DKI Jakarta,Parkir Liar di Jakarta Masih Menjamur Meski Penertiban Terus Dilakukan - MetroTVNews.com,https://news.google.com/rss/articles/CBMisgFBVV95cUxPeWhONWsxZGN4TmZ4bWE1NXlHYk5Vei13Y2drU1RQd2ZvY2VxOUE4b19ocF9WcWNyYnYtVzhOcGtPSWxZMVdtWUFaRjJQV3VGVTJpWDFDZXZKNzJVdEFlTEU5NHJDMWQwRlFRZk9XTVRhUUQxLWRYbjRvRDJCamV5SkhRTzZNUHZUQ2d4UDg1dlhGem5vOTFKZ3JLUzJ0ZnBMNC1INWQ2TS1yOFNjRTBXTnlR?oc=5,2026-05-03 07:00:00+00:00,MetroTVNews.com,https://www.merahputih.com/post/read/hut-ke-499-jakarta-gubernur-pramono-pertimbangkan-ancol-dan-ragunan-gratis-untuk-warga,"MerahPutih.com - Kabar baik datang bagi warga Jakarta dan sekitarnya. Pemerintah Provinsi DKI Jakarta tengah mengkaji kemungkinan menggratiskan sejumlah destinasi wisata milik pemerintah daerah dalam rangka perayaan HUT ke-499 Jakarta. Beberapa lokasi yang masuk dalam pertimbangan antara lain Ancol, Taman Margasatwa Ragunan, museum, hingga perpustakaan daerah. Gubernur DKI Jakarta Pramono Anung, dikutip Sabtu (6/6), mengatakan kebijakan tersebut masih dalam tahap kajian sebagai bagian dari rangkaian perayaan ulang tahun Ibu Kota. Pemprov DKI Siapkan Akses Lebih Luas untuk Warga Pramono menegaskan, Pemerintah Provinsi DKI Jakarta tidak hanya menyiapkan agenda seremonial dalam perayaan HUT Jakarta. Menurutnya, pemerintah juga mempertimbangkan pemberian akses yang lebih luas bagi masyarakat untuk menikmati berbagai fasilitas publik dan destinasi wisata yang dikelola pemerintah daerah. Langkah tersebut diharapkan dapat membuat perayaan ulang tahun Jakarta lebih dirasakan langsung manfaatnya oleh warga. Transportasi Umum Gratis Juga Disiapkan Selain membuka peluang tiket gratis ke sejumlah destinasi wisata, Pramono memastikan Pemprov DKI Jakarta juga akan memberikan layanan transportasi umum gratis pada momen tertentu menjelang HUT Jakarta. Ia menyebut kebijakan tersebut telah dipersiapkan dan tinggal menunggu pengumuman resmi kepada masyarakat. &ldquo;Nanti (transportasi umum gratis) akan kami adakan, tepat sebelum tanggal 22, pasti akan kami umumkan,&rdquo; jelas politikus senior PDIP tersebut. Meski demikian, Pramono belum merinci skema maupun waktu pelaksanaan kebijakan wisata gratis dan transportasi umum gratis tersebut. Menurutnya, keputusan final masih dalam tahap pembahasan di lingkungan Pemerintah Provinsi DKI Jakarta. Jika terealisasi, kebijakan ini akan menjadi salah satu program yang dapat dinikmati masyarakat dalam rangka menyambut HUT ke-499 Jakarta yang diperingati pada 22 Juni mendatang. (Knu)",1937
toko viral DKI Jakarta,"54 Ton Sampah Viral di Cakung Dibersihkan, DLH DKI Evaluasi Jadwal Angkut - Media Indonesia",https://news.google.com/rss/articles/CBMiugFBVV95cUxNeUVXS0xhd1JpZUxYYlB3clBobmtpM2EtYU5IdEUzMndWTzdSZlBHYkxjdmxXYjBtS2pyZU1hOVhsWV8xc3RuaGpVczBPaEhrcEdIVW5hUjVWZVdLX0xqS0MySTdGUktQSVEzZWRzcXhHM2VOZ0NTRlJXV2NLMEdHdWVoeTdiemhtWDhCWDlOVE9nOENkZkRXNlRCSjNacE5xRXJYcEluYkFwNmJadER3Zm1GbmVKN0xCckE?oc=5,2026-07-02 07:00:00+00:00,Media Indonesia,https://www.metrotvnews.com/read/kewCj13B-parkir-liar-di-jakarta-masih-menjamur-meski-penertiban-terus-dilakukan,"Parkir liar. Foto: Metro TV/Muhammad Iqbal Sidiq. Muhammad Iqbal Sidiq •  3 May 2026 17:22 Jakarta: Pemerintah Provinsi ( Pemprov ) DKI Jakarta tengah gencar memberantas praktik parkir liar. Namun, pantauan di sejumlah titik krusial di Jakarta Selatan dan Jakarta Pusat pada Sabtu, 2 Mei 2026, menunjukkan kendaraan masih memadati bahu jalan dan trotoar secara ilegal. ""Kemarin siang Dishub (Dinas Perhubungan) sempat angkut beberapa motor karena video pemilik toko viral kan. Tapi ya sekarang sudah pada berani parkir lagi,"" ujar Ketut Made, juru parkir resmi berizin Dishub di daerah Melawai, Jakarta Selatan, dikutip Minggu, 3 Mei 2026.",639
tempat belanja viral DKI Jakarta,Blok M Versi Melambat Halaman 1 - Kompasiana.com,https://news.google.com/rss/articles/CBMihwFBVV95cUxOZjhGUUh3alBzNTBQQTBwSko2Y0FhUFo0UXM5SFRfeE5Va1JPZUpJTDhKZ09GVUh1cEF6N2otVWQ2SFdvRHRqVm0yX3QtcVhOYnBWdkc4T2NQU3RNSHZLU3RBMDdrX3k5MnNGUEdIY2hldVpGRkxlX0J1bUZ2RW95SnFLWUQxdjA?oc=5,2026-09-01 03:19:08+00:00,Kompasiana.com,https://mediaindonesia.com/megapolitan/906662/54-ton-sampah-viral-di-cakung-dibersihkan-dlh-dki-evaluasi-jadwal-angkut,"Terungkap, dari 16 unit rumah temuan Ombudsman RI, cuma tiga unit berstatus barang milik negara. PEMERINTAH Provinsi DKI Jakarta memastikan tumpukan sampah yang sempat menggunung di Gang Swadaya Albo , Kelurahan Cakung Barat, Kecamatan Cakung, Jakarta Timur, telah tuntas ditangani. Sebanyak 54 ton sampah diangkut setelah Dinas Lingkungan Hidup (DLH) DKI Jakarta menerjunkan alat berat dan armada pengangkut ke lokasi tersebut. Kepala Dinas Lingkungan Hidup DKI Jakarta, Dudi Gardesi Asikin , menjelaskan bahwa tindakan cepat ini diambil merespons laporan masyarakat dan video viral di media sosial. Suku Dinas Lingkungan Hidup Jakarta Timur langsung dikerahkan untuk melakukan pengecekan dan pembersihan pada Kamis (2/7). “Begitu kami menerima laporan dan melihat video yang beredar terkait tumpukan sampah di Gang Swadaya Albo, Cakung Barat, jajaran kami langsung bergerak untuk melakukan penanganan,” ujar Dudi. Baca juga : Pegawai Toko Roti di Jaktim Diduga Dianiaya Anak Bosnya, Polisi Selidiki Dalam operasi pembersihan tersebut, DLH DKI Jakarta mengerahkan satu unit shovel loader , tiga truk tipper besar, serta lima truk tipper kecil. Selain mengangkut 54 ton sampah, petugas juga merapikan area sekitar dan membilas jalan menggunakan road sweeper serta truk tangki air guna memastikan lingkungan kembali steril dan nyaman. Berdasarkan evaluasi lapangan, Dudi mengungkapkan bahwa penumpukan sampah dipicu oleh ketidaksesuaian jadwal antara petugas gerobak sampah dengan waktu kedatangan truk pengangkut. Hal ini menyebabkan sampah di titik penampungan sementara meluber hingga ke badan jalan. “Prinsip kami jelas, setiap keluhan warga harus direspons cepat, apalagi jika sudah menyangkut kebersihan dan kelancaran aktivitas masyarakat,” tegasnya. Sebagai langkah antisipasi agar kejadian tidak terulang, DLH DKI Jakarta akan membenahi sistem pengangkutan di lokasi tersebut. Jadwal armada akan ditata ulang dan koordinasi dengan petugas gerobak diperkuat agar sampah dapat langsung dimuat ke truk tanpa harus menumpuk lama di pool gerobak. “Kami tidak hanya menyelesaikan persoalan di lapangan, tetapi juga memperbaiki sistemnya. Seluruh pihak diminta berkomitmen agar sampah langsung dimuat ke truk sesuai jadwal,” pungkas Dudi. (Z-10) Polsek Cakung berhasil menangkap perampok yang menyekap seorang lansia berinisial H (61) saat bersiap salat Dzuhur di rumahnya kawasan Penggilingan, Jakarta Timur. Pihak kepolisian mengimbau masyarakat agar selalu mengedepankan komunikasi dalam menyelesaikan masalah keluarga dan menghindari tindakan kekerasan yang berujung pada ranah pidana. Ratusan rumah warga di Kampung Sawah, Kecamatan Cakung, Jakarta Timur, terendam banjir pada Kamis (29/1) pagi akibat luapan Kali Cakung. Jasad korban ditemukan oleh petugas gabungan di Kali Cilincing, Jakarta Utara, pada Minggu (18/1) sore. Budi menjelaskan, pelaku diamankan saat akan kabur ke Lampung. Pelaku ditangkap saat menyeberang di Pelabuhan Penyeberangan Bakauheni, Lampung Selatan. Dinas Lingkungan Hidup DKI Jakarta mengerahkan 1.200 personel untuk membersihkan 80,4 ton sampah sisa rangkaian upacara HUT ke-81 RI di kawasan Monas dan Sudirman-Thamrin. Seorang petugas Damkar dilarikan ke RS Polri setelah tiang gedung lama DLH DKI di Cililitan roboh menimpa mobil operasional saat proses pembongkaran. DINAS Lingkungan Hidup (DLH) DKI Jakarta mengajak masyarakat menerapkan konsep EcoQurban saat Iduladha 1446 Hijriah guna menekan timbunan limbah dan pencemaran lingkungan. “Pada hari ketiga, kami memperkuat penanganan dengan mengerahkan 100 petugas kebersihan, 12 unit ponton, 7 truk sampah tipe kecil, 6 truk tipe besar, 2 unit excavator, serta 2 perahu karet,"" Copyright @ 2026 Media Group - mediaindonesia. All Rights Reserved",3735
tempat belanja viral DKI Jakarta,Pengusaha Bongkar Alasan Mal Pasang Pagar Tinggi - cnnindonesia.com,https://news.google.com/rss/articles/CBMisAFBVV95cUxPckVCLTdxNkNEXzlaY3J2R0Q2b0VJZGhXNy1qTlJITXg3VnRrbjh0NlkxaExCTFB5TE9OcE5ETlZTX25oXzVPUXpEbGtELWJMYTdxZjdhb1p0akJCUkZPbWRlMzRMcXhaZHBNdkRFWXlXVDZDdzM5M0pfUS1OTURnVzVNWGxCeldyd3ZFbHNUaGZ1dU8wOEc5ak8yZ2oyYUdEMXJ3X2JsVFRrMzlFSEQ3ZtIBtgFBVV95cUxNNVQ4NlRWUjQxNGtZYlBuUWRRQ29BV2prYjFZcXJ5YVdDQk9YeG1BTkhIOWNLTXpneHltdXpRNkpvX1pXUl9zTjZ1XzJOenFYWGd2Q0MtaGl5VkJwZ0hCaTNyQ09OdlVFRFVpWjJiR2t3MExoVXpjSlBmb3JyMUNjVWFTNjdRclhEWjRJVlBOcHpPMWJIM1pMc0NwamR5MWNUSjFUQUw5MEFFaUozRnEwN2dSRG1iUQ?oc=5,2026-08-02 07:00:00+00:00,cnnindonesia.com,https://www.kompasiana.com/471313/6a96427c34777c2bf57581b3/blok-m-versi-melambat,"Best in Storytelling Kompasiana Awards 2025 | 
Storyteller | Book sniffer | irerosana.com | 
email : irerosana@gmail.com Judulnya sendiri sedikit kontradiktif. Orang biasa melambatkan waktu dengan menepi ke tempat-tempat sunyi dan bukan malah ke salah satu titik paling ramai di kota Jakarta. Blok M lebih cocok disebut sebagai kawasan padat lalu lalang orang dibanding tempat untuk melambat. Kawasan Blok M oleh pemprov DKI Jakarta digadang-gadang menjadi lokasi percontohan atau ujicoba pertama penerapan Kawasan Rendah Emisi (KRE). Selain itu Blok M juga dianggap sebagai pusat transportasi terpadu dan ruang kreatif anak muda era sekarang. Semua harapan itu tentu saja bermuara pada satu hal: kenaikan pengunjung. Semakin ramai, semakin kencang pula roda perputaran ekonomi di sana. Blok M juga patut menyandang gelar tempat FOMO. Mungkin kalimat tepatnya: belum ke Jakarta kalau belum mampir ke Blok M! Layaknya Bukit Bintang di Malaysia, Blok M menjadi salah satu kawasan yang wajib dikunjungi para turis baik dari dalam negeri maupun luar negeri. Segala hal berkumpul di sana, tempat belanja, surga kuliner, toko buku viral, perpustakaan, taman, bahkan pengajian pun ada. Soal keramaian, Blok M menang telak dibanding kawasan wisata lain. Apalagi kalau bicara soal weekend dan tanggal merah, kawasan ini habis dilahap lautan manusia. Semua tempat makan laris manis, terlebih yang sedang viral. Lalu bagaimana cara saya melambatkan waktu di Blok M? Sebentar. Jadi begini, sebelumnya selamat datang di tur Jakarta bersama saya selaku tour guide . Sebenarnya ini bukan kali pertama saya membahas dan mengunjungi Blok M. Entah berapa ratus kali saya ke tempat ini, entah berapa pula sudut yang sudah saya ulas di sini. Tapi Blok M memang punya daya tarik tersendiri terlebih bagi mereka yang suka menyendiri. Ramainya kawasan ini membuat seseorang semakin merasa sendiri. Maksud saya, tak ada yang melihatmu, tak ada yang peduli dengan merek sepatumu atau merek HPmu. Tak ada yang peduli dengan itu dan tak ada yang peduli denganmu. Mungkin inilah yang dimaksud, sendiri di tengah keramaian. Blok M lihai soal itu. Ada masa-masa saya tiba-tiba merindukan Blok M. Ya, tiba-tiba saja gitu ingin ke Blok M. Biasanya tanpa berpikir panjang, saya akan bergegas lalu meluncur ke stasiun terdekat, sebelum pikiran lain datang untuk menghentikannya. Seperti halnya beberapa hari lalu. Lagi-lagi saya kembali ke tempat itu. Tidak untuk tergesa-gesa tapi untuk sedikit melambat. Tempat Terbaik untuk Melambatkan Waktu Perpus Taman Literasi (Dokumentasi pribadi/irerosana) Tempat paling ampuh untuk melambatkan waktu adalah perpustakaan, dan Blok M punya itu. Mereka punya Taman Literasi Martha Christina Tiahahu yang di dalamnya terdapat perpustakaan Taman Literasi. Memang tidak besar dan WiFi-nya pun berbayar, tapi keberadaan perpus di tengah riuhnya negara Blok M tetap patut disyukuri. Inilah tempat pertama yang saya dan pembaca sekalian akan datangi. Ikuti saya ya! Melipirlah sejenak dari riuhnya manusia dan panasnya matahari Blok M yang tak karuan itu! Berikan masukan kepada kami agar Kompasiana baru ini sesuai dengan ekspektasimu!",3138
pasar viral DKI Jakarta,Viral Asap Hitam Menyembur Dari Dalam Tanah Di Pasar Baru Jakpus - Detak.co,https://news.google.com/rss/articles/CBMiogFBVV95cUxPa0xHNmRoRjd1Nkdic3pXSGFLcXQ1dWR6aXJBNlRqVWJYa1hRQ2V0cmRsbmhSOUVZMXVTVzkyTEh3aFdGUVdhRjgxdnVma0FmNGVFb1JYT0FHVjFNS1JwNHItbkFSaFR5a2pRWEVUeXBydkE2dzYxTEQyUFdLbmxkOXVpdkJfQVBYNVR6RVFEREN4bkVQVi1sMW9jYWxyTTZjcUE?oc=5,2026-09-07 07:00:00+00:00,Detak.co,https://www.cnnindonesia.com/ekonomi/20260801150427-92-1387454/pengusaha-bongkar-alasan-mal-pasang-pagar-tinggi,"Ketua Umum Asosiasi Pengelola Pusat Belanja Indonesia (APPBI) Alphonzus Widjaja buka suara perihal ramai mal dan gedung memasang pagar tinggi di sejumlah daerah, termasuk di mal Kota Kasablanka, Jakarta. Fenomena ini belakangan jadi perhatian dan ramai diperbincangkan di media sosial. Ia menjelaskan langkah ini dilakukan untuk menertibkan arus keluar masuk pengunjung pusat perbelanjaan tersebut. Menurut dia, jika tidak dipagari, pengunjung bisa keluar masuk pusat perbelanjaan dari sudut mana pun yang berisiko membahayakan lalu lintas. ""Sebetulnya kan tujuan utamanya adalah untuk supaya lebih menertibkan arus keluar masuk pengunjung. Kalau terbuka itu kan pengunjung bisa masuk dari mana saja, bisa keluar dari mana saja begitu. Sehingga itu kan membahayakan lalu lintas sekitar,"" kata Alphonzus di Kantor Kementerian Perdagangan, Kamis (30/7), melansir Detik . SCROLL TO CONTINUE WITH CONTENT Menurutnya pemasangan pagar di mal bukan hal baru. Ia menyebut, banyak juga mal yang sejak awal memasang pagar sejak awal pembangunan. Selain itu, pagar ini sering dipasang pada mal yang berada di pusat kota yang dilintasi atau menjadi titik demonstrasi. Oleh karena itu, ia menilai pagar besi ini menjadi salah satu langkah pengamanan dari pengelola mal. ""Jadi saya kira itu juga sekalian untuk bisa memberikan satu, apa ya, batas pengaman lah begitu, terhadap demonstrasi-demonstrasi yang suka berlangsung,"" tuturnya. Selain di Jakarta, pemasangan pagar tinggi oleh sejumlah mal juga dilakukan di Surabaya, Jawa Timur. Mal-mal yang berada di bawah pengelolaan Pakuwon Group di Surabaya, seperti Pakuwon Mall, Tunjungan Plaza, Royal Plaza, dan Pakuwon City Mall sebelumnya juga sudah memasang pagar tinggi. Gubernur DKI Jakarta Pramono Anung merespons fenomena sejumlah pusat perbelanjaan atau mal di Ibu Kota yang memasang pagar tinggi di area depan gedung. Menurutnya, pemasangan pagar kemungkinan dilakukan karena kekhawatiran terhadap situasi keamanan. Namun, dia berencana meminta pengelola mal untuk kembali membongkar pagar-pagar tersebut. ""Berkaitan dengan pemasangan pagar, saya juga mengamati. Mungkin bagian dari kekhawatiran, tetapi nanti pada saatnya pasti saya akan minta untuk pagar-pagar itu dilepas kembali,"" ujar Pramono di Blok M, Jakarta Selatan (Jaksel), Jumat (31/7). kekhawatiran yang berlebihan justru dapat menimbulkan suasana yang tidak baik. Untuk memastikan keamanan Jakarta, dia mengaku terus berkoordinasi dengan TNI, Polri, serta aparat penegak hukum (APH). ""Karena kekhawatiran yang berlebihan juga tidak baik. Dan saya sebagai Gubernur Jakarta, koordinasi dengan TNI, Polri, aparat penegak hukum lainnya, kami akan menjaga Jakarta,"" ungkapnya. Terkait hal ini, kepolisian juga memastikan bahwa kondisi Jakarta masih relatif aman dan kondusif. Kabid Humas Polda Metro, Komisaris Besar Budi Hermanto memastikan situasi keamanan dan ketertiban masyarakat (Kamtibmas) masih aman dan terkendali. Ia menegaskan tidak ada ancaman penjarahan seperti yang dikhawatirkan. ""Perlu kami sampaikan bahwa situasi sampai saat ini masih bisa dapat dikendalikan,"" ujar Budi. Budi mengatakan pihaknya juga belum menerima surat pemberitahuan rencana aksi di wilayah hukum Polda Metro Jaya. Namun demikian, Polda Metro melalui Direktorat Reserse Siber terus melakukan pemantauan konten-konten atau ajakan aksi Agustus.",3332
pasar viral DKI Jakarta,"Viral Asap Tebal Muncul dari Tanah di Pasar Baru, Jakarta Pusat, BPBD Ungkap Penyebabnya - rakyatpos.id",https://news.google.com/rss/articles/CBMiwgFBVV95cUxQNzA3WHZmd2JaUXBHbWRieExOVDV0S20tUmVyR1A5V0VhbF9JYjJLRjZ4X0lZcjRiYl85YVlZbFRBdDNENDRncUp5WnpvMmlFc3dMb2dVak1YWFBsRHdqR2wwbTUxdEQ1bzFQbjdtZVR2RHNScDdWcTZHWnVPeXFFX01VM25QMUQ0ME95dWh4eXloTi02TVBjNlRxTGR5c0dXZ214TWIzajdsLWxpZnEwQUFmYzIzRVptY043VTV2a0JFUQ?oc=5,2026-09-07 07:00:00+00:00,rakyatpos.id,https://detak.co/kategori/nasional/viral-asap-hitam-menyembur-dari-dalam-tanah-di-pasar-baru-jakpus/,"JAKARTA - Kepulan asap pekat sempat muncul dari dalam tanah di depan sebuah ruko di kawasan Pasar Baru, Jakarta Pusat, Minggu (6/9). Fenomena tersebut terjadi akibat korsleting pada instalasi listrik bawah tanah milik PT PLN (Persero). Peristiwa tersebut sempat menarik perhatian warga setelah asap terlihat menyembur dari permukaan tanah. Sejumlah warga kemudian menjauh dari lokasi untuk menghindari potensi bahaya. Kapolsek Sawah Besar, Kompol Egy Irwansyah, mengatakan pihak kepolisian segera mendatangi lokasi untuk melakukan pengamanan dan memastikan warga tidak mendekati titik kejadian. “Asap berasal dari gardu listrik yang mengalami korsleting. Setelah diketahui sumbernya, langsung ditangani oleh PLN,” ujar Egy saat dikonfirmasi, Senin (7/9/2026). Berdasarkan laporan Badan Penanggulangan Bencana Daerah (BPBD) DKI Jakarta, kejadian bermula ketika kabel listrik bawah tanah PLN menimbulkan suara ledakan. Setelah itu, muncul kepulan asap pekat dari area kabel dan panel switch PLN di sekitar lokasi. Objek yang terdampak merupakan kabel tanam bawah tanah PLN empat fase. Selain kabel, panel switch PLN juga mengalami kerusakan akibat kejadian tersebut. Kepala Pelaksana BPBD DKI Jakarta, Marulitua Sijabat, mengatakan kebakaran diduga disebabkan korsleting akibat kondisi overheat pada instalasi listrik. “Dugaan penyebab korsleting akibat overheat ,” jelas Marulitua. Sebagai langkah antisipasi terhadap kemungkinan api merambat, petugas melakukan koordinasi melalui layanan Jakarta Siaga 112 dengan sejumlah instansi terkait. Petugas juga melakukan kaji cepat dan memantau proses penanganan serta penggantian kabel distribusi PLN dan panel switch yang terdampak. Penanganan melibatkan BPBD DKI Jakarta, Satpol PP, Bhabinkamtibmas, Suku Dinas Bina Marga Jakarta Pusat, PLN Posko Gunung Sahari, PPSU Kelurahan Pasar Baru, serta pengurus RW setempat. Penanganan kejadian dinyatakan selesai pada pukul 18.15 WIB. Tidak terdapat korban jiwa maupun korban luka dalam peristiwa tersebut. Kerugian akibat kerusakan kabel bawah tanah dan panel switch PLN diperkirakan mencapai sekitar Rp25 juta. Setelah penanganan selesai, kondisi di lokasi dilaporkan aman dan terkendali. Detak.co adalah Portal Berita yang menghadirkan informasi terkini dari dunia politik, ekonomi, hukum, sosial budaya, gaya hidup dan lain-lain | Mengabarkan dari Detak Nadi Peristiwa",2360
pasar viral DKI Jakarta,Harga Cabai Rawit Merah Melonjak di Pasar Tradisional DKI Jakarta - suaralandak.co.id,https://news.google.com/rss/articles/CBMiaEFVX3lxTE5STkZmQndVTFBLT2s5M21JbVhxbzhmZFhLbFFZUDRTNDNHUkxsT0c1ak1ENUQ2NE51RUo2OXlJTmdkOFJEWlBhd1dLazJIMklVVUljR3BqcFZhR1g3ejdRTVMxQ3NOZGxp?oc=5,2026-09-11 10:44:51+00:00,suaralandak.co.id,https://www.rakyatpos.id/2026/09/viral-asap-tebal-muncul-dari-tanah-di-pasar-baru-jakarta-pusat-bpbd-ungkap-penyebabnya.html,"SCROLL TO CONTINUE WITH CONTENT Home / HEADLINE / RAKYATPOS / TNI/POLRI RakyatPos - Jurnalis Senin, 7 September 2026 -  12:04											 WIB RakyatPos.id -Viralasap pekat muncul dari dalam tanah di kawasan perbelanjaan Pasar Baru, Sawah Besar, Jakarta Pusat dan menghebohkan warga. Peristiwa tersebut diketahui terjadi pada Minggu (6/9/2026) sore. Kepala Badan Penanggulangan Bencana Daerah (BPBD) DKI Jakarta, Marulitua Sianggaran mengatakan, asap tersebut berasal dari kabel bawah tanah. Kabel mengalami overheating atau panas berlebih yang kemudian menimbulkan suara ledakan. SCROLL TO RESUME CONTENT Pukul 11.30 WIB kabel bawah tanah PLN mengalami overheat sehingga menimbulkan suara ledakan, mengeluarkan asap putih tebal, dan panel saklar PLN di sekitar pertokoan Pasar Baru mengeluarkan asap putih tebal, kata Marulitua dalam keterangannya, Senin (7/9/2026). Petugas keamanan yang mengetahui kejadian tersebut langsung melaporkan kepada petugas oranye yang kemudian meneruskannya ke BPBD Jakarta. Petugas terkait segera memeriksa dan mengganti kabel dan panel saklar yang terbakar. Marulitua membenarkan tidak ada korban jiwa akibat kejadian tersebut. Sedangkan kerugian akibat kejadian ini diperkirakan mencapai Rp 25 juta JetMedia Digital Agency Viral Video Kekerasan Jalanan, Polisi Selidiki Fakta di Balik Rekaman – MIN.CO.ID AMD mengakuisisi perusahaan AI World Labs milik Fei-Fei Li dalam kesepakatan senilai $8,2 miliar Penyiar veteran Jamaika, Letnan Stitchie, meninggal pada usia 60 tahun Pre-order God of War Laufey tersedia mulai 29 September, detail edisi – PlayStation.Blog Penawaran Hari Kopi Nasional 2026: Kopi gratis dan banyak lagi – NBC New York “Rumor Perdagangan NHL Baru Mengungkap Pengejaran Maple Leafs terhadap Kirill Marchenko di tengah Buzz Kontrak Jaket Biru”. Selasa, 29 September 2026 -  04:01											 WIB Selasa, 29 September 2026 -  03:50											 WIB Selasa, 29 September 2026 -  03:10											 WIB Selasa, 29 September 2026 -  02:50											 WIB Selasa, 29 September 2026 -  02:10											 WIB Viral Video Kekerasan Jalanan, Polisi Selidiki Fakta di Balik Rekaman – MIN.CO.ID Selasa, 29 Sep 2026 -  04:01											 WIB AMD mengakuisisi perusahaan AI World Labs milik Fei-Fei Li dalam kesepakatan senilai $8,2 miliar Selasa, 29 Sep 2026 -  03:50											 WIB Penyiar veteran Jamaika, Letnan Stitchie, meninggal pada usia 60 tahun Selasa, 29 Sep 2026 -  03:10											 WIB Pre-order God of War Laufey tersedia mulai 29 September, detail edisi – PlayStation.Blog Selasa, 29 Sep 2026 -  02:50											 WIB Penawaran Hari Kopi Nasional 2026: Kopi gratis dan banyak lagi – NBC New York Selasa, 29 Sep 2026 -  02:10											 WIB",2682
pasar viral DKI Jakarta,"DKI kemarin, Alphard viral di HI lalu kebakaran di Jaksel - ANTARA News",https://news.google.com/rss/articles/CBMinwFBVV95cUxNOHlrdEgzeDFtd3p0NEUzN29CYW5VdmptRWhvd2RnNkotMHQ0QUl5SFVwUHRxQmpGOGJYQ3pMV0VxeFluT1d2QnlmRXBVWkhUNlNyT1ZnQVhPckhlUTBWQVRsNjBxTmxteUs5cDEyMEJzczBJZWZGQ0ZySE9PR0V1TXhkYmg2TUhVS2MtUDNrWkktM3B0eC1oNy1haUJyeWvSAaIBQVVfeXFMTmQ5cjVJb01kRnc3YXZuT1kzY0M2V1NUX1dQdDBtVWs5R2tueG5ydlZEQVlHMThycHlSZ2hxYlFERjV0NVg2RWt3T1hjSEgwR1YxZy00a1FPSXFwWWhzRmN1QmcyVlZBRnRfV2RtTTJBYndxblpYdHhTYlF1QWhkeWlXaUdveGFFUTFWNThZc2J4aW0zSGVoeEg0Y2h2dld5amNR?oc=5,2026-07-29 07:00:00+00:00,ANTARA News,https://www.suaralandak.co.id/harga-cabai-rawit-merah-dki,"Dinamika harga sembako di pasar tradisional DKI Jakarta mengalami perubahan signifikan pada 12 September 2026, terutama pada cabai rawit merah yang mengalami kenaikan harga cukup tajam.Harga cabai rawit merah naik sebesar 5,33% menjadi Rp 86.900 per kilogram, sementara cabai merah besar turun 3,28% ke Rp 48.700 per kilogram, dan bawang bombay naik 3,05% ke Rp 40.500 per kilogram, menurut pantauan pasar yang dilaporkan oleh Journalarta.Lonjakan harga cabai rawit merah ini dipicu oleh curah hujan tinggi di sentra produksi seperti Garut, Kediri, dan Magelang yang merusak tanaman cabai akibat patek, sehingga mengurangi pasokan harian ke pasar tradisional Jakarta.""Curah hujan yang tinggi menyebabkan kerusakan tanaman cabai sehingga volume kiriman barang ke pasar menurun drastis,"" ujar Tim Ekonomi Journalarta.Selain cabai rawit merah, harga telur ayam juga naik tipis sebesar 0,57% menjadi Rp 26.350 per kilogram, sedangkan kentang turun sebesar 1,5% ke Rp 19.700 per kilogram. Fluktuasi ini disebabkan oleh siklus pengiriman mingguan dan permintaan konsumen yang berubah-ubah.""Kenaikan harga dipengaruhi oleh siklus pengiriman dan permintaan konsumen harian di pasar,"" ujar Tim Ekonomi Journalarta.Penurunan harga pada beberapa komoditas seperti cabai merah besar, kentang, dan wortel disebabkan oleh lancarnya pasokan logistik dari produsen di daerah hinterland ke DKI Jakarta, sehingga harga dapat menyesuaikan ke tingkat yang lebih stabil.",1449
pasar viral DKI Jakarta,"Kronologi dan Penyebab Asap Hitam di Pasar Baru Jakarta, Polisi Pastikan Akibat Korsleting Listrik - Kronologi.id",https://news.google.com/rss/articles/CBMiuwFBVV95cUxPQ3RmeE5LT0syb0NMVlIxMGJoTThhbW0xUDdlemJ2ZTYxdnhCb2NQVTYxeEE0Q2Q2QmZMU2ZnQ0NVci1vLWVYZXA1TldWcFRtSHFHczNDNHRSaFVIV3prRl9SRl9OYVhEYnVCbmZWUzExZVRQbGw0VVBxVkstVm9NS3VOTTNaNlBwc2RiQU1kcS05YV9OWXNaZFd6VVhlQWVhN2liTTNYY3AxVlF5UFBWbFFjRllQZWlEQzUw?oc=5,2026-09-08 07:00:00+00:00,Kronologi.id,https://www.antaranews.com/berita/5670239/dki-kemarin-alphard-viral-di-hi-lalu-kebakaran-di-jaksel,"Jakarta (ANTARA) - Sejumlah peristiwa yang terjadi di Jakarta pada Selasa (28/7) antara lain pemilik Alphard viral di HI adalah warga sipil, bursa kerja di Jakarta Timur, dan kebakaran dekat Pasar Kebayoran Lama. Berikut rangkumannya: 1. Polisi pastikan Alphard viral di Bundaran HI milik warga sipil Jakarta (ANTARA) - ​Direktorat Lalu Lintas Polda Metro Jaya memastikan mobil mewah Toyota Alphard yang viral setelah menerobos zebra cross di kawasan Bundaran Hotel Indonesia (HI), Jakarta Pusat, bukan milik anggota kepolisian, melainkan kendaraan pinjaman dari seorang warga sipil. ​ Kasubdit Gakkum Direktorat Lalu Lintas Polda Metro Jaya AKBP Ojo Ruslani menyampaikan anggota Polri yang sempat terlibat cekcok dengan petugas keamanan di lokasi kejadian itu hanya meminjam mobil tersebut dari rekannya berinisial DD alias A. Baca selengkapnya di sini 2. Pramono tegaskan Jakarta terbuka bagi siapa saja Jakarta (ANTARA) - Gubernur DKI Jakarta Pramono Anung menegaskan Jakarta terbuka bagi siapa saja dan tidak ada permasalahan dengan etnisitas. “Jakarta ini adalah kota yang sangat terbuka. Keanekaragaman di Jakarta itu selama ini terjaga dengan baik. Saya tidak mau ada isu berkaitan dengan etnisitas di Jakarta,” kata Pramono di Balai Kota, Jakarta, Selasa. Baca selengkapnya di sini 3. Sempat putus sekolah, 180 anak di Jakbar kembali mengenyam pendidikan Jakarta (ANTARA) - Sebanyak 180 anak yang sempat putus sekolah di wilayah Jakarta Barat resmi kembali bersekolah melalui kegiatan pembukaan Masa Pengenalan Lingkungan Sekolah (MPLS) Program Sekolah Kembali di SDN Mangga Besar 15, Tamansari, Jakarta Barat, Selasa. Para peserta merupakan siswa program pendidikan nonformal Paket A, B, dan C yang berasal dari empat kecamatan, yakni Taman Sari, Tambora, Cengkareng, dan Kalideres. Baca selengkapnya di sini 4. Jakarta Timur Career Fest 2026 buka ribuan lowongan pekerjaan Jakarta (ANTARA) - Suku Dinas Tenaga Kerja, Transmigrasi, dan Energi (Nakertransgi) Jakarta Timur membuka 2.000 lebih lowongan pekerjaan lewat acara Jakarta Timur Career Fest dan Bazaar 2026 Gelombang I. ""Perlu kami laporkan bahwa peserta Jakarta Timur Career Fest dan Bazaar ini memiliki jumlah lowongan sebanyak kurang lebih 2.000 lebih lowongan pekerjaan,"" kata Kepala Suku Dinas Nakertransgi Jakarta Timur Sunjaya di GOR Ciracas, Jakarta Timur, Selasa. Baca selengkapnya di sini 5. Warga sebut dengar ledakan sebelum kebakaran dekat Pasar Kebayoran Lama Jakarta (ANTARA) - Salah satu warga mengaku mendengar suara ledakan sebelum kebakaran melanda Jalan Kramat I tepatnya dekat Pasar Kebayoran Lama, Grogol Selatan, pada Selasa malam. ""Saya dengar ada ledakan awalnya, kemudian lama-lama kebakaran,"" kata Arya (33) kepada wartawan di lokasi kebakaran dekat Pasar Kebayoran Lama, Jakarta, Selasa. Baca selengkapnya di sini Pewarta: Lia Wanadriani Santosa Editor: Syaiful Hakim Copyright © ANTARA 2026 Dilarang keras mengambil konten, melakukan crawling atau pengindeksan otomatis untuk AI di situs web ini tanpa izin tertulis dari Kantor Berita ANTARA. Kirim Komentar menjadi tanggung-jawab Anda sesuai UU ITE.",3096
pasar viral DKI Jakarta,"Pram Soal Viral Laporan di JAKI Direspons AI: Siapkan Sanksi, Tak Boleh Terulang - kumparan.com - Kumparan.com",https://news.google.com/rss/articles/CBMiwgFBVV95cUxPV1VVeXJjUktnbWJrQkp4VGJ1TjRnVmtiRXBHY29xQ3NCV0taejBZNWllaVk5LW85YkE0MTg2QkFpZ3k3WXZiMzA5Q2loTTA1QWNPbnNEZ2EzSDYtaTdjendPVkp5QkhfYWFqa1EyNG1Gek5CYklaMHdXdVRDNUxnUUFvbXY5X3F5RlUxcW9jYXZ4NEJ3dGRoNVNzZ1RXYWhUbGlSTWk0ZXN6bUFxemppcVFSV1MxYldRWDNEUXc4TG0wUdIBygFBVV95cUxPbW0tS3NMTTNMQklxZk94MW5nWGJqSGlGVjhhYi1VaEtwLUtEZEhWMnhMUHVERmdhNnJPUDd2YmRMUzliaDU0d2RGTE1mSjBLZm9makVmZThOSmYwYmtRSE5KWGQ1bnhyZnVYSDFZZi1VQ1NjNU15eG5BdXlZbjd1RHJ6LWFTdlkwR1VpRzJESWxBVHhXYTdyRXE2aTlpREZMQVZhOFFhcmFqNG9JZ0MtanhBVXRQUlhGMGZsVlVnWWxzOE8tbXh2Qm9R?oc=5,2026-04-06 07:00:00+00:00,Kumparan.com,https://kronologi.id/kronologi-dan-penyebab-asap-hitam-di-pasar-baru-jakarta-polisi-pastikan-akibat-korsleting-listrik/,"Warga dan pedagang di kawasan pertokoan Pasar Baru, Sawah Besar, Jakarta Pusat sempat dikejutkan oleh kemunculan semburan asap hitam pekat dari bawah tanah pada Minggu (6/9/2026). Rekaman video insiden tersebut mendadak viral di platform media sosial seperti Threads dan memicu kepanikan lantaran dinilai berbahaya bagi pejalan kaki. Semburan asap pekat bermula dari celah gorong-gorong di depan sebuah ruko sisi utara kawasan Pasar Baru, wilayah RW 02, Sawah Besar. Dorongan asap yang keluar begitu kencang membuat pedagang dan pembeli langsung berhamburan menjauh karena khawatir akan adanya letupan atau semburan gas beracun. Kepolisian Sektor (Kapolsek) Sawah Besar bersama Badan Penanggulangan Bencana Daerah (BPBD) DKI Jakarta langsung merespons laporan warga dengan menerjunkan personel ke lokasi kejadian guna mengamankan area serta mengusut sumber asap. Hasil Penyelidikan: Korsleting Jaringan Listrik PLN Penyelidikan lintas instansi dengan cepat mengungkap pemicu utama di balik insiden yang sempat dikira ancaman struktur tanah tersebut: 1. Sebab Utama: Kapolsek Sawah Besar, Kompol Egy Irwansyah, mengonfirmasi bahwa asap hitam pekat yang membumbung murni dipicu oleh korsleting gardu listrik. 2. Komponen yang Terbakar: Kepala Pelaksana BPBD DKI Jakarta, Marulitua Sijabat, menyebutkan bahwa objek yang terbakar meliputi panel switch dan jaringan kabel tanam bawah tanah 4 fase milik PLN. Korsleting diduga kuat terjadi akibat suhu panas berlebih (overheat). 3. Fungsi Gardu: Lurah Pasar Baru, Ikhwan Julio Akbar, menambahkan bahwa instalasi gardu yang terbakar merupakan penyuplai aliran listrik untuk penerangan jalan umum (PJU) di sekitar area pasar. Tekanan panas dari dalam tanah inilah yang mendorong asap menyembur deras ke permukaan. Penanganan Cepat dan Kondisi Terkini Penanganan awal dilakukan petugas gabungan di lapangan dengan menyemprotkan Alat Pemadam Api Ringan (APAR) ke titik api. Tim teknis PLN kemudian tiba untuk mengisolasi aliran arus listrik serta memperbaiki jaringan kabel tanam yang rusak. Laporan resmi memastikan tidak ada kerusakan pada struktur bangunan ruko maupun toko warga di sekitar area. Total kerugian materiil akibat terbakarnya panel dan kabel bawah tanah diperkirakan mencapai sekitar Rp25 juta. Saat ini, situasi di pusat pertokoan Pasar Baru telah dinyatakan kondusif penuh. Aliran listrik telah ditangani dan aktivitas perekonomian warga di lokasi sudah kembali beroperasi secara normal.*** Sign in to your account Username or Email Address",2499
pasar viral DKI Jakarta,"Viral Petugas PPSU Gunakan AI, Inspektorat DKI Jakarta Panggil Lurah Kalisari Jaktim - Inilah.com",https://news.google.com/rss/articles/CBMiqgFBVV95cUxNWlgyRHk0ZEp2bDQyNU1NMV8tWjR1ZmgwbEpOSExqU3VpSTExUXBFWG5fRGotbi1qZDVCempoQ0xyUDVaVUFkd2dVclBFb0p0WVF2QThrVXVNaUFKTWhYOWlnSGtkNXVpNXd5dmM2MHF6UU5YNkg3bEZ0OGlNaVotY0p6a1RhbjJNb2hJMVZaZmhYRWJZYjA0cFpoNHdTdUZlTURKdGxweTQ4Zw?oc=5,2026-04-06 07:00:00+00:00,Inilah.com,https://kumparan.com/kumparannews/pram-soal-viral-laporan-di-jaki-direspons-ai-siapkan-sanksi-tak-boleh-terulang-279YhJTqeVS,"Gubernur DKI Jakarta, Pramono Anung, merespons keras temuan adanya oknum aparatur wilayah yang diduga menggunakan Artificial Intelligence (AI) untuk merekayasa tindak lanjut keluhan warga di aplikasi JAKI. ​Pram langsung menginstruksikan Inspektorat DKI Jakarta untuk turun tangan mengusut kasus yang diduga terjadi di kawasan Pasar Rebo, Jakarta Timur tersebut. ​""Saya sudah meminta kepada Inspektorat untuk memeriksa apakah itu lurahnya, Lurah di Kalisari, maupun Kasubdinnya,"" tegas Pram usai acara groundbreaking di Pasar Gardu Asem, Kemayoran, Jakarta Pusat, Senin (6/4). ​Pram memastikan tidak akan segan menjatuhkan sanksi kepada jajaran ASN yang terbukti memanipulasi laporan penyelesaian masalah di lapangan. ​""Siapa pun yang salah harus diberikan hukuman dan ini tidak boleh terulang kembali,"" tambahnya. ​Menurut Pram, Pemprov DKI Jakarta sangat menjunjung tinggi prinsip transparansi pelayanan. Ia meminta aparat di bawahnya untuk jujur dalam bekerja. ​Ia menegaskan, jika penanganan masalah di lapangan memang belum tuntas, aparat harus melaporkan apa adanya, bukan malah memanipulasi bukti menggunakan AI. ​""Lebih baik misalnya, belum selesai ya bilang belum selesai saja. Daripada kemudian dilakukan dengan AI yang notabene itu membohongi,"" ujar Pram. ​""Saya sudah meminta kepada Inspektorat untuk memberikan sanksi untuk itu,"" pungkasnya. Laporan Warga di JAKI, Diduga Dijawab Pakai AI Sebelumnya ramai di media sosial Thread seorang warga mengunggah keluhannya mengenai kendaraan yang parkir liar di wilayah Pasar Rebo, Jakarta Timur. Laporan tersebut diunggah dan viral di media sosial pada Sabtu (4/4). Keluhan tersebut dilaporkan warga aplikasi JAKI karena pemilik kendaraan yang melakukan parkir liar tidak merespons. Namun, alih-alih menyelesaikan masalah, warga tersebut menduga foto penanganan yang diunggah di JAKI adalah editan AI. Pak @prastowoyustinus izin bertanya, maaf kalau kurang tepat pertanyaannya. Ngurus masalah parkir liar di jalan kelurahan itu gimana ya? Warga protes langsung ke pelaku tidak berhasil, udah lapor ke tingkat kelurahan tidak selesai dan coba lapor kewat JAKI malah dikasih bukti palsu hasil edit AI (terlampir). Ada prosedur lain ngga ya? Warga tersebut me-mention akun staf khusus Gubernur DKI, Yustinus Prastowo dan Gubernur Pramono Anung di dalam unggahan tersebut. Unggahan itu kemudian dijawab langsung oleh Prastowo Yustinus. ""Baik @seinsh, akan saya tindak lanjuti. Mestinya tidak demikian. Saya akan minta dicek dan jika repson palsu, tentu akan diperiksa dan dikenai sanksi. Mohon maaf jika respon saya lambat, maklum sambil urus Pashahan, kondangan, dll,"" jawabnya di unggahan tersebut.",2652
pasar viral DKI Jakarta,"Sempat Viral, Gunungan Sampah di Pasar Kramat Jati Telah Bersih - MetroTVNews.com",https://news.google.com/rss/articles/CBMipwFBVV95cUxQV2JUTFYwakdyc2pDbXUtcm8yeXdVQk1LUzVlU2lrbGtOYl81ek8xQ1l4aHdQVjhqTmVYR1FHOFB2cW5YT0c0RHc2enFWOUtaODAyLTBWRzQ5dnBIX1JJVG44MV83LW5aNUVJM3l2TEM2eXRmajl0MFB0WVhRTkN3UjBpRjROYXYyeVZ0MmZOV3ZIT2l5OFBFSnU0YU9PMXJlUWhGZmlaNA?oc=5,2026-04-12 07:00:00+00:00,MetroTVNews.com,https://www.inilah.com/viral-petugas-ppsu-gunakan-ai-inspektorat-dki-jakarta-panggil-lurah-kalisari-jaktim,"Viral penggunaan kecerdasan buatan (AI) oleh petugas Penanganan Prasarana dan Sarana Umum (PPSU) Pasar Rebo, Jakarta Timur, dalam menanggapi laporan warga melalui aplikasi Jakarta Kini (JAKI). (Foto: Dokumentasi Pribadi) Berita Terkini, Eksklusif di WhatsApp Inilah.com Lurah Kalisari, Pasar Rebo, Jakarta Timur (Jaktim) dipanggil oleh Inspektorat DKI Jakarta untuk memberikan penjelasan terkait viralnya penggunaan kecerdasan buatan (AI) oleh petugas Penanganan Prasarana dan Sarana Umum ( PPSU ) dalam menanggapi laporan warga melalui aplikasi Jakarta Kini (JAKI) . ""Saya dipanggil oleh Inspektorat pukul 10.00 WIB. Nanti wawancara setelah dari sana,"" ujar Lurah Kalisari, Nurhasanah di Jakarta, Senin (6/4/2026). Sementara itu, Pemerintah Kota (Pemkot) Jakarta Timur bergerak cepat merespons polemik tersebut. Camat Pasar Rebo Mujiono menyebutkan pihaknya langsung menggelar rapat terbatas bersama jajaran terkait, termasuk lurah dan petugas PPSU, sebagai langkah awal pembinaan. Rapat ini digelar bersama Wali Kota Jakarta Timur di Kantor Wali Kota usai petugas PPSU tersebut menjadi sorotan publik dan menuai kritik tajam dari warganet. ""Kami kumpulkan seluruh petugas PPSU, kepala seksi, dan lurah dalam rangka pembinaan agar ke depan tidak lagi menggunakan AI dalam menjalankan tugas,"" kata Mujiono. Menurut Mujiono, penggunaan AI dalam konteks pelayanan lapangan dinilai tidak tepat dan berpotensi menimbulkan kesalahpahaman di tengah masyarakat. Dia menegaskan, fungsi utama petugas PPSU adalah memberikan pelayanan nyata dan langsung di lapangan, bukan sekadar visualisasi atau manipulasi digital. Meski demikian, Mujiono enggan mengomentari lebih jauh terkait sanksi terhadap petugas PPSU yang bersangkutan. Mujiyono menegaskan bahwa kewenangan tersebut sepenuhnya berada di tingkat kelurahan. ""Karena PPSU merupakan perangkat kelurahan, maka kewenangan penindakan kami serahkan kepada lurah,"" tegasnya. Sebelumnya, viral unggahan di media sosial yang menunjukkan seorang petugas PPSU menggunakan teknologi AI dalam merespons laporan warga terkait parkir liar di Jalan Damai, Kelurahan Kalisari, Kecamatan Pasar Rebo, Jakarta Timur. Dalam unggahan tersebut, petugas PPSU yang mengenakan seragam oranye terlihat melakukan penanganan di lokasi. Namun, setelah melalui proses berbasis AI, tampilan visual petugas mengalami perubahan, termasuk perbedaan atribut pakaian serta hilangnya beberapa kendaraan dalam gambar hasil olahan. Perbedaan mencolok antara kondisi nyata dan hasil visualisasi AI inilah yang kemudian memicu reaksi keras dari masyarakat. Wargainternet (warganet) atau netizen menilai tindakan tersebut sebagai bentuk manipulasi data dan tidak mencerminkan kondisi lapangan yang sebenarnya. Berdasarkan pantauan di lokasi, kondisi jalan di kawasan tersebut memang tergolong sempit, dengan lebar sekitar dua meter. Terdapat empat kendaraan yang terparkir di badan jalan, salah satunya bahkan sudah dalam kondisi tidak layak atau rongsokan. Tiga kendaraan lainnya diketahui milik bengkel mobil yang beroperasi di sekitar lokasi. Keberadaan kendaraan tersebut membuat akses jalan menjadi sangat terbatas, sehingga kendaraan lain yang melintas harus berhimpitan dengan tembok perumahan warga. Kondisi ini sebelumnya telah dilaporkan warga melalui aplikasi JAKI dengan harapan adanya penertiban dari pihak berwenang. Namun, respons yang muncul justru berupa visualisasi berbasis AI yang tidak sesuai realitas. Kasus ini menjadi perhatian serius Pemerintah Kota Jakarta Timur. Selain pembinaan internal, langkah evaluasi terhadap prosedur kerja PPSU juga akan dilakukan agar kejadian serupa tidak terulang di masa mendatang. Pemerintah Kota Jakarta Timur menegaskan komitmennya untuk menjaga kualitas pelayanan publik, termasuk memastikan setiap laporan warga ditindaklanjuti secara faktual dan transparan di lapangan. Tambahkan Inilah.com Sebagai Sumber Utama di Google untuk Dapatkan Berita Eksklusif. Berita Terkini, Eksklusif di WhatsApp Inilah.com",3969
