,canonical_group,nama_tempat,kategori,lokasi_text,alasan_viral_contoh,jumlah_artikel,jumlah_source_unik,earliest_article_date,latest_article_date,rentang_hari_pemberitaan,explicit_viral_ratio,indikasi_waktu_eksplisit,avg_confidence,contoh_link,kelurahan/desa,kecamatan,kota/kabupaten,provinsi,latitude,longitude,presisi koordinat,sumber wilayah,catatan lokasi
0,914,Toko Kue Gambang,Kafe,"Pasar Johar Utara, Semarang","""Dirujak"" warganet hingga rating Google Maps anjlok (isu negatif)",9,8,2026-04-18 07:00:00+00:00,2026-08-12 07:00:00+00:00,116,1.0,3 April 2026,0.7055555555555556,https://www.konteks.co.id/daerah/1632487841/toko-kue-gambang-semarang-diserbu-bintang-1-usai-viral-isu-anak-wali-kota-kena-cancel-culture,Kauman,Semarang Tengah,Kota Semarang,Jawa Tengah,-6.968,110.424,Pusat kelurahan/desa,teks+inferensi,Pasar Johar
1,229,Tahir Solo Museum,Museum,Kota Solo,Pengunjung mengeluhkan tarif parkir mobil ngepruk,7,7,2026-06-28 07:00:00+00:00,2026-09-21 22:52:00+00:00,85,0.2857142857142857,14 Agustus 2026,0.7,https://regional.kompas.com/read/2026/09/22/055200178/satpam-di-pasar-triwindu-solo-viral-usai-tarik-parkir-ngepruk-ke-pengunjung?page=all,,Jebres,Kota Surakarta,Jawa Tengah,-7.567,110.817,Pusat kota/kabupaten,teks+inferensi,Dekat kampus UNS
2,821,Pasar Pagi Samarinda,lainnya,"Samarinda, Kalimantan Timur","Viral video sekuriti umpat wartawati ""media busuk"" (isu negatif)",7,7,2026-04-18 07:00:00+00:00,2026-09-07 07:00:00+00:00,142,0.8571428571428571,11 Agustus 2026,0.44285714285714295,https://regional.kompas.com/read/2026/08/12/151923278/sekuriti-pasar-pagi-umpat-media-busuk-ke-wartawati-wali-kota-samarinda?page=all,Pasar Pagi,Samarinda Kota,Kota Samarinda,Kalimantan Timur,-0.503,117.148,Pusat kelurahan/desa,teks+inferensi,
3,897,Pasar Baru,lainnya,Kota Kendari,Viral video temuan uang palsu di pasar (isu negatif),7,7,2026-04-02 07:00:00+00:00,2026-09-04 07:00:00+00:00,155,0.7142857142857143,April 2026,0.4071428571428572,https://suarasultra.com/2026/04/pedagang-pasar-baruga-kendari-resah-empat-lembar-uang-rp100-ribu-diduga-palsu-beredar/,Pasar Baru,Baruga,Kota Kendari,Sulawesi Tenggara,-4.04,122.51,Pusat kecamatan,teks+inferensi,
4,470,Pantai Panjang,Wisata Alam,Kota Bengkulu,Mendapat bantuan lima gazebo gratis untuk wisatawan,6,5,2026-04-10 07:00:00+00:00,2026-09-22 14:15:44+00:00,165,0.0,21 September 2026,0.6416666666666667,https://bengkulu.antaranews.com/berita/470141/himppera-serahkan-bantuan-gazebo-dukung-pengembangan-wisata-bengkulu,,,Kota Bengkulu,Bengkulu,-3.81,102.27,Titik tempat,teks+inferensi,Pantai memanjang melintasi beberapa kecamatan
5,413,Museum dan Monumen Bahasa Nasional,Museum,"Pulau Penyengat, Kepulauan Riau","Pembangunan museum sejarah bahasa, calon destinasi wisata baru",8,5,2026-06-30 07:00:00+00:00,2026-09-25 11:53:51+00:00,87,0.0,Groundbreaking 24 September 2026,0.7875000000000001,https://kepripedia.com/museum-dan-monumen-bahasa-nasional-dibangun-di-pulau-penyengat-bupati-bintan-kebanggaan-masyarakat-kepri/,Penyengat,Tanjungpinang Kota,Kota Tanjungpinang,Kepulauan Riau,0.927,104.419,Pusat kelurahan/desa,teks+inferensi,
6,627,Pasar Ngasem,lainnya,"Jl. Polowijan No.11, Patehan, Kraton, Kota Yogyakarta",Surga kuliner tradisional selalu ramai,5,5,2026-05-16 07:00:00+00:00,2026-09-28 05:30:00+00:00,134,0.4,April 2026,0.7699999999999999,https://www.tripzilla.id/pasar-kuliner-jogja/27629,Patehan,Kraton,Kota Yogyakarta,DI Yogyakarta,-7.8095,110.3605,Titik tempat,teks+inferensi,"Pasar Ngasem berada di Patehan, Kraton; teks menyebut kompleks Taman Budaya"
7,526,Taman Margasatwa Ragunan,Wisata Alam,Jakarta Selatan,Masuk gratis HUT Jakarta ke-499,4,4,2026-05-03 07:00:00+00:00,2026-09-23 13:12:02+00:00,143,0.0,"22, 27, 28 Juni 2026",0.6375,https://www.bloombergtechnoz.com/detail-news/113271/hut-ke-499-jakarta-masuk-tempat-wisata-gratis-cek-syaratnya/2,Ragunan,Pasar Minggu,Kota Jakarta Selatan,DKI Jakarta,-6.3125,106.82,Titik tempat,teks+inferensi,
8,523,Wonderful Indonesia Tourism Fair (WITF) 2026,Pameran,"JIExpo Kemayoran, Jakarta",Pameran pariwisata B2B dengan 300+ buyers,4,4,2026-05-29 07:00:00+00:00,2026-09-26 01:25:00+00:00,119,0.0,15-17 Oktober 2026,0.7250000000000001,https://travel.detik.com/travel-news/d-8676178/jakarta-jadi-titik-temu-pasar-dunia-dengan-destinasi-wisata-indonesia,Pademangan Timur,Pademangan,Kota Jakarta Utara,DKI Jakarta,-6.147,106.846,Titik tempat,teks+inferensi,"JIExpo secara administratif di Pademangan Timur, Jakarta Utara"
9,434,Museum Sriwijaya Dharmakirti,Museum,Kawasan Cagar Budaya Nasional (KCBN) Muaro Jambi,"Museum baru dengan wahana imersif, resmi dibuka untuk umum",4,4,2026-04-17 07:00:00+00:00,2026-09-05 07:00:00+00:00,141,0.0,29 Agustus 2026,0.825,https://rri.co.id/jambi/regional/2692271/museum-sriwijaya-dharmakirti-muaro-jambi-di-buka-untuk-umum,,Maro Sebo,Kabupaten Muaro Jambi,Jambi,-1.48,103.67,Pusat kecamatan,teks+inferensi,Kawasan Cagar Budaya Nasional Muaro Jambi
10,525,Ancol,Wahana,Jakarta Utara,Tiket masuk kawasan gratis HUT Jakarta ke-499,4,4,2026-05-03 07:00:00+00:00,2026-09-23 13:12:02+00:00,143,0.0,"22, 27, 28 Juni 2026",0.6375,https://www.bloombergtechnoz.com/detail-news/113271/hut-ke-499-jakarta-masuk-tempat-wisata-gratis-cek-syaratnya/2,Ancol,Pademangan,Kota Jakarta Utara,DKI Jakarta,-6.125,106.835,Pusat kelurahan/desa,teks+inferensi,
11,1175,Mini Museum 50 Tahun PSS,Pameran,"Stadion Maguwoharjo, Sleman",Pameran sejarah setengah abad PSS Sleman dengan sembilan section,4,4,2026-04-21 07:00:00+00:00,2026-09-25 16:08:04+00:00,157,0.0,17-24 Mei 2026,0.675,https://voi.id/olahraga/575688/mini-museum-50-tahun-pss-sleman-jejak-sejarah-klub-hingga-pengalaman-ruang-ganti-pemain,Maguwoharjo,Depok,Kabupaten Sleman,DI Yogyakarta,-7.7503,110.4187,Titik tempat,teks+inferensi,Stadion Maguwoharjo
12,1236,Jembatan Ampera,lainnya,Kota Palembang,"Ikon kota dengan panorama Sungai Musi, spot favorit berburu foto",4,4,2026-06-17 01:12:45+00:00,2026-08-13 07:00:00+00:00,57,0.25,9 April 2026,0.7375,https://sumeks.disway.id/travelling-kuliner/read/790056/rekomendasi-5-tempat-wisata-palembang-yang-cocok-dikunjungi-saat-cuaca-cerah,,,Kota Palembang,Sumatera Selatan,-2.9918,104.7636,Titik tempat,teks+inferensi,menghubungkan Ilir Timur I dan Seberang Ulu I
13,49,Pasar Cihapit,lainnya,"Kawasan Cihapit, Bandung",Pasar tradisional yang lagi hits jadi surga kuliner,4,3,2026-04-25 07:00:00+00:00,2026-09-14 08:13:47+00:00,142,1.0,,0.775,https://www.tripzilla.id/tempat-makan-hits-bandung/27057,Cihapit,Bandung Wetan,Kota Bandung,Jawa Barat,-6.903,107.625,Pusat kelurahan/desa,teks+inferensi,
14,180,Kebun Raya Bogor,Wisata Alam,Kota Bogor,Disebut sebagai ilustrasi wisata Bogor,3,3,2026-04-20 07:00:00+00:00,2026-07-02 07:00:00+00:00,73,0.0,,0.6833333333333332,https://www.metrotvnews.com/read/b2lC6gd0-5-destinasi-wisata-keluarga-di-bogor-lengkap-beserta-harga-tiket-dan-aktivitasnya,Paledang,Bogor Tengah,Kota Bogor,Jawa Barat,-6.5976,106.7996,Titik tempat,teks+inferensi,
15,271,Restoran Garuda,Restoran,"Jalan Sabang, Jakarta Pusat",Disebut dalam daftar kuliner malam Jalan Sabang,3,3,2026-04-21 07:00:00+00:00,2026-08-01 07:00:00+00:00,102,0.0,,0.6166666666666667,https://www.tripzilla.id/kuliner-malam-jalan-sabang/26993,Kebon Sirih,Menteng,Kota Jakarta Pusat,DKI Jakarta,-6.184,106.828,Pusat kelurahan/desa,teks+inferensi,
16,319,Pekan Raya Sumatera Utara (PRSU) 2026,Pameran,"Jalan Gatot Subroto, Medan","Arena pameran dengan kuliner, wahana, dan Hall Disdik Sumut",3,3,2026-05-17 07:00:00+00:00,2026-05-29 07:00:00+00:00,12,0.3333333333333333,2026,0.7666666666666666,https://koranmedan.id/2026/07/sisi-lain-dari-event-prsu-2026-hall-disdik-sumut-bikin-fenomenal-anak-slb/,,,Kota Medan,Sumatera Utara,3.595,98.672,Pusat kota/kabupaten,teks+inferensi,Arena PRSU Tapian Daya
17,426,Candi Muaro Jambi,Museum,Muaro Jambi,Kompleks percandian Buddha terbesar di Asia Tenggara,3,3,2026-06-26 07:00:00+00:00,2026-09-05 07:00:00+00:00,71,0.0,Juli 2026,0.7999999999999999,https://lahatpos.disway.id/nasional/read/662180/7-rekomendasi-wisata-religi-di-jambi-yang-sarat-nilai-sejarah-dan-spiritualitas,Muara Jambi,Maro Sebo,Kabupaten Muaro Jambi,Jambi,-1.477,103.668,Titik tempat,teks+inferensi,
18,885,Tebing Apparalang,Wisata Alam,"Bulukumba, Sulawesi Selatan",Spot #NoFilter dengan laut pirus,4,3,2026-04-19 07:00:00+00:00,2026-09-03 07:00:00+00:00,137,0.75,7 Juni 2026,0.7124999999999999,https://sulsel.idntimes.com/travel/destination/9-spot-wisata-instagramable-di-sulsel-ada-yang-mirip-brasil-00-lm183-gnhr29,Lembanna,Bonto Bahari,Kabupaten Bulukumba,Sulawesi Selatan,-5.56,120.44,Pusat kecamatan,teks+inferensi,Artikel lain menyebut Desa Ara
19,117,Alun-alun Kidul (Alkid),Wisata Alam,"Alun-alun Kidul, Yogyakarta",Viral karena dugaan pungli terhadap food truck hingga Rp1 juta per hari (isu negatif),3,3,2026-09-18 15:15:19+00:00,2026-09-28 05:31:00+00:00,9,1.0,16-20 September 2026,0.7166666666666667,https://mitrapost.com/2026/09/19/viral-pungli-di-alun-alun-kidul-capai-rp1-juta-per-hari-pemilik-restoran-menjerit/,Patehan,Kraton,Kota Yogyakarta,DI Yogyakarta,-7.8117,110.3633,Titik tempat,teks+inferensi,
20,382,Festival Kue Ketan Talam Durian,Pameran,"Jalan Jenderal Sudirman (MPP hingga Tugu Zapin), Pekanbaru",Festival talam durian 1 km jadi perbincangan hangat dan dikritik di medsos,4,3,2026-04-24 07:00:00+00:00,2026-09-24 04:00:00+00:00,152,0.75,21 Juni 2026,0.7875000000000001,https://www.riauonline.co.id/kota-pekanbaru/read/2026/06/21/festival-talam-durian-1-km-di-pekanbaru-dikritik-warganet-yang-panjang-mejanya,,,Kota Pekanbaru,Riau,0.507,101.448,Pusat kota/kabupaten,teks+inferensi,Jl. Jenderal Sudirman
21,230,Pasar Jambu Dua,lainnya,"Jl. A. Yani No.1, Bantarjati, Kota Bogor","Viral jadi tempat nongkrong kalcer Gen Z, dijuluki Blok M-nya Bogor, sentra kuliner kekinian lantai 2 dengan 184 tenant",3,3,2026-05-11 07:00:00+00:00,2026-09-22 23:50:18+00:00,134,0.3333333333333333,Mulai Mei 2026,0.7999999999999999,https://travel.detik.com/cerita-perjalanan/d-8674916/viral-pasar-jambu-dua-jadi-tempat-nongkrong-kalcer-gen-z-bogor,Bantarjati,Bogor Utara,Kota Bogor,Jawa Barat,-6.5694,106.8083,Titik tempat,teks+inferensi,Pasar Jambu Dua
22,450,Pasar Jukung,lainnya,"Kecamatan Sungai Baung, Kabupaten Ogan Komering Ilir, Sumatera Selatan",Viral video dua gajah liar masuk pasar,3,3,2026-05-21 07:00:00+00:00,2026-07-31 07:00:00+00:00,71,1.0,19 Mei 2026,0.5,https://travel.detik.com/travel-news/d-8501220/saat-2-gajah-liar-di-sumsel-tiba-tiba-masuk-pasar-apa-kata-bksda,,Sungai Baung,Kabupaten Ogan Komering Ilir,Sumatera Selatan,-3.4,105.5,Pusat kota/kabupaten,teks,"Nama kecamatan sesuai teks, belum terverifikasi"
23,451,Pempek Tumpah Pasar 16 Ilir,Restoran,"Pasar 16 Ilir, Palembang",Kuliner legendaris jadi perbincangan hangat di medsos karena isu kebersihan (isu negatif),3,3,2026-04-14 07:00:00+00:00,2026-08-02 07:00:00+00:00,110,1.0,Juli 2026,0.85,https://www.rmolsumsel.id/viral-di-medsos-pedagang-dan-pemprov-sumsel-minta-pempek-tumpah-pasar-16-ilir-tak-digeneralisasi,16 Ilir,Ilir Timur I,Kota Palembang,Sumatera Selatan,-2.988,104.761,Pusat kelurahan/desa,teks+inferensi,
24,146,Jalan Braga,lainnya,"Jalan Braga, Kota Bandung","Spot street food viral dengan arsitektur heritage, car-free Sabtu malam",3,3,2026-05-09 07:00:00+00:00,2026-08-25 07:00:00+00:00,108,0.3333333333333333,2026,0.7333333333333334,https://www.harapanrakyat.com/2026/05/eksplor-5-spot-street-food-viral-di-bandung-saat-malam-wajib-masuk-daftar-liburan-kamu/,Braga,Sumur Bandung,Kota Bandung,Jawa Barat,-6.9175,107.6093,Titik tempat,teks+inferensi,
25,310,Pemandian Air Panas Sidebuk-debuk,Wisata Alam,"Kabupaten Karo, Sumatera Utara",Retribusi masuk dihapus setelah video pungutan berlapis viral (isu negatif),3,3,2026-06-02 07:00:00+00:00,2026-06-04 07:00:00+00:00,2,1.0,22 Juni 2026,0.8166666666666668,https://regional.kompas.com/read/2026/06/23/053555178/bobby-hapus-retribusi-masuk-wisata-air-panas-karo-usai-video-pungutan,Semangat Gunung,Merdeka,Kabupaten Karo,Sumatera Utara,3.22,98.53,Pusat kecamatan,teks+inferensi,
26,614,Pasar Johar,lainnya,Kota Semarang,Viral juru parkir tarif ngepruk (isu negatif),3,3,2026-04-23 07:00:00+00:00,2026-09-24 23:58:00+00:00,154,0.6666666666666666,8 April 2026,0.5833333333333334,https://www.detik.com/jateng/berita/d-8435374/juru-parkir-pasar-johar-semarang-dipecat-usai-viral-tarif-ngepruk,Kauman,Semarang Tengah,Kota Semarang,Jawa Tengah,-6.9685,110.4244,Titik tempat,teks+inferensi,
27,76,Blok M,lainnya,"Blok M, Jakarta Selatan","Kawasan kuliner viral yang ramai, destinasi favorit wisman Malaysia",4,3,2026-05-23 07:00:00+00:00,2026-09-15 07:00:00+00:00,115,1.0,April 2026,0.7750000000000001,https://www.idxchannel.com/ecotainment/kuliner-viral-jadi-daya-tarik-blok-m-masuk-daftar-destinasi-favorit-wisman-malaysia,Melawai,Kebayoran Baru,Kota Jakarta Selatan,DKI Jakarta,-6.244,106.8,Titik tempat,teks+inferensi,
28,579,Es Dawet Telasih Bu Dermi,Restoran,Solo,Dawet legendaris sejak 1930,3,3,2026-06-14 07:00:00+00:00,2026-09-20 07:00:00+00:00,98,0.3333333333333333,,0.75,https://www.tripzilla.id/tempat-makan-legendaris-solo/27677,Sudiroprajan,Jebres,Kota Surakarta,Jawa Tengah,-7.566,110.817,Pusat kota/kabupaten,teks+inferensi,Pasar Gede
29,173,Raja Ampat,Wisata Alam,Papua Barat Daya,"Destinasi viral, gugusan pulau karst dan kekayaan bawah laut",3,3,2026-06-03 07:00:00+00:00,2026-08-23 07:00:00+00:00,81,0.3333333333333333,,0.7166666666666668,https://rri.co.id/bukittinggi/wisata/2503983/sedang-hits-ini-5-tempat-wisata-viral-di-indonesia-yang-wajib-dikunjungi,,,Kabupaten Raja Ampat,Papua Barat Daya,-0.52,130.5,Pusat kota/kabupaten,teks+inferensi,
30,456,Festival Jajanan Viral Jakarta,Pameran,"The Echo, Palembang Indah Mall (PIM), Palembang",Festival kuliner hits pertama di Palembang dengan ratusan menu,3,3,2026-05-04 07:00:00+00:00,2026-06-28 07:00:00+00:00,55,0.6666666666666666,3-12 April 2026,0.8166666666666668,"https://musionline.co.id/4357-baca-berita-pertama-di-palembang,-festival-jajanan-viral-jakarta-hadir-di-pim-sajikan-ratusan-menu-kuliner-hits.html",,,Kota Palembang,Sumatera Selatan,-2.976,104.775,Pusat kota/kabupaten,teks+inferensi,Palembang Indah Mall
31,976,Little Salt Bread,Kafe,"Jl. Melawai 3 No.6 Blok M, Melawai, Jakarta Selatan","Toko salt bread dengan antrean mengular, roti freshly baked",3,3,2026-07-01 07:00:00+00:00,2026-08-14 07:00:00+00:00,44,0.3333333333333333,,0.7833333333333333,https://www.nibble.id/salt-bread-jakarta/,Melawai,Kebayoran Baru,Kota Jakarta Selatan,DKI Jakarta,-6.244,106.8,Pusat kelurahan/desa,teks+inferensi,
32,1014,Festival Sasa Bakso Vaganza 2026,Pameran,"Plaza Sudirman, Gelora Bung Karno, Jakarta Pusat","Festival bakso dengan 50 pedagang legendaris, nusantara dan viral",3,3,2026-04-07 07:00:00+00:00,2026-06-22 07:00:00+00:00,76,0.0,25-26 Juli 2026,0.8000000000000002,https://www.cantika.com/read/2115500/festival-sasa-bakso-vaganza-2026-hadirkan-50-bakso-legendaris-sampai-viral-di-gbk,Gelora,Tanah Abang,Kota Jakarta Pusat,DKI Jakarta,-6.218,106.803,Pusat kelurahan/desa,teks+inferensi,
33,1043,Green Tourism Festival 2026,Pameran,Jakarta Timur,Festival pariwisata hijau Pemkot Jakarta Timur,3,3,2026-07-02 07:00:00+00:00,2026-08-14 07:00:00+00:00,43,0.0,26-27 September 2026,0.6666666666666666,https://www.antaranews.com/berita/5761123/jaktim-dorong-pariwisata-tetap-hijau-lewat-green-tourism-festival,Penggilingan,Cakung,Kota Jakarta Timur,DKI Jakarta,-6.225,106.9,Pusat kota/kabupaten,teks+inferensi,"Kantor Wali Kota Jakarta Timur, Jl. Dr. Sumarno"
34,1047,Pasar Induk Kramat Jati,lainnya,"Pasar Induk Kramat Jati, Jakarta Timur",Video viral dugaan intimidasi pedagang oleh oknum polisi (isu negatif),3,3,2026-05-01 07:00:00+00:00,2026-08-10 07:00:00+00:00,101,1.0,1 Juli 2026,0.4000000000000001,https://megapolitan.kompas.com/read/2026/07/02/17431311/polres-jaktim-akan-periksa-polisi-yang-diduga-intimidasi-pedagang-pasar,Tengah,Kramat Jati,Kota Jakarta Timur,DKI Jakarta,-6.2767,106.867,Titik tempat,teks+inferensi,
35,47,BMB Canteen,Restoran,"Jl. Sirnagalih No.1, Cipedes, Kec. Sukajadi, Kota Bandung, Jawa Barat","Tempat makan hits dan viral, antre panjang sebelum buka, corned beef sourdough",3,3,2026-05-12 07:00:00+00:00,2026-08-31 07:00:00+00:00,111,1.0,2026,0.7999999999999999,https://www.tripzilla.id/tempat-makan-hits-bandung/27057,Cipedes,Sukajadi,Kota Bandung,Jawa Barat,-6.883,107.59,Pusat kelurahan/desa,teks,
36,383,Gebyar Kuliner Jakarta Halal Viral Vol. 3,Pameran,Living World Pekanbaru,Festival kuliner 45 tenant dan 300+ menu halal viral,3,3,2026-04-30 07:00:00+00:00,2026-06-22 07:00:00+00:00,53,0.3333333333333333,24 April - 3 Mei 2026,0.8000000000000002,https://halloriau.com/read-ekonomi-14616985-2026-04-24-living-world-pekanbaru-dan-gebyarkulinerid-kembali-hadirkan-festival-kuliner-terbesar-gebyar-kuliner-jakarta-halal-viral-vol-3.html,,,Kota Pekanbaru,Riau,0.507,101.448,Pusat kota/kabupaten,teks+inferensi,Mal Living World Pekanbaru
37,1277,Festival Balon Plaza Patriot Candrabhaga,Pameran,"Plaza Patriot Candrabhaga, Kota Bekasi",Ratusan warga padati festival balon terbang malam minggu dengan UMKM lokal,3,3,2026-05-02 07:00:00+00:00,2026-07-21 07:00:00+00:00,80,0.0,16 Mei 2026,0.7333333333333334,https://bekasikota.go.id/detail/balon-terbang-jadi-magnet-hiburan-akhir-pekan-warga-di-plaza-patriot-chandrabhaga,Marga Jaya,Bekasi Selatan,Kota Bekasi,Jawa Barat,-6.2382,106.9921,Titik tempat,teks+inferensi,
38,1436,Pasar Tungging,lainnya,"Jalan Bung Tomo, Samarinda Seberang, Samarinda","Viral di media sosial, jadi destinasi wisata baru dengan panorama tepi Sungai Mahakam",3,3,2026-05-05 07:00:00+00:00,2026-07-31 07:00:00+00:00,87,1.0,5 Agustus 2026,0.7833333333333333,https://jurnalborneo.com/dari-pasar-tungging-ke-pasar-pagi/,,Samarinda Seberang,Kota Samarinda,Kalimantan Timur,-0.53,117.14,Pusat kecamatan,teks+inferensi,
39,1490,Uleg Bazar Kuliner 2026,Pameran,"Pamedan Pura Mangkunegaran, Surakarta",Bazar makanan pedas terbesar dengan puluhan tenant kuliner nusantara dan kuliner viral,3,3,2026-05-04 07:00:00+00:00,2026-09-25 06:11:00+00:00,143,0.0,14-17 Mei 2026,0.8000000000000002,https://mettanews.id/uleg-bazar-kuliner-2026-hadir-di-solo-suguhkan-wisata-kuliner-konser-musik-hingga-angkat-umkm-lokal-naik-kelas/,Keprabon,Banjarsari,Kota Surakarta,Jawa Tengah,-7.5663,110.823,Titik tempat,teks+inferensi,Pura Mangkunegaran
40,1494,GTC Cirebon,lainnya,Kota Cirebon,Video keributan pengunjung tempat makan dengan pengamen hingga adu jotos viral (isu negatif),3,3,2026-04-20 07:00:00+00:00,2026-06-19 07:00:00+00:00,60,0.6666666666666666,4 Agustus 2026,0.3833333333333333,https://news.detik.com/berita/d-8603716/viral-pengamen-vs-pengunjung-adu-jotos-di-gtc-cirebon-gegara-tak-diberi-uang,,,Kota Cirebon,Jawa Barat,-6.732,108.552,Pusat kota/kabupaten,teks,Gunungsari Trade Center
41,1521,Trikarsa Fest 2026,Pameran,Grage Mall Cirebon,Festival kreatif dan bazar UKM gelaran BI Cirebon dengan 37 program,2,2,2026-07-30 07:00:00+00:00,2026-09-21 04:00:35+00:00,52,0.0,14-17 Agustus 2026,0.7,https://mediacirebon.id/yuk-saksikan-trikarsa-fest-2026-di-grage-mall-cirebon-catat-tanggalnya/,,Kesambi,Kota Cirebon,Jawa Barat,-6.725,108.545,Pusat kecamatan,inferensi,Grage Mall
42,164,Telaga Sarangan (spot bugenvil),Wisata Alam,"Telaga Sarangan, Kabupaten Magetan, Jawa Timur","Spot foto bunga bugenvil mirip Danau Como Italia viral, kunjungan naik hingga 9.000 orang per hari",2,2,2026-05-22 07:00:00+00:00,2026-08-31 05:17:25+00:00,100,1.0,September 2026,0.925,https://jatim.antaranews.com/berita/1094615/disbudpar-spot-foto-viral-mirip-di-italia-dongkrak-wisata-sarangan,Sarangan,Plaosan,Kabupaten Magetan,Jawa Timur,-7.676,111.22,Titik tempat,teks+inferensi,
43,532,Taman Mini Indonesia Indah (TMII),Wahana,Jakarta Timur,"Diskon 49,9% tiket masuk dan kereta gantung, konser gratis",2,2,2026-05-23 07:00:00+00:00,2026-06-14 07:00:00+00:00,22,0.0,22-28 Juni 2026,0.6499999999999999,https://www.bloombergtechnoz.com/detail-news/113271/hut-ke-499-jakarta-masuk-tempat-wisata-gratis-cek-syaratnya/2,Ceger,Cipayung,Kota Jakarta Timur,DKI Jakarta,-6.3025,106.895,Titik tempat,teks+inferensi,
44,453,Pasar 26 Ilir,lainnya,Palembang,"Dikenal luas dan viral sebagai destinasi kuliner unggulan, akan jadi destinasi kuliner modern",2,2,2026-04-20 07:00:00+00:00,2026-08-03 07:00:00+00:00,105,1.0,23 April 2026,0.775,https://sumsel.antaranews.com/berita/816869/pemkot-palembang-dorong-pasar-26-ilir-jadi-destinasi-kuliner-modern,26 Ilir,Bukit Kecil,Kota Palembang,Sumatera Selatan,-2.985,104.75,Pusat kecamatan,teks+inferensi,
45,534,Monumen Nasional (Monas),Wisata Alam,Jakarta Pusat,Gratis HUT Jakarta ke-499,2,2,2026-07-01 07:00:00+00:00,2026-09-23 13:12:02+00:00,84,0.0,"22, 27, 28 Juni 2026",0.625,https://www.viva.co.id/berita/metro/1907584-warga-non-ktp-jakarta-juga-gratis-naik-transportasi-umum-dan-tempat-wisata-pada-22-27-dan-28-juni,Gambir,Gambir,Kota Jakarta Pusat,DKI Jakarta,-6.1754,106.8272,Titik tempat,teks+inferensi,
46,238,Toko Roti Merak,Kafe,Bandung,"Oleh-oleh viral Bandung, antre hingga 3 jam",2,2,2026-06-02 07:00:00+00:00,2026-08-31 07:00:00+00:00,90,1.0,,0.8,https://travel.tribunnews.com/shopping/144780/oleh-oleh-viral-bandung-toko-roti-merak-ramai-hingga-antre-3-jam,,,Kota Bandung,Jawa Barat,-6.917,107.619,Pusat kota/kabupaten,teks+inferensi,
47,650,Malioboro,lainnya,Kota Yogyakarta,Ikon pariwisata destinasi wajib anak muda,2,2,2026-05-23 07:00:00+00:00,2026-07-10 07:00:00+00:00,48,0.0,Mei 2026,0.675,https://www.kompasiana.com/khalishaputri0768/6a78c82eed641571ce117c54/malioboro-destinasi-wajib-bagi-anak-muda-saat-liburan-ke-yogyakarta,Sosromenduran,Gedongtengen,Kota Yogyakarta,DI Yogyakarta,-7.7926,110.3658,Titik tempat,teks+inferensi,
48,569,Shafara X Digiwara Festival 2026,Pameran,"Bintaro Jaya Xchange, Tangerang Selatan",Festival ekonomi syariah dan digital dengan booth UMKM,2,2,2026-05-17 07:00:00+00:00,2026-06-01 07:00:00+00:00,15,0.0,22-24 Mei 2026,0.7,https://rri.co.id/banten/regional/2429766/bank-indonesia-akan-gelar-safara-x-digiwara-festival-2026,Pondok Jaya,Pondok Aren,Kota Tangerang Selatan,Banten,-6.285,106.729,Titik tempat,teks+inferensi,
49,714,Pameran Kopi dan Ekonomi Kreatif 2026,Pameran,"Gedung Internatio, Kota Lama Surabaya",Festival inovasi produk daya tarik wisata 20 tenant,2,2,2026-07-23 07:00:00+00:00,2026-09-27 22:27:00+00:00,66,0.0,23-24 Juli 2026,0.75,https://harianmerahputih.id/baca-21329-festival-kopi-dan-ekraf-2026-jadi-etalase-produk-unggulan-jawa-timur-dorong-umkm-tembus-pasar-lebih-luas,Krembangan Selatan,Krembangan,Kota Surabaya,Jawa Timur,-7.232,112.7355,Titik tempat,teks+inferensi,
50,386,Rujak Bang Shultan,Restoran,"Tenant Gebyar Kuliner, Living World Pekanbaru",Rujak yang viral di berbagai platform digital,2,2,2026-04-30 07:00:00+00:00,2026-06-07 07:00:00+00:00,38,1.0,24 April - 3 Mei 2026,0.625,https://halloriau.com/read-ekonomi-14616985-2026-04-24-living-world-pekanbaru-dan-gebyarkulinerid-kembali-hadirkan-festival-kuliner-terbesar-gebyar-kuliner-jakarta-halal-viral-vol-3.html,,,Kota Pekanbaru,Riau,0.507,101.448,Pusat kota/kabupaten,teks+inferensi,Tenant di Living World Pekanbaru
51,677,Jogja International Kite Festival (JIKF) 2026,Pameran,"Pantai Parangkusumo, Parangtritis, Bantul",Festival layang-layang internasional ke-11 dengan 17 negara,2,2,2026-06-22 07:00:00+00:00,2026-07-14 07:00:00+00:00,22,0.0,11 Juli 2026,0.75,https://www.sijogja.com/news/18417361689/jogja-international-kite-festival-2026-resmi-digelar-satukan-17-negara-di-langit-parangkusumo,Parangtritis,Kretek,Kabupaten Bantul,DI Yogyakarta,-8.019,110.317,Titik tempat,teks+inferensi,"""Yogyakarta"" tidak jelas kota atau provinsi"
52,345,Masjid Raya Sumatera Barat (Masjid Syekh Khatib Al Minangkabawi),Wisata Alam,"Padang, Sumatera Barat",Viral potongan video Menpar disebut memakai sepatu di masjid (hoaks),2,2,2026-04-13 07:00:00+00:00,2026-05-13 07:00:00+00:00,30,1.0,Mei 2026,0.55,https://www.detik.com/sumut/berita/d-8471406/viral-menpar-disebut-pakai-sepatu-masuk-masjid-raya-sumbar-pemprov-buka-suara,Alai Parak Kopi,Padang Utara,Kota Padang,Sumatera Barat,-0.924,100.3625,Titik tempat,teks+inferensi,
53,40,Padre,Restoran,"Kanma Collective, Bogor Selatan",Restoran Italia Kanma Group buka cabang baru,2,2,2026-06-07 07:00:00+00:00,2026-06-28 07:00:00+00:00,21,0.0,Juni 2026,0.775,https://www.nibble.id/restoran-baru-di-bogor-juni-2026/,,Bogor Selatan,Kota Bogor,Jawa Barat,-6.63,106.81,Pusat kecamatan,teks+inferensi,
54,671,Jenang Yu Jumilah,Restoran,"Pasar Ngasem, Yogyakarta",Ramai dikunjungi setelah viral direkomendasikan di TikTok,2,2,2026-06-22 07:00:00+00:00,2026-07-30 07:00:00+00:00,38,0.5,Juli 2026,0.825,https://rri.co.id/yogyakarta/kuliner/2553110/kuliner-jenang-tradisional-pasar-ngasem-yogyakarta-tawarkan-9-varian-rasa,Patehan,Kraton,Kota Yogyakarta,DI Yogyakarta,-7.8095,110.3605,Titik tempat,teks+inferensi,
55,492,Pulau Pahawang,Wisata Alam,"Kabupaten Pesawaran, Lampung",Wisata hits dengan air jernih untuk snorkeling,2,2,2026-04-07 07:00:00+00:00,2026-07-03 07:00:00+00:00,87,0.0,2026,0.85,https://www.detik.com/sumbagsel/wisata/d-8523508/8-wisata-dan-kuliner-hits-lampung-2026-simak,Pulau Pahawang,Punduh Pidada,Kabupaten Pesawaran,Lampung,-5.67,105.21,Titik tempat,teks+inferensi,Kecamatan sesuai teks (kini wilayah Marga Punduh)
56,589,Timlo Sastro,Restoran,Solo,Timlo khas Solo untuk sarapan,2,2,2026-05-21 07:00:00+00:00,2026-09-14 07:00:00+00:00,116,0.0,,0.775,https://www.detik.com/jateng/kuliner/d-8471054/14-rekomendasi-makanan-di-solo-yang-murah-dan-enak-kuliner-khas-wajib-dicoba,Kepatihan Kulon,Jebres,Kota Surakarta,Jawa Tengah,-7.566,110.817,Pusat kota/kabupaten,teks+inferensi,
57,251,Pasar Beringharjo,lainnya,Yogyakarta,Pusat oleh-oleh legendaris yang selalu ramai,2,2,2026-04-02 07:00:00+00:00,2026-04-07 07:00:00+00:00,5,0.0,,0.625,https://travel.tribunnews.com/shopping/142761/5-tempat-beli-oleh-oleh-di-jogja-yang-ramai-lengkap-dan-terjangkau,Ngupasan,Gondomanan,Kota Yogyakarta,DI Yogyakarta,-7.7986,110.3654,Titik tempat,teks+inferensi,
58,351,Jembatan Siti Nurbaya,Wisata Alam,Padang,Ikon wisata kota Padang,2,2,2026-04-14 07:00:00+00:00,2026-05-21 07:00:00+00:00,37,0.0,,0.575,https://jogja.disway.id/wisata/read/699105/tempat-wisata-di-padang-terbaru-2026-paling-memukau-menawarkan-pesona-alam-dan-budaya-minang/15,,,Kota Padang,Sumatera Barat,-0.966,100.36,Titik tempat,teks+inferensi,Melintasi Batang Arau
59,635,Bakmi Jowo Mbah Gito,Restoran,Yogyakarta,Bakmi tradisional Jogja,2,2,2026-08-10 07:00:00+00:00,2026-09-07 07:00:00+00:00,28,0.0,,0.75,https://mediaindonesia.com/kuliner/922254/12-rekomendasi-kuliner-hits-di-jogja-yang-wajib-dicoba,Rejowinangun,Kotagede,Kota Yogyakarta,DI Yogyakarta,-7.815,110.395,Pusat kelurahan/desa,teks+inferensi,
60,591,Waroeng SS,Restoran,"Tanjung Duren Utara, Jakarta Barat",Warung dengan 31 pilihan sambal,2,2,2026-05-18 07:00:00+00:00,2026-07-27 07:00:00+00:00,70,0.0,,0.7,https://food.detik.com/warung-makan/d-8497945/5-warung-makan-hits-di-jakarta-ada-spesialis-sambal-hingga-nasi-bali-halal,Tanjung Duren Utara,Grogol Petamburan,Kota Jakarta Barat,DKI Jakarta,-6.172,106.788,Pusat kelurahan/desa,teks+inferensi,Jl. Lampersari
61,255,Danau Kaco,Wisata Alam,"Taman Nasional Kerinci Seblat, Jambi","Hidden gem, air biru kristal yang tampak bercahaya di malam hari",2,2,2026-06-26 07:00:00+00:00,2026-06-27 07:00:00+00:00,1,0.0,,0.85,https://harianbanyuasin.disway.id/selebriti-hiburan/read/654649/7-hidden-gem-wisata-alam-di-indonesia-yang-bikin-betah-nomor-5-dijuluki-surga-tersembunyi,,,Kabupaten Kerinci,Jambi,-2.05,101.4,Pusat kota/kabupaten,teks+inferensi,
62,496,Bukit Aslan,Wisata Alam,"Way Gubak, Bandar Lampung","Panorama bukit dan laut, citylight, Magic Forest",3,2,2026-04-13 07:00:00+00:00,2026-07-17 07:00:00+00:00,95,0.0,,0.8166666666666668,https://lampung.idntimes.com/travel/destination/7-rekomendasi-wisata-alam-di-bandar-lampung-pernah-berkunjung-00-5h6fh-kdgxyd,Way Gubak,Sukabumi,Kota Bandar Lampung,Lampung,-5.4,105.31,Pusat kecamatan,teks+inferensi,
63,259,Wisata Perahu Kalimas,Wisata Alam,Surabaya,"Wajah baru wisata perahu, Venice of Java",2,2,2026-06-29 07:00:00+00:00,2026-07-24 07:00:00+00:00,25,0.0,Mei 2026,0.625,https://www.harapanrakyat.com/2026/04/tren-wisata-indonesia-2026-bali-raih-predikat-terbaik-dunia-hingga-munculnya-fenomena-hidden-gem-baru/,,,Kota Surabaya,Jawa Timur,-7.258,112.752,Pusat kota/kabupaten,teks+inferensi,
64,130,Kayutangan Heritage,Wisata Alam,"Kayutangan, Kota Malang",Kawasan wisata sejarah dengan jajanan viral dan unik,2,2,2026-05-25 07:00:00+00:00,2026-08-12 07:00:00+00:00,79,0.5,18 Mei 2026,0.625,https://malangposcomedia.id/mulai-rp-5-ribuan-ini-5-jajanan-viral-dan-unik-di-kayutangan-heritage-yang-wajib-dicoba/,Kauman,Klojen,Kota Malang,Jawa Timur,-7.979,112.631,Titik tempat,teks+inferensi,Kayutangan Heritage
65,497,Pantai Rio By The Beach,Wisata Alam,Lampung Selatan,Pantai viral konsep beach club kekinian,2,2,2026-04-07 07:00:00+00:00,2026-08-01 07:00:00+00:00,116,0.5,,0.85,https://www.detik.com/sumbagsel/wisata/d-8440586/10-rekomendasi-wisata-pantai-viral-di-lampung-wajib-masuk-bucketlist,Bulok,Kalianda,Kabupaten Lampung Selatan,Lampung,-5.6,105.55,Pusat kota/kabupaten,teks+inferensi,
66,577,Selat Solo Mbak Lies,Restoran,"Jl. Yudhistira No.9, Serengan, Kota Surakarta",Restoran selat Solo legendaris sejak 1987,2,2,2026-06-14 07:00:00+00:00,2026-09-26 00:07:00+00:00,103,0.0,,0.7,https://www.tripzilla.id/tempat-makan-legendaris-solo/27677,Serengan,Serengan,Kota Surakarta,Jawa Tengah,-7.581,110.817,Pusat kelurahan/desa,teks+inferensi,
67,499,Pulau Wayang,Wisata Alam,Lampung,Pantai viral liburan tropis,2,2,2026-04-01 07:00:00+00:00,2026-08-01 07:00:00+00:00,122,1.0,Sejak awal 2024,0.8,https://www.detik.com/sumbagsel/wisata/d-8440586/10-rekomendasi-wisata-pantai-viral-di-lampung-wajib-masuk-bucketlist,,,Kabupaten Pesawaran,Lampung,-4.56,105.4,Pusat provinsi,teks,Kabupaten tidak disebut
68,202,Ibarbo Park,Wahana,Jogja,Destinasi wisata baru di Jogja,2,2,2026-04-10 07:00:00+00:00,2026-09-17 02:50:00+00:00,159,0.0,,0.6,https://swa.co.id/read/471273/destinasi-wisata-baru-di-jogja-ini-6-hal-yang-ditawarkan-di-ibarbo-park,,,Kabupaten Sleman,DI Yogyakarta,-7.875,110.426,Pusat provinsi,teks+inferensi,Jogja: kabupaten/kota tidak pasti
69,265,Mie Aceh Seulawah,Restoran,"Jl. Bendungan Hilir Raya No. 41, Bendungan Hilir, Tanah Abang, Jakarta Pusat",Restoran mie Aceh tertua di Jakarta sejak 1996,2,2,2026-05-06 07:00:00+00:00,2026-05-26 13:27:59+00:00,20,0.0,,0.825,https://www.nibble.id/restoran-aceh-jakarta/,Bendungan Hilir,Tanah Abang,Kota Jakarta Pusat,DKI Jakarta,-6.212,106.815,Pusat kelurahan/desa,teks,
70,578,Soto Gading,Restoran,"Jl. Brigjen Sudiarto No.75, Joyosuran, Pasar Kliwon, Kota Surakarta",Soto legendaris sejak 1974 langganan Jokowi,3,2,2026-06-14 07:00:00+00:00,2026-09-17 07:00:00+00:00,95,0.0,,0.8000000000000002,https://www.tripzilla.id/tempat-makan-legendaris-solo/27677,Joyosuran,Pasar Kliwon,Kota Surakarta,Jawa Tengah,-7.588,110.828,Pusat kelurahan/desa,teks+inferensi,Kawasan Gading
71,403,Pulau Penyengat (Gelar Budaya Pulau Penyengat),Wisata Alam,"Pulau Penyengat, Kota Tanjungpinang",Event seni dan budaya Melayu,2,2,2026-07-08 07:00:00+00:00,2026-08-02 07:00:00+00:00,25,0.0,1-2 Agustus 2026,0.675,https://www.inikepri.com/2026/08/02/catat-ini-9-agenda-wisata-dan-budaya-kepri-sepanjang-agustus-2026/,Penyengat,Tanjungpinang Kota,Kota Tanjungpinang,Kepulauan Riau,0.927,104.419,Pusat kelurahan/desa,teks+inferensi,
72,141,Kepak Madu Mael,Restoran,"Jalan Lengkong Kecil, Kota Bandung",Primadona sayap ayam panggang madu,2,2,2026-05-09 07:00:00+00:00,2026-06-06 07:00:00+00:00,28,0.5,,0.75,https://www.harapanrakyat.com/2026/05/eksplor-5-spot-street-food-viral-di-bandung-saat-malam-wajib-masuk-daftar-liburan-kamu/,Paledang,Lengkong,Kota Bandung,Jawa Barat,-6.925,107.612,Pusat kelurahan/desa,teks+inferensi,
73,321,Skate Plaza Lapangan Merdeka Medan,Wisata Alam,"Lapangan Merdeka, Medan","Fasilitas skateboarding ikon Sumut, lokasi Go Skateboarding Day",2,2,2026-06-29 03:18:28+00:00,2026-07-09 07:00:00+00:00,10,0.0,21 Juni 2026,0.475,https://kaldera.id/medan/87679/bobby-nasution-dorong-penambahan-skatepark-dan-event-skateboarding-di-sumut/,Kesawan,Medan Barat,Kota Medan,Sumatera Utara,3.5905,98.678,Titik tempat,teks+inferensi,
74,509,Roadshow Kuliner Viral Indonesia,Pameran,"Lampung City Mall, Bandar Lampung",Festival kuliner tenant makanan dan minuman viral,2,2,2026-05-07 07:00:00+00:00,2026-09-27 10:22:00+00:00,143,1.0,2-12 April 2026,0.725,https://lampung.idntimes.com/travel/destination/event-lampung-bulan-april-2026-00-jf67w-f8trdt,,,Kota Bandar Lampung,Lampung,-5.429,105.262,Pusat kota/kabupaten,teks+inferensi,Lampung City Mall
75,365,Kedai Melayu Sarapan Pagi,Restoran,"Batu Besar, Kecamatan Nongsa, Kota Batam",Menu khas Melayu harga ramah,2,2,2026-05-20 07:00:00+00:00,2026-07-05 07:00:00+00:00,46,0.0,,0.75,https://metropolis.batampos.co.id/rekomendasi-4-tempat-sarapan-di-nongsa-yang-wajib-dicoba-dari-kuliner-melayu-hingga-kopi/,Batu Besar,Nongsa,Kota Batam,Kepulauan Riau,1.16,104.11,Pusat kecamatan,teks+inferensi,
76,218,Festival Kuliner Gang Senggol Jakarta Viral,Pameran,"Padang, Sumatera Barat",Pameran 400 menu kuliner halal UMKM Jakarta yang viral,2,2,2026-07-05 07:00:00+00:00,2026-08-29 07:00:00+00:00,55,1.0,29 Agustus 2026,0.85,https://www.antarafoto.com/id/view/2852899/pameran-kuliner-jakarta-viral-di-padang,,,Kota Padang,Sumatera Barat,-0.95,100.354,Pusat kota/kabupaten,teks+inferensi,Dua lokasi: PTC Mall dan Palembang Indah Mall
77,274,ANAT Fair 2026,Pameran,Suzuya Mall Banda Aceh,Pameran travel 12 agen perjalanan dari tiga negara,2,2,2026-05-25 07:00:00+00:00,2026-07-23 07:00:00+00:00,59,0.0,25-27 September 2026,0.8,https://rri.co.id/banda-aceh/ekonomi/bisnis/2759672/anat-fair-2026-hadirkan-travel-tiga-negara-di-aceh-tawarkan-paket-perjalanan-murah,,,Kota Banda Aceh,Aceh,5.55,95.317,Pusat kota/kabupaten,teks+inferensi,
78,78,Rama Ramen,Restoran,"Pasar Cihapit, Kota Bandung",Disebut sebagai penanda lokasi Brownies Tjihapit,2,2,2026-04-25 07:00:00+00:00,2026-09-14 08:13:47+00:00,142,0.0,,0.575,https://jabar.antaranews.com/berita/707015/rekomendasi-kuliner-viral-pasar-cihapit-bandung-dari-brownies-kunafa-hingga-warung-bu-eha-legendaris,Cihapit,Bandung Wetan,Kota Bandung,Jawa Barat,-6.903,107.625,Pusat kelurahan/desa,teks+inferensi,
79,214,Mikutopia,Wahana,"Kecamatan Bumiaji, Kota Batu","Viral karena insiden wahana Tiram diduga patah, pengunjung meninggal, dan isu Amdal (isu negatif)",2,2,2026-04-05 07:00:00+00:00,2026-05-25 07:00:00+00:00,50,0.5,,0.75,https://www.detik.com/jatim/wisata/d-8429886/5-fakta-uji-coba-berbahaya-mikutopia-pengunjung-tewas-wahana-patah,,Bumiaji,Kota Batu,Jawa Timur,-7.82,112.535,Pusat kecamatan,teks+inferensi,Malang ambigu: Kota atau Kabupaten Malang
80,406,Bintan Resort Night Parade,Pameran,"Lagoi, Bintan","Parade malam 200+ kostum tematik, bazar",2,2,2026-07-08 07:00:00+00:00,2026-08-02 07:00:00+00:00,25,0.0,7-10 Agustus 2026,0.6,https://www.inikepri.com/2026/08/02/catat-ini-9-agenda-wisata-dan-budaya-kepri-sepanjang-agustus-2026/,Sebong Lagoi,Teluk Sebong,Kabupaten Bintan,Kepulauan Riau,1.17,104.34,Pusat kelurahan/desa,teks+inferensi,
81,216,Museum Terumbu Karang Indonesia,Museum,"Kawasan Demangan, Kota Yogyakarta",Museum gratis dan viral yang menyajikan pesona bawah laut,2,2,2026-07-06 07:00:00+00:00,2026-07-10 07:00:00+00:00,4,1.0,,0.825,https://jogja.times.co.id/news/wisata/YF3oMMsA/gratis-plus-viral-museum-terumbu-karang-indonesia-sajikan-pesona-bawah-laut,Demangan,Gondokusuman,Kota Yogyakarta,DI Yogyakarta,-7.782,110.387,Pusat kelurahan/desa,teks+inferensi,
82,276,Wisata Alam Seulawah RG (Villa Pink Love),Wisata Alam,"Desa Peurumping, Kecamatan Montasik, Aceh Besar",Villa pink berbentuk love ramai diperbincangkan di media sosial,2,2,2026-04-26 07:00:00+00:00,2026-05-22 07:00:00+00:00,26,1.0,Dibuka 14 Maret 2026,0.9,https://waspadaaceh.com/villa-pink-love-jadi-magnet-baru-wisata-alam-seulawah-rg-di-aceh-besar/,Peurumping,Montasik,Kabupaten Aceh Besar,Aceh,5.46,95.4,Pusat kecamatan,teks+inferensi,
83,83,Jalan Sabang (Jalan H. Agus Salim),lainnya,"Kebon Sirih, Menteng, Jakarta Pusat","Pusat kuliner legendaris, ramai pada malam hari",2,2,2026-04-21 07:00:00+00:00,2026-09-19 16:00:00+00:00,151,0.0,,0.75,https://www.tripzilla.id/kuliner-jalan-sabang-murah-legendaris-viral/27681,Kebon Sirih,Menteng,Kota Jakarta Pusat,DKI Jakarta,-6.1845,106.8265,Titik tempat,teks+inferensi,
84,780,Pulau Padar,Wisata Alam,"Taman Nasional Komodo, Labuan Bajo, NTT",Liburan artis jadi sorotan karena pelayaran sedang dibatasi (isu negatif),2,2,2026-08-02 07:00:00+00:00,2026-08-10 07:00:00+00:00,8,1.0,9 Agustus 2026,0.775,https://www.viva.co.id/gaya-hidup/showbiz/1920342-viral-jessica-mila-kepergok-unggah-momen-liburan-ke-pulau-padar-saat-pelayaran-ditutup-kok-bisa,,Komodo,Kabupaten Manggarai Barat,Nusa Tenggara Timur,-8.653,119.579,Titik tempat,teks+inferensi,
85,547,Rustic Market (Valley Market),Wisata Alam,"Sentul, Bogor",Destinasi viral bernuansa pedesaan Eropa,2,2,2026-06-07 07:00:00+00:00,2026-07-29 07:00:00+00:00,52,0.5,,0.825,https://metropolitan.jawapos.com/aglomerasi/2605050001/rustic-market-di-sentul-viral-wisata-vibes-eropa-yang-bisa-diakses-menggunakan-transjakarta,Bojong Koneng,Babakan Madang,Kabupaten Bogor,Jawa Barat,-6.57,106.89,Pusat kecamatan,teks+inferensi,Sentul umumnya di Kec. Babakan Madang/Citeureup
86,825,Festival Kemudahan dan Perlindungan Usaha Mikro,Pameran,"Balikpapan, Kalimantan Timur",Festival 1.000 pelaku usaha mikro,2,2,2026-05-27 07:00:00+00:00,2026-06-13 07:00:00+00:00,17,0.0,17 Juni 2026,0.42500000000000004,https://www.riliskalimantan.com/2026/06/libatkan-1000-pelaku-umkm-bri.html,,Balikpapan Selatan,Kota Balikpapan,Kalimantan Timur,-1.24,116.86,Pusat kota/kabupaten,teks,
87,840,Museum Daerah Sulut,Museum,Manado,"Ramai dikunjungi saat libur, antrean didominasi Gen Z",2,2,2026-09-22 08:20:10+00:00,2026-09-24 22:04:47+00:00,2,0.0,30 Juni 2026,0.75,https://manado.tribunnews.com/sulawesi-utara/1882386/museum-daerah-sulut-jadi-tempat-liburan-gen-z-dan-milenial-rela-antre-demi-lihat-artefak-sejarah,Lawangirung,Wenang,Kota Manado,Sulawesi Utara,1.488,124.838,Pusat kelurahan/desa,teks+inferensi,
88,841,Manado Town Square (Mantos),lainnya,"Jalan Piere Tendean, Sario, Kota Manado",Beredar video kericuhan pria bawa sajam di mal (isu negatif),2,2,2026-07-08 07:00:00+00:00,2026-09-24 05:46:30+00:00,77,0.5,15 Juni 2026,0.45,https://manado.tribunnews.com/manado/1880495/breaking-news-kericuhan-terjadi-di-tempat-perbelanjaan-di-manado-seorang-pria-bawa-sajam,,Sario,Kota Manado,Sulawesi Utara,1.475,124.835,Pusat kecamatan,teks+inferensi,
89,847,Pentadio Resort,Wisata Alam,Kabupaten Gorontalo,Kawasan air panas direvitalisasi sambut Penas,2,2,2026-04-11 07:00:00+00:00,2026-06-28 07:00:00+00:00,78,0.0,Juni 2026,0.75,https://partainasdem.id/2026/06/19/tiga-destinasi-wisata-gorontalo-sambut-penas-petani-nelayan-2026/,,Telaga Biru,Kabupaten Gorontalo,Gorontalo,0.6,123.0,Pusat kecamatan,teks+inferensi,"Pentadio berada di Kec. Telaga Biru, dekat Limboto/Danau Limboto"
90,859,Sate Klopo Ondomohen Bu Asih,Restoran,"Jalan Walikota Mustajab, Surabaya",Sate klopo legendaris sejak 1945 selalu ramai,2,2,2026-06-15 07:00:00+00:00,2026-08-09 07:00:00+00:00,55,0.0,,0.775,https://jurnalaceh.pikiran-rakyat.com/jalan-jalan/pr-17910338417/5-tempat-makan-siang-legendaris-dekat-balai-kota-surabaya-wajib-dicoba,Ketabang,Genteng,Kota Surabaya,Jawa Timur,-7.258,112.748,Pusat kelurahan/desa,teks+inferensi,Jl. Walikota Mustajab (Ondomohen)
91,884,Pulau Kodingare Keke,Wisata Alam,Makassar,Pulau tak berpenghuni untuk snorkeling,2,2,2026-04-05 07:00:00+00:00,2026-09-03 07:00:00+00:00,151,0.0,,0.65,https://sulsel.idntimes.com/travel/destination/9-spot-wisata-instagramable-di-sulsel-ada-yang-mirip-brasil-00-lm183-gnhr29,,Kepulauan Sangkarrang,Kota Makassar,Sulawesi Selatan,-5.1,119.28,Pusat kecamatan,teks+inferensi,pulau di Makassar; koordinat centroid kota
92,56,Ci Mehong,lainnya,"Cambridge City Square, Medan",Populer dengan aksi lempar kaleng,2,2,2026-06-30 07:00:00+00:00,2026-09-27 06:47:00+00:00,88,1.0,,0.6,https://www.hariansib.com/Kuliner/450454/festival-kuliner-gang-viral-jakarta-hadir-di-medan,Petisah Tengah,Medan Petisah,Kota Medan,Sumatera Utara,3.583,98.665,Pusat kecamatan,teks+inferensi,Cambridge City Square
93,698,Nasi Bebek Tugu Pahlawan,Restoran,Surabaya,Nasi bebek dekat Kota Lama,2,2,2026-06-19 07:00:00+00:00,2026-08-10 07:00:00+00:00,52,0.0,,0.7,https://travel.tribunnews.com/kuliner/142710/5-tempat-makan-malam-dekat-kota-lama-surabaya-nasi-cumi-wajib-dicoba,,Bubutan,Kota Surabaya,Jawa Timur,-7.258,112.752,Pusat kota/kabupaten,teks+inferensi,Dekat Tugu Pahlawan (Kec. Bubutan)
94,280,Bukit Lamreh,Wisata Alam,"Desa Lamreh, Kecamatan Mesjid Raya, Aceh Besar","Sempat ditutup setelah viral pungli, dibuka kembali (isu negatif)",3,2,2026-06-18 07:00:00+00:00,2026-09-17 01:52:00+00:00,90,0.6666666666666666,"Ditutup akhir Juni, dibuka 24 Agustus 2026",0.7999999999999999,https://www.detik.com/sumut/wisata/d-8633252/sempat-ditutup-karena-pungli-wisata-bukit-lamreh-dibuka-kembali,Lamreh,Mesjid Raya,Kabupaten Aceh Besar,Aceh,5.59,95.52,Pusat kecamatan,teks+inferensi,
95,920,Rindu Alam Papua,Restoran,"Holtekamp, Jayapura","Resto gazebo di atas kolam ikan, destinasi kuliner favorit",2,2,2026-08-11 07:00:00+00:00,2026-08-13 00:21:00+00:00,1,0.0,,0.825,https://rri.co.id/jayapura/kuliner/2382775/rindu-alam-papua-sensasi-kuliner-nusantara-di-tengah-alam-asri-holtekamp,Holtekamp,Muara Tami,Kota Jayapura,Papua,-2.62,140.79,Pusat kelurahan/desa,teks+inferensi,
96,926,Festival Budaya Lembah Baliem (FBLB) ke-34,Pameran,"Distrik Welesi, Kabupaten Jayawijaya, Papua Pegunungan",Penembakan warga sipil di pintu masuk festival (isu negatif),2,2,2026-04-11 07:00:00+00:00,2026-04-29 07:00:00+00:00,18,0.5,8 Agustus 2026,0.7,https://sudutpandang.id/penembakan-di-festival-budaya-lembah-baliem-dua-warga-terluka-dan-pengunjung-dievakuasi/,,Welesi,Kabupaten Jayawijaya,Papua Pegunungan,-4.07,138.9,Pusat kecamatan,teks,Ditulis Walesi dalam teks
97,935,Festival Danau Sentani,Pameran,Kabupaten Jayapura,Ajang pelestarian tarian dan budaya lokal,2,2,2026-04-06 07:00:00+00:00,2026-09-26 05:00:04+00:00,172,0.0,,0.5,https://papua.antaranews.com/berita/762433/disbudpar-berupaya-jadikan-kabupaten-jayapura-sebagai-tujuan-wisata,,Sentani,Kabupaten Jayapura,Papua,-2.6,140.0,Pusat kota/kabupaten,teks+inferensi,Danau Sentani
98,952,Air Terjun Memti,Wisata Alam,"Kampung Sisrang, Kabupaten Pegunungan Arfak, Papua Barat",Presenter TVRI hilang terseret arus di air terjun (isu negatif),2,2,2026-04-09 07:00:00+00:00,2026-07-31 07:00:00+00:00,113,0.0,18-19 Juli 2026,0.45,https://regional.kompas.com/read/2026/07/20/105252478/presenter-tvri-papua-barat-yanto-idorway-hilang-di-air-terjun-rekan-kerja?page=all,Sisrang,Anggi,Kabupaten Pegunungan Arfak,Papua Barat,-1.35,133.9,Pusat kecamatan,teks+inferensi,
99,959,Nasi Uduk Mas Dikun,Restoran,"Pasar Minggu, Jakarta Selatan",Nasi uduk legendaris sejak 1991 favorit Regi Datau,2,2,2026-04-19 07:00:00+00:00,2026-05-02 07:00:00+00:00,13,0.5,,0.7749999999999999,https://food.detik.com/info-kuliner/d-8677366/ayu-dewi-dan-suami-spill-top-13-makanan-favoritnya-di-jakarta,Pejaten Barat,Pasar Minggu,Kota Jakarta Selatan,DKI Jakarta,-6.285,106.845,Pusat kecamatan,teks+inferensi,
100,660,ARTJOG,Pameran,Yogyakarta,Ajang pameran karya seni,2,2,2026-05-04 07:00:00+00:00,2026-06-30 07:00:00+00:00,57,0.0,2026,0.55,https://kemenpar.go.id/berita/7-fakta-unik-artjog-yang-perlu-kamu-tahu,,,,DI Yogyakarta,-7.875,110.426,Pusat provinsi,teks,"Umumnya diselenggarakan di Jogja National Museum, Kota Yogyakarta"
101,987,Natrabu Minang Restaurant,Restoran,"Jalan Sabang (Jalan H. Agus Salim), Jakarta Pusat","Rumah makan Padang legendaris sejak 1958, tertua di Jalan Sabang",3,2,2026-04-29 07:00:00+00:00,2026-06-21 07:00:00+00:00,53,0.0,,0.7666666666666666,https://food.detik.com/tempat-makan/d-8669941/5-tempat-makan-tertua-di-jalan-sabang-ada-rm-padang-sejak-1958,Kebon Sirih,Menteng,Kota Jakarta Pusat,DKI Jakarta,-6.185,106.826,Pusat kelurahan/desa,teks+inferensi,
102,995,Restoran Trio,Restoran,"Cikini, Jakarta Pusat",Rumah makan legendaris yang selalu ramai di jam makan siang,2,2,2026-07-06 07:00:00+00:00,2026-07-10 07:00:00+00:00,4,0.0,,0.75,https://food.detik.com/tempat-makan/d-8491470/seharian-kulineran-di-cikini-cobain-5-tempat-makan-legendaris-ini-yuk,Cikini,Menteng,Kota Jakarta Pusat,DKI Jakarta,-6.195,106.841,Pusat kelurahan/desa,teks+inferensi,
103,998,RM Pondok Djaja,Restoran,"Gambir, Jakarta Pusat",Rumah makan Padang legendaris sejak 1969 dengan juru masak tak pernah berganti,2,2,2026-04-14 07:00:00+00:00,2026-06-01 07:00:00+00:00,48,0.0,,0.75,https://food.detik.com/resto-dan-kafe/d-8494926/5-restoran-padang-underrated-di-jakarta-ini-cocok-buat-wisata-kuliner,Petojo Utara,Gambir,Kota Jakarta Pusat,DKI Jakarta,-6.175,106.818,Pusat kecamatan,teks+inferensi,
104,1002,RM Sepakat,Restoran,Jakarta,Rumah makan Padang legendaris sejak 1967 terkenal dengan gulai gajebo,2,2,2026-04-14 07:00:00+00:00,2026-06-12 07:00:00+00:00,59,0.0,,0.725,https://food.detik.com/tempat-makan/d-8578559/bertahan-selama-puluhan-tahun-ini-7-nasi-padang-tertua-di-jakarta,Melawai,Kebayoran Baru,Kota Jakarta Selatan,DKI Jakarta,-6.2,106.845,Pusat provinsi,teks,
105,1010,Pasar Tanah Abang,lainnya,"Blok A Pasar Tanah Abang, Jalan KH Mas Mansyur, Kebon Kacang, Tanah Abang, Jakarta Pusat",Video viral pemalakan sopir bajaj (isu negatif),2,2,2026-06-30 07:00:00+00:00,2026-07-30 07:00:00+00:00,30,1.0,12 April 2026,0.4,https://wartapontianak.pikiran-rakyat.com/nasional/pr-11710140474/viral-aksi-pemalakan-sopir-bajaj-di-pasar-tanah-abang-pelaku-dibekuk-polisi,Kebon Kacang,Tanah Abang,Kota Jakarta Pusat,DKI Jakarta,-6.187,106.815,Pusat kelurahan/desa,teks+inferensi,
106,8,TikTok Food Fest 2026,Pameran,"Hutan Kota Gelora Bung Karno (GBK), Jakarta",Festival kuliner gratis dengan 40+ tenant kuliner viral TikTok,3,2,2026-09-26 11:00:37+00:00,2026-09-27 14:00:22+00:00,1,1.0,26–27 September 2026,0.8833333333333333,https://aktualita.co/ragam/tiktok-food-fest-2026-hari-terakhir-gbk,Gelora,Tanah Abang,Kota Jakarta Pusat,DKI Jakarta,-6.2186,106.8019,Titik tempat,teks+inferensi,Kawasan GBK Senayan
107,1030,Pasar Kopro,lainnya,"Grogol Petamburan, Jakarta Barat",Lokasi viral karena tumpukan sampah menggunung hingga meluber ke jalan (isu negatif),2,2,2026-05-14 07:00:00+00:00,2026-05-31 07:00:00+00:00,17,1.0,31 Maret 2026,0.4,https://www.antaranews.com/berita/5506409/viral-buntut-tumpukan-sampah-lh-pasang-spanduk-di-pasar-kopro,Tanjung Duren Selatan,Grogol Petamburan,Kota Jakarta Barat,DKI Jakarta,-6.176,106.785,Pusat kelurahan/desa,teks+inferensi,
108,1042,Kobar Daging Asap,Restoran,"Jl. Raya Kalimalang Blok E7, Jakarta Timur",Rumah makan daging asap smoky incaran foodies dengan harga mulai Rp30 ribuan,2,2,2026-05-22 07:00:00+00:00,2026-09-01 07:00:00+00:00,102,0.5,29 Mei 2026,0.8,https://food.detik.com/rumah-makan/d-8502270/kuliner-viral-di-jaktim-daging-asap-yang-smoky-mulai-rp30-ribuan,,,Kota Jakarta Timur,DKI Jakarta,-6.225,106.9,Pusat kota/kabupaten,teks+inferensi,
109,9,Mad Bagel,Kafe,"Tenant TikTok Food Fest, GBK, Jakarta","Bagel manis dan gurih, kuliner populer di media sosial",2,2,2026-09-26 11:00:37+00:00,2026-09-27 10:22:00+00:00,0,1.0,,0.8,https://aktualita.co/ragam/tiktok-food-fest-2026-hari-terakhir-gbk,Gelora,Tanah Abang,Kota Jakarta Pusat,DKI Jakarta,-6.2186,106.8019,Titik tempat,teks+inferensi,Kawasan GBK Senayan
110,10,RM Lokiin,Restoran,"Tenant TikTok Food Fest, GBK, Jakarta","Nasi dengan beragam lauk termasuk nasi lidah, populer di medsos",3,2,2026-09-26 11:00:37+00:00,2026-09-27 14:00:22+00:00,1,0.6666666666666666,,0.7833333333333333,https://aktualita.co/ragam/tiktok-food-fest-2026-hari-terakhir-gbk,Gelora,Tanah Abang,Kota Jakarta Pusat,DKI Jakarta,-6.2186,106.8019,Titik tempat,teks+inferensi,Kawasan GBK Senayan
111,1062,Rawon Kalkulator,Restoran,Surabaya,Rawon kuah kluwek pekat kaya rempah,2,2,2026-07-28 07:00:00+00:00,2026-09-22 09:46:44+00:00,56,0.0,,0.725,https://www.detik.com/jatim/kuliner/d-8679966/rekomendasi-8-kuliner-surabaya-enak-dan-murah-cocok-buat-anak-kos/amp,Darmo,Wonokromo,Kota Surabaya,Jawa Timur,-7.2912,112.7398,Titik tempat,teks+inferensi,lokasi dikenal di Sentra PKL Taman Bungkul
112,1086,ARTSUBS 2026,Pameran,Surabaya,Pameran seni yang ramai pengunjung,2,2,2026-07-24 07:00:00+00:00,2026-09-17 07:00:00+00:00,55,0.0,22 September 2026,0.7,https://ketik.com/amp/wisata-surabaya-gak-cuma-mal-intip-3-galeri-seni-estetik-di-kota-pahlawan,Embong Kaliasin,Genteng,Kota Surabaya,Jawa Timur,-7.276,112.735,Pusat kota/kabupaten,teks+inferensi,Balai Pemuda
113,1089,Jalan Tunjungan,lainnya,"Jalan Tunjungan, Surabaya","Viral kucing berkostum dipakai open donasi di kawasan wisata, Pemkot larang (isu negatif)",2,2,2026-07-24 07:00:00+00:00,2026-07-25 07:00:00+00:00,1,0.5,25 September 2026,0.6,https://www.detik.com/jatim/berita/d-8679514/walkot-eri-ingatkan-larangan-hewan-open-donasi-di-tempat-wisata-cfd,,Genteng,Kota Surabaya,Jawa Timur,-7.259,112.739,Titik tempat,teks+inferensi,
114,1092,Hutan Bambu Keputih,Wisata Alam,"Keputih, Surabaya",Lorong pohon bambu estetik serupa suasana Jepang,2,2,2026-07-12 07:00:00+00:00,2026-07-27 07:00:00+00:00,15,0.0,,0.75,https://jatimnow.com/baca-84223-daftar-wisata-surabaya-paling-hits-untuk-melepas-penat-hari-minggu,Keputih,Sukolilo,Kota Surabaya,Jawa Timur,-7.295,112.805,Pusat kelurahan/desa,teks+inferensi,
115,1096,Surabaya North Quay,lainnya,"Tanjung Perak, Surabaya",Bersantai sambil memandangi kapal niaga dan kapal pesiar,2,2,2026-07-25 07:00:00+00:00,2026-07-27 07:00:00+00:00,2,0.0,,0.75,https://jatimnow.com/baca-84223-daftar-wisata-surabaya-paling-hits-untuk-melepas-penat-hari-minggu,Perak Utara,Pabean Cantian,Kota Surabaya,Jawa Timur,-7.205,112.732,Pusat kelurahan/desa,teks+inferensi,
116,1107,Pantai Wediawu,Wisata Alam,"Tirtoyudo, Kabupaten Malang",Rombongan wisatawan Surabaya dikeroyok di vila setelah video chant viral (isu negatif),2,2,2026-06-10 07:00:00+00:00,2026-09-24 13:56:45+00:00,106,0.5,5 Mei 2026,0.45,https://www.cnnindonesia.com/nasional/20260505204553-12-1355474/detik-detik-pengeroyokan-wisatawan-surabaya-di-malang,,Tirtoyudo,Kabupaten Malang,Jawa Timur,-8.32,112.85,Pusat kecamatan,teks+inferensi,
117,1112,Pasar Karang Menjangan,lainnya,Surabaya,Video pedagang keluhkan razia Satpol PP sita dagangan viral (isu negatif),2,2,2026-05-21 07:00:00+00:00,2026-05-26 07:00:00+00:00,5,1.0,24 April 2026,0.35,https://www.detik.com/jatim/berita/d-8461246/viral-satpol-pp-surabaya-sita-sayur-lontong-dan-kikil-pedagang,Airlangga,Gubeng,Kota Surabaya,Jawa Timur,-7.27,112.759,Pusat kelurahan/desa,teks+inferensi,kawasan Karang Menjangan
118,1120,The Square Room,Kafe,"Pajajaran, Cicendo, Bandung","Bakery dan kafe baru dengan interior serba kotak dan donat kotak sourdough, langsung ramai diantre",2,2,2026-06-02 07:00:00+00:00,2026-07-29 07:00:00+00:00,57,0.5,Awal April 2026,0.775,https://food.detik.com/tempat-makan/d-8465310/baru-buka-5-tempat-makan-di-bandung-ini-langsung-antre,Pajajaran,Cicendo,Kota Bandung,Jawa Barat,-6.905,107.593,Pusat kelurahan/desa,teks+inferensi,
119,1123,Alun-Alun Kota Bandung,lainnya,"Jl. Asia Afrika, Balonggede, Regol, Bandung",Ruang publik gratis dengan rumput sintetis luas,2,2,2026-04-02 07:00:00+00:00,2026-08-05 07:00:00+00:00,125,0.0,,0.6499999999999999,https://www.detik.com/jabar/wisata/d-8681616/7-tempat-wisata-gratis-di-kota-bandung/amp,Balonggede,Regol,Kota Bandung,Jawa Barat,-6.9218,107.607,Titik tempat,teks+inferensi,
120,1144,Rumah Makan Pagi Sore,Restoran,Padang,Rekomendasi tempat makan siang khas Padang,2,2,2026-06-01 07:00:00+00:00,2026-08-01 07:00:00+00:00,61,0.5,20 Mei 2026,0.6,https://travel.tribunnews.com/kuliner/145744/5-tempat-makan-siang-enak-di-medan-pencinta-ayam-pop-kunjungi-restoran-garuda,,,Kota Padang,Sumatera Barat,-0.95,100.417,Pusat kota/kabupaten,teks+inferensi,
121,1174,Candi Prambanan,lainnya,"Sleman, Yogyakarta","Candi ikonik dengan spot konten, sewa sepeda dan Wastra Prambanan",2,2,2026-07-02 07:00:00+00:00,2026-08-25 10:24:54+00:00,54,0.0,Libur sekolah Juli 2026,0.7,https://injourneydestination.id/wisata-di-sleman/,Bokoharjo,Prambanan,Kabupaten Sleman,DI Yogyakarta,-7.752,110.4915,Titik tempat,teks+inferensi,"kompleks berbatasan dengan Kabupaten Klaten, Jawa Tengah"
122,11,Chuchat,Kafe,"Tenant TikTok Food Fest, GBK, Jakarta",Tenant minuman populer di media sosial,3,2,2026-09-26 11:00:37+00:00,2026-09-27 14:00:22+00:00,1,0.3333333333333333,,0.7166666666666667,https://aktualita.co/ragam/tiktok-food-fest-2026-hari-terakhir-gbk,Gelora,Tanah Abang,Kota Jakarta Pusat,DKI Jakarta,-6.2186,106.8019,Titik tempat,teks+inferensi,Kawasan GBK Senayan
123,1187,Kota Lama Semarang,lainnya,Semarang,"Little Netherland dengan gedung kolonial dan Taman Srigunting, gratis",2,2,2026-06-17 07:00:00+00:00,2026-07-02 07:00:00+00:00,15,0.0,Libur sekolah Juli 2026,0.775,https://rri.co.id/semarang/berita-lain/2506318/liburan-sekolah-5-destinasi-wisata-seru-di-semarang,Tanjung Mas,Semarang Utara,Kota Semarang,Jawa Tengah,-6.9681,110.427,Titik tempat,teks+inferensi,
124,1188,Lawang Sewu,Museum,Semarang,Ikon wisata sejarah peninggalan Hindia Belanda dengan banyak pintu,2,2,2026-04-14 07:00:00+00:00,2026-06-17 07:00:00+00:00,64,0.0,,0.725,https://rri.co.id/semarang/berita-lain/2506318/liburan-sekolah-5-destinasi-wisata-seru-di-semarang,Sekayu,Semarang Tengah,Kota Semarang,Jawa Tengah,-6.9839,110.4104,Titik tempat,teks+inferensi,
125,1207,Toko Roti Gambang,Kafe,"Pasar Johar Utara, Semarang",Jadi perbincangan warganet karena diisukan milik anak Wali Kota dan pembongkaran pagar (isu negatif),2,2,2026-05-05 07:00:00+00:00,2026-05-20 07:00:00+00:00,15,1.0,2 April 2026,0.7,https://matasemarang.com/disdag-toko-roti-gambang-malah-meramaikan-pasar-johar-semarang/,Kauman,Semarang Tengah,Kota Semarang,Jawa Tengah,-6.97,110.4225,Titik tempat,teks+inferensi,Pasar Johar
126,1214,Sela Rasa Festival Kuliner,Pameran,"Pollux Mall Paragon, Kota Semarang",Festival kuliner dengan beragam stan hidangan nusantara dan modern,2,2,2026-08-28 07:00:00+00:00,2026-09-16 07:00:00+00:00,19,0.0,29 Juli - 9 Agustus 2026,0.7,https://www.ayosemarang.com/semarang-raya/7717446693/kalender-event-wisata-kota-semarang-agustus-2026-ada-festival-arak-arakan-cheng-ho,Sekayu,Semarang Tengah,Kota Semarang,Jawa Tengah,-6.9811,110.4146,Titik tempat,teks+inferensi,Mal Paragon
127,12,Fuku,Kafe,"Tenant TikTok Food Fest, GBK, Jakarta","Gelato mochi, populer di media sosial",2,2,2026-09-26 11:00:37+00:00,2026-09-27 10:22:00+00:00,0,0.5,,0.725,https://aktualita.co/ragam/tiktok-food-fest-2026-hari-terakhir-gbk,Gelora,Tanah Abang,Kota Jakarta Pusat,DKI Jakarta,-6.2186,106.8019,Titik tempat,teks+inferensi,Kawasan GBK Senayan
128,1247,Museum Sultan Mahmud Badaruddin II,Museum,Kota Palembang,Ditetapkan sebagai Cagar Budaya Peringkat Nasional,2,2,2026-06-17 01:12:45+00:00,2026-09-27 03:45:37+00:00,102,0.0,2 Juli 2026,0.6499999999999999,https://www.rmolsumsel.id/kementerian-kebudayaan-tetapkan-empat-ikon-palembang-sebagai-cagar-budaya-peringkat-nasional,19 Ilir,Bukit Kecil,Kota Palembang,Sumatera Selatan,-2.9908,104.7614,Titik tempat,teks+inferensi,
129,1259,D'Kandang Amazing Farm,Wisata Alam,Depok,Destinasi wisata keluarga hits saat libur sekolah,2,2,2026-06-09 07:00:00+00:00,2026-07-04 07:00:00+00:00,25,0.0,,0.7250000000000001,https://depok.tribunnews.com/news/50817/libur-sekolah-tiba-ini-6-destinasi-wisata-keluarga-terhits-di-depok-yang-wajib-dikunjungi,Pasir Putih,Sawangan,Kota Depok,Jawa Barat,-6.415,106.77,Pusat kelurahan/desa,teks+inferensi,
130,1267,Bear and Butter,Kafe,"SPBU BP Grand Wisata, Jl. Western Boulevard No. 22, Mustikajaya, Bekasi",Salt bread enak yang mencuri perhatian pecinta kuliner,2,2,2026-05-30 07:00:00+00:00,2026-09-27 11:01:07+00:00,120,0.0,Sejak awal Maret 2026,0.775,https://www.nibble.id/salt-bread-enak-di-bekasi/,,Mustika Jaya,Kota Bekasi,Jawa Barat,-6.3,107.035,Pusat kecamatan,teks+inferensi,Grand Wisata (sebagian di Kabupaten Bekasi)
131,480,Pantai Pasir Putih Bengkulu,Wisata Alam,Kota Bengkulu,Kawasan wisata yang dipatroli,2,2,2026-07-11 07:00:00+00:00,2026-09-22 14:15:44+00:00,73,0.0,12 September 2026,0.525,https://www.viralpublik.com/subdit-wisata-dit-pamobvit-polda-bengkulu-gelar-patroli-dialogis-di-kawasan-pantai-panjang,,,Kota Bengkulu,Bengkulu,-3.8,102.265,Pusat kota/kabupaten,teks+inferensi,
132,1278,Hungry Playground,Pameran,"Area Parkir Selatan Summarecon Mall Bekasi, Bekasi",Festival kuliner 110 tenant legendaris dan street food viral plus wahana permainan,2,2,2026-06-09 07:00:00+00:00,2026-06-09 07:00:00+00:00,0,0.0,14 Agustus - 20 September 2026,0.8,https://investor.id/national/450616/110-tenant-kuliner-ramaikan-hungry-playground-di-smb,Marga Mulya,Bekasi Utara,Kota Bekasi,Jawa Barat,-6.2257,107.0003,Titik tempat,teks+inferensi,Summarecon Mall Bekasi
133,1280,Kawasan Kuliner Pasar Lama Tangerang,lainnya,"Sukasari, Kecamatan Tangerang, Kota Tangerang","Tujuan favorit berburu kuliner malam, ramai terutama malam hari",2,2,2026-04-15 07:00:00+00:00,2026-06-06 07:00:00+00:00,52,0.0,,0.675,https://travel.tribunnews.com/kuliner/142706/5-tempat-makan-malam-dekat-pasar-lama-tangerang-enak-dan-bikin-nagih,Sukasari,Tangerang,Kota Tangerang,Banten,-6.176,106.632,Pusat kelurahan/desa,teks+inferensi,
134,1285,Jhon Book Store N Art,lainnya,"Pintu masuk Perumahan Puri Pamulang, Pamulang, Tangerang Selatan",Toko buku bekas dan barang antik mendadak ramai setelah viral di TikTok dan Instagram,2,2,2026-07-23 07:00:00+00:00,2026-09-14 07:00:00+00:00,53,1.0,11 Mei 2026,0.7,https://ekbisbanten.com/berita/viral-di-tiktok-toko-buku-bekas-jhon-book-store-n-art-jadi-buruan-pecinta-literasi/,,Pamulang,Kota Tangerang Selatan,Banten,-6.345,106.73,Pusat kecamatan,teks+inferensi,
135,1332,Toko Ah Kamera Bogor,lainnya,"Jalan Abesin, Kota Bogor",Video sapi kurban mengamuk masuk toko kamera viral di media sosial (isu negatif),2,2,2026-05-09 07:00:00+00:00,2026-06-14 07:00:00+00:00,36,0.5,27 Mei 2026,0.32499999999999996,https://news.detik.com/berita/d-8508548/sapi-kurban-lepas-masuk-toko-kamera-di-bogor-pegawai-dan-pembeli-panik,,,Kota Bogor,Jawa Barat,-6.597,106.806,Pusat kota/kabupaten,teks+inferensi,
136,1354,Taman Nasional Bromo Tengger Semeru,Wisata Alam,"Bromo, Malang","Lanskap pegunungan, kawasan Penanjakan dan Lautan Pasir Bromo",2,2,2026-07-03 07:00:00+00:00,2026-09-26 22:36:09+00:00,85,0.0,12 September 2026,0.6,https://lahatpos.disway.id/topik-utama/read/663279/menjelajah-malang-dan-sekitarnya-pilihan-wisata-dari-jatim-park-hingga-bromo,,,Kabupaten Malang,Jawa Timur,-7.9425,112.953,Titik tempat,teks+inferensi,"TNBTS mencakup Kab. Malang, Probolinggo, Pasuruan, Lumajang; koordinat kawah Bromo"
137,1431,Gunung Steling,Wisata Alam,"Samarinda, Kalimantan Timur",Wisata puncak ciptaan warga yang jadi primadona anak muda,2,2,2026-04-15 07:00:00+00:00,2026-09-07 08:19:26+00:00,145,0.5,,0.575,https://www.niaga.asia/pemkot-diminta-bidik-wisata-alam-perbukitan-sebagai-sumber-pad/,Selili,Samarinda Ilir,Kota Samarinda,Kalimantan Timur,-0.505,117.165,Pusat kecamatan,teks+inferensi,
138,14,Ayam Renald,Restoran,"Tenant TikTok Food Fest, GBK, Jakarta",Olahan ayam populer di media sosial,2,2,2026-09-17 07:00:00+00:00,2026-09-27 10:22:00+00:00,10,1.0,,0.7749999999999999,https://aktualita.co/ragam/tiktok-food-fest-2026-hari-terakhir-gbk,Gelora,Tanah Abang,Kota Jakarta Pusat,DKI Jakarta,-6.2186,106.8019,Titik tempat,teks+inferensi,Kawasan GBK Senayan
139,1463,One Cloud Coffee & Eatery,Kafe,Jayapura,"Kafe estetik instagramable favorit nongkrong anak muda, kontennya terus bermunculan di media sosial",2,2,2026-08-11 07:00:00+00:00,2026-08-11 07:00:00+00:00,0,0.0,,0.8,https://rri.co.id/jayapura/kuliner/2458774/one-cloud-coffee-jadi-magnet-nongkrong-generasi-muda-jayapura,Entrop,Jayapura Selatan,Kota Jayapura,Papua,-2.6,140.7,Pusat kecamatan,inferensi,Disimpulkan dari lokasi gerai yang sama (Ciboland Entrop)
140,1471,Taman Sriwedari,Wisata Alam,"Sriwedari, Surakarta","Viral rusa koleksi mengais makanan dari tempat sampah, Pemkot turun tangan (isu negatif)",2,2,2026-07-12 07:00:00+00:00,2026-09-25 14:00:18+00:00,75,1.0,6 Juni 2026,0.6,https://www.cnnindonesia.com/nasional/20260607102330-20-1366271/viral-rusa-di-taman-sriwedari-solo-cari-makan-di-tempat-sampah,Sriwedari,Laweyan,Kota Surakarta,Jawa Tengah,-7.568,110.813,Pusat kelurahan/desa,teks+inferensi,
141,1472,Serabi Notosuman,Kafe,"Jalan Mohammad Yamin No. 28, Solo",Jajanan serabi legendaris sejak 1923 dimasak di tungku,2,2,2026-08-12 07:00:00+00:00,2026-09-20 02:32:55+00:00,38,0.0,,0.775,https://food.detik.com/rumah-makan/d-8648613/5-warung-legendaris-solo-yang-sudah-eksis-sejak-zaman-belanda,,,Kota Surakarta,Jawa Tengah,-7.566,110.817,Pusat kota/kabupaten,teks+inferensi,
142,604,Solo Safari,Wahana,Kota Surakarta,"Tempat wisata naik daun, orang utan Didi yang kabur viral di media sosial",2,2,2026-05-06 07:00:00+00:00,2026-07-03 07:00:00+00:00,58,1.0,Agustus 2026,0.85,https://travel.tribunnews.com/destinasi/144389/harga-tiket-masuk-solo-safari-tempat-ketemu-orang-utan-didi-yang-viral,Jebres,Jebres,Kota Surakarta,Jawa Tengah,-7.565,110.858,Titik tempat,teks+inferensi,Di kawasan eks Taman Satwa Taru Jurug
143,227,Pasar Triwindu,lainnya,"Kecamatan Banjarsari, Kota Solo, Jawa Tengah",Viral karena oknum satpam menarik parkir ngepruk (isu negatif),4,2,2026-09-21 06:47:39+00:00,2026-09-22 22:52:00+00:00,1,1.0,19-22 September 2026,0.675,https://regional.kompas.com/read/2026/09/23/055209778/wali-kota-solo-buka-suara-soal-video-viral-oknum-satpam-pasar-triwindu,Keprabon,Banjarsari,Kota Surakarta,Jawa Tengah,-7.5665,110.8235,Titik tempat,teks+inferensi,
144,17,Bebek Kaleyo,Restoran,"Jl. Raya Kalimalang Kompleks Ruko Duta Permai, Bekasi",Bebek goreng renyah favorit keluarga,2,2,2026-05-11 07:00:00+00:00,2026-09-22 16:00:00+00:00,134,0.0,,0.7749999999999999,https://www.tripzilla.id/tempat-makan-di-bekasi-hits-legendaris-dan-ramah-kantong/27718,,Tebet,Kota Bekasi,Jawa Barat,-6.238,106.976,Pusat kota/kabupaten,teks+inferensi,Kawasan Kalimalang
145,19,Ayam Goreng Kalibogor,Restoran,"Purwokerto, Banyumas","Warung ayam goreng legendaris dengan resep rempah, ramai antrean",2,2,2026-09-06 07:00:00+00:00,2026-09-27 02:00:00+00:00,20,0.0,,0.775,https://jogja.disway.id/gaya-hidup/read/702022/deretan-warung-ayam-goreng-legendaris-paling-hits-di-purwokerto-dengan-cita-rasa-rempah,Rejasari,Purwokerto Barat,Kabupaten Banyumas,Jawa Tengah,-7.45,109.17,Pusat kota/kabupaten,teks+inferensi,Purwokerto (ibu kota Kab. Banyumas)
146,28,Rawon Nguling,Restoran,Malang,"Rawon khas Jawa Timur sejak 1980-an, kuah kluwek",2,2,2026-05-25 07:00:00+00:00,2026-08-18 07:00:00+00:00,85,0.0,,0.825,https://erafone.com/artikel/post/wisata-kuliner-malang-04,,Klojen,Kota Malang,Jawa Timur,-7.98,112.63,Pusat kota/kabupaten,teks+inferensi,Malang diasumsikan Kota Malang
147,29,Depot Hok Lay,Restoran,Malang,Destinasi kuliner legendaris Malang,2,2,2026-05-25 07:00:00+00:00,2026-08-18 07:00:00+00:00,85,0.0,,0.8,https://erafone.com/artikel/post/wisata-kuliner-malang-04,,,Kota Malang,Jawa Timur,-7.98,112.63,Pusat kota/kabupaten,teks+inferensi,Malang diasumsikan Kota Malang
148,1517,Gunungsari Trade Centre,lainnya,"Pasar Gunungsari, Kota Cirebon",Video keributan pengamen dan pengunjung di pusat kuliner malam viral di media sosial (isu negatif),2,2,2026-08-06 07:00:00+00:00,2026-09-26 12:13:11+00:00,51,1.0,4 Agustus 2026,0.45,https://radarcirebon.disway.id/insiden-24-jam/read/227039/viral-pengamen-diduga-ajak-ribut-pengunjung-di-kawasan-kuliner-gtc-cirebon-warga-pertanyakan-keamanan,,,Kota Cirebon,Jawa Barat,-6.732,108.552,Pusat kota/kabupaten,teks,
149,79,Ceu Eha X Dapur Indung,Restoran,"Pasar Cihapit, Kota Bandung",Disebut sebagai penanda lokasi Brownies Tjihapit,1,1,2026-09-14 08:13:47+00:00,2026-09-14 08:13:47+00:00,0,0.0,,0.5,https://jabar.antaranews.com/berita/707015/rekomendasi-kuliner-viral-pasar-cihapit-bandung-dari-brownies-kunafa-hingga-warung-bu-eha-legendaris,Cihapit,Bandung Wetan,Kota Bandung,Jawa Barat,-6.903,107.625,Pusat kelurahan/desa,teks+inferensi,
150,80,Batagor Kahuripan,Restoran,"Pasar Cihapit, Kota Bandung","Batagor legendaris sejak 2007, tengah ramai",1,1,2026-09-14 08:13:47+00:00,2026-09-14 08:13:47+00:00,0,1.0,,0.8,https://jabar.antaranews.com/berita/707015/rekomendasi-kuliner-viral-pasar-cihapit-bandung-dari-brownies-kunafa-hingga-warung-bu-eha-legendaris,Cihapit,Bandung Wetan,Kota Bandung,Jawa Barat,-6.903,107.625,Pusat kelurahan/desa,teks+inferensi,
151,81,Toko Kopi Pasar Cihapit (Toko Kopi 1810),Kafe,"Pasar Cihapit, Kota Bandung",Supplier kopi premium green bean dan roasted bean,1,1,2026-09-14 08:13:47+00:00,2026-09-14 08:13:47+00:00,0,1.0,,0.7,https://jabar.antaranews.com/berita/707015/rekomendasi-kuliner-viral-pasar-cihapit-bandung-dari-brownies-kunafa-hingga-warung-bu-eha-legendaris,Cihapit,Bandung Wetan,Kota Bandung,Jawa Barat,-6.903,107.625,Pusat kelurahan/desa,teks+inferensi,
152,82,Warung Nasi Bu Eha,Restoran,"Pasar Cihapit, Kota Bandung","Warung nasi Sunda legendaris sejak 1947, tanpa pengawet",1,1,2026-09-14 08:13:47+00:00,2026-09-14 08:13:47+00:00,0,1.0,,0.85,https://jabar.antaranews.com/berita/707015/rekomendasi-kuliner-viral-pasar-cihapit-bandung-dari-brownies-kunafa-hingga-warung-bu-eha-legendaris,Cihapit,Bandung Wetan,Kota Bandung,Jawa Barat,-6.903,107.625,Pusat kelurahan/desa,teks+inferensi,
153,84,Ketupat Sayur Pasar Lama,Restoran,"Pasar Lama dekat Bank BCA, Kota Tangerang",Menu sarapan favorit yang selalu ramai,1,1,2026-07-31 07:00:00+00:00,2026-07-31 07:00:00+00:00,0,0.0,,0.85,https://www.tangerangkota.go.id/berita/detail/67479/cari-sarapan-enak-di-kota-tangerang-ini-rekomendasi-tempatnya,Sukasari,Tangerang,Kota Tangerang,Banten,-6.176,106.632,Pusat kelurahan/desa,teks+inferensi,Kawasan Pasar Lama Tangerang
154,85,Soto Benteng Bang Udin,Restoran,"Jalan Saham, Kelurahan Sukasari, Kecamatan Tangerang, Kota Tangerang",Soto khas Tangerang dengan daging dan jeroan dibakar,1,1,2026-07-31 07:00:00+00:00,2026-07-31 07:00:00+00:00,0,0.0,,0.85,https://www.tangerangkota.go.id/berita/detail/67479/cari-sarapan-enak-di-kota-tangerang-ini-rekomendasi-tempatnya,Sukasari,Tangerang,Kota Tangerang,Banten,-6.176,106.632,Pusat kelurahan/desa,teks+inferensi,
155,86,Bubur Ayam Spesial Ko Iyo,Restoran,"Kawasan Pasar Lama, Kota Tangerang",Bubur ayam banyak diburu dengan pelengkap lengkap,1,1,2026-07-31 07:00:00+00:00,2026-07-31 07:00:00+00:00,0,0.0,,0.85,https://www.tangerangkota.go.id/berita/detail/67479/cari-sarapan-enak-di-kota-tangerang-ini-rekomendasi-tempatnya,Sukasari,Tangerang,Kota Tangerang,Banten,-6.176,106.632,Pusat kelurahan/desa,teks+inferensi,Kawasan Pasar Lama Tangerang
156,87,Bubur Ayam Mas Yanto,Restoran,"Jalan Kasasi Raya Blok C10 No.1, Komplek Pengayoman, Sukasari, Kota Tangerang",Bubur ayam legendaris sejak 1970,1,1,2026-07-31 07:00:00+00:00,2026-07-31 07:00:00+00:00,0,0.0,,0.85,https://www.tangerangkota.go.id/berita/detail/67479/cari-sarapan-enak-di-kota-tangerang-ini-rekomendasi-tempatnya,Sukasari,Tangerang,Kota Tangerang,Banten,-6.176,106.632,Pusat kelurahan/desa,teks+inferensi,
157,88,Mie Ayam Bangka Asen,Restoran,"Perumahan Banjar Wijaya, Kecamatan Cipondoh, Kota Tangerang",Mi ayam Bangka,1,1,2026-07-31 07:00:00+00:00,2026-07-31 07:00:00+00:00,0,0.0,,0.8,https://www.tangerangkota.go.id/berita/detail/67479/cari-sarapan-enak-di-kota-tangerang-ini-rekomendasi-tempatnya,,Cipondoh,Kota Tangerang,Banten,-6.185,106.69,Pusat kecamatan,teks+inferensi,
158,89,Pure Amboina,Kafe,Kota Ambon,UMKM cold-pressed juice tanpa gula dan pengawet,1,1,2026-09-13 07:00:00+00:00,2026-09-13 07:00:00+00:00,0,0.0,,0.6,https://rri.co.id/ambon/ekonomi/umkm/2725229/gaya-hidup-sehat-kuliner-viral-3-umkm-ambon-bagikan-rahasia-sukses,,,Kota Ambon,Maluku,-3.695,128.181,Pusat kota/kabupaten,teks+inferensi,
159,90,Fresh Lemora,Kafe,Kota Ambon,Smoothies instagramable untuk Gen Z,1,1,2026-09-13 07:00:00+00:00,2026-09-13 07:00:00+00:00,0,0.0,,0.6,https://rri.co.id/ambon/ekonomi/umkm/2725229/gaya-hidup-sehat-kuliner-viral-3-umkm-ambon-bagikan-rahasia-sukses,,,Kota Ambon,Maluku,-3.695,128.181,Pusat kota/kabupaten,teks+inferensi,
160,91,John House,Restoran,Kota Ambon,Populer di TikTok lewat Roti John isian khas Maluku,1,1,2026-09-13 07:00:00+00:00,2026-09-13 07:00:00+00:00,0,1.0,,0.75,https://rri.co.id/ambon/ekonomi/umkm/2725229/gaya-hidup-sehat-kuliner-viral-3-umkm-ambon-bagikan-rahasia-sukses,,,Kota Ambon,Maluku,-3.695,128.181,Pusat kota/kabupaten,teks+inferensi,
161,92,Baked (Cafe Baked Gunawarman),Kafe,"Gunawarman, Kebayoran Baru, Jakarta Selatan",Viral karena tarif parkir motor Rp150 ribu (isu negatif),1,1,2026-09-25 11:00:00+00:00,2026-09-25 11:00:00+00:00,0,1.0,24 September 2026,0.9,https://informasi.com/nasional/infrms-28254/viral-parkir-motor-rp150-ribu-di-cafe-baked-gunawarman-jaksel-parkir-valet-atau-pungli,Selong,Kebayoran Baru,Kota Jakarta Selatan,DKI Jakarta,-6.237,106.806,Pusat kelurahan/desa,teks+inferensi,Jalan Gunawarman
162,93,Motel Mexicola,Kafe,"Seminyak, Bali","Kafe hits dan instagramable, disebut kafe viral",1,1,2026-09-07 07:00:00+00:00,2026-09-07 07:00:00+00:00,0,1.0,,0.85,https://20.detik.com/spot-wisata/20260902-260902049/mengunjungi-cafe-viral-yang-instagramable-di-seminyak-bali,Seminyak,Kuta,Kabupaten Badung,Bali,-8.689,115.168,Pusat kelurahan/desa,teks+inferensi,
163,94,Faste Coffee Heritage Rawa Laut,Kafe,"Rawa Laut, Bandar Lampung",Viral karena catatan kasir tidak pantas soal pesanan seblak (isu negatif),1,1,2026-09-02 07:00:00+00:00,2026-09-02 07:00:00+00:00,0,1.0,1 September 2026,0.9,https://lampung.idntimes.com/news/lampung/viral-catatan-kasir-cafe-di-balam-customer-marah-soal-pesanan-seblak-00-jf67w-4sk93g,Rawa Laut,Enggal,Kota Bandar Lampung,Lampung,-5.42,105.265,Pusat kelurahan/desa,teks+inferensi,
164,95,Moment Cafe,Kafe,"Zamzam Tower, Mekkah, Arab Saudi",Kafe viral dengan pemandangan langsung ke Masjidil Haram,1,1,2026-05-04 06:44:29+00:00,2026-05-04 06:44:29+00:00,0,1.0,,0.8,https://www.bloombergtechnoz.com/detail-news/107928/10-cafe-viral-di-mekkah-madinah-sekitarnya/2,,,,,21.4187,39.8256,Titik tempat,teks,"Luar negeri: Arab Saudi (Zamzam Tower, Mekkah)"
165,96,Camel Step Coffee,Kafe,"Mekkah, Arab Saudi","Desain minimalis, kopi premium, latte art",1,1,2026-05-04 06:44:29+00:00,2026-05-04 06:44:29+00:00,0,1.0,,0.75,https://www.bloombergtechnoz.com/detail-news/107928/10-cafe-viral-di-mekkah-madinah-sekitarnya/2,,,,,21.389,39.858,Pusat kota/kabupaten,teks,Luar negeri: Arab Saudi (Mekkah)
166,97,RATIO Speciality Coffee,Kafe,"Tiga menit dari Masjidil Haram, Mekkah, Arab Saudi","Suasana tenang, harga terjangkau",1,1,2026-05-04 06:44:29+00:00,2026-05-04 06:44:29+00:00,0,1.0,,0.75,https://www.bloombergtechnoz.com/detail-news/107928/10-cafe-viral-di-mekkah-madinah-sekitarnya/2,,,,,21.389,39.858,Pusat kota/kabupaten,teks,Luar negeri: Arab Saudi (Mekkah)
167,98,BREW92° Cafe,Kafe,"Mekkah, Arab Saudi","Biji kopi berkualitas, Spanish Latte",1,1,2026-05-04 06:44:29+00:00,2026-05-04 06:44:29+00:00,0,1.0,,0.75,https://www.bloombergtechnoz.com/detail-news/107928/10-cafe-viral-di-mekkah-madinah-sekitarnya/2,,,,,21.389,39.858,Pusat kota/kabupaten,teks,Luar negeri: Arab Saudi (Mekkah)
168,99,Barn Cafe,Kafe,"Jeddah, Arab Saudi",Interior monokrom dengan sentuhan kayu,1,1,2026-05-04 06:44:29+00:00,2026-05-04 06:44:29+00:00,0,1.0,,0.75,https://www.bloombergtechnoz.com/detail-news/107928/10-cafe-viral-di-mekkah-madinah-sekitarnya/2,,,,,21.543,39.173,Pusat kota/kabupaten,teks,Luar negeri: Arab Saudi (Jeddah)
169,100,Kiffa Roaster,Kafe,"Dekat Masjid Nabawi, Madinah, Arab Saudi",Coffee of the Day terjangkau,1,1,2026-05-04 06:44:29+00:00,2026-05-04 06:44:29+00:00,0,1.0,,0.75,https://www.bloombergtechnoz.com/detail-news/107928/10-cafe-viral-di-mekkah-madinah-sekitarnya/2,,,,,24.4672,39.6112,Titik tempat,teks,"Luar negeri: Arab Saudi (dekat Masjid Nabawi, Madinah)"
170,101,Tulip Cafe,Kafe,"Madinah, Arab Saudi",Pemandangan ke arah Masjid Nabawi,1,1,2026-05-04 06:44:29+00:00,2026-05-04 06:44:29+00:00,0,1.0,,0.75,https://www.bloombergtechnoz.com/detail-news/107928/10-cafe-viral-di-mekkah-madinah-sekitarnya/2,,,,,24.467,39.611,Pusat kota/kabupaten,teks,Luar negeri: Arab Saudi (Madinah)
171,102,Ajwatech AlHaram,Kafe,"Madinah, Arab Saudi",Masuk daftar kafe viral Madinah,1,1,2026-05-04 06:44:29+00:00,2026-05-04 06:44:29+00:00,0,1.0,,0.6,https://www.bloombergtechnoz.com/detail-news/107928/10-cafe-viral-di-mekkah-madinah-sekitarnya/2,,,,,24.467,39.611,Pusat kota/kabupaten,teks,Luar negeri: Arab Saudi (Madinah)
172,103,Cafe Janna Kita,lainnya,"Kec. Patumbak, Kab. Deliserdang, Sumatera Utara","Tempat hiburan malam yang sempat viral, digerebek kasus narkoba (isu negatif)",1,1,2026-09-02 07:00:00+00:00,2026-09-02 07:00:00+00:00,0,1.0,30 Agustus 2026,0.8,https://www.waspada.id/berita/sempat-viral-cafe-janna-patumbak-akhirnya-digerebek-dan-di-police-line,,Patumbak,Kabupaten Deli Serdang,Sumatera Utara,3.66,98.71,Pusat kecamatan,teks,
173,104,Social Affair,Kafe,"Mal di kawasan PIK, Jakarta Utara","Kafe hits viral di PIK, industrial, Martabak Croissant dan Nasi Gila",1,1,2026-04-08 07:00:00+00:00,2026-04-08 07:00:00+00:00,0,1.0,,0.8,https://www.inilah.com/cafe-viral-di-pantai-indah-kapuk,,Penjaringan,Kota Jakarta Utara,DKI Jakarta,-6.115,106.76,Pusat kecamatan,teks+inferensi,Pantai Indah Kapuk (PIK)
174,105,70 Fahrenheit,Kafe,"PIK, Jakarta Utara","Kafe hits viral di PIK, interior industrial, kopi",1,1,2026-04-08 07:00:00+00:00,2026-04-08 07:00:00+00:00,0,1.0,,0.8,https://www.inilah.com/cafe-viral-di-pantai-indah-kapuk,,Penjaringan,Kota Jakarta Utara,DKI Jakarta,-6.115,106.76,Pusat kecamatan,teks+inferensi,Pantai Indah Kapuk (PIK)
175,106,Kinanthi Coffee & Eatery,Kafe,"Jalan Engku Putri Utara Nomor 3, Teluk Tering, Kecamatan Batam Kota, Batam","Kafe baru viral 2026, interior minimalis dan harga terjangkau",1,1,2026-05-20 07:00:00+00:00,2026-05-20 07:00:00+00:00,0,1.0,2026,0.85,https://metropolis.batampos.co.id/viral-di-batam-ini-5-cafe-baru-hits-yang-cocok-buat-nongkrong-santai/,Teluk Tering,Batam Kota,Kota Batam,Kepulauan Riau,1.13,104.05,Pusat kelurahan/desa,teks+inferensi,
176,107,Grind Now Coffee Bar Specialty Coffee Batam,Kafe,"Permata Regency Blok DD Nomor 9, Baloi Indah, Lubuk Baja, Batam","Kafe baru viral 2026, specialty coffee bar",1,1,2026-05-20 07:00:00+00:00,2026-05-20 07:00:00+00:00,0,1.0,2026,0.85,https://metropolis.batampos.co.id/viral-di-batam-ini-5-cafe-baru-hits-yang-cocok-buat-nongkrong-santai/,Baloi Indah,Lubuk Baja,Kota Batam,Kepulauan Riau,1.135,104.02,Pusat kelurahan/desa,teks+inferensi,
177,108,Pretty Please Coffee,Kafe,"Sukajadi, Batam Kota, Batam","Kafe baru viral 2026, desain cantik, mulai ramai",1,1,2026-05-20 07:00:00+00:00,2026-05-20 07:00:00+00:00,0,1.0,2026,0.85,https://metropolis.batampos.co.id/viral-di-batam-ini-5-cafe-baru-hits-yang-cocok-buat-nongkrong-santai/,Sukajadi,Batam Kota,Kota Batam,Kepulauan Riau,1.121,104.055,Pusat kelurahan/desa,teks+inferensi,
178,109,Frui,Kafe,"Komplek Bumi Indah Nomor 8 Blok 2, Lubuk Baja Kota, Kecamatan Lubuk Baja, Batam","Kafe baru viral 2026, gelato mochi dan kue",1,1,2026-05-20 07:00:00+00:00,2026-05-20 07:00:00+00:00,0,1.0,2026,0.85,https://metropolis.batampos.co.id/viral-di-batam-ini-5-cafe-baru-hits-yang-cocok-buat-nongkrong-santai/,Lubuk Baja Kota,Lubuk Baja,Kota Batam,Kepulauan Riau,1.15,104.01,Pusat kelurahan/desa,teks+inferensi,
179,110,Blite's Coffee,Kafe,"Ruko Tunas Regency Blok C9 Nomor 3A dan 5, Tanjung Uncang, Kecamatan Sagulung, Batam","Kafe baru viral 2026, modern minimalis",1,1,2026-05-20 07:00:00+00:00,2026-05-20 07:00:00+00:00,0,1.0,2026,0.85,https://metropolis.batampos.co.id/viral-di-batam-ini-5-cafe-baru-hits-yang-cocok-buat-nongkrong-santai/,Tanjung Uncang,Sagulung,Kota Batam,Kepulauan Riau,1.063,103.94,Pusat kelurahan/desa,teks+inferensi,
180,111,"Mady's Gelato, Cafe and Grill",Kafe,Pangandaran,"Kafe viral yang hits, menghadap langsung ke laut lepas",1,1,2026-08-12 07:00:00+00:00,2026-08-12 07:00:00+00:00,0,1.0,,0.85,https://20.detik.com/spot-wisata/20260716-260716133/menyusuri-cafe-viral-yang-menghadap-laut-di-pangandaran,,,Kabupaten Pangandaran,Jawa Barat,-7.615,108.495,Pusat kota/kabupaten,teks+inferensi,
181,112,Kafe de'Clan,Kafe,"Jalan Tole Iskandar, Kota Depok, Jawa Barat",Viral di medsos karena tutup dan dipasang rantai (isu negatif),1,1,2026-07-13 07:00:00+00:00,2026-07-13 07:00:00+00:00,0,1.0,Juli 2026,0.85,https://news.detik.com/berita/d-8571939/viral-kafe-declan-di-depok-tutup-bagian-depan-dipasang-rantai,,Sukmajaya,Kota Depok,Jawa Barat,-6.395,106.845,Pusat kecamatan,teks+inferensi,Jl. Tole Iskandar
182,113,El Tintero,Restoran,"Málaga, Spanyol","Restoran tanpa menu, pelayan meneriakkan hidangan seperti lelang; video viral 23 juta+ tayangan",1,1,2026-09-23 10:30:02+00:00,2026-09-23 10:30:02+00:00,0,1.0,September 2026,0.9,https://food.detik.com/info-kuliner/d-8675683/viral-restoran-teriak-di-spanyol-pesan-makanannya-mirip-lelang,,,,,36.721,-4.421,Pusat kota/kabupaten,teks,Luar negeri: Spanyol (Malaga)
183,114,Chili's Plaza Senayan,Restoran,"Plaza Senayan, Jakarta Selatan","Restoran dengan Fried Mozzarella yang viral, buka gerai kedua",1,1,2026-09-26 00:40:00+00:00,2026-09-26 00:40:00+00:00,0,1.0,,0.85,https://investor.id/lifestyle/455584/restoran-dengan-fried-mozzarella-yang-viral-buka-gerai-kedua,Gelora,Tanah Abang,Kota Jakarta Pusat,DKI Jakarta,-6.2255,106.7996,Titik tempat,teks+inferensi,Plaza Senayan secara administratif di Jakarta Pusat (teks menyebut Jakarta Selatan)
184,115,Chili's Tribeca Central Park Mall,Restoran,"Tribeca Central Park Mall, Jakarta Barat","Gerai pertama Chili's di Indonesia, Fried Mozzarella viral",1,1,2026-09-26 00:40:00+00:00,2026-09-26 00:40:00+00:00,0,1.0,,0.75,https://investor.id/lifestyle/455584/restoran-dengan-fried-mozzarella-yang-viral-buka-gerai-kedua,Tanjung Duren Selatan,Grogol Petamburan,Kota Jakarta Barat,DKI Jakarta,-6.1776,106.7906,Titik tempat,teks+inferensi,Central Park Mall
185,116,Almaz Fried Chicken,Restoran,"Jalan dr Wahidin Sudirohusodo, Kota Pasuruan",Viral karena video CCTV pencurian besi tutup saluran air (isu negatif),1,1,2026-09-17 14:04:45+00:00,2026-09-17 14:04:45+00:00,0,1.0,16 September 2026,0.75,https://jatim.akurat.co/news/891580/viral-di-pasuruan-maling-terekam-cctv-curi-besi-tutup-saluran-air-di-restoran-cepat-saji,,,Kota Pasuruan,Jawa Timur,-7.645,112.908,Pusat kota/kabupaten,teks+inferensi,
186,118,Bolosego (food truck di Alun-alun Kidul),Restoran,"Alun-alun Kidul (Alkid), Jogja; kantor di Gamping, Sleman",Viral karena pemilik mengeluhkan pungli parkir Rp1 juta per hari (isu negatif),3,1,2026-09-18 07:00:00+00:00,2026-09-22 00:53:01+00:00,3,1.0,16-21 September 2026,0.8000000000000002,https://www.detik.com/jogja/berita/d-8673195/babak-baru-kasus-pungli-parkir-food-truck-bolosego-di-alkid-jogja,Patehan,Kraton,Kota Yogyakarta,DI Yogyakarta,-7.8117,110.3633,Titik tempat,teks+inferensi,"Kantor Bolosego di Gamping, Kabupaten Sleman"
187,119,Bebek Suroboyo Green Lake City,Restoran,"Green Lake City, Cengkareng, Jakarta Barat",Viral usai membagikan CCTV pengunjung merusak sofa (isu negatif),1,1,2026-09-04 07:00:00+00:00,2026-09-04 07:00:00+00:00,0,1.0,1 September 2026,0.9,https://food.detik.com/info-kuliner/d-8648567/viral-cctv-rekam-aksi-pengunjung-rusak-sofa-di-resto-bebek-jakbar,,Cengkareng,Kota Jakarta Barat,DKI Jakarta,-6.15,106.735,Pusat kecamatan,teks+inferensi,Green Lake City
188,120,Class Soiree Steakhouse,Restoran,"Hollywood, Florida, Amerika Serikat",Viral karena konsep nude dining experience,1,1,2026-08-05 07:00:00+00:00,2026-08-05 07:00:00+00:00,0,1.0,Agustus 2026,0.9,https://food.detik.com/info-kuliner/d-8605565/restoran-steak-ini-viral-usai-tawarkan-pengalaman-makan-tanpa-busana,,,,,26.011,-80.149,Pusat kota/kabupaten,teks,"Luar negeri: Amerika Serikat (Hollywood, Florida)"
189,121,Mo's Chicken Hotpot,Restoran,"Kota Foshan, Provinsi Guangdong, China","Viral karena pemilik meminta orang jangan datang (reverse marketing), 2.000-3.000 pengunjung per hari",1,1,2026-08-06 07:00:00+00:00,2026-08-06 07:00:00+00:00,0,1.0,,0.9,https://food.detik.com/info-kuliner/d-8606645/pemilik-restoran-ini-minta-orang-jangan-datang-malah-viral-dan-diserbu,,,,,23.022,113.122,Pusat kota/kabupaten,teks,"Luar negeri: China (Foshan, Guangdong)"
190,122,Warung makan di TPU Karangpamulang (milik Ida Nengsih),Restoran,"TPU Karangpamulang, Kampung Sukasari, Kelurahan Karawang Wetan, Kecamatan Karawang Timur, Karawang","Warung di tengah kompleks makam menjadi perhatian publik, ramai pengunjung penasaran",1,1,2026-07-24 07:00:00+00:00,2026-07-24 07:00:00+00:00,0,1.0,Baru beroperasi sekitar dua pekan,0.85,https://carapandang.com/news/read/warung-di-tengah-makam-viral-ulama-tegaskan-kuburan-muslim-harus-dijaga-kehormatannya,Karawang Wetan,Karawang Timur,Kabupaten Karawang,Jawa Barat,-6.305,107.31,Pusat kelurahan/desa,teks+inferensi,
191,123,Warung lontong sayur milik Maryati,Restoran,"Desa Kebolampang, Kecamatan Winong, Kabupaten Pati, Jawa Tengah",Viral karena ditarik retribusi Rp840.000 (isu negatif),1,1,2026-07-17 07:00:00+00:00,2026-07-17 07:00:00+00:00,0,1.0,,0.7,https://regional.kompas.com/read/2026/07/17/183019078/viral-warung-lontong-di-pati-ditarik-retribusi-rp-840000-dputr-bukan-tarif?page=all,Kebolampang,Winong,Kabupaten Pati,Jawa Tengah,-6.75,111.04,Pusat kota/kabupaten,teks,
192,124,Warung Mundu,Restoran,Kota Batu,"Nasi campur khas, populer dari mulut ke mulut; artikel menyebut tidak viral",1,1,2026-07-28 07:00:00+00:00,2026-07-28 07:00:00+00:00,0,0.0,,0.85,https://timesindonesia.co.id/kuliner/601107/tidak-viral-tapi-warung-ini-punya-menu-andalan-yang-bikin-pelanggan-rela-balik-lagi,,,Kota Batu,Jawa Timur,-7.87,112.527,Pusat kota/kabupaten,teks+inferensi,
193,125,Mie Ayam Donoloyo,Restoran,"Kawasan Fatmawati dekat One Bell Park, Jakarta Selatan",Mie ayam langganan Bebi Romeo yang kontennya viral,1,1,2026-09-05 07:00:00+00:00,2026-09-05 07:00:00+00:00,0,1.0,,0.85,https://food.detik.com/info-kuliner/d-8649807/viral-bebi-romeo-hobi-makan-mie-ayam-warung-makan-ini-jadi-favorit,,Cilandak,Kota Jakarta Selatan,DKI Jakarta,-6.29,106.8,Pusat kecamatan,teks+inferensi,Kawasan Fatmawati dekat One Bell Park
194,126,Mama K's,Restoran,"Fraser Island, Queensland, Australia",Kisah nenek 80 tahun pemilik restoran viral hingga kebanjiran pelanggan,1,1,2026-07-23 07:00:00+00:00,2026-07-23 07:00:00+00:00,0,1.0,Juli 2026,0.85,https://food.detik.com/info-kuliner/d-8585532/kisahnya-viral-warung-nenek-80-tahun-ini-kebanjiran-pelanggan,,,,,-25.266,153.156,Titik tempat,teks,"Luar negeri: Australia (Fraser Island, Queensland)"
195,127,Lintas Rasa Es Krim Goreng Malang,Kafe,Malang,"Menjual es gabin, jajanan jadul yang viral di Malang lewat media sosial",1,1,2026-09-27 07:28:43+00:00,2026-09-27 07:28:43+00:00,0,1.0,,0.75,https://radarmalang.jawapos.com/amp/wisata-kuliner/2609270018/jajanan-es-gabin-buat-kudapan-jadul-kembali-eksis-setiap-gigitan-buat-nostalgia,,,,Jawa Timur,-7.536,112.238,Pusat provinsi,teks+inferensi,Malang ambigu (Kota/Kabupaten Malang)
196,128,Chicken Crunchy Roll,lainnya,"Sawangan, Depok","Jajanan Rp10 ribu, antrean panjang hingga macet, ulasan influencer viral",1,1,2026-06-19 07:00:00+00:00,2026-06-19 07:00:00+00:00,0,1.0,Akhir pekan lalu (sebelum tanggal artikel),0.85,https://adv.kompas.id/baca/krisis-ekonomi-jajanan-viral-chicken-crunchy-roll-cuma-rp-10-ribu-ini-buka-peluang-usaha-emas-di-sawangan/,,Sawangan,Kota Depok,Jawa Barat,-6.4,106.765,Pusat kecamatan,teks+inferensi,
197,129,Kibow Corner,lainnya,"Jalan Swadaya Raya, Larangan, Kota Tangerang (cabang di Komplek DKI Joglo, Petukangan, Taman Asri Lama, Pondok Kacang, Karang Tengah)","Lapak jajanan viral: mochi daifuku, risol warna-warni, donat kentang",1,1,2026-06-09 07:00:00+00:00,2026-06-09 07:00:00+00:00,0,1.0,,0.8,https://www.tangerangkota.go.id/berita/detail/65781/dari-mochi-sampai-risol-warna-warni-kibow-corner-surganya-jajanan-viral-di-kota-tangerang,,Larangan,Kota Tangerang,Banten,-6.235,106.735,Pusat kecamatan,teks+inferensi,"Juga cabang di beberapa lokasi (Joglo, Petukangan, Pondok Kacang, Karang Tengah)"
198,131,Kantine Nyi Aisyah,Kafe,"Gang 4 dekat Es Podjok Serut, Kayutangan Heritage, Malang","Soft cookies homemade, Cookies Boom dengan es krim",1,1,2026-08-12 07:00:00+00:00,2026-08-12 07:00:00+00:00,0,1.0,,0.75,https://malangposcomedia.id/mulai-rp-5-ribuan-ini-5-jajanan-viral-dan-unik-di-kayutangan-heritage-yang-wajib-dicoba/,Kauman,Klojen,Kota Malang,Jawa Timur,-7.979,112.631,Titik tempat,teks+inferensi,Kayutangan Heritage
199,132,Es Podjok Serut,Kafe,"Gang 4, Kayutangan Heritage, Malang",Disebut sebagai penanda lokasi,1,1,2026-08-12 07:00:00+00:00,2026-08-12 07:00:00+00:00,0,0.0,,0.5,https://malangposcomedia.id/mulai-rp-5-ribuan-ini-5-jajanan-viral-dan-unik-di-kayutangan-heritage-yang-wajib-dicoba/,Kauman,Klojen,Kota Malang,Jawa Timur,-7.979,112.631,Titik tempat,teks+inferensi,Kayutangan Heritage
200,133,Donat Kenangan,Kafe,"Gang 6 dekat Langgar Muttaqin, Kayutangan Heritage, Malang",Donat kentang homemade dengan topping es krim,1,1,2026-08-12 07:00:00+00:00,2026-08-12 07:00:00+00:00,0,1.0,,0.75,https://malangposcomedia.id/mulai-rp-5-ribuan-ini-5-jajanan-viral-dan-unik-di-kayutangan-heritage-yang-wajib-dicoba/,Kauman,Klojen,Kota Malang,Jawa Timur,-7.979,112.631,Titik tempat,teks+inferensi,Kayutangan Heritage
201,134,Es Krim Lepen,Kafe,"Pinggir kanal sungai Kayutangan, Malang",Makan es krim di tepi sungai kecil yang teduh,1,1,2026-08-12 07:00:00+00:00,2026-08-12 07:00:00+00:00,0,1.0,,0.75,https://malangposcomedia.id/mulai-rp-5-ribuan-ini-5-jajanan-viral-dan-unik-di-kayutangan-heritage-yang-wajib-dicoba/,Kauman,Klojen,Kota Malang,Jawa Timur,-7.979,112.631,Titik tempat,teks+inferensi,Kayutangan Heritage
202,135,Toko Bu Chamim,lainnya,"Kampoeng Heritage Kajoetangan, Malang",Toko legendaris mainan dan jajanan jadul,1,1,2026-08-12 07:00:00+00:00,2026-08-12 07:00:00+00:00,0,1.0,,0.7,https://malangposcomedia.id/mulai-rp-5-ribuan-ini-5-jajanan-viral-dan-unik-di-kayutangan-heritage-yang-wajib-dicoba/,Kauman,Klojen,Kota Malang,Jawa Timur,-7.979,112.631,Titik tempat,teks+inferensi,Kayutangan Heritage
203,136,Pasar Kue Subuh Senen,lainnya,"Senen, Jakarta Pusat","Pasar kue tradisional yang kini menjual Dubai chewy cookies yang viral, ramai anak muda",1,1,2026-09-27 03:26:20+00:00,2026-09-27 03:26:20+00:00,0,1.0,16 September 2026,0.8,https://news.detik.com/x/detail/intermeso/20260926/Cerita-Kue-Viral-yang-Nyasar-ke-Pasar-Kue-Subuh/,Senen,Senen,Kota Jakarta Pusat,DKI Jakarta,-6.176,106.843,Titik tempat,teks+inferensi,Pasar Senen
204,137,Laris Manis Bakery,Kafe,"Pasar Kue Subuh Senen, Jakarta Pusat",Lapak penjual Dubai chewy cookies yang viral,1,1,2026-09-27 03:26:20+00:00,2026-09-27 03:26:20+00:00,0,1.0,,0.75,https://news.detik.com/x/detail/intermeso/20260926/Cerita-Kue-Viral-yang-Nyasar-ke-Pasar-Kue-Subuh/,Senen,Senen,Kota Jakarta Pusat,DKI Jakarta,-6.176,106.843,Titik tempat,teks+inferensi,Pasar Senen
205,138,Handak Ubi,lainnya,"Polder Air Hitam Juanda, Samarinda","Menjual Ubi Cream Brulee, jajanan khas Jepang yang viral",1,1,2026-09-17 13:08:00+00:00,2026-09-17 13:08:00+00:00,0,1.0,September 2026,0.8,https://rri.co.id/samarinda/ekonomi/umkm/2737152/ubi-cream-brulee-jajanan-viral-khas-jepang-hadir-di-samarinda,Air Hitam,Samarinda Ulu,Kota Samarinda,Kalimantan Timur,-0.483,117.132,Pusat kelurahan/desa,teks+inferensi,
206,139,FIX Dessert Chocolatier,Kafe,Dubai,Asal inspirasi cokelat Dubai yang viral via TikTok,1,1,2026-07-19 07:00:00+00:00,2026-07-19 07:00:00+00:00,0,1.0,,0.6,https://rri.co.id/jayapura/kuliner/2579317/jajanan-viral-dubai-strawberry-sensasi-manis-asam-dan-renyah,,,,,25.205,55.271,Pusat kota/kabupaten,teks,Luar negeri: Uni Emirat Arab (Dubai)
207,140,Jalan Lengkong Kecil,lainnya,"Jalan Lengkong Kecil, Kota Bandung","Kawasan kuliner malam paling viral 2026, dipadati ribuan pengunjung",1,1,2026-05-09 07:00:00+00:00,2026-05-09 07:00:00+00:00,0,1.0,Pertengahan 2026,0.85,https://www.harapanrakyat.com/2026/05/eksplor-5-spot-street-food-viral-di-bandung-saat-malam-wajib-masuk-daftar-liburan-kamu/,Paledang,Lengkong,Kota Bandung,Jawa Barat,-6.925,107.612,Pusat kelurahan/desa,teks+inferensi,
208,142,Gyoza 234,lainnya,"Jalan Lengkong Kecil, Kota Bandung",Pangsit ala Jepang pan-seared,1,1,2026-05-09 07:00:00+00:00,2026-05-09 07:00:00+00:00,0,1.0,,0.75,https://www.harapanrakyat.com/2026/05/eksplor-5-spot-street-food-viral-di-bandung-saat-malam-wajib-masuk-daftar-liburan-kamu/,Paledang,Lengkong,Kota Bandung,Jawa Barat,-6.925,107.612,Pusat kelurahan/desa,teks+inferensi,
209,143,Jawara Basmut,lainnya,"Jalan Lengkong Kecil, Kota Bandung",Bakso mulut goreng bumbu kacang,1,1,2026-05-09 07:00:00+00:00,2026-05-09 07:00:00+00:00,0,1.0,,0.75,https://www.harapanrakyat.com/2026/05/eksplor-5-spot-street-food-viral-di-bandung-saat-malam-wajib-masuk-daftar-liburan-kamu/,Paledang,Lengkong,Kota Bandung,Jawa Barat,-6.925,107.612,Pusat kelurahan/desa,teks+inferensi,
210,144,Steak Simantan,Restoran,"Jalan Lengkong Kecil, Kota Bandung",Steak ramah kantong,1,1,2026-05-09 07:00:00+00:00,2026-05-09 07:00:00+00:00,0,1.0,,0.7,https://www.harapanrakyat.com/2026/05/eksplor-5-spot-street-food-viral-di-bandung-saat-malam-wajib-masuk-daftar-liburan-kamu/,Paledang,Lengkong,Kota Bandung,Jawa Barat,-6.925,107.612,Pusat kelurahan/desa,teks+inferensi,
211,145,Kenhotbar,lainnya,"Jalan Lengkong Kecil, Kota Bandung",Pilihan pecinta daging ramah kantong,1,1,2026-05-09 07:00:00+00:00,2026-05-09 07:00:00+00:00,0,1.0,,0.65,https://www.harapanrakyat.com/2026/05/eksplor-5-spot-street-food-viral-di-bandung-saat-malam-wajib-masuk-daftar-liburan-kamu/,Paledang,Lengkong,Kota Bandung,Jawa Barat,-6.925,107.612,Pusat kelurahan/desa,teks+inferensi,
212,147,FOMO Land,Pameran,Area Outdoor Icon Mall Gresik,"Event kuliner viral bernuansa street food Tokyo dengan 50+ tenant, photobooth dan wahana",1,1,2026-05-02 07:00:00+00:00,2026-05-02 07:00:00+00:00,0,1.0,1-17 Mei,0.85,https://klikjatim.com/news-46826-fomo-land-di-icon-mall-gresik-hadirkan-street-food-kekinian-bernuansa-tokyo,,Kebomas,Kabupaten Gresik,Jawa Timur,-7.172,112.63,Pusat kecamatan,teks+inferensi,Icon Mall Gresik
213,148,Kawasan Ampel,lainnya,"Sekitar Masjid Sunan Ampel, Surabaya","Magnet street food viral bernuansa Timur Tengah, selalu ramai antrean",1,1,2026-06-19 07:00:00+00:00,2026-06-19 07:00:00+00:00,0,1.0,,0.75,https://jogja.disway.id/gaya-hidup/read/699775/rekomendasi-street-food-viral-bikin-kenyang-paling-wajib-dicoba-di-ampel-surabaya,Ampel,Semampir,Kota Surabaya,Jawa Timur,-7.2303,112.7428,Titik tempat,teks+inferensi,Masjid Sunan Ampel
214,149,Kawasan Wonokromo,lainnya,"Wonokromo, Surabaya","Pusat street food legendaris yang viral, mie ayam murah dan martabak usus",1,1,2026-08-12 07:00:00+00:00,2026-08-12 07:00:00+00:00,0,1.0,,0.65,https://jogja.disway.id/gaya-hidup/read/700961/rekomendasi-street-food-legendaris-sekitar-wonokromo-surabaya-yang-viral,,Wonokromo,Kota Surabaya,Jawa Timur,-7.3,112.738,Pusat kecamatan,teks+inferensi,
215,150,Bolosego (food truck),Restoran,"Alun-alun Kidul, Yogyakarta","Pemilik mengunggah dugaan pungli parkir Rp1 juta per hari, viral (isu negatif)",1,1,2026-09-28 05:31:00+00:00,2026-09-28 05:31:00+00:00,0,1.0,September 2026,0.8,https://travel.detik.com/travel-news/d-8682349/viral-dugaan-pungli-di-alkid-jogja-tata-kelola-kawasan-wisata-ikonik-disorot,Patehan,Kraton,Kota Yogyakarta,DI Yogyakarta,-7.8117,110.3633,Titik tempat,teks+inferensi,
216,151,Pantai Jagu,Wisata Alam,"Kota Lhokseumawe, Aceh",Lokasi wisata yang pengamanannya ditingkatkan,1,1,2026-09-27 14:16:00+00:00,2026-09-27 14:16:00+00:00,0,0.0,,0.6,https://rri.co.id/lhokseumawe/wisata/2765054/tingkatkan-pengamanan-objek-wisata-imbau-pengunjung-utamakan-keselamatan,,,Kota Lhokseumawe,Aceh,5.18,97.14,Pusat kota/kabupaten,teks,
217,152,Pantai Ujong Blang,Wisata Alam,"Kota Lhokseumawe, Aceh",Lokasi wisata yang pengamanannya ditingkatkan,1,1,2026-09-27 14:16:00+00:00,2026-09-27 14:16:00+00:00,0,0.0,,0.6,https://rri.co.id/lhokseumawe/wisata/2765054/tingkatkan-pengamanan-objek-wisata-imbau-pengunjung-utamakan-keselamatan,Ujong Blang,Banda Sakti,Kota Lhokseumawe,Aceh,5.185,97.14,Pusat kecamatan,teks+inferensi,
218,153,Nusa Penida,Wisata Alam,"Nusa Penida, Bali",Kawasan yang viral setelah Canggu dan Ubud,1,1,2026-05-19 07:00:00+00:00,2026-05-19 07:00:00+00:00,0,1.0,,0.6,https://theconversation.com/akibat-kebelet-viral-tempat-wisata-potensial-kerap-layu-sebelum-berkembang-283129,,Nusa Penida,Kabupaten Klungkung,Bali,-8.728,115.545,Pusat kecamatan,teks+inferensi,
219,154,Canggu,Wisata Alam,"Canggu, Bali",Kawasan wisata yang sempat viral,1,1,2026-05-19 07:00:00+00:00,2026-05-19 07:00:00+00:00,0,1.0,,0.5,https://theconversation.com/akibat-kebelet-viral-tempat-wisata-potensial-kerap-layu-sebelum-berkembang-283129,Canggu,Kuta Utara,Kabupaten Badung,Bali,-8.65,115.135,Pusat kelurahan/desa,teks+inferensi,
220,155,Ubud,Wisata Alam,"Ubud, Bali",Kawasan wisata yang sempat viral,1,1,2026-05-19 07:00:00+00:00,2026-05-19 07:00:00+00:00,0,1.0,,0.5,https://theconversation.com/akibat-kebelet-viral-tempat-wisata-potensial-kerap-layu-sebelum-berkembang-283129,,Ubud,Kabupaten Gianyar,Bali,-8.507,115.263,Pusat kecamatan,teks+inferensi,
221,156,Pantai Glagah,Wisata Alam,"Kapanewon Temon, Kulon Progo","Destinasi viral dengan kafe-kafe baru, pengunjung Mei 467.081",1,1,2026-08-26 07:00:00+00:00,2026-08-26 07:00:00+00:00,0,1.0,Mei 2026,0.8,https://yogyakarta.bpk.go.id/pad-wisata-kulon-progo-terkerek-3066-persen-di-2026-imbas-destinasi-viral-di-pantai-glagah-2/,Glagah,Temon,Kabupaten Kulon Progo,DI Yogyakarta,-7.9157,110.07,Titik tempat,teks+inferensi,
222,157,Pantai Congot,Wisata Alam,"Kapanewon Temon, Kulon Progo",Kafe-kafe baru di jalur Glagah-Congot yang viral,1,1,2026-08-26 07:00:00+00:00,2026-08-26 07:00:00+00:00,0,1.0,Mei 2026,0.7,https://yogyakarta.bpk.go.id/pad-wisata-kulon-progo-terkerek-3066-persen-di-2026-imbas-destinasi-viral-di-pantai-glagah-2/,Jangkaran,Temon,Kabupaten Kulon Progo,DI Yogyakarta,-7.89,110.07,Pusat kecamatan,teks+inferensi,Kapanewon = kecamatan
223,158,Pictniq Land (Pictniq Jogja),Wisata Alam,"Patuk, Gunungkidul, Yogyakarta","Wisata viral replika landmark dunia, urban picnic estetik, jeep offroad",1,1,2026-09-19 06:55:31+00:00,2026-09-19 06:55:31+00:00,0,1.0,,0.9,https://www.harapanrakyat.com/2026/09/pictniq-land-jogja-wisata-viral-keliling-dunia-dan-petualangan-offroad-di-perbukitan-gunungkidul/,,Patuk,Kabupaten Gunungkidul,DI Yogyakarta,-7.855,110.49,Pusat kecamatan,teks+inferensi,
224,159,Enchanting Valley,Wisata Alam,"Kawasan Taman Safari Indonesia, Puncak, Bogor","Tempat wisata di Puncak yang lagi viral, tengah menarik perhatian",1,1,2026-09-13 07:00:00+00:00,2026-09-13 07:00:00+00:00,0,1.0,September 2026,0.85,https://rentak.id/5-tempat-wisata-di-puncak-yang-lagi-viral-cocok-untuk-liburan-keluarga/,Cibeureum,Cisarua,Kabupaten Bogor,Jawa Barat,-6.7176,106.95,Titik tempat,teks+inferensi,
225,160,Agrowisata Gunung Mas,Wisata Alam,"Puncak, Bogor",Perkebunan teh dengan panorama pegunungan,1,1,2026-09-13 07:00:00+00:00,2026-09-13 07:00:00+00:00,0,1.0,,0.7,https://rentak.id/5-tempat-wisata-di-puncak-yang-lagi-viral-cocok-untuk-liburan-keluarga/,Tugu Selatan,Cisarua,Kabupaten Bogor,Jawa Barat,-6.703,106.977,Titik tempat,teks+inferensi,
226,161,Talaga Saat,Wisata Alam,"Puncak, Bogor",Panorama telaga dan lanskap alam asri,1,1,2026-09-13 07:00:00+00:00,2026-09-13 07:00:00+00:00,0,1.0,,0.7,https://rentak.id/5-tempat-wisata-di-puncak-yang-lagi-viral-cocok-untuk-liburan-keluarga/,Tugu Selatan,Cisarua,Kabupaten Bogor,Jawa Barat,-6.69,106.94,Pusat kecamatan,teks+inferensi,
227,162,Wonderful Citamiang,Wisata Alam,"Puncak, Bogor",Wisata alam bernuansa perkemahan,1,1,2026-09-13 07:00:00+00:00,2026-09-13 07:00:00+00:00,0,1.0,,0.7,https://rentak.id/5-tempat-wisata-di-puncak-yang-lagi-viral-cocok-untuk-liburan-keluarga/,,,Kabupaten Bogor,Jawa Barat,-6.55,106.8,Pusat kota/kabupaten,teks+inferensi,Kawasan Puncak (Cisarua/Megamendung)
228,163,Melrimba Garden,Wisata Alam,"Puncak, Bogor",Taman bunga untuk bersantai dan berfoto,1,1,2026-09-13 07:00:00+00:00,2026-09-13 07:00:00+00:00,0,1.0,,0.7,https://rentak.id/5-tempat-wisata-di-puncak-yang-lagi-viral-cocok-untuk-liburan-keluarga/,Tugu Selatan,Cisarua,Kabupaten Bogor,Jawa Barat,-6.69,106.94,Pusat kecamatan,teks+inferensi,Kawasan Puncak
229,165,Ba Na Hills,Wisata Alam,Vietnam,"Kawasan wisata yang dirancang menarik perhatian wisatawan, pariwisata viral",1,1,2026-08-11 07:00:00+00:00,2026-08-11 07:00:00+00:00,0,1.0,,0.6,https://www.dw.com/id/vietnam-disneyland-asia-siapa-yang-untung-dan-rugi-dari-pariwisata-viral/video-78261469,,,,,15.995,107.996,Titik tempat,teks,Luar negeri: Vietnam (Da Nang)
230,166,Monkey Mountain,Wisata Alam,Vietnam,Habitat langur bercak merah yang semakin ramai dikunjungi,1,1,2026-08-11 07:00:00+00:00,2026-08-11 07:00:00+00:00,0,0.0,,0.55,https://www.dw.com/id/vietnam-disneyland-asia-siapa-yang-untung-dan-rugi-dari-pariwisata-viral/video-78261469,,,,,16.119,108.277,Titik tempat,teks,"Luar negeri: Vietnam (Semenanjung Son Tra, Da Nang)"
231,167,Kalipangus,Wisata Alam,"Perbatasan Desa Lerep dan Desa Kalisidi, Kecamatan Ungaran Barat, Kabupaten Semarang","Wisata alam dadakan viral, aliran air jernih dari lereng Gunung Ungaran, konten KKN viral",1,1,2026-06-08 07:00:00+00:00,2026-06-08 07:00:00+00:00,0,1.0,Tiga pekan terakhir sebelum 8 Juni 2026,0.9,https://rasikafm.com/ini-dia-kalipangus-obyek-wisata-dadakan-yang-viral-di-ungaran/,,Ungaran Barat,Kabupaten Semarang,Jawa Tengah,-7.13,110.38,Pusat kecamatan,teks+inferensi,Perbatasan Desa Lerep dan Desa Kalisidi
232,168,Lau Debuk-Debuk,Wisata Alam,"Kabupaten Karo, Sumatera Utara",Jadi sorotan publik karena dugaan pungli di beberapa pos (isu negatif),1,1,2026-06-02 07:00:00+00:00,2026-06-02 07:00:00+00:00,0,1.0,,0.7,https://www.facebook.com/medandailynews/videos/dugaan-praktik-pungutan-liar-pungli-di-kawasan-wisata-lau-debuk-debuk-kabupaten-/1003482995483706/,,,Kabupaten Karo,Sumatera Utara,3.1,98.5,Pusat kota/kabupaten,teks,
233,169,Bendungan Kampili,Wisata Alam,"Kabupaten Gowa, Sulawesi Selatan","Wisata viral karena bebatuan dan aliran air unik saat debit air turun, ramai diperbincangkan di medsos",1,1,2026-09-18 06:25:00+00:00,2026-09-18 06:25:00+00:00,0,1.0,,0.9,https://rri.co.id/makassar/wisata/2739899/bendungan-kampili-kabupaten-gowa-jadi-wisata-viral,,,Kabupaten Gowa,Sulawesi Selatan,-5.25,119.55,Pusat kota/kabupaten,teks,
234,170,Wisata berkuda Pererenan,Wisata Alam,"Pererenan, Kecamatan Mengwi, Badung, Bali","Viral karena dugaan eksploitasi kuda, kini berhenti beroperasi (isu negatif)",1,1,2026-09-20 10:21:00+00:00,2026-09-20 10:21:00+00:00,0,1.0,September 2026,0.8,https://www.detik.com/bali/berita/d-8671285/wisata-berkuda-di-pererenan-berhenti-beroperasi-usai-viral-dugaan-eksploitasi,Pererenan,Mengwi,Kabupaten Badung,Bali,-8.645,115.125,Pusat kelurahan/desa,teks,
235,171,Glagah Sunset View (Pantai Glagah),Wisata Alam,"Sisi barat Pantai Glagah, Kulonprogo, Yogyakarta","Spot sunset viral di medsos, dongkrak PAD dan kunjungan",1,1,2026-07-23 07:00:00+00:00,2026-07-23 07:00:00+00:00,0,1.0,Januari-Mei 2026,0.9,https://yogyakarta.bpk.go.id/efek-viral-pantai-glagah-pad-pariwisata-kulonprogo-melonjak/,Glagah,Temon,Kabupaten Kulon Progo,DI Yogyakarta,-7.9157,110.07,Titik tempat,teks+inferensi,Sisi barat Pantai Glagah
236,172,Bendung Karet Sungai Juana,Wisata Alam,"Desa Bungasrejo, Kecamatan Jakenan, Kabupaten Pati","Wisata dadakan setelah viral sungai kering dan ribuan ikan terdampar, sunset",1,1,2026-09-04 07:00:00+00:00,2026-09-04 07:00:00+00:00,0,1.0,September 2026,0.9,https://www.detik.com/jateng/berita/d-8648775/sungai-juana-pati-jadi-wisata-dadakan-gegara-viral-ribuan-ikan-terdampar,Bungasrejo,Jakenan,Kabupaten Pati,Jawa Tengah,-6.775,111.155,Pusat kecamatan,teks+inferensi,
237,174,Labuan Bajo,Wisata Alam,Nusa Tenggara Timur,"Destinasi viral, gerbang Taman Nasional Komodo",1,1,2026-06-20 07:00:00+00:00,2026-06-20 07:00:00+00:00,0,1.0,,0.8,https://rri.co.id/bukittinggi/wisata/2503983/sedang-hits-ini-5-tempat-wisata-viral-di-indonesia-yang-wajib-dikunjungi,Labuan Bajo,Komodo,Kabupaten Manggarai Barat,Nusa Tenggara Timur,-8.497,119.888,Pusat kelurahan/desa,teks+inferensi,
238,175,Nusa Penida (Pantai Kelingking),Wisata Alam,"Nusa Penida, Bali",Viral berkat tebing dramatis Pantai Kelingking,1,1,2026-06-20 07:00:00+00:00,2026-06-20 07:00:00+00:00,0,1.0,,0.8,https://rri.co.id/bukittinggi/wisata/2503983/sedang-hits-ini-5-tempat-wisata-viral-di-indonesia-yang-wajib-dikunjungi,Bunga Mekar,Nusa Penida,Kabupaten Klungkung,Bali,-8.7507,115.4737,Titik tempat,teks+inferensi,Pantai Kelingking
239,176,Kawah Ijen,Wisata Alam,Jawa Timur,Destinasi viral dengan fenomena blue fire,1,1,2026-06-20 07:00:00+00:00,2026-06-20 07:00:00+00:00,0,1.0,,0.8,https://rri.co.id/bukittinggi/wisata/2503983/sedang-hits-ini-5-tempat-wisata-viral-di-indonesia-yang-wajib-dikunjungi,,,,Jawa Timur,-8.0583,114.2417,Titik tempat,teks+inferensi,Kawah Ijen di perbatasan Kab. Banyuwangi dan Kab. Bondowoso
240,177,Pulau Derawan,Wisata Alam,Kalimantan Timur,"Destinasi viral, laut jernih, berenang bersama penyu",1,1,2026-06-20 07:00:00+00:00,2026-06-20 07:00:00+00:00,0,1.0,,0.8,https://rri.co.id/bukittinggi/wisata/2503983/sedang-hits-ini-5-tempat-wisata-viral-di-indonesia-yang-wajib-dikunjungi,,Pulau Derawan,Kabupaten Berau,Kalimantan Timur,2.287,118.243,Titik tempat,teks+inferensi,
241,178,Candi Gedong Songo,Museum,Kabupaten Semarang,Wisata sejarah dan alam yang disukai wisatawan luar kota,1,1,2026-07-12 15:27:29+00:00,2026-07-12 15:27:29+00:00,0,0.0,,0.8,https://www.kompasiana.com/471313/6a53b183c925c44fee3082d2/kabupaten-semarang-punya-tempat-wisata-yang-tak-kalah-hebat,Candi,Bandungan,Kabupaten Semarang,Jawa Tengah,-7.21,110.342,Titik tempat,teks+inferensi,
242,179,Taman Safari Indonesia (Safari Water Park),Wahana,Bogor,Destinasi wisata keluarga hits di Bogor,1,1,2026-07-02 07:00:00+00:00,2026-07-02 07:00:00+00:00,0,0.0,,0.7,https://www.metrotvnews.com/read/b2lC6gd0-5-destinasi-wisata-keluarga-di-bogor-lengkap-beserta-harga-tiket-dan-aktivitasnya,Cibeureum,Cisarua,Kabupaten Bogor,Jawa Barat,-6.7176,106.95,Titik tempat,teks+inferensi,
243,181,Bukit Krisna,Wisata Alam,"Kampung Yokiwa, Distrik Ebungfau, Kabupaten Jayapura, Papua","Viral di TikTok, panorama Danau Sentani dan savana",1,1,2026-06-28 07:00:00+00:00,2026-06-28 07:00:00+00:00,0,1.0,,0.9,https://papuatengah.tribunnews.com/jayapura/6209/usai-viral-di-tiktok-keindahan-bukit-krisna-jayapura-jadi-destinasi-wisata-ikonik-terbaru-di-papua,Yokiwa,Ebungfau,Kabupaten Jayapura,Papua,-2.57,140.5,Pusat kota/kabupaten,teks,
244,182,Dataran Tinggi Dieng,Wisata Alam,Wonosobo,"Destinasi hits dengan Telaga Warna, Kawah Sikidang, Candi Arjuna",1,1,2026-09-22 07:10:03+00:00,2026-09-22 07:10:03+00:00,0,0.0,,0.8,https://travel.tribunnews.com/destinasi/145805/5-tempat-wisata-di-wonosobo-yang-lagi-hits-indahnya-telaga-menjer,,Kejajar,Kabupaten Wonosobo,Jawa Tengah,-7.209,109.907,Titik tempat,teks+inferensi,Dataran Tinggi Dieng juga mencakup Kab. Banjarnegara
245,183,Telaga Menjer,Wisata Alam,"Garung, Wonosobo","Danau alami dengan latar perbukitan hijau, lagi hits",1,1,2026-09-22 07:10:03+00:00,2026-09-22 07:10:03+00:00,0,0.0,,0.8,https://travel.tribunnews.com/destinasi/145805/5-tempat-wisata-di-wonosobo-yang-lagi-hits-indahnya-telaga-menjer,,Garung,Kabupaten Wonosobo,Jawa Tengah,-7.3,109.94,Pusat kecamatan,teks+inferensi,
246,184,Bukit Sikunir,Wisata Alam,"Kawasan Dieng, Wonosobo",Spot sunrise favorit,1,1,2026-09-22 07:10:03+00:00,2026-09-22 07:10:03+00:00,0,0.0,,0.8,https://travel.tribunnews.com/destinasi/145805/5-tempat-wisata-di-wonosobo-yang-lagi-hits-indahnya-telaga-menjer,Sembungan,Kejajar,Kabupaten Wonosobo,Jawa Tengah,-7.24,109.923,Titik tempat,teks+inferensi,
247,185,Curug Silawe,Wisata Alam,Wonosobo,Air terjun dengan suasana alami,1,1,2026-09-22 07:10:03+00:00,2026-09-22 07:10:03+00:00,0,0.0,,0.8,https://travel.tribunnews.com/destinasi/145805/5-tempat-wisata-di-wonosobo-yang-lagi-hits-indahnya-telaga-menjer,,,Kabupaten Wonosobo,Jawa Tengah,-7.36,109.9,Pusat kota/kabupaten,teks,"Curug Silawe sering disebut berada di Desa Sutopati, Kec. Kajoran, Kab. Magelang (dekat perbatasan Wonosobo)"
248,186,Pantai Mutun,Wisata Alam,Lampung,"Pantai pasir putih ombak tenang, banana boat dan snorkeling",1,1,2026-05-10 07:00:00+00:00,2026-05-10 07:00:00+00:00,0,0.0,,0.85,https://www.detik.com/sumbagsel/wisata/d-8482740/17-tempat-wisata-favorit-di-lampung-yang-wajib-dikunjungi,,Teluk Pandan,Kabupaten Pesawaran,Lampung,-5.54,105.23,Pusat kecamatan,teks+inferensi,
249,187,Danau Ranau,Wisata Alam,Perbatasan Lampung dan Sumatera Selatan,Danau terbesar kedua di Sumatera dengan latar Gunung Seminung,1,1,2026-05-10 07:00:00+00:00,2026-05-10 07:00:00+00:00,0,0.0,,0.85,https://www.detik.com/sumbagsel/wisata/d-8482740/17-tempat-wisata-favorit-di-lampung-yang-wajib-dikunjungi,,,,,-4.86,103.93,Titik tempat,teks,Perbatasan Kab. Lampung Barat (Lampung) dan Kab. OKU Selatan (Sumatera Selatan)
250,188,Air Terjun Putri Malu,Wisata Alam,Lampung Barat,Air terjun berbentuk unik seperti perempuan menunduk,1,1,2026-05-10 07:00:00+00:00,2026-05-10 07:00:00+00:00,0,0.0,,0.85,https://www.detik.com/sumbagsel/wisata/d-8482740/17-tempat-wisata-favorit-di-lampung-yang-wajib-dikunjungi,,,Kabupaten Lampung Barat,Lampung,-5.03,104.15,Pusat kota/kabupaten,teks+inferensi,Beberapa sumber menyebut Air Terjun Putri Malu di Kab. Way Kanan
251,189,Song Wat,Wisata Alam,"Bangkok, Thailand","Kawasan bersejarah yang viral, disebut Blok M-nya Bangkok",1,1,2026-05-05 07:00:00+00:00,2026-05-05 07:00:00+00:00,0,1.0,,0.85,https://www.tripzilla.id/tempat-wisata-baru-bangkok-thailand/26990,,,,,13.756,100.502,Pusat kota/kabupaten,teks,Luar negeri: Thailand (Bangkok)
252,190,SkyFlyers Asiatique Bangkok,Wahana,"Asiatique The Riverfront, 2194 Charoenkrung Road, Wat Phraya Krai, Bang Kho Laem, Bangkok, Thailand","Ayunan raksasa tertinggi di Asia Pasifik 135 meter, tengah viral",1,1,2026-05-05 07:00:00+00:00,2026-05-05 07:00:00+00:00,0,1.0,,0.9,https://www.tripzilla.id/tempat-wisata-baru-bangkok-thailand/26990,,,,,13.7045,100.503,Titik tempat,teks,"Luar negeri: Thailand (Asiatique The Riverfront, Bangkok)"
253,1,Soto Mie Sarodja,Restoran,"Jalan Danau Tondano No.27, Pejompongan, Jakarta Pusat","Soto mie sejak 1970, diteruskan generasi kedua",1,1,2026-09-26 08:00:30+00:00,2026-09-26 08:00:30+00:00,0,0.0,,0.9,https://food.detik.com/rumah-makan/d-8679688/awas-kalap-ini-7-tempat-makan-soto-mie-legendaris-di-jakarta-dan-bogor,Bendungan Hilir,Tanah Abang,Kota Jakarta Pusat,DKI Jakarta,-6.209,106.81,Pusat kelurahan/desa,teks+inferensi,Pejompongan adalah kawasan di Kel. Bendungan Hilir
254,192,Taman wisata 22 hektar di Jl. Raya Puncak KM 77,Wahana,"Jl. Raya Puncak KM 77, Cilember, Cisarua, Bogor","Wahana permainan, drama musikal, spot foto estetik",1,1,2026-05-28 07:00:00+00:00,2026-05-28 07:00:00+00:00,0,0.0,2026,0.5,https://travel.detik.com/domestic-destination/d-8508203/12-rekomendasi-tempat-wisata-keluarga-paling-hits-di-bogor-2026,Cilember,Cisarua,Kabupaten Bogor,Jawa Barat,-6.656,106.914,Pusat kelurahan/desa,teks+inferensi,
255,193,Minimania,Wahana,"Jl. Sentul Paradise Park, Bojong Koneng, Babakan Madang, Bogor",Miniatur landmark dunia dan skyride,1,1,2026-05-28 07:00:00+00:00,2026-05-28 07:00:00+00:00,0,0.0,2026,0.8,https://travel.detik.com/domestic-destination/d-8508203/12-rekomendasi-tempat-wisata-keluarga-paling-hits-di-bogor-2026,Bojong Koneng,Babakan Madang,Kabupaten Bogor,Jawa Barat,-6.585,106.9,Pusat kelurahan/desa,teks+inferensi,
256,194,Sakura Park,Wahana,"Jl. Sentul Paradise Park, Bojong Koneng, Babakan Madang, Bogor",Wahana di kawasan Sentul Paradise Park,1,1,2026-05-28 07:00:00+00:00,2026-05-28 07:00:00+00:00,0,0.0,2026,0.6,https://travel.detik.com/domestic-destination/d-8508203/12-rekomendasi-tempat-wisata-keluarga-paling-hits-di-bogor-2026,Bojong Koneng,Babakan Madang,Kabupaten Bogor,Jawa Barat,-6.585,106.9,Pusat kelurahan/desa,teks+inferensi,
257,195,Adventure Land,Wahana,"Jl. Sentul Paradise Park, Bojong Koneng, Babakan Madang, Bogor",Wahana di kawasan Sentul Paradise Park,1,1,2026-05-28 07:00:00+00:00,2026-05-28 07:00:00+00:00,0,0.0,2026,0.6,https://travel.detik.com/domestic-destination/d-8508203/12-rekomendasi-tempat-wisata-keluarga-paling-hits-di-bogor-2026,Bojong Koneng,Babakan Madang,Kabupaten Bogor,Jawa Barat,-6.585,106.9,Pusat kelurahan/desa,teks+inferensi,
258,196,Lalay (restorasi bekas tambang),Wisata Alam,Bogor,Restorasi lahan bekas tambang ilegal menjadi destinasi kreatif,1,1,2026-05-28 07:00:00+00:00,2026-05-28 07:00:00+00:00,0,0.0,,0.55,https://travel.detik.com/domestic-destination/d-8508203/12-rekomendasi-tempat-wisata-keluarga-paling-hits-di-bogor-2026,,,Kabupaten Bogor,Jawa Barat,-6.55,106.8,Pusat kota/kabupaten,teks+inferensi,Bogor diasumsikan Kabupaten Bogor (wisata alam)
259,197,Melrimba,Wisata Alam,Bogor,Wisata balon udara premium,1,1,2026-05-28 07:00:00+00:00,2026-05-28 07:00:00+00:00,0,0.0,,0.7,https://travel.detik.com/domestic-destination/d-8508203/12-rekomendasi-tempat-wisata-keluarga-paling-hits-di-bogor-2026,Tugu Selatan,Cisarua,Kabupaten Bogor,Jawa Barat,-6.69,106.94,Pusat kecamatan,teks+inferensi,Kawasan Puncak
260,198,Taman Bunga dan Kebun Edukasi,Wisata Alam,Solo (Surakarta),"Tempat wisata baru yang viral, hamparan bunga dan kebun edukasi",1,1,2026-08-27 07:00:00+00:00,2026-08-27 07:00:00+00:00,0,1.0,,0.6,https://lahatpos.disway.id/topik-utama/read/662887/bukan-sekadar-keraton-5-tempat-wisata-terbaru-di-solo-yang-sedang-viral-dan-wajib-dikunjungi,,,Kota Surakarta,Jawa Tengah,-7.567,110.817,Pusat kota/kabupaten,teks+inferensi,
261,199,Pasar Seni dan Kuliner Kekinian,lainnya,Solo (Surakarta),"Wisata baru viral, karya seni dan kuliner tradisional gaya baru",1,1,2026-08-27 07:00:00+00:00,2026-08-27 07:00:00+00:00,0,1.0,,0.55,https://lahatpos.disway.id/topik-utama/read/662887/bukan-sekadar-keraton-5-tempat-wisata-terbaru-di-solo-yang-sedang-viral-dan-wajib-dikunjungi,,,Kota Surakarta,Jawa Tengah,-7.567,110.817,Pusat kota/kabupaten,teks+inferensi,
262,200,Taman Wisata Alam Bukit Pandang,Wisata Alam,Solo (Surakarta),"Wisata baru viral, pemandangan kota dari ketinggian",1,1,2026-08-27 07:00:00+00:00,2026-08-27 07:00:00+00:00,0,1.0,,0.6,https://lahatpos.disway.id/topik-utama/read/662887/bukan-sekadar-keraton-5-tempat-wisata-terbaru-di-solo-yang-sedang-viral-dan-wajib-dikunjungi,,,Kota Surakarta,Jawa Tengah,-7.567,110.817,Pusat kota/kabupaten,teks+inferensi,
263,201,Museum Interaktif Budaya,Museum,Solo (Surakarta),"Wisata baru viral, museum interaktif",1,1,2026-08-27 07:00:00+00:00,2026-08-27 07:00:00+00:00,0,1.0,,0.55,https://lahatpos.disway.id/topik-utama/read/662887/bukan-sekadar-keraton-5-tempat-wisata-terbaru-di-solo-yang-sedang-viral-dan-wajib-dikunjungi,,,Kota Surakarta,Jawa Tengah,-7.567,110.817,Pusat kota/kabupaten,teks+inferensi,
264,203,Mikutopia Batu,Wahana,"Kota Batu, Malang Raya","Taman tematik negeri jamur yang viral di medsos, instagramable",1,1,2026-04-03 07:00:00+00:00,2026-04-03 07:00:00+00:00,0,1.0,,0.9,https://nativeindonesia.com/mikutopia-batu/,,,Kota Batu,Jawa Timur,-7.87,112.527,Pusat kota/kabupaten,teks+inferensi,
265,204,Canyoning Bogor,Wisata Alam,Bogor,"Destinasi baru yang viral di kalangan muda, olahraga canyoning",1,1,2026-08-24 07:00:00+00:00,2026-08-24 07:00:00+00:00,0,1.0,,0.85,https://chanelmuslim.com/wisata/viral-canyoning-banyak-digemari-kalangan-muda-dan-jadi-destinasi-baru-di-bogor,,,Kabupaten Bogor,Jawa Barat,-6.55,106.8,Pusat kota/kabupaten,teks+inferensi,Bogor diasumsikan Kabupaten Bogor (wisata alam)
266,205,Curug Tebing,Wisata Alam,Bogor,Spot canyoning 16 meter untuk pemula,1,1,2026-08-24 07:00:00+00:00,2026-08-24 07:00:00+00:00,0,1.0,Dibuka Agustus 2024,0.75,https://chanelmuslim.com/wisata/viral-canyoning-banyak-digemari-kalangan-muda-dan-jadi-destinasi-baru-di-bogor,,,Kabupaten Bogor,Jawa Barat,-6.55,106.8,Pusat kota/kabupaten,teks+inferensi,Bogor diasumsikan Kabupaten Bogor (wisata alam)
267,206,Curug Ciampea,Wisata Alam,"Ciampea, Bogor",Spot canyoning 23 meter,1,1,2026-08-24 07:00:00+00:00,2026-08-24 07:00:00+00:00,0,1.0,Dibuka Januari 2025,0.75,https://chanelmuslim.com/wisata/viral-canyoning-banyak-digemari-kalangan-muda-dan-jadi-destinasi-baru-di-bogor,,Ciampea,Kabupaten Bogor,Jawa Barat,-6.56,106.7,Pusat kecamatan,teks+inferensi,
268,207,Curug Bungsu,Wisata Alam,Bogor,Spot canyoning terbaru 27 meter,1,1,2026-08-24 07:00:00+00:00,2026-08-24 07:00:00+00:00,0,1.0,Dibuka Oktober 2025,0.75,https://chanelmuslim.com/wisata/viral-canyoning-banyak-digemari-kalangan-muda-dan-jadi-destinasi-baru-di-bogor,,,Kabupaten Bogor,Jawa Barat,-6.55,106.8,Pusat kota/kabupaten,teks+inferensi,Bogor diasumsikan Kabupaten Bogor (wisata alam)
269,208,Goalpara Tea Park (GTP),Wisata Alam,Sukabumi,"Spot paling viral di TikTok, rainbow slide dan ATV di kebun teh",1,1,2026-06-20 07:00:00+00:00,2026-06-20 07:00:00+00:00,0,1.0,2026,0.9,https://radarsukabumi.com/wisata/10-tempat-wisata-hits-di-sukabumi-2026-yang-wajib-masuk-bucket-list-kamu/,,Sukaraja,Kabupaten Sukabumi,Jawa Barat,-6.88,106.96,Pusat kecamatan,teks+inferensi,
270,209,Situ Gunung Suspension Bridge,Wisata Alam,Sukabumi,Jembatan gantung tengah hutan terpanjang di Asia Tenggara,1,1,2026-06-20 07:00:00+00:00,2026-06-20 07:00:00+00:00,0,0.0,,0.8,https://radarsukabumi.com/wisata/10-tempat-wisata-hits-di-sukabumi-2026-yang-wajib-masuk-bucket-list-kamu/,,Kadudampit,Kabupaten Sukabumi,Jawa Barat,-6.85,106.91,Pusat kecamatan,teks+inferensi,
271,210,Wisata Alam OASIS Sukabumi,Wahana,Sukabumi,"Arsitektur bergaya Eropa, mini zoo, kolam renang",1,1,2026-06-20 07:00:00+00:00,2026-06-20 07:00:00+00:00,0,0.0,,0.8,https://radarsukabumi.com/wisata/10-tempat-wisata-hits-di-sukabumi-2026-yang-wajib-masuk-bucket-list-kamu/,,,,Jawa Barat,-6.92,107.6,Pusat provinsi,teks+inferensi,Sukabumi ambigu (Kota/Kabupaten Sukabumi)
272,211,UNESCO Global Geopark Ciletuh,Wisata Alam,Sukabumi,"Bukit batu purba, laut lepas, belasan air terjun",1,1,2026-06-20 07:00:00+00:00,2026-06-20 07:00:00+00:00,0,0.0,,0.8,https://radarsukabumi.com/wisata/10-tempat-wisata-hits-di-sukabumi-2026-yang-wajib-masuk-bucket-list-kamu/,,Ciemas,Kabupaten Sukabumi,Jawa Barat,-7.07,106.7,Pusat kota/kabupaten,teks+inferensi,
273,212,Curug Cikaso,Wisata Alam,Sukabumi,Air terjun tiga aliran dengan kolam hijau toska,1,1,2026-06-20 07:00:00+00:00,2026-06-20 07:00:00+00:00,0,0.0,,0.8,https://radarsukabumi.com/wisata/10-tempat-wisata-hits-di-sukabumi-2026-yang-wajib-masuk-bucket-list-kamu/,,Cibitung,Kabupaten Sukabumi,Jawa Barat,-7.07,106.7,Pusat kota/kabupaten,teks+inferensi,
274,213,Wisata Bukit Baros,Wisata Alam,Sukabumi,Glamping di hutan pinus,1,1,2026-06-20 07:00:00+00:00,2026-06-20 07:00:00+00:00,0,0.0,,0.8,https://radarsukabumi.com/wisata/10-tempat-wisata-hits-di-sukabumi-2026-yang-wajib-masuk-bucket-list-kamu/,,,,Jawa Barat,-6.92,107.6,Pusat provinsi,teks+inferensi,Sukabumi ambigu (Kota/Kabupaten Sukabumi)
275,215,Museum Anti Stres,Museum,"Kota Shenzhen, China",Museum viral dengan instalasi seni nyeleneh menyindir tekanan hidup,1,1,2026-06-09 07:00:00+00:00,2026-06-09 07:00:00+00:00,0,1.0,Agustus 2026,0.8,https://tv.sinpo.id/detail/museum-anti-stres-viral-di-china,,,,,22.543,114.058,Pusat kota/kabupaten,teks,Luar negeri: China (Shenzhen)
276,217,Art Dialogue II,Pameran,Galeri di Tasikmalaya,Antrean panjang sebelum galeri buka menjadi viral,1,1,2026-08-01 07:00:00+00:00,2026-08-01 07:00:00+00:00,0,1.0,,0.8,https://mimbarrakyatnews.com/art-dialogue-ii-viral-dan-antrean-panjang-di-tasikmalaya-galeri-belum-buka-kang-acong-monolog/,,,,Jawa Barat,-6.92,107.6,Pusat provinsi,teks+inferensi,Tasikmalaya ambigu (Kota/Kabupaten)
277,219,GIIAS 2026,Pameran,"BSD City, Tangerang",Pameran otomotif; menampilkan Hyundai Ioniq 3 yang viral di Eropa,2,1,2026-07-09 07:00:00+00:00,2026-08-04 07:00:00+00:00,26,0.5,30 Juli - 9 Agustus 2026,0.6,https://www.rctiplus.com/news/detail/otomotif/5424370/viral-di-eropa--hyundai-bakal-boyong-ioniq-3-ke-giias-2026,,Pagedangan,Kabupaten Tangerang,Banten,-6.3009,106.6365,Titik tempat,teks+inferensi,GIIAS di ICE BSD City (Kab. Tangerang)
278,220,Event kuliner khas Jakarta di Palembang Indah Mall,Pameran,"Palembang Indah Mall (PIM), Palembang","Festival 40+ tenant makanan viral Jakarta, dipadati pengunjung",1,1,2026-06-30 07:00:00+00:00,2026-06-30 07:00:00+00:00,0,1.0,22 Juni - 2 Juli 2026,0.85,https://rri.co.id/palembang/regional/2532795/festival-kuliner-viral-jakarta-tarik-minat-pengunjung-palembang-indah-mall,,Ilir Timur I,Kota Palembang,Sumatera Selatan,-2.979,104.755,Titik tempat,teks+inferensi,
279,221,Chewy's Dessert by Jennifer Coppen,Kafe,"Tenant di Palembang Indah Mall, Palembang",Kuliner viral dari Jakarta,1,1,2026-06-30 07:00:00+00:00,2026-06-30 07:00:00+00:00,0,1.0,,0.65,https://rri.co.id/palembang/regional/2532795/festival-kuliner-viral-jakarta-tarik-minat-pengunjung-palembang-indah-mall,,Ilir Timur I,Kota Palembang,Sumatera Selatan,-2.979,104.755,Titik tempat,teks+inferensi,
280,222,Bungeoppang,lainnya,"Tenant di Palembang Indah Mall, Palembang",Tenant kewalahan melayani pembeli,1,1,2026-06-30 07:00:00+00:00,2026-06-30 07:00:00+00:00,0,1.0,,0.65,https://rri.co.id/palembang/regional/2532795/festival-kuliner-viral-jakarta-tarik-minat-pengunjung-palembang-indah-mall,,Ilir Timur I,Kota Palembang,Sumatera Selatan,-2.979,104.755,Titik tempat,teks+inferensi,
281,223,Dubai Chewy Cookies by Momoichi,Kafe,"Tenant di Palembang Indah Mall, Palembang",Kuliner viral dari Jakarta,1,1,2026-06-30 07:00:00+00:00,2026-06-30 07:00:00+00:00,0,1.0,,0.65,https://rri.co.id/palembang/regional/2532795/festival-kuliner-viral-jakarta-tarik-minat-pengunjung-palembang-indah-mall,,Ilir Timur I,Kota Palembang,Sumatera Selatan,-2.979,104.755,Titik tempat,teks+inferensi,
282,224,Highland Fest Bukittinggi,Pameran,"Bukittinggi, Sumatera Barat",Viral momen hujan abu vulkanik saat konser,1,1,2026-09-27 23:05:34+00:00,2026-09-27 23:05:34+00:00,0,1.0,26 September 2026,0.45,https://women.okezone.com/read/2026/09/28/25/3244560/viral-netizen-bagikan-momen-hujan-abu-vulkanik-saat-festival-musik-diduga-akibat-erupsi-gunung-marapi,,,Kota Bukittinggi,Sumatera Barat,-0.305,100.369,Pusat kota/kabupaten,teks+inferensi,
283,225,Savoria Festival 2026,Pameran,"Kampus Universitas Adiwangsa Jambi (UNAJA), Jambi",Festival kampus dengan 22 tenant makanan viral,1,1,2026-09-24 14:15:00+00:00,2026-09-24 14:15:00+00:00,0,0.0,25 September 2026,0.7,https://jektvnews.disway.id/adv/read/26897/mahasiswa-unaja-sulap-tugas-kuliah-jadi-savoria-festival-2026-hadirkan-22-tenant-viral,,,Kota Jambi,Jambi,-1.61,103.613,Pusat kota/kabupaten,teks+inferensi,Kampus UNAJA
284,226,Jakarta Halal Viral Culinary Festival,Pameran,"Kota Kediri, Jawa Timur",Pameran jajanan viral dari berbagai daerah,1,1,2026-07-19 07:00:00+00:00,2026-07-19 07:00:00+00:00,0,1.0,19 Juli 2026,0.8,https://www.antarafoto.com/view/2823927/jakarta-halal-culinary-festival-goes-viral-in-kediri,,,Kota Kediri,Jawa Timur,-7.817,112.012,Pusat kota/kabupaten,teks,
285,228,Pusat Grosir Asemka,lainnya,"Asemka, Jakarta Barat",Tempat Gen Z berburu barang tren/viral untuk dijual ulang,1,1,2026-09-09 07:00:00+00:00,2026-09-09 07:00:00+00:00,0,0.0,,0.5,https://www.cnbcindonesia.com/news/20260909132930-4-766508/gen-z-jadi-reseller-online-modal-segini-ke-pasar-asemka-bisa-viral,Roa Malaka,Tambora,Kota Jakarta Barat,DKI Jakarta,-6.137,106.812,Pusat kelurahan/desa,teks+inferensi,Pusat grosir Asemka
286,231,Bakmi Posar,Restoran,"Lantai 2 Pasar Jambu Dua, Kota Bogor",Pelopor tenant kuliner di Pasar Jambu Dua,1,1,2026-09-22 23:50:18+00:00,2026-09-22 23:50:18+00:00,0,0.0,Mei 2026,0.7,https://travel.detik.com/cerita-perjalanan/d-8674916/viral-pasar-jambu-dua-jadi-tempat-nongkrong-kalcer-gen-z-bogor,Bantarjati,Bogor Utara,Kota Bogor,Jawa Barat,-6.5694,106.8083,Titik tempat,teks+inferensi,Pasar Jambu Dua
287,232,Wahana Bianglala Pasar Malam Desa Laut Dendang,Wahana,"Desa Laut Dendang, Kecamatan Percut Sei Tuan, Kabupaten Deli Serdang",Viral karena bianglala rusak dan 30 pengunjung terjebak (isu negatif),1,1,2026-07-13 07:00:00+00:00,2026-07-13 07:00:00+00:00,0,1.0,11 Juli 2026,0.8,https://medan.kompas.com/read/2026/07/13/111246278/30-orang-terjebak-di-bianglala-pasar-malam-deli-serdang-pengelola-ungkap,Laut Dendang,Percut Sei Tuan,Kabupaten Deli Serdang,Sumatera Utara,3.603,98.73,Pusat kelurahan/desa,teks+inferensi,
288,233,Pasar Malam Raohe (Raohe Street Night Market),Wisata Alam,"Taipei, Taiwan",Viral karena aksi Jensen Huang mentraktir antrean jagung bakar,1,1,2026-05-28 07:00:00+00:00,2026-05-28 07:00:00+00:00,0,1.0,Mei 2026,0.8,https://www.kompas.com/food/read/2026/05/28/075854975/demi-jagung-bakar-bos-nvidia-jensen-huang-traktir-antrean-1-pasar-malam?page=all,,,,,25.0508,121.5776,Titik tempat,teks,Luar negeri: Taiwan (Taipei)
289,234,Toko buku di Kawasan Wisata Mianhua Tiankeng,Wisata Alam,"Desa Mianhua, Kota Hechi, Guangxi, Tiongkok",Toko buku di tebing lubang runtuhan sedalam 326 meter menjadi viral dan tempat check-in populer,1,1,2026-09-16 07:00:00+00:00,2026-09-16 07:00:00+00:00,0,1.0,Dibuka Mei 2025,0.85,https://www.vietnam.vn/id/hieu-sach-trong-ho-sut-khong-lo-o-trung-quoc-gay-sot,,,,,24.693,108.085,Pusat kota/kabupaten,teks,"Luar negeri: China (Hechi, Guangxi)"
290,235,Tiramisusu,Kafe,"Jalan Anggrek No.48, Cihapit, Kecamatan Bandung Wetan, Kota Bandung","Oleh-oleh viral yang sering diburu, rela antre",1,1,2026-04-07 07:00:00+00:00,2026-04-07 07:00:00+00:00,0,1.0,,0.8,https://travel.tribunnews.com/shopping/142748/5-toko-oleh-oleh-unik-di-bandung-yang-lagi-viral-dan-selalu-ramai,Cihapit,Bandung Wetan,Kota Bandung,Jawa Barat,-6.903,107.625,Pusat kelurahan/desa,teks+inferensi,
291,236,Accra Bakes,Kafe,"Jalan Mandolin No.6, Turangga, Kecamatan Lengkong, Kota Bandung","Toko dessert rumahan drive thru, basque burnt cheesecake; masuk daftar oleh-oleh viral",1,1,2026-04-07 07:00:00+00:00,2026-04-07 07:00:00+00:00,0,1.0,,0.8,https://travel.tribunnews.com/shopping/142748/5-toko-oleh-oleh-unik-di-bandung-yang-lagi-viral-dan-selalu-ramai,Turangga,Lengkong,Kota Bandung,Jawa Barat,-6.935,107.628,Pusat kelurahan/desa,teks+inferensi,
292,237,Sepotong Warisan,Kafe,"Jalan Purnawarman, Bandung","Oleh-oleh viral Bandung, toko kue konsep tempo dulu, Kue Warisan bolu marmer",1,1,2026-08-26 07:00:00+00:00,2026-08-26 07:00:00+00:00,0,1.0,,0.85,https://travel.tribunnews.com/shopping/144603/oleh-oleh-viral-di-bandung-ini-daftar-harga-menu-sepotong-warisan,,,Kota Bandung,Jawa Barat,-6.917,107.619,Pusat kota/kabupaten,teks+inferensi,
293,239,EM Gelato,Kafe,"Blok M, Jakarta Selatan","Usaha kuliner di Blok M, strategi viral",1,1,2026-05-29 07:00:00+00:00,2026-05-29 07:00:00+00:00,0,0.0,,0.6,https://www.cnnindonesia.com/ekonomi/20260529061425-92-1363217/bisnis-pendulang-cuan-di-blok-m-modal-miliaran-jurus-anti-tekor,Melawai,Kebayoran Baru,Kota Jakarta Selatan,DKI Jakarta,-6.244,106.8,Titik tempat,teks+inferensi,
294,240,Kawasan Cihapit,lainnya,"Cihapit, Kec. Bandung Wetan, Kota Bandung","Kawasan naik daun dan viral, dijuluki Blok M-nya Bandung",1,1,2026-04-25 07:00:00+00:00,2026-04-25 07:00:00+00:00,0,1.0,,0.85,https://www.tripzilla.id/tempat-cihapit-bandung/26925,Cihapit,Bandung Wetan,Kota Bandung,Jawa Barat,-6.903,107.625,Pusat kelurahan/desa,teks+inferensi,
295,241,Toko Bakmi Feng,Restoran,"Pasar Cihapit, Kota Bandung",Tenant menarik di Pasar Cihapit,1,1,2026-04-25 07:00:00+00:00,2026-04-25 07:00:00+00:00,0,0.0,,0.65,https://www.tripzilla.id/tempat-cihapit-bandung/26925,Cihapit,Bandung Wetan,Kota Bandung,Jawa Barat,-6.903,107.625,Pusat kelurahan/desa,teks+inferensi,
296,242,Nasi Telur Sumber Rezeki,Restoran,"Pasar Cihapit, Kota Bandung",Tenant menarik di Pasar Cihapit,1,1,2026-04-25 07:00:00+00:00,2026-04-25 07:00:00+00:00,0,0.0,,0.65,https://www.tripzilla.id/tempat-cihapit-bandung/26925,Cihapit,Bandung Wetan,Kota Bandung,Jawa Barat,-6.903,107.625,Pusat kelurahan/desa,teks+inferensi,
297,243,Baso Gepeng 99,Restoran,"Pasar Cihapit, Kota Bandung",Tenant menarik di Pasar Cihapit,1,1,2026-04-25 07:00:00+00:00,2026-04-25 07:00:00+00:00,0,0.0,,0.65,https://www.tripzilla.id/tempat-cihapit-bandung/26925,Cihapit,Bandung Wetan,Kota Bandung,Jawa Barat,-6.903,107.625,Pusat kelurahan/desa,teks+inferensi,
298,244,Jakarta Fair (Pekan Raya Jakarta/PRJ),Pameran,Jakarta,Pameran tahunan dengan ratusan tenant dan barang viral,1,1,2026-07-06 07:00:00+00:00,2026-07-06 07:00:00+00:00,0,0.0,,0.6,https://wolipop.detik.com/advertorial-news-block/d-8561909/cari-tas-viral-di-prj-ini-5-pilihan-yang-patut-dilirik,Pademangan Timur,Pademangan,Kota Jakarta Utara,DKI Jakarta,-6.1467,106.8456,Titik tempat,teks+inferensi,JIExpo Kemayoran
299,245,Roti Unyil Venus,Kafe,"Ruko V Point, Jl. Raya Pajajaran No. 1, Bogor","Ikon oleh-oleh legendaris sejak 1992, selalu ramai antrean",1,1,2026-07-31 07:00:00+00:00,2026-07-31 07:00:00+00:00,0,0.0,,0.8,https://www.tripzilla.id/oleh-oleh-khas-bogor/27427,,,Kota Bogor,Jawa Barat,-6.595,106.797,Pusat kota/kabupaten,teks+inferensi,Jalan Pajajaran melintasi beberapa kecamatan
300,246,Lapis Bogor,Kafe,"Jl. Raya Pajajaran No. 20i, Bogor",Pelopor bolu talas modern,1,1,2026-07-31 07:00:00+00:00,2026-07-31 07:00:00+00:00,0,0.0,,0.75,https://www.tripzilla.id/oleh-oleh-khas-bogor/27427,,,Kota Bogor,Jawa Barat,-6.595,106.797,Pusat kota/kabupaten,teks+inferensi,Jalan Pajajaran melintasi beberapa kecamatan
301,247,Strudel Bogor,Kafe,"Jl. Pajajaran No. 3F / No. 78K, Bogor",Pastry berlapis dengan isian lokal,1,1,2026-07-31 07:00:00+00:00,2026-07-31 07:00:00+00:00,0,0.0,,0.7,https://www.tripzilla.id/oleh-oleh-khas-bogor/27427,,,Kota Bogor,Jawa Barat,-6.595,106.797,Pusat kota/kabupaten,teks+inferensi,Jalan Pajajaran melintasi beberapa kecamatan
302,248,The Harvest Cakes,Kafe,Jakarta Pusat,"Cheesecake viral, banyak varian",1,1,2026-04-29 07:00:00+00:00,2026-04-29 07:00:00+00:00,0,1.0,,0.75,https://travel.tribunnews.com/kuliner/142986/5-cheesecake-viral-di-jakarta-pusat-cocok-untuk-oleh-oleh,,,Kota Jakarta Pusat,DKI Jakarta,-6.182,106.834,Pusat kota/kabupaten,teks+inferensi,
303,249,Kibo Cheese,Kafe,Jakarta Pusat,"Molten cheesecake yang unik, masuk daftar cheesecake viral",1,1,2026-04-29 07:00:00+00:00,2026-04-29 07:00:00+00:00,0,1.0,,0.75,https://travel.tribunnews.com/kuliner/142986/5-cheesecake-viral-di-jakarta-pusat-cocok-untuk-oleh-oleh,,,Kota Jakarta Pusat,DKI Jakarta,-6.182,106.834,Pusat kota/kabupaten,teks+inferensi,
304,250,Dapur Cokelat,Kafe,Jakarta Pusat,"Toko kue legendaris, masuk daftar cheesecake viral",1,1,2026-04-29 07:00:00+00:00,2026-04-29 07:00:00+00:00,0,1.0,,0.7,https://travel.tribunnews.com/kuliner/142986/5-cheesecake-viral-di-jakarta-pusat-cocok-untuk-oleh-oleh,,,Kota Jakarta Pusat,DKI Jakarta,-6.182,106.834,Pusat kota/kabupaten,teks+inferensi,
305,252,Teras Malioboro,lainnya,Yogyakarta,Tempat belanja oleh-oleh,1,1,2026-04-07 07:00:00+00:00,2026-04-07 07:00:00+00:00,0,0.0,,0.6,https://travel.tribunnews.com/shopping/142761/5-tempat-beli-oleh-oleh-di-jogja-yang-ramai-lengkap-dan-terjangkau,,,Kota Yogyakarta,DI Yogyakarta,-7.797,110.37,Pusat kota/kabupaten,teks+inferensi,Teras Malioboro ada dua lokasi di kawasan Malioboro
306,253,Lombok,Wisata Alam,"Lombok, Nusa Tenggara Barat",Destinasi hidden gem dengan pertumbuhan menginap tercepat,1,1,2026-06-09 07:00:00+00:00,2026-06-09 07:00:00+00:00,0,0.0,,0.5,https://travel.kompas.com/read/2026/06/09/170000027/wisatawan-indonesia-makin-sering-liburan-ke-hidden-gem-mana-saja-?page=all,,,,Nusa Tenggara Barat,-8.65,116.32,Titik tempat,teks,Pulau Lombok (mencakup beberapa kabupaten/kota)
307,254,Pantai Senggigi,Wisata Alam,"Lombok, Nusa Tenggara Barat",Disebut sebagai tempat wisatawan menikmati sunset,1,1,2026-06-11 07:00:00+00:00,2026-06-11 07:00:00+00:00,0,0.0,,0.5,https://nationalgeographic.grid.id/read/134386113/destinasi-hidden-gems-indonesia-makin-diminati-wisatawan,Senggigi,Batu Layar,Kabupaten Lombok Barat,Nusa Tenggara Barat,-8.491,116.043,Titik tempat,teks+inferensi,
308,256,Bali,Wisata Alam,Bali,Dinobatkan destinasi terbaik dunia 2026 versi TripAdvisor,1,1,2026-06-29 07:00:00+00:00,2026-06-29 07:00:00+00:00,0,0.0,2026,0.5,https://www.harapanrakyat.com/2026/04/tren-wisata-indonesia-2026-bali-raih-predikat-terbaik-dunia-hingga-munculnya-fenomena-hidden-gem-baru/,,,,Bali,-8.34,115.092,Pusat provinsi,teks,
309,257,Karimunjawa,Wisata Alam,"Karimunjawa, Jawa Tengah","Lokasi viral di TikTok dan Instagram, perairan bening",1,1,2026-06-29 07:00:00+00:00,2026-06-29 07:00:00+00:00,0,1.0,2026,0.75,https://www.harapanrakyat.com/2026/04/tren-wisata-indonesia-2026-bali-raih-predikat-terbaik-dunia-hingga-munculnya-fenomena-hidden-gem-baru/,,Karimunjawa,Kabupaten Jepara,Jawa Tengah,-5.84,110.46,Pusat kecamatan,teks+inferensi,
310,258,Blue fire Banyuwangi (Kawah Ijen),Wisata Alam,"Banyuwangi, Jawa Timur",Fenomena blue fire yang viral di media sosial,1,1,2026-06-29 07:00:00+00:00,2026-06-29 07:00:00+00:00,0,1.0,2026,0.7,https://www.harapanrakyat.com/2026/04/tren-wisata-indonesia-2026-bali-raih-predikat-terbaik-dunia-hingga-munculnya-fenomena-hidden-gem-baru/,,,Kabupaten Banyuwangi,Jawa Timur,-8.0583,114.2417,Titik tempat,teks,
311,260,Museum Kebangkitan Nasional (gedung STOVIA),Museum,"Jl. Abdul Rahman Saleh No.26, Senen, Jakarta Pusat","Museum hidden gem di bekas gedung STOVIA, tempat lahir Boedi Oetomo",1,1,2026-09-07 12:56:00+00:00,2026-09-07 12:56:00+00:00,0,0.0,,0.8,https://www.cnnindonesia.com/gaya-hidup/20260629103411-269-1374548/15-museum-hidden-gem-di-jakarta-sepi-tapi-sarat-cerita,Senen,Senen,Kota Jakarta Pusat,DKI Jakarta,-6.1785,106.8385,Titik tempat,teks+inferensi,
312,261,Museum Perumusan Naskah Proklamasi (rumah Laksamana Maeda),Museum,"Menteng, Jakarta Pusat",Museum hidden gem tempat penyusunan naskah Proklamasi,1,1,2026-09-07 12:56:00+00:00,2026-09-07 12:56:00+00:00,0,0.0,,0.75,https://www.cnnindonesia.com/gaya-hidup/20260629103411-269-1374548/15-museum-hidden-gem-di-jakarta-sepi-tapi-sarat-cerita,Menteng,Menteng,Kota Jakarta Pusat,DKI Jakarta,-6.196,106.833,Pusat kelurahan/desa,teks+inferensi,
313,262,Pulau Bair,Wisata Alam,"Tual, Kepulauan Kei, Maluku","Hidden gem wisata bahari, tebing karang dan laguna jernih",1,1,2026-04-12 07:00:00+00:00,2026-04-12 07:00:00+00:00,0,0.0,,0.85,https://rri.co.id/voice-of-indonesia/tourism/2712569/malukus-hidden-gem-the-magic-of-bair-island,,,Kota Tual,Maluku,-5.63,132.75,Pusat kota/kabupaten,teks+inferensi,
314,263,Rujak Cingur Bu Is,Restoran,"Gang di Kelurahan Sidomoro, Kecamatan Kebomas, Kabupaten Gresik, Jawa Timur",Hidden gem kuliner rujak cingur legendaris sejak 2003,1,1,2026-06-02 07:00:00+00:00,2026-06-02 07:00:00+00:00,0,0.0,,0.85,https://timesindonesia.co.id/kuliner/585243/hidden-gem-kuliner-lezatnya-rujak-cingur-legendaris-di-gresik,Sidomoro,Kebomas,Kabupaten Gresik,Jawa Timur,-7.172,112.63,Pusat kecamatan,teks,
315,264,Basement Blok M Square,lainnya,"Blok M Square, Jakarta Selatan","Hidden gem Blok M: kaset, CD, vinyl, dan buku bekas",1,1,2026-07-16 07:00:00+00:00,2026-07-16 07:00:00+00:00,0,0.0,,0.7,https://www.cnnindonesia.com/gaya-hidup/20260520141739-269-1360408/tak-melulu-harus-viral-ini-6-rekomendasi-hidden-gem-di-blok-m,Melawai,Kebayoran Baru,Kota Jakarta Selatan,DKI Jakarta,-6.2445,106.801,Titik tempat,teks+inferensi,
316,266,Warung Aceh Bang Ari,Restoran,Jakarta,"Suasana mirip Aceh, Mie Aceh Udang dan Sate Matang",1,1,2026-05-26 13:27:59+00:00,2026-05-26 13:27:59+00:00,0,0.0,,0.8,https://www.nibble.id/restoran-aceh-jakarta/,,,,DKI Jakarta,-6.2,106.817,Pusat provinsi,teks,
317,267,Waroeng Aceh Kemang,Restoran,"Kemang, Jakarta Selatan",Warung Aceh di Jakarta,1,1,2026-05-26 13:27:59+00:00,2026-05-26 13:27:59+00:00,0,0.0,,0.5,https://www.nibble.id/restoran-aceh-jakarta/,,Mampang Prapatan,Kota Jakarta Selatan,DKI Jakarta,-6.25,106.826,Pusat kecamatan,teks+inferensi,Kemang (area)
318,268,Mie Aceh Kring-kring,Restoran,"Kawasan Saharjo, Tebet, Jakarta Selatan","Konsep mobil toko, tempat nongkrong sejak 2020",1,1,2026-05-06 07:00:00+00:00,2026-05-06 07:00:00+00:00,0,0.0,,0.8,https://food.detik.com/tempat-makan/d-8459750/7-kedai-mie-aceh-favorit-di-jakarta-rasanya-nendang,,Tebet,Kota Jakarta Selatan,DKI Jakarta,-6.228,106.851,Pusat kecamatan,teks+inferensi,
319,269,Kopi Oey,Kafe,"Jl. H. Agus Salim No.20, Kb. Sirih, Kec. Menteng, Jakarta Pusat","Kedai kopi didirikan Bondan Winarno, buka 24 jam",1,1,2026-04-21 07:00:00+00:00,2026-04-21 07:00:00+00:00,0,0.0,,0.85,https://www.tripzilla.id/kuliner-malam-jalan-sabang/26993,Kebon Sirih,Menteng,Kota Jakarta Pusat,DKI Jakarta,-6.184,106.828,Pusat kelurahan/desa,teks+inferensi,
320,270,Arab Hadramot Jakarta,Restoran,"Jl. H. Agus Salim No.46, Kb. Sirih, Kec. Menteng, Jakarta Pusat","Menu khas Yaman, nasi mandi",1,1,2026-04-21 07:00:00+00:00,2026-04-21 07:00:00+00:00,0,0.0,,0.85,https://www.tripzilla.id/kuliner-malam-jalan-sabang/26993,Kebon Sirih,Menteng,Kota Jakarta Pusat,DKI Jakarta,-6.184,106.828,Pusat kelurahan/desa,teks+inferensi,
321,272,Mie Aceh Pondok,Restoran,"Dekat Stasiun Pasar Minggu, Jakarta Selatan","Mie Aceh dengan bumbu kaya rempah, rasa mendekati asli",1,1,2026-09-25 08:15:00+00:00,2026-09-25 08:15:00+00:00,0,0.0,,0.75,https://travel.tribunnews.com/kuliner/142905/5-makan-malam-dekat-stasiun-pasar-minggu-jaksel-cocok-buat-pulang-kerja,Pasar Minggu,Pasar Minggu,Kota Jakarta Selatan,DKI Jakarta,-6.284,106.842,Pusat kelurahan/desa,teks+inferensi,Dekat Stasiun Pasar Minggu
322,273,Pempek Palembang Musi Raya,Restoran,"Jalan Raya Ragunan No 91, Pasar Minggu, Jakarta Selatan",Pempek dengan rasa konsisten sejak dulu,1,1,2026-09-25 08:15:00+00:00,2026-09-25 08:15:00+00:00,0,0.0,,0.8,https://travel.tribunnews.com/kuliner/142905/5-makan-malam-dekat-stasiun-pasar-minggu-jaksel-cocok-buat-pulang-kerja,,Pasar Minggu,Kota Jakarta Selatan,DKI Jakarta,-6.29,106.834,Pusat kecamatan,teks+inferensi,
323,275,Pameran 250 foto wisata Aceh,Pameran,"Aula FISIP Universitas Malikussaleh, Aceh Utara",Pameran foto wisata Aceh untuk promosi pascabanjir,1,1,2026-05-10 07:00:00+00:00,2026-05-10 07:00:00+00:00,0,0.0,22 Juli 2026,0.7,https://travel.kompas.com/read/2026/07/23/070426427/250-foto-berbagai-wisata-aceh-dipamerkan-di-kampus-upaya-promosi-pariwisata,,,Kabupaten Aceh Utara,Aceh,4.97,97.14,Pusat kota/kabupaten,teks+inferensi,
324,277,Pante Biram,Wisata Alam,"Gampong Blang Pante, Kecamatan Paya Bakong, Aceh Utara","Wisata sungai jernih, video dan foto pengunjung viral di media sosial",1,1,2026-09-14 07:00:00+00:00,2026-09-14 07:00:00+00:00,0,1.0,,0.9,https://portalsatu.com/pante-biram-surga-wisata-sungai-di-pedalaman-aceh-utara-yang-kini-viral-di-media-sosial/,Blang Pante,Paya Bakong,Kabupaten Aceh Utara,Aceh,4.97,97.14,Pusat kota/kabupaten,teks+inferensi,
325,278,Pantai Lampuuk,Wisata Alam,Kabupaten Aceh Besar,"Lokasi pengunjung tenggelam, diusulkan jadi percontohan wisata selamat",1,1,2026-06-07 07:00:00+00:00,2026-06-07 07:00:00+00:00,0,0.0,13 September 2026,0.6,https://modusaceh.co/news/basarnas-siapkan-program-wisata-selamat-dan-penjaga-pantai/index.html,Lampuuk,Lhoknga,Kabupaten Aceh Besar,Aceh,5.496,95.241,Titik tempat,teks+inferensi,
326,279,Jiva Takengon,Wisata Alam,"Danau Lut Tawar, Takengon, Aceh Tengah",Destinasi camping dan glamping; sempat viral berkat konsep private boat,1,1,2026-08-24 07:00:00+00:00,2026-08-24 07:00:00+00:00,0,1.0,,0.85,https://lintasgayo.com/jiva-takengon-pilihan-destinasi-wisata-camping-di-aceh-tengah/,,,Kabupaten Aceh Tengah,Aceh,4.53,96.85,Pusat kota/kabupaten,teks+inferensi,"Takengon, tepi Danau Lut Tawar"
327,281,Air Terjun Blang Kolam,Wisata Alam,"Desa Sidomulyo, Kecamatan Kuta Makmur, Kabupaten Aceh Utara",Wisata canyoneering 70 meter yang viral,1,1,2026-06-17 07:00:00+00:00,2026-06-17 07:00:00+00:00,0,1.0,Mulai November 2025,0.9,https://travel.kompas.com/read/2026/06/10/180000927/menaklukkan-air-terjun-blang-kolam-wisata-canyoneering-70-meter-yang-viral-di,Sidomulyo,Kuta Makmur,Kabupaten Aceh Utara,Aceh,4.97,97.14,Pusat kota/kabupaten,teks+inferensi,
328,282,Jalan Lintas Aceh Jaya-Meulaboh,Wisata Alam,"Krueng Sabee dan Calang, Aceh Jaya","Jalan pesisir mulus dengan view laut viral di TikTok dan Instagram, dijuluki jalan tol-nya Aceh",1,1,2026-05-14 07:00:00+00:00,2026-05-14 07:00:00+00:00,0,1.0,26 April 2026,0.8,https://rri.co.id/meulaboh/wisata/2365250/jalan-lintas-aceh-jaya-tol-pesisir-aceh-view-laut-yang-viral,,Krueng Sabee,Kabupaten Aceh Jaya,Aceh,4.63,95.58,Pusat kecamatan,teks+inferensi,Ruas jalan lintas; Calang berada di Kec. Krueng Sabee
329,283,Danau Lut Tawar,Wisata Alam,Aceh Tengah,Destinasi unggulan Aceh Tengah,1,1,2026-06-12 07:00:00+00:00,2026-06-12 07:00:00+00:00,0,0.0,,0.6,https://rri.co.id/takengon/daerah-3t/2413999/menteri-pariwisata-dukung-pemulihan-wisata-aceh-tengah,,,Kabupaten Aceh Tengah,Aceh,4.61,96.93,Titik tempat,teks+inferensi,
330,284,Pulau Banyak,Wisata Alam,Kabupaten Aceh Singkil,Memikat kreator konten Shella Saukia,1,1,2026-07-17 07:00:00+00:00,2026-07-17 07:00:00+00:00,0,0.0,11 Juni 2026,0.8,https://rri.co.id/aceh-singkil/wisata/2486429/pesona-pulau-banyak-aceh-singkil-pikat-konten-kreator-shella-saukia,,Pulau Banyak,Kabupaten Aceh Singkil,Aceh,2.17,97.3,Pusat kecamatan,teks+inferensi,
331,285,Pulau Panjang,Wisata Alam,"Pulau Banyak, Aceh Singkil",Dikunjungi Shella Saukia,1,1,2026-07-17 07:00:00+00:00,2026-07-17 07:00:00+00:00,0,0.0,11 Juni 2026,0.6,https://rri.co.id/aceh-singkil/wisata/2486429/pesona-pulau-banyak-aceh-singkil-pikat-konten-kreator-shella-saukia,,Pulau Banyak,Kabupaten Aceh Singkil,Aceh,2.17,97.3,Pusat kecamatan,teks+inferensi,
332,286,Masjid Al-Munawwarah,Wisata Alam,"Kampung Uning, Kecamatan Pegasing, Kabupaten Aceh Tengah","Destinasi wisata religi di tepi Sungai Peusangan, ramai dikunjungi wisatawan hingga mancanegara",1,1,2026-08-02 07:00:00+00:00,2026-08-02 07:00:00+00:00,0,0.0,,0.8,https://rri.co.id/takengon/wisata/2576945/pesona-masjid-al-munawwarah-jadi-daya-tarik-wisata-religi-di-aceh-tengah,Uning,Pegasing,Kabupaten Aceh Tengah,Aceh,4.53,96.85,Pusat kota/kabupaten,teks+inferensi,
333,287,Pameran foto Prahara Pulau Emas,Pameran,"Museum Tsunami Aceh, Banda Aceh",Pameran foto jurnalistik bencana banjir dan longsor akhir 2025,1,1,2026-07-19 07:00:00+00:00,2026-07-19 07:00:00+00:00,0,0.0,3-8 Agustus 2026,0.85,https://www.ajnn.net/news/pfi-aceh-ajak-masyarakat-kunjungi-pameran-foto-prahara-pulau-emas-di-museum-tsunami/index.html,Sukaramai,Baiturrahman,Kota Banda Aceh,Aceh,5.5475,95.315,Titik tempat,teks+inferensi,
334,288,Museum Tsunami Aceh,Museum,Banda Aceh,Lokasi pameran Prahara Pulau Emas,1,1,2026-07-19 07:00:00+00:00,2026-07-19 07:00:00+00:00,0,0.0,,0.6,https://www.ajnn.net/news/pfi-aceh-ajak-masyarakat-kunjungi-pameran-foto-prahara-pulau-emas-di-museum-tsunami/index.html,Sukaramai,Baiturrahman,Kota Banda Aceh,Aceh,5.5475,95.315,Titik tempat,teks+inferensi,
335,289,Festival Kuliner Serpong (FKS) 2026,Pameran,"Summarecon Mall Serpong, Gading Serpong, Banten",Festival kuliner dengan kuliner viral Sambal Seruit Lampung,1,1,2026-07-22 07:00:00+00:00,2026-07-22 07:00:00+00:00,0,1.0,13 Agustus - 13 September 2026,0.85,https://investor.id/lifestyle/453879/festival-kuliner-serpong-2026-menjelajah-nikmatnya-sambal-seruit-lampung-hingga-mie-aceh-seulawah,Pakulonan Barat,Kelapa Dua,Kabupaten Tangerang,Banten,-6.241,106.628,Titik tempat,teks+inferensi,
336,290,Rumah Sambal Seruit Lampung,Restoran,"Booth FKS 2026, Summarecon Mall Serpong","Kuliner khas Lampung yang sedang viral, booth tidak pernah sepi",1,1,2026-07-22 07:00:00+00:00,2026-07-22 07:00:00+00:00,0,1.0,2026,0.85,https://investor.id/lifestyle/453879/festival-kuliner-serpong-2026-menjelajah-nikmatnya-sambal-seruit-lampung-hingga-mie-aceh-seulawah,Pakulonan Barat,Kelapa Dua,Kabupaten Tangerang,Banten,-6.241,106.628,Titik tempat,inferensi,
337,291,Mie Ayam Koga,Restoran,Bandar Lampung (booth di FKS 2026),Mie ayam legendaris Bandar Lampung sejak 1978,1,1,2026-07-22 07:00:00+00:00,2026-07-22 07:00:00+00:00,0,0.0,,0.75,https://investor.id/lifestyle/453879/festival-kuliner-serpong-2026-menjelajah-nikmatnya-sambal-seruit-lampung-hingga-mie-aceh-seulawah,,,Kota Bandar Lampung,Lampung,-5.429,105.262,Pusat kota/kabupaten,teks+inferensi,Asal usaha Bandar Lampung; booth di FKS 2026 Summarecon Mall Serpong
338,292,Sate Mak Syukur Padang Pandjang,Restoran,"Padang Panjang, Sumatera Barat (booth di FKS 2026)",Sate legendaris sejak 1941,1,1,2026-07-22 07:00:00+00:00,2026-07-22 07:00:00+00:00,0,0.0,,0.75,https://investor.id/lifestyle/453879/festival-kuliner-serpong-2026-menjelajah-nikmatnya-sambal-seruit-lampung-hingga-mie-aceh-seulawah,,,Kota Padang Panjang,Sumatera Barat,-0.463,100.4,Pusat kota/kabupaten,teks,Asal usaha Padang Panjang; booth di FKS 2026 Summarecon Mall Serpong
339,293,Terminal Keudah,lainnya,Banda Aceh,Dimanfaatkan sebagai lokasi event kota,1,1,2026-06-13 07:00:00+00:00,2026-06-13 07:00:00+00:00,0,0.0,,0.5,https://seputaraceh.id/terminal-keudah-sentral-telepon-banda-aceh/,Keudah,Kuta Raja,Kota Banda Aceh,Aceh,5.563,95.317,Pusat kelurahan/desa,teks+inferensi,
340,294,Taman Telepon (Sentral Telepon),Museum,Banda Aceh,"Situs bersejarah cikal bakal jaringan telepon sejak 1903, akan ditata",1,1,2026-06-13 07:00:00+00:00,2026-06-13 07:00:00+00:00,0,0.0,,0.6,https://seputaraceh.id/terminal-keudah-sentral-telepon-banda-aceh/,,,Kota Banda Aceh,Aceh,5.55,95.317,Pusat kota/kabupaten,teks+inferensi,
341,295,Masjid Raya Baiturrahman,Wisata Alam,Banda Aceh,Bagian kawasan wisata sejarah kota,1,1,2026-06-13 07:00:00+00:00,2026-06-13 07:00:00+00:00,0,0.0,,0.5,https://seputaraceh.id/terminal-keudah-sentral-telepon-banda-aceh/,Kampung Baru,Baiturrahman,Kota Banda Aceh,Aceh,5.5536,95.3172,Titik tempat,teks+inferensi,
342,296,Taman Putroe Phang,Wisata Alam,Banda Aceh,Bagian kawasan wisata sejarah kota,1,1,2026-06-13 07:00:00+00:00,2026-06-13 07:00:00+00:00,0,0.0,,0.5,https://seputaraceh.id/terminal-keudah-sentral-telepon-banda-aceh/,Sukaramai,Baiturrahman,Kota Banda Aceh,Aceh,5.548,95.319,Titik tempat,teks+inferensi,
343,297,Festival Lhok Buloh,Pameran,"Desa Cot Beudak, Kecamatan Kuta Makmur, Kabupaten Aceh Utara","Festival tari, kuliner, dan bazar untuk dorong wisata pascabanjir",1,1,2026-09-25 07:41:00+00:00,2026-09-25 07:41:00+00:00,0,0.0,13-14 Juni 2026,0.75,https://travel.kompas.com/read/2026/06/13/190700027/ada-festival-lhok-buloh-di-aceh-utara-bisa-nonton-tari-dan-kulineran,Cot Beudak,Kuta Makmur,Kabupaten Aceh Utara,Aceh,4.97,97.14,Pusat kota/kabupaten,teks+inferensi,
344,298,Sungai Lhok Buloh,Wisata Alam,"Kecamatan Kuta Makmur, Kabupaten Aceh Utara",Salah satu destinasi paling ramai dikunjungi saat ini,1,1,2026-09-25 07:41:00+00:00,2026-09-25 07:41:00+00:00,0,0.0,,0.8,https://travel.kompas.com/read/2026/06/13/190700027/ada-festival-lhok-buloh-di-aceh-utara-bisa-nonton-tari-dan-kulineran,,Kuta Makmur,Kabupaten Aceh Utara,Aceh,4.97,97.14,Pusat kota/kabupaten,teks+inferensi,
345,299,Festival Literasi Aceh Barat,Pameran,"Halaman Dinas Pendidikan Aceh Barat, Meulaboh",Festival dengan stan karya literasi,1,1,2026-07-22 07:00:00+00:00,2026-07-22 07:00:00+00:00,0,0.0,23-26 September 2026,0.6,https://rri.co.id/meulaboh/regional/2758874/stan-utu-tampilkan-karya-dan-dorong-minat-baca-di-festival-literasi-aceh-barat,,Johan Pahlawan,Kabupaten Aceh Barat,Aceh,4.14,96.13,Pusat kecamatan,teks+inferensi,Meulaboh
346,300,Festival Sagu Singkel 2026,Pameran,"Halaman Masjid Al-Ikhlas, Desa Kuta Simboling, Singkil, Aceh Singkil",Festival pelestarian budaya sagu,1,1,2026-04-11 07:00:00+00:00,2026-04-11 07:00:00+00:00,0,0.0,22 Juli 2026,0.6,https://ketik.com/aceh-singkil/daerah/dukung-festival-sagu-singkel-2026-pt-nafasindo-tegaskan-komitmen-jaga-warisan-budaya,Kuta Simboling,Singkil,Kabupaten Aceh Singkil,Aceh,2.28,97.79,Pusat kecamatan,teks+inferensi,
347,301,Restoran Pak Nas,Restoran,"Jl. Brigjen Katamso No. 40, Kec. Sibolga",Sop daging kerbau andalan yang sering kehabisan,1,1,2026-05-19 07:00:00+00:00,2026-05-19 07:00:00+00:00,0,0.0,,0.85,https://sumut.idntimes.com/food/dining-guide/wajib-disinggahi-6-tempat-makan-seafood-enak-di-sibolga-00-hz1ln-6kf4rm,,,Kota Sibolga,Sumatera Utara,1.74,98.78,Pusat kota/kabupaten,teks+inferensi,Teks menyebut 'Kec. Sibolga' (tidak ada kecamatan dengan nama persis itu)
348,302,Rumah Makan Medan Seafood,Restoran,"Jl. Imam Bonjol No.27, Pasar Baru, Kec. Sibolga Kota","Seafood segar, pilih ikan dari kolam",1,1,2026-05-19 07:00:00+00:00,2026-05-19 07:00:00+00:00,0,0.0,,0.85,https://sumut.idntimes.com/food/dining-guide/wajib-disinggahi-6-tempat-makan-seafood-enak-di-sibolga-00-hz1ln-6kf4rm,Pasar Baru,Sibolga Kota,Kota Sibolga,Sumatera Utara,1.738,98.779,Pusat kecamatan,teks+inferensi,
349,303,Tempat makan Thamrin,Restoran,"Jl. MH. Thamrin No.5, Kota Beringin, Kec. Sibolga Kota",Tempat makan di Sibolga,1,1,2026-05-19 07:00:00+00:00,2026-05-19 07:00:00+00:00,0,0.0,,0.7,https://sumut.idntimes.com/food/dining-guide/wajib-disinggahi-6-tempat-makan-seafood-enak-di-sibolga-00-hz1ln-6kf4rm,Kota Beringin,Sibolga Kota,Kota Sibolga,Sumatera Utara,1.738,98.779,Pusat kecamatan,teks+inferensi,
350,304,BPK Tesalonika,Restoran,"Jl. Jamin Ginting No.103, Medan","Warung BPK populer buka 24 jam, BPK Campur",1,1,2026-06-28 07:00:00+00:00,2026-06-28 07:00:00+00:00,0,0.0,,0.85,https://www.detik.com/sumut/kuliner/d-8486761/7-rekomendasi-bpk-paling-populer-di-medan-kuliner-non-halal-wajib-dicoba,,,Kota Medan,Sumatera Utara,3.595,98.672,Pusat kota/kabupaten,teks+inferensi,
351,305,Olakisat,Restoran,"Jl. Jamin Ginting (Selayang), cabang Jl. Dame (Medan Petisah), Medan","BPK dan masakan Karo, selalu ramai",1,1,2026-06-28 07:00:00+00:00,2026-06-28 07:00:00+00:00,0,0.0,,0.85,https://www.detik.com/sumut/kuliner/d-8486761/7-rekomendasi-bpk-paling-populer-di-medan-kuliner-non-halal-wajib-dicoba,,,Kota Medan,Sumatera Utara,3.595,98.672,Pusat kota/kabupaten,teks+inferensi,Dua lokasi: Jl. Jamin Ginting (Selayang) dan Jl. Dame (Medan Petisah)
352,306,BPK Haleluya,Restoran,"Jl. Berdikari (Padang Bulan) dan Jl. Setiabudi Ujung, Medan",BPK konsisten 20+ tahun,1,1,2026-06-28 07:00:00+00:00,2026-06-28 07:00:00+00:00,0,0.0,,0.85,https://www.detik.com/sumut/kuliner/d-8486761/7-rekomendasi-bpk-paling-populer-di-medan-kuliner-non-halal-wajib-dicoba,,,Kota Medan,Sumatera Utara,3.595,98.672,Pusat kota/kabupaten,teks+inferensi,Dua lokasi: Padang Bulan dan Jl. Setiabudi Ujung
353,307,Sushi Tei,Restoran,"Pusat perbelanjaan utama, Medan","Restoran sushi legendaris pelopor kuliner Jepang di Medan, selalu ramai",1,1,2026-06-28 07:00:00+00:00,2026-06-28 07:00:00+00:00,0,0.0,,0.8,https://sumut.idntimes.com/food/dining-guide/5-rekomendasi-sushi-hits-di-medan-dari-yang-murah-sampai-premium-c1c2-01-2j5kq-n56mxl,,,Kota Medan,Sumatera Utara,3.595,98.672,Pusat kota/kabupaten,teks+inferensi,
354,308,Okinawa Sushi,Restoran,Medan,Sushi premium untuk momen spesial,1,1,2026-06-28 07:00:00+00:00,2026-06-28 07:00:00+00:00,0,0.0,,0.8,https://sumut.idntimes.com/food/dining-guide/5-rekomendasi-sushi-hits-di-medan-dari-yang-murah-sampai-premium-c1c2-01-2j5kq-n56mxl,,,Kota Medan,Sumatera Utara,3.595,98.672,Pusat kota/kabupaten,teks+inferensi,
355,309,Tau Kua Hechi Apo Brahrang,Restoran,"Jalan Anggur Nomor 64X, Bandar Senembah, Binjai",Kuliner legendaris Binjai sejak 1960-an,1,1,2026-06-23 07:00:00+00:00,2026-06-23 07:00:00+00:00,0,0.0,,0.85,https://sumut.idntimes.com/food/dining-guide/5-rekomendasi-kuliner-legendaris-binjai-wajib-coba-c1c2-01-2j5kq-6ql5tp,Bandar Senembah,Binjai Barat,Kota Binjai,Sumatera Utara,3.6,98.485,Pusat kota/kabupaten,teks+inferensi,
356,311,Tugu Raja Sitanggang,Wisata Alam,"Jalan Gereja, Sait Nihuta, Kecamatan Pangururan, Kabupaten Samosir, Sumatera Utara",Panorama Gunung Pusuk Buhit dan Danau Toba viral di media sosial sejak sebulan lalu,1,1,2026-06-13 07:00:00+00:00,2026-06-13 07:00:00+00:00,0,1.0,Sekitar sebulan sebelum artikel,0.9,https://www.detik.com/sumut/wisata/d-8580335/tugu-raja-sitanggang-di-samosir-spot-nikmati-panorama-pusuk-buhit-danau-toba,Sait Nihuta,Pangururan,Kabupaten Samosir,Sumatera Utara,2.61,98.7,Pusat kecamatan,teks,
357,312,Bukit Anduhur,Wisata Alam,"Kecamatan Sianjur Mula-Mula, Kabupaten Samosir",Lokasi pungli dan ancaman rusak mobil wisatawan yang viral (isu negatif),1,1,2026-06-17 07:00:00+00:00,2026-06-17 07:00:00+00:00,0,1.0,17 Mei 2026,0.75,https://medan.kompas.com/read/2026/06/16/201921078/dinas-pariwisata-sumut-sesalkan-kasus-pungli-di-danau-toba-pelaku-langsung,,Sianjur Mula-Mula,Kabupaten Samosir,Sumatera Utara,2.6,98.62,Pusat kecamatan,teks+inferensi,
358,313,"Kawasan Paropo, Danau Toba",Wisata Alam,"Kecamatan Silahisabungan, Kabupaten Dairi, Sumatera Utara",Viral video pungli terhadap pengendara menuju wisata Danau Toba (isu negatif),1,1,2026-08-01 07:00:00+00:00,2026-08-01 07:00:00+00:00,0,1.0,15 Agustus 2026,0.7,https://www.detik.com/sumut/berita/d-8627215/viral-pemotor-di-danau-toba-dipungli-rp-50-ribu-modus-bagikan-stiker-hut-ri,Paropo,Silahisabungan,Kabupaten Dairi,Sumatera Utara,2.79,98.53,Pusat kecamatan,teks+inferensi,
359,314,Desa Singkam (jalan viral),Wisata Alam,"Desa Singkam, Kecamatan Sianjur Mula Mula, Samosir, Sumatera Utara","Jalan mulus di tengah sawah dijuluki jalan viral, spot foto favorit",1,1,2026-08-09 07:00:00+00:00,2026-08-09 07:00:00+00:00,0,1.0,,0.9,https://www.detik.com/sumut/wisata/d-8599948/pesona-desa-singkam-samosir-jalan-viral-di-tengah-sawah-yang-memikat-wisatawan,Singkam,Sianjur Mula-Mula,Kabupaten Samosir,Sumatera Utara,2.6,98.62,Pusat kecamatan,teks,
360,315,Wisata Air Panas Doulu (Desa Semangat),Wisata Alam,"Doulu, Desa Semangat, Kabupaten Karo, Sumatera Utara",Viral video pungutan retribusi berlapis oleh kreator Dinda Anwar (isu negatif),1,1,2026-04-05 07:00:00+00:00,2026-04-05 07:00:00+00:00,0,1.0,Juni 2026,0.85,https://medan.kompas.com/read/2026/06/04/200420978/kreator-konten-keluhkan-pungutan-berlapis-wisata-air-panas-pemkab-karo-minta,,,Kabupaten Karo,Sumatera Utara,3.1,98.35,Pusat kota/kabupaten,teks,Teks menyebut Doulu dan Desa Semangat (keduanya nama desa); desa tidak dipastikan
361,316,Pantai Watulawang,Wisata Alam,Gunungkidul,"Viral wisatawan diminta uang seikhlasnya, dugaan pungli (isu negatif)",1,1,2026-04-05 07:00:00+00:00,2026-04-05 07:00:00+00:00,0,1.0,,0.5,https://medan.kompas.com/read/2026/06/04/200420978/kreator-konten-keluhkan-pungutan-berlapis-wisata-air-panas-pemkab-karo-minta,,,Kabupaten Gunungkidul,DI Yogyakarta,-7.99,110.6,Pusat kota/kabupaten,teks+inferensi,
362,317,Perumahan Suryamas Liandra City,Wisata Alam,"Desa Paya Gambar, Kecamatan Batang Kuis, Kabupaten Deli Serdang, Sumatera Utara","Perumahan bergaya Belanda viral jadi wisata dadakan, ratusan pengunjung berfoto setiap hari",1,1,2026-09-15 07:00:00+00:00,2026-09-15 07:00:00+00:00,0,1.0,Dibangun sejak 2025,0.85,https://deteksi.co/perumahan-bergaya-belanda-di-deli-serdang-viral-jadi-w/,Paya Gambar,Batang Kuis,Kabupaten Deli Serdang,Sumatera Utara,3.59,98.8,Pusat kecamatan,teks,
363,318,Museum Jamin Ginting,Museum,"Kabupaten Karo, Sumatera Utara","Arsitektur unik berbentuk kacang tanah, koleksi perjuangan dan budaya Karo",1,1,2026-07-17 07:00:00+00:00,2026-07-17 07:00:00+00:00,0,0.0,,0.85,https://radarpurworejo.jawapos.com/news/2609150009/unik-museum-jamin-ginting-berbentuk-kacang-tanah-simpan-jejak-perjuangan-dan-budaya-karo,,,Kabupaten Karo,Sumatera Utara,3.1,98.35,Pusat kota/kabupaten,teks,
364,320,Festival Kesenian Sumatera Utara 2026,Pameran,"Pelataran Plaza Medan Fair, Medan","Pameran kesenian dan kriya, creative market UMKM",1,1,2026-06-22 07:00:00+00:00,2026-06-22 07:00:00+00:00,0,0.0,8-10 Mei 2026,0.7,https://rri.co.id/medan/regional/2401246/disbudparekraf-sumut-gelar-festival-kesenian-sumatera-utara,,Medan Petisah,Kota Medan,Sumatera Utara,3.59,98.665,Pusat kecamatan,teks+inferensi,
365,322,Stadion Teladan Medan,lainnya,Medan,Viral video orang berlari di rumput stadion jelang ASEAN U-19 (isu negatif),1,1,2026-06-21 07:00:00+00:00,2026-06-21 07:00:00+00:00,0,1.0,Mei 2026,0.45,https://topmetro.news/239978/viral-orang-berlari-di-rumput-stadion-teladan-panitia-asean-u-19-2026-beri-penjelasan/,Teladan Barat,Medan Kota,Kota Medan,Sumatera Utara,3.568,98.692,Titik tempat,teks+inferensi,
366,323,REGALE International Convention Centre Medan,Pameran,Medan,Lokasi konser Candlelight,1,1,2026-09-27 09:00:02+00:00,2026-09-27 09:00:02+00:00,0,0.0,,0.4,https://sumut.idntimes.com/news/sumatra-utara/event-musik-sepanjang-mei-2026-candlelight-sampai-festival-rock-00-fj96j-kqnv85,,,Kota Medan,Sumatera Utara,3.595,98.672,Pusat kota/kabupaten,teks+inferensi,
367,324,Pasar Tebet Barat,lainnya,"Tebet, Jakarta Selatan",Kawasan kuliner legendaris langganan warga,1,1,2026-06-09 07:00:00+00:00,2026-06-09 07:00:00+00:00,0,0.0,,0.75,https://food.detik.com/tempat-makan/d-8680686/makan-enak-di-pasar-tebet-barat-7-tempat-ini-jadi-langganan-warlok,Tebet Barat,Tebet,Kota Jakarta Selatan,DKI Jakarta,-6.232,106.848,Pusat kelurahan/desa,teks+inferensi,
368,325,Kantin Uni Linda,Restoran,"Dalam Pasar Tebet Barat, Jakarta Selatan",Ketupat sayur khas Padang,1,1,2026-06-09 07:00:00+00:00,2026-06-09 07:00:00+00:00,0,0.0,,0.8,https://food.detik.com/tempat-makan/d-8680686/makan-enak-di-pasar-tebet-barat-7-tempat-ini-jadi-langganan-warlok,Tebet Barat,Tebet,Kota Jakarta Selatan,DKI Jakarta,-6.232,106.848,Pusat kelurahan/desa,teks+inferensi,
369,326,Warung Nasi Bu Aris,Restoran,"Pasar Tebet Barat, Jakarta Selatan",Warung nasi dengan 30+ lauk setiap hari,1,1,2026-06-09 07:00:00+00:00,2026-06-09 07:00:00+00:00,0,0.0,,0.8,https://food.detik.com/tempat-makan/d-8680686/makan-enak-di-pasar-tebet-barat-7-tempat-ini-jadi-langganan-warlok,Tebet Barat,Tebet,Kota Jakarta Selatan,DKI Jakarta,-6.232,106.848,Pusat kelurahan/desa,teks+inferensi,
370,327,Kantin Bu Inem,Restoran,"Lantai dasar Pasar Tebet Barat, Jakarta Selatan",Jajanan pasar lengkap,1,1,2026-06-09 07:00:00+00:00,2026-06-09 07:00:00+00:00,0,0.0,,0.8,https://food.detik.com/tempat-makan/d-8680686/makan-enak-di-pasar-tebet-barat-7-tempat-ini-jadi-langganan-warlok,Tebet Barat,Tebet,Kota Jakarta Selatan,DKI Jakarta,-6.232,106.848,Pusat kelurahan/desa,teks+inferensi,
371,328,Baba's Rice,Restoran,"Komplek Windsor Central Blok E7, Lubuk Baja, Batam","Tempat nongkrong baru yang lagi hits, kopitiam modern peranakan",1,1,2026-05-21 07:00:00+00:00,2026-05-21 07:00:00+00:00,0,0.0,,0.8,https://metropolis.batampos.co.id/lagi-hits-ini-5-tempat-nongkrong-baru-di-batam-untuk-kuliner-dan-santai/,,Lubuk Baja,Kota Batam,Kepulauan Riau,1.145,104.01,Pusat kecamatan,teks+inferensi,
372,329,Pagi Sore,Restoran,"Komplek Dermaga Sukajadi, Jalan Jenderal Sudirman, Baloi Permai, Batam Kota",Rumah makan Padang premium hadir di Batam,1,1,2026-05-21 07:00:00+00:00,2026-05-21 07:00:00+00:00,0,0.0,,0.8,https://metropolis.batampos.co.id/lagi-hits-ini-5-tempat-nongkrong-baru-di-batam-untuk-kuliner-dan-santai/,Baloi Permai,Batam Kota,Kota Batam,Kepulauan Riau,1.135,104.055,Pusat kecamatan,teks+inferensi,
373,330,D'Sambelin & Coffee,Kafe,"Jalan Bida Asri II, Belian, Batam Kota",Penyetan dengan sambal segar dan kopi,1,1,2026-05-21 07:00:00+00:00,2026-05-21 07:00:00+00:00,0,0.0,,0.8,https://metropolis.batampos.co.id/lagi-hits-ini-5-tempat-nongkrong-baru-di-batam-untuk-kuliner-dan-santai/,Belian,Batam Kota,Kota Batam,Kepulauan Riau,1.135,104.055,Pusat kecamatan,teks+inferensi,
374,331,Sancha,Kafe,Batam,Milk tea kekinian,1,1,2026-05-21 07:00:00+00:00,2026-05-21 07:00:00+00:00,0,0.0,,0.65,https://metropolis.batampos.co.id/lagi-hits-ini-5-tempat-nongkrong-baru-di-batam-untuk-kuliner-dan-santai/,,,Kota Batam,Kepulauan Riau,1.08,104.03,Pusat kota/kabupaten,teks+inferensi,
375,332,Rumah Makan Fuja,Restoran,"Jalan Samudera Purus II, pinggir Pantai Padang",Seafood favorit dengan pemandangan senja,1,1,2026-06-13 07:00:00+00:00,2026-06-13 07:00:00+00:00,0,0.0,,0.85,https://sumbar.antaranews.com/berita/763052/tujuh-tempat-hidangan-seafood-favorit-di-padang,Purus,Padang Barat,Kota Padang,Sumatera Barat,-0.95,100.354,Pusat kecamatan,inferensi,Tepi Pantai Padang
376,333,Ikan Bakar Djoni/Kun,Restoran,"Jalan Pulau Air no.1A, Chinatown, Padang",Seafood sejak 2000,1,1,2026-06-13 07:00:00+00:00,2026-06-13 07:00:00+00:00,0,0.0,,0.85,https://sumbar.antaranews.com/berita/763052/tujuh-tempat-hidangan-seafood-favorit-di-padang,,,Kota Padang,Sumatera Barat,-0.947,100.417,Pusat kota/kabupaten,teks+inferensi,Kawasan Pondok (Chinatown)
377,334,Truntum Padang,lainnya,"Jl. Bandar Gereja No. 5A, Padang Barat",Lokasi nobar resmi Piala Dunia 2026,1,1,2026-05-21 07:00:00+00:00,2026-05-21 07:00:00+00:00,0,0.0,Juni 2026,0.4,https://www.tvrisumbar.co.id/berita/detil/9395/tvri-sumbar-rilis-daftar-lokasi-nobar-resmi-piala-dunia-2026-di-kota-padang.html,,Padang Barat,Kota Padang,Sumatera Barat,-0.95,100.354,Pusat kecamatan,teks+inferensi,
378,335,The Atmosfer Skylounge Santika Premiere,Kafe,"Jl. Jend. Ahmad Yani No. 20, Olo, Padang Barat",Lokasi nobar resmi Piala Dunia 2026,1,1,2026-05-21 07:00:00+00:00,2026-05-21 07:00:00+00:00,0,0.0,Juni 2026,0.4,https://www.tvrisumbar.co.id/berita/detil/9395/tvri-sumbar-rilis-daftar-lokasi-nobar-resmi-piala-dunia-2026-di-kota-padang.html,Olo,Padang Barat,Kota Padang,Sumatera Barat,-0.95,100.354,Pusat kecamatan,teks+inferensi,
379,336,Sikuai Lounge,Kafe,"Jl. Ir. H. Juanda, Flamboyan Baru, Padang Barat",Lokasi nobar resmi Piala Dunia 2026,1,1,2026-05-21 07:00:00+00:00,2026-05-21 07:00:00+00:00,0,0.0,Juni 2026,0.4,https://www.tvrisumbar.co.id/berita/detil/9395/tvri-sumbar-rilis-daftar-lokasi-nobar-resmi-piala-dunia-2026-di-kota-padang.html,Flamboyan Baru,Padang Barat,Kota Padang,Sumatera Barat,-0.95,100.354,Pusat kecamatan,teks+inferensi,
380,337,McDonald's Padang Ahmad Yani,Restoran,"Jl. Bandar Damar No. 18A, Olo, Padang Barat",Lokasi nobar resmi Piala Dunia 2026,1,1,2026-05-21 07:00:00+00:00,2026-05-21 07:00:00+00:00,0,0.0,Juni 2026,0.4,https://www.tvrisumbar.co.id/berita/detil/9395/tvri-sumbar-rilis-daftar-lokasi-nobar-resmi-piala-dunia-2026-di-kota-padang.html,Olo,Padang Barat,Kota Padang,Sumatera Barat,-0.95,100.354,Pusat kecamatan,teks+inferensi,
381,338,J. Chicken Simpang Kinol Padang,Restoran,"Jl. Pondok No. 155, Padang Barat",Lokasi nobar resmi Piala Dunia 2026,1,1,2026-05-21 07:00:00+00:00,2026-05-21 07:00:00+00:00,0,0.0,Juni 2026,0.4,https://www.tvrisumbar.co.id/berita/detil/9395/tvri-sumbar-rilis-daftar-lokasi-nobar-resmi-piala-dunia-2026-di-kota-padang.html,,Padang Barat,Kota Padang,Sumatera Barat,-0.95,100.354,Pusat kecamatan,teks+inferensi,
382,339,Warung Anisah,Restoran,Belanda,Restoran nasi Padang autentik populer di Belanda,1,1,2026-05-04 07:00:00+00:00,2026-05-04 07:00:00+00:00,0,0.0,,0.8,https://food.detik.com/info-kuliner/d-8498737/masakan-padang-mendunia-ini-5-restoran-padang-populer-di-luar-negeri,,,,,,,,teks,Di luar Indonesia: Belanda
383,340,Pondok Buyung,Restoran,"Sydney, Australia",Restoran Padang populer dengan bumbu medok,1,1,2026-05-04 07:00:00+00:00,2026-05-04 07:00:00+00:00,0,0.0,,0.8,https://food.detik.com/info-kuliner/d-8498737/masakan-padang-mendunia-ini-5-restoran-padang-populer-di-luar-negeri,,,,,,,,teks,"Di luar Indonesia: Sydney, Australia"
384,341,RM Padang Amanah Mande,Restoran,"Atsugi, Kanagawa, Jepang","Bangunan beratap gonjong, rendang dan sate wagyu",1,1,2026-05-04 07:00:00+00:00,2026-05-04 07:00:00+00:00,0,0.0,,0.8,https://food.detik.com/info-kuliner/d-8498737/masakan-padang-mendunia-ini-5-restoran-padang-populer-di-luar-negeri,,,,,,,,teks,"Di luar Indonesia: Atsugi, Kanagawa, Jepang"
385,342,Masakan Padang Doa Mande,Restoran,"Jalan Sukodono Gedangan, Magersari, Kecamatan Gedangan, Kabupaten Sidoarjo","Masakan Padang autentik, ramai pengunjung",1,1,2026-05-02 07:00:00+00:00,2026-05-02 07:00:00+00:00,0,0.0,,0.8,https://jatim.idntimes.com/food/dining-guide/rekomendasi-nasi-padang-terenak-di-sidoarjo-c1c2-01-7sd13-fvz0d0,,Gedangan,Kabupaten Sidoarjo,Jawa Timur,-7.39,112.73,Pusat kecamatan,teks+inferensi,"Teks menyebut Magersari; Magersari dikenal sebagai kelurahan di Kec. Sidoarjo, tidak dipastikan"
386,343,RM Padang Prasmanan Murah,Restoran,"Jalan Imam Bonjol No. 89A, Dusun Legok, Geluran, Kecamatan Taman, Kabupaten Sidoarjo","Prasmanan nasi sepuasnya, murah",1,1,2026-05-02 07:00:00+00:00,2026-05-02 07:00:00+00:00,0,0.0,,0.8,https://jatim.idntimes.com/food/dining-guide/rekomendasi-nasi-padang-terenak-di-sidoarjo-c1c2-01-7sd13-fvz0d0,Geluran,Taman,Kabupaten Sidoarjo,Jawa Timur,-7.35,112.69,Pusat kecamatan,teks+inferensi,Dusun Legok
387,344,Surya Minang,Restoran,"Ruko Taman Pondok Jati Blok A No. 1, Geluran, Kabupaten Sidoarjo",Warung nasi Padang,1,1,2026-05-02 07:00:00+00:00,2026-05-02 07:00:00+00:00,0,0.0,,0.75,https://jatim.idntimes.com/food/dining-guide/rekomendasi-nasi-padang-terenak-di-sidoarjo-c1c2-01-7sd13-fvz0d0,Geluran,Taman,Kabupaten Sidoarjo,Jawa Timur,-7.35,112.69,Pusat kecamatan,teks+inferensi,
388,346,Aquarium Ikan Raksasa TMSBK,Wahana,"Taman Margasatwa dan Budaya Kinantan, Kota Bukittinggi",Viral dua wisatawan terkunci di akuarium saat petugas salat (isu negatif),1,1,2026-05-23 07:00:00+00:00,2026-05-23 07:00:00+00:00,0,1.0,9 April 2026,0.8,https://padang.inews.id/read/684171/viral-dua-wisatawan-terjebak-di-akuarium-tmsbk-bukittinggi-karena-pintu-dikunci-petugas-pergi-salat,,Guguk Panjang,Kota Bukittinggi,Sumatera Barat,-0.303,100.369,Titik tempat,teks+inferensi,
389,347,Pantai Padang (Taplau),Wisata Alam,Pusat Kota Padang,Pantai tertata rapi dengan pedestrian luas dan kuliner laut,1,1,2026-04-14 07:00:00+00:00,2026-04-14 07:00:00+00:00,0,0.0,2026,0.8,https://jogja.disway.id/wisata/read/699105/tempat-wisata-di-padang-terbaru-2026-paling-memukau-menawarkan-pesona-alam-dan-budaya-minang/15,,Padang Barat,Kota Padang,Sumatera Barat,-0.948,100.35,Titik tempat,teks+inferensi,
390,348,Masjid Raya Sumatera Barat,Wisata Alam,Padang,Masjid beratap bagonjong peraih penghargaan arsitektur,1,1,2026-04-14 07:00:00+00:00,2026-04-14 07:00:00+00:00,0,0.0,,0.8,https://jogja.disway.id/wisata/read/699105/tempat-wisata-di-padang-terbaru-2026-paling-memukau-menawarkan-pesona-alam-dan-budaya-minang/15,Alai Parak Kopi,Padang Utara,Kota Padang,Sumatera Barat,-0.924,100.3625,Titik tempat,teks+inferensi,
391,349,Museum Adityawarman,Museum,Padang,"Museum berbentuk rumah gadang, koleksi budaya Minangkabau",1,1,2026-04-14 07:00:00+00:00,2026-04-14 07:00:00+00:00,0,0.0,,0.85,https://jogja.disway.id/wisata/read/699105/tempat-wisata-di-padang-terbaru-2026-paling-memukau-menawarkan-pesona-alam-dan-budaya-minang/15,Belakang Tangsi,Padang Barat,Kota Padang,Sumatera Barat,-0.954,100.354,Titik tempat,teks+inferensi,
392,350,Pulau Sirandah,Wisata Alam,Lepas pantai Padang,Pulau landai berpasir putih,1,1,2026-04-14 07:00:00+00:00,2026-04-14 07:00:00+00:00,0,0.0,,0.8,https://jogja.disway.id/wisata/read/699105/tempat-wisata-di-padang-terbaru-2026-paling-memukau-menawarkan-pesona-alam-dan-budaya-minang/15,,Bungus Teluk Kabung,Kota Padang,Sumatera Barat,-1.05,100.4,Pusat kecamatan,teks+inferensi,Pulau lepas pantai
393,352,Taman Margasatwa dan Budaya Kinantan (TMSBK) / Kebun Binatang Bukittinggi,Wahana,"Kota Bukittinggi, Sumatera Barat",Viral dua pengunjung terkunci di area akuarium raksasa (isu negatif),1,1,2026-06-11 07:00:00+00:00,2026-06-11 07:00:00+00:00,0,1.0,9 April 2026,0.85,https://www.detik.com/sumut/berita/d-8444027/viral-pengunjung-kebun-binatang-bukittinggi-terkunci-di-area-akuarium,,Guguk Panjang,Kota Bukittinggi,Sumatera Barat,-0.303,100.369,Titik tempat,teks+inferensi,
394,353,Museum MACAN,Museum,"Kebon Jeruk, Jakarta Barat","Pameran Period Piece karya Riar Rizaldi, instalasi Bioskop Asymptotic",1,1,2026-08-25 07:00:00+00:00,2026-08-25 07:00:00+00:00,0,0.0,Juni 2026,0.85,https://www.detik.com/pop/culture/d-8528088/riar-rizaldi-ajak-jelajahi-pengalaman-sinematik-ke-museum-macan,Kedoya Utara,Kebon Jeruk,Kota Jakarta Barat,DKI Jakarta,-6.172,106.765,Pusat kelurahan/desa,teks+inferensi,
395,354,Sumatera Barat Creative Economy Festival (SCEF) 2026,Pameran,Hotel Pangeran Padang,Festival ekonomi kreatif oleh Bank Indonesia,1,1,2026-04-01 07:00:00+00:00,2026-04-01 07:00:00+00:00,0,0.0,28 Agustus 2026,0.6,https://sumbar.sigapnews.co.id/pemprov-sumbar/sn-122913/gubernur-mahyeldi-umkm-sumbar-harus-naik-kelas-dan-tembus-pasar-global,,,Kota Padang,Sumatera Barat,-0.947,100.417,Pusat kota/kabupaten,teks+inferensi,
396,355,Festival Minangkabau 2026,Pameran,"Istano Basa Pagaruyung dan Lapangan Cindua Mato, Kabupaten Tanah Datar","Festival budaya dengan pameran benda pusaka, UMKM, desa wisata",1,1,2026-08-07 07:00:00+00:00,2026-08-07 07:00:00+00:00,0,0.0,25 Juni 2026,0.7,https://mediaindonesia.com/nusantara/904533/festival-minangkabau-2026-dibuka-mahyeldi-budaya-kekuatan-masa-depan-sumbar,,,Kabupaten Tanah Datar,Sumatera Barat,-0.47,100.58,Pusat kota/kabupaten,teks+inferensi,Dua lokasi: Istano Basa Pagaruyung (Tanjung Emas) dan Lapangan Cindua Mato (Batusangkar)
397,356,Istano Basa Pagaruyung,Museum,"Kabupaten Tanah Datar, Sumatera Barat",Lokasi Festival Minangkabau 2026,1,1,2026-08-07 07:00:00+00:00,2026-08-07 07:00:00+00:00,0,0.0,,0.6,https://mediaindonesia.com/nusantara/904533/festival-minangkabau-2026-dibuka-mahyeldi-budaya-kekuatan-masa-depan-sumbar,Pagaruyung,Tanjung Emas,Kabupaten Tanah Datar,Sumatera Barat,-0.4712,100.6214,Titik tempat,teks+inferensi,
398,357,Desa Lebong Tandai (Batavia Kecil),Wisata Alam,"Kecamatan Napal Putih, Kabupaten Bengkulu Utara","Kawasan bersejarah bekas tambang emas, lokasi event trail BerASA #2",1,1,2026-06-25 07:00:00+00:00,2026-06-25 07:00:00+00:00,0,0.0,19-20 September 2026,0.7,https://radarutara.disway.id/berita-utama/read/683975/sensasi-explore-wisata-sejarah-bupati-ajak-rider-nusantara-ramaikan-event-berasa2,Lebong Tandai,Napal Putih,Kabupaten Bengkulu Utara,Bengkulu,-3.3,101.95,Pusat kota/kabupaten,teks+inferensi,
399,358,Festival Minangkabau di Istano Basa Pagaruyuang,Pameran,"Istano Basa Pagaruyuang, Tanah Datar, Sumatera Barat","Festival budaya Kharisma Event Nusantara, pawai budaya dan tarian kolosal",1,1,2026-08-19 07:00:00+00:00,2026-08-19 07:00:00+00:00,0,0.0,25 Juni 2026,0.7,https://www.antaranews.com/foto/5622637/festival-minangkabau-di-istano-basa-pagaruyuang,Pagaruyung,Tanjung Emas,Kabupaten Tanah Datar,Sumatera Barat,-0.4712,100.6214,Titik tempat,teks+inferensi,
400,359,Festival Pacu Jalur Tepian Narosa,Pameran,"Tepian Narosa, Batang Kuantan, Teluk Kuantan, Kuantan Singingi, Riau",Festival yang menggemparkan dunia lewat tren aura farming,1,1,2026-06-26 09:02:15+00:00,2026-06-26 09:02:15+00:00,0,1.0,19-23 Agustus 2026,0.7,https://www.detik.com/sumut/berita/d-8625565/204-jalur-berpacu-di-kuansing-ada-dari-jambi-sumbar,,Kuantan Tengah,Kabupaten Kuantan Singingi,Riau,-0.53,101.56,Pusat kecamatan,teks+inferensi,"Tepian Narosa, Teluk Kuantan"
401,360,Love Seafood,Restoran,"Batam Centre, Nagoya, dan Piayu, Batam",Gonggong segar setiap hari,1,1,2026-07-12 07:00:00+00:00,2026-07-12 07:00:00+00:00,0,0.0,,0.8,https://metropolis.batampos.co.id/rekomendasi-5-tempat-makan-gonggong-enak-di-batam-dijamin-bikin-ketagihan/,,,Kota Batam,Kepulauan Riau,1.08,104.03,Pusat kota/kabupaten,teks+inferensi,Beberapa cabang
402,361,Golden Prawn Restaurant,Restoran,"Bengkong Laut, Batam",Gonggong ukuran besar dengan saus sambal khas,1,1,2026-07-12 07:00:00+00:00,2026-07-12 07:00:00+00:00,0,0.0,,0.8,https://metropolis.batampos.co.id/rekomendasi-5-tempat-makan-gonggong-enak-di-batam-dijamin-bikin-ketagihan/,Bengkong Laut,Bengkong,Kota Batam,Kepulauan Riau,1.15,104.04,Pusat kecamatan,teks+inferensi,
403,362,Seafood Anak Nelayan,Restoran,"Kampung Terih, Kecamatan Nongsa, Batam",Gonggong segar dengan panorama laut,1,1,2026-07-12 07:00:00+00:00,2026-07-12 07:00:00+00:00,0,0.0,,0.8,https://metropolis.batampos.co.id/rekomendasi-5-tempat-makan-gonggong-enak-di-batam-dijamin-bikin-ketagihan/,,Nongsa,Kota Batam,Kepulauan Riau,1.16,104.11,Pusat kecamatan,teks+inferensi,Kampung Terih
404,363,Riverside Restaurant,Restoran,"Kabil, Nongsa, Batam",Seafood ramai saat jam makan,1,1,2026-07-12 07:00:00+00:00,2026-07-12 07:00:00+00:00,0,0.0,,0.8,https://metropolis.batampos.co.id/rekomendasi-5-tempat-makan-gonggong-enak-di-batam-dijamin-bikin-ketagihan/,Kabil,Nongsa,Kota Batam,Kepulauan Riau,1.16,104.11,Pusat kecamatan,teks+inferensi,
405,364,Kopak Jaya 007 Kelong Seafood Batam,Restoran,"Jalan Kampung Tua Tiangwangkang, Tembesi, Kecamatan Sagulung, Batam",Restoran seafood legendaris,1,1,2026-07-12 07:00:00+00:00,2026-07-12 07:00:00+00:00,0,0.0,,0.8,https://metropolis.batampos.co.id/rekomendasi-5-tempat-makan-gonggong-enak-di-batam-dijamin-bikin-ketagihan/,Tembesi,Sagulung,Kota Batam,Kepulauan Riau,1.04,103.96,Pusat kecamatan,teks+inferensi,
406,366,Tenang Coffee & Resto Cabang Batu Besar,Kafe,"Jalan Hang Jebat, Batu Besar, Kecamatan Nongsa, Kota Batam",Sarapan suasana kafe,1,1,2026-05-20 07:00:00+00:00,2026-05-20 07:00:00+00:00,0,0.0,,0.8,https://metropolis.batampos.co.id/rekomendasi-4-tempat-sarapan-di-nongsa-yang-wajib-dicoba-dari-kuliner-melayu-hingga-kopi/,Batu Besar,Nongsa,Kota Batam,Kepulauan Riau,1.16,104.11,Pusat kecamatan,teks+inferensi,
407,367,3N Coffee & Bakery,Kafe,"Komplek Ruko Citra Nusa Niaga Blok A5 No. 1-2, Kabil, Kecamatan Nongsa, Kota Batam","Roti, pastry, dan kopi",1,1,2026-05-20 07:00:00+00:00,2026-05-20 07:00:00+00:00,0,0.0,,0.8,https://metropolis.batampos.co.id/rekomendasi-4-tempat-sarapan-di-nongsa-yang-wajib-dicoba-dari-kuliner-melayu-hingga-kopi/,Kabil,Nongsa,Kota Batam,Kepulauan Riau,1.16,104.11,Pusat kecamatan,teks+inferensi,
408,368,Blok M Square (area bawah tanah),lainnya,"Blok M Square, Jakarta Selatan","Pusat makanan viral 2026, antre panjang",1,1,2026-06-29 07:00:00+00:00,2026-06-29 07:00:00+00:00,0,1.0,2026,0.8,https://www.gramedia.com/best-seller/15-makanan-blok-m-square-yang-viral-2026-wajib-coba/,Melawai,Kebayoran Baru,Kota Jakarta Selatan,DKI Jakarta,-6.244,106.801,Titik tempat,teks+inferensi,
409,369,Thai Baby,Kafe,"Blok M Square, Jakarta Selatan","Mango sticky rice, makanan Blok M Square yang viral",1,1,2026-06-29 07:00:00+00:00,2026-06-29 07:00:00+00:00,0,1.0,2026,0.75,https://www.gramedia.com/best-seller/15-makanan-blok-m-square-yang-viral-2026-wajib-coba/,Melawai,Kebayoran Baru,Kota Jakarta Selatan,DKI Jakarta,-6.244,106.801,Titik tempat,teks+inferensi,
410,370,RM Pondok Gurih,Restoran,Pekanbaru,"Tempat makan keluarga langganan, gulai kepala ikan kakap",1,1,2026-04-27 07:00:00+00:00,2026-04-27 07:00:00+00:00,0,0.0,,0.8,https://www.hipwee.com/travel/tempat-makan-keluarga-di-pekanbaru/,,,Kota Pekanbaru,Riau,0.507,101.448,Pusat kota/kabupaten,teks+inferensi,
411,371,Tudung Saji Bunda Viera,Restoran,Pekanbaru,"Masakan Nusantara dengan sentuhan Medan, interior estetik",1,1,2026-04-27 07:00:00+00:00,2026-04-27 07:00:00+00:00,0,0.0,,0.8,https://www.hipwee.com/travel/tempat-makan-keluarga-di-pekanbaru/,,,Kota Pekanbaru,Riau,0.507,101.448,Pusat kota/kabupaten,teks+inferensi,
412,372,Bakso dan Mie Ayam Cumi Bunting Rantau Tiga Saudara AB,Restoran,"Simpang 4 Nato Dapur 12, area Ziomart, Batuaji, Kota Batam","Tempat makan viral, menu cumi bunting sering ludes",1,1,2026-09-12 07:00:00+00:00,2026-09-12 07:00:00+00:00,0,1.0,,0.85,https://metropolis.batampos.co.id/patut-dicoba-ini-5-tempat-makan-viral-di-batam-favorit-pecinta-kuliner/,,Batu Aji,Kota Batam,Kepulauan Riau,1.05,103.99,Pusat kecamatan,teks+inferensi,
413,373,Misoa (Golden City Residence),Restoran,"Jl. Golden City Residence Blok Salmon 3 No.07, Tanjung Buntung, Bengkong, Batam",Misoa carbonara menu viral,1,1,2026-09-12 07:00:00+00:00,2026-09-12 07:00:00+00:00,0,1.0,,0.6,https://metropolis.batampos.co.id/patut-dicoba-ini-5-tempat-makan-viral-di-batam-favorit-pecinta-kuliner/,Tanjung Buntung,Bengkong,Kota Batam,Kepulauan Riau,1.15,104.04,Pusat kecamatan,teks+inferensi,
414,374,Mama Adam Kitchen,Restoran,Batam,"Cumi pedas dan mie laut pedas, tempat makan viral",1,1,2026-09-12 07:00:00+00:00,2026-09-12 07:00:00+00:00,0,1.0,,0.75,https://metropolis.batampos.co.id/patut-dicoba-ini-5-tempat-makan-viral-di-batam-favorit-pecinta-kuliner/,,,Kota Batam,Kepulauan Riau,1.08,104.03,Pusat kota/kabupaten,teks+inferensi,
415,375,Nasi Kapau H. Amrizal,Restoran,"Tanjung Buntung, Bengkong, Batam","Masakan Minang prasmanan, tempat makan viral",1,1,2026-09-12 07:00:00+00:00,2026-09-12 07:00:00+00:00,0,1.0,,0.75,https://metropolis.batampos.co.id/patut-dicoba-ini-5-tempat-makan-viral-di-batam-favorit-pecinta-kuliner/,Tanjung Buntung,Bengkong,Kota Batam,Kepulauan Riau,1.15,104.04,Pusat kecamatan,teks+inferensi,
416,376,Angetin - Wedang & Minuman Rempah Tradisional,Kafe,"Batam Centre Mall, Teluk Tering, Batam Kota","Kafe minuman rempah, tempat makan viral",1,1,2026-09-12 07:00:00+00:00,2026-09-12 07:00:00+00:00,0,1.0,,0.75,https://metropolis.batampos.co.id/patut-dicoba-ini-5-tempat-makan-viral-di-batam-favorit-pecinta-kuliner/,Teluk Tering,Batam Kota,Kota Batam,Kepulauan Riau,1.135,104.055,Pusat kecamatan,teks+inferensi,
417,377,Rumah Tuan Kadi,Museum,"Senapelan (Kampung Bandar), Pekanbaru",Destinasi budaya yang dikunjungi peserta RTM 6,1,1,2026-08-21 07:00:00+00:00,2026-08-21 07:00:00+00:00,0,0.0,Mei 2026,0.6,https://www.cakaplah.com/berita/baca/135800/2026/05/08/riau-travel-mart-6-resmi-dibuka-ratusan-buyer-dan-seller-pariwisata-hadir-di-pekanbaru,Kampung Bandar,Senapelan,Kota Pekanbaru,Riau,0.54,101.445,Pusat kecamatan,teks+inferensi,
418,378,Kopi Kimteng,Kafe,Pekanbaru,Kuliner khas yang dikenalkan ke peserta RTM,1,1,2026-08-21 07:00:00+00:00,2026-08-21 07:00:00+00:00,0,0.0,,0.6,https://www.cakaplah.com/berita/baca/135800/2026/05/08/riau-travel-mart-6-resmi-dibuka-ratusan-buyer-dan-seller-pariwisata-hadir-di-pekanbaru,,,Kota Pekanbaru,Riau,0.507,101.448,Pusat kota/kabupaten,teks+inferensi,
419,379,Museum Bank Indonesia (MuBI),Museum,Jakarta,Museum sejarah mata uang yang menjadi ruang literasi dan pameran temporer,1,1,2026-06-05 07:00:00+00:00,2026-06-05 07:00:00+00:00,0,0.0,,0.8,https://riau.harianhaluan.com/nasional/amp/1117676326/fungsi-mubi-tak-hanya-sekadar-museum-jadi-ruang-tumbuhnya-gagasan-dan-literasi-ekonomi,Pinangsia,Taman Sari,Kota Jakarta Barat,DKI Jakarta,-6.1373,106.813,Titik tempat,teks+inferensi,Kawasan Kota Tua
420,380,KKV,lainnya,Indonesia,"Retail lifestyle baru yang langsung viral sejak pembukaan, toko fotogenik",1,1,2026-09-25 05:03:40+00:00,2026-09-25 05:03:40+00:00,0,1.0,,0.6,https://m.jpnn.com/news/kkv-langsung-viral-sejak-pembukaan-retail-lifestyle-baru-yang-ramai-dikunjungi?page=2,,,,,,,,teks,Lokasi hanya 'Indonesia'
421,381,Osu Shopping District,Wisata Alam,"Nagoya, Prefektur Aichi, Jepang","Pusat belanja dan kuliner yang tak pernah sepi, 1.200 toko",1,1,2026-06-03 07:00:00+00:00,2026-06-03 07:00:00+00:00,0,0.0,September 2026,0.8,https://riau.antaranews.com/berita/453727/osu-shopping-district-denyut-belanja-dan-kuliner-nagoya-yang-tak-pernah-sepi,,,,,,,,teks,"Di luar Indonesia: Nagoya, Aichi, Jepang"
422,191,Dib Bangkok,Museum,"Bangkok, Thailand",Museum baru yang viral di Bangkok,1,1,2026-05-05 07:00:00+00:00,2026-05-05 07:00:00+00:00,0,1.0,,0.85,https://www.tripzilla.id/tempat-wisata-baru-bangkok-thailand/26990,,,,,13.756,100.502,Pusat kota/kabupaten,teks,Luar negeri: Thailand (Bangkok)
423,384,Nasi Pedas Ibu Andika Bali,Restoran,"Tenant Gebyar Kuliner, Living World Pekanbaru",Sajian pedas khas Bali,1,1,2026-04-30 07:00:00+00:00,2026-04-30 07:00:00+00:00,0,0.0,,0.65,https://halloriau.com/read-ekonomi-14616985-2026-04-24-living-world-pekanbaru-dan-gebyarkulinerid-kembali-hadirkan-festival-kuliner-terbesar-gebyar-kuliner-jakarta-halal-viral-vol-3.html,,,Kota Pekanbaru,Riau,0.507,101.448,Pusat kota/kabupaten,teks+inferensi,Tenant di Living World Pekanbaru
424,385,PekingDuckLovers,Restoran,"Tenant Gebyar Kuliner, Living World Pekanbaru",Bebek peking halal,1,1,2026-04-30 07:00:00+00:00,2026-04-30 07:00:00+00:00,0,0.0,,0.65,https://halloriau.com/read-ekonomi-14616985-2026-04-24-living-world-pekanbaru-dan-gebyarkulinerid-kembali-hadirkan-festival-kuliner-terbesar-gebyar-kuliner-jakarta-halal-viral-vol-3.html,,,Kota Pekanbaru,Riau,0.507,101.448,Pusat kota/kabupaten,teks+inferensi,Tenant di Living World Pekanbaru
425,387,Bittersweet by Najla,Kafe,"Tenant Gebyar Kuliner, Living World Pekanbaru",Dessert yang disambut antusias,1,1,2026-04-30 07:00:00+00:00,2026-04-30 07:00:00+00:00,0,0.0,,0.6,https://halloriau.com/read-ekonomi-14616985-2026-04-24-living-world-pekanbaru-dan-gebyarkulinerid-kembali-hadirkan-festival-kuliner-terbesar-gebyar-kuliner-jakarta-halal-viral-vol-3.html,,,Kota Pekanbaru,Riau,0.507,101.448,Pusat kota/kabupaten,teks+inferensi,Tenant di Living World Pekanbaru
426,388,LOAFJKT,Kafe,"Tenant Gebyar Kuliner, Living World Pekanbaru",Patisserie,1,1,2026-04-30 07:00:00+00:00,2026-04-30 07:00:00+00:00,0,0.0,,0.6,https://halloriau.com/read-ekonomi-14616985-2026-04-24-living-world-pekanbaru-dan-gebyarkulinerid-kembali-hadirkan-festival-kuliner-terbesar-gebyar-kuliner-jakarta-halal-viral-vol-3.html,,,Kota Pekanbaru,Riau,0.507,101.448,Pusat kota/kabupaten,teks+inferensi,Tenant di Living World Pekanbaru
427,389,Roti prata Pujasera Tiban Centre,Restoran,"Pujasera Tiban Centre, Jalan Gajah Mada, Tiban Indah, Kecamatan Sekupang, Kota Batam",Roti prata favorit warga Batam,1,1,2026-06-14 01:04:34+00:00,2026-06-14 01:04:34+00:00,0,0.0,,0.6,https://metropolis.batampos.co.id/rekomendasi-4-tempat-sarapan-minggu-pagi-di-tiban-yang-enak-murah-dan-wajib-dicoba/,Tiban Indah,Sekupang,Kota Batam,Kepulauan Riau,1.12,103.96,Pusat kecamatan,teks+inferensi,
428,390,Mie Tarempa Tiban Center,Restoran,"Tiban Center, Jalan Gajah Mada Blok L, Tiban Indah, Kecamatan Sekupang, Kota Batam",Mie khas Kepulauan Riau,1,1,2026-06-14 01:04:34+00:00,2026-06-14 01:04:34+00:00,0,0.0,,0.8,https://metropolis.batampos.co.id/rekomendasi-4-tempat-sarapan-minggu-pagi-di-tiban-yang-enak-murah-dan-wajib-dicoba/,Tiban Indah,Sekupang,Kota Batam,Kepulauan Riau,1.12,103.96,Pusat kecamatan,teks+inferensi,
429,391,Morning Bakery Tiban,Kafe,"Sungai Harapan, Kecamatan Sekupang, Kota Batam","Roti, kopi, nasi lemak",1,1,2026-06-14 01:04:34+00:00,2026-06-14 01:04:34+00:00,0,0.0,,0.8,https://metropolis.batampos.co.id/rekomendasi-4-tempat-sarapan-minggu-pagi-di-tiban-yang-enak-murah-dan-wajib-dicoba/,Sungai Harapan,Sekupang,Kota Batam,Kepulauan Riau,1.12,103.96,Pusat kecamatan,teks+inferensi,
430,392,Sarapan Pagi Bu Sri,Restoran,"Jalan Natuna, Tiban Indah, Kecamatan Sekupang, Kota Batam",Menu rumahan harga terjangkau,1,1,2026-06-14 01:04:34+00:00,2026-06-14 01:04:34+00:00,0,0.0,,0.8,https://metropolis.batampos.co.id/rekomendasi-4-tempat-sarapan-minggu-pagi-di-tiban-yang-enak-murah-dan-wajib-dicoba/,Tiban Indah,Sekupang,Kota Batam,Kepulauan Riau,1.12,103.96,Pusat kecamatan,teks+inferensi,
431,393,Morning Bakery,Kafe,"Greenland, Batam Center",Ikon sarapan di Batam,1,1,2026-07-05 07:00:00+00:00,2026-07-05 07:00:00+00:00,0,0.0,,0.8,https://metropolis.batampos.co.id/wisata-kuliner-pagi-di-batam-ini-5-tempat-sarapan-yang-patut-dicoba/,,Batam Kota,Kota Batam,Kepulauan Riau,1.135,104.055,Pusat kecamatan,teks+inferensi,"Greenland, Batam Center"
432,394,Tempat Makan Kopitiam,Kafe,"Jalan Raja H. Fisabilillah Nomor 8, Teluk Tering, Batam Kota",Kopitiam klasik,1,1,2026-07-05 07:00:00+00:00,2026-07-05 07:00:00+00:00,0,0.0,,0.75,https://metropolis.batampos.co.id/wisata-kuliner-pagi-di-batam-ini-5-tempat-sarapan-yang-patut-dicoba/,Teluk Tering,Batam Kota,Kota Batam,Kepulauan Riau,1.135,104.055,Pusat kecamatan,teks+inferensi,
433,395,Kez's Bakery & Restaurant,Kafe,"Ruko Kara Junction, Jalan Ahmad Yani Blok A No 7-9, Taman Baloi, Batam Kota","Roti, pastry, menu sarapan",1,1,2026-07-05 07:00:00+00:00,2026-07-05 07:00:00+00:00,0,0.0,,0.8,https://metropolis.batampos.co.id/wisata-kuliner-pagi-di-batam-ini-5-tempat-sarapan-yang-patut-dicoba/,Taman Baloi,Batam Kota,Kota Batam,Kepulauan Riau,1.135,104.055,Pusat kecamatan,teks+inferensi,
434,396,La Kopi Cafe & Resto,Kafe,Batam,Menu lokal dan suasana modern,1,1,2026-07-05 07:00:00+00:00,2026-07-05 07:00:00+00:00,0,0.0,,0.7,https://metropolis.batampos.co.id/wisata-kuliner-pagi-di-batam-ini-5-tempat-sarapan-yang-patut-dicoba/,,,Kota Batam,Kepulauan Riau,1.08,104.03,Pusat kota/kabupaten,teks+inferensi,
435,397,Lontong sayur Jalan Bengkong Baru,Restoran,"Jalan Bengkong Baru No. 40, Bengkong Indah, Kecamatan Bengkong, Batam",Lontong sayur favorit warga,1,1,2026-04-22 07:00:00+00:00,2026-04-22 07:00:00+00:00,0,0.0,,0.6,https://metropolis.batampos.co.id/rekomendasi-4-tempat-sarapan-enak-di-bengkong-batam-ada-lontong-hingga-mie-tarempa/,Bengkong Indah,Bengkong,Kota Batam,Kepulauan Riau,1.15,104.04,Pusat kecamatan,teks+inferensi,
436,398,Mentari Kopitiam Pasir Putih,Kafe,"Pasar Pasir Putih C No. 10-12, Sadai, Kecamatan Bengkong, Batam",Menu sarapan roti bakar dan kopi,1,1,2026-04-22 07:00:00+00:00,2026-04-22 07:00:00+00:00,0,0.0,,0.8,https://metropolis.batampos.co.id/rekomendasi-4-tempat-sarapan-enak-di-bengkong-batam-ada-lontong-hingga-mie-tarempa/,Sadai,Bengkong,Kota Batam,Kepulauan Riau,1.15,104.04,Pusat kecamatan,teks+inferensi,
437,399,Mie Tarempa Bengkong,Restoran,"Tanjung Buntung, Kecamatan Bengkong, Batam",Mie khas Kepulauan Riau,1,1,2026-04-22 07:00:00+00:00,2026-04-22 07:00:00+00:00,0,0.0,,0.8,https://metropolis.batampos.co.id/rekomendasi-4-tempat-sarapan-enak-di-bengkong-batam-ada-lontong-hingga-mie-tarempa/,Tanjung Buntung,Bengkong,Kota Batam,Kepulauan Riau,1.15,104.04,Pusat kecamatan,teks+inferensi,
438,400,Rumah Makan Bawean,Restoran,"Jalan Laksamana Bintan No. 5 Blok F, Bengkong Indah, Batam",Masakan Indonesia harga ramah,1,1,2026-04-22 07:00:00+00:00,2026-04-22 07:00:00+00:00,0,0.0,,0.8,https://metropolis.batampos.co.id/rekomendasi-4-tempat-sarapan-enak-di-bengkong-batam-ada-lontong-hingga-mie-tarempa/,Bengkong Indah,Bengkong,Kota Batam,Kepulauan Riau,1.15,104.04,Pusat kecamatan,teks+inferensi,
439,401,"Lagoi Bay, Bintan Resorts",Wisata Alam,"Kabupaten Bintan, Kepulauan Riau",Lokasi Tour de Bintan 2026,1,1,2026-06-03 07:00:00+00:00,2026-06-03 07:00:00+00:00,0,0.0,21-23 Agustus 2026,0.5,https://presmedia.id/pemprov-kepri-perkuat-sport-tourism-dan-pariwisata-internasional-di-even-tour-de-bintan-2026/,Sebong Lagoi,Teluk Sebong,Kabupaten Bintan,Kepulauan Riau,1.17,104.34,Pusat kelurahan/desa,teks+inferensi,
440,402,Taman Budaya Nyat Kadir,Wisata Alam,"Gedung Beringin, Kota Batam",Rencana destinasi wisata budaya baru senilai Rp50 miliar,1,1,2026-08-02 07:00:00+00:00,2026-08-02 07:00:00+00:00,0,0.0,Perencanaan 2026,0.6,https://regional.kompas.com/read/2026/07/29/150000778/pemkot-batam-bangun-taman-budaya-nyat-kadir-rp-50-miliar-siap-jadi-ikon,,,Kota Batam,Kepulauan Riau,1.08,104.03,Pusat kota/kabupaten,teks+inferensi,
441,404,Masjid Sultan Riau,Wisata Alam,"Pulau Penyengat, Tanjungpinang",Masjid bersejarah,1,1,2026-08-02 07:00:00+00:00,2026-08-02 07:00:00+00:00,0,0.0,,0.5,https://www.inikepri.com/2026/08/02/catat-ini-9-agenda-wisata-dan-budaya-kepri-sepanjang-agustus-2026/,Penyengat,Tanjungpinang Kota,Kota Tanjungpinang,Kepulauan Riau,0.927,104.419,Pusat kelurahan/desa,teks+inferensi,
442,405,Akau Taman Kota Kijang (Kijang Food Court),Restoran,"Kijang, Kabupaten Bintan",Lokasi Festival Kompang,1,1,2026-08-02 07:00:00+00:00,2026-08-02 07:00:00+00:00,0,0.0,1 Agustus 2026,0.55,https://www.inikepri.com/2026/08/02/catat-ini-9-agenda-wisata-dan-budaya-kepri-sepanjang-agustus-2026/,,Bintan Timur,Kabupaten Bintan,Kepulauan Riau,0.85,104.6,Pusat kecamatan,teks+inferensi,Kijang
443,407,Pulau Katang,Wisata Alam,"Pintu masuk wilayah Kabupaten Lingga, Kepulauan Riau",Viral di media sosial karena ditawarkan dijual Rp65 miliar,1,1,2026-06-04 07:00:00+00:00,2026-06-04 07:00:00+00:00,0,1.0,Mei 2026,0.75,https://www.batamnews.co.id/berita-127730-viral-pulau-katang-di-lingga-dijual-rp65-miliar-di-media-sosial.html,,,Kabupaten Lingga,Kepulauan Riau,-0.2,104.6,Pusat kota/kabupaten,teks,
444,408,Pulau Benan,Wisata Alam,"Kabupaten Lingga, Kepulauan Riau",Destinasi wisata bahari unggulan dengan spot snorkeling dan diving,1,1,2026-06-04 07:00:00+00:00,2026-06-04 07:00:00+00:00,0,0.0,,0.6,https://www.batamnews.co.id/berita-127730-viral-pulau-katang-di-lingga-dijual-rp65-miliar-di-media-sosial.html,,,Kabupaten Lingga,Kepulauan Riau,-0.2,104.6,Pusat kota/kabupaten,teks,
445,409,Gunung Bintan,Wisata Alam,Kabupaten Bintan,Lokasi Open Trip Canyoneering,1,1,2026-07-03 07:00:00+00:00,2026-07-03 07:00:00+00:00,0,0.0,1 dan 7 Juni 2026,0.55,https://lintaskepri.com/kalender-event-juni-2026-kepulauan-riau-festival-budaya-hingga-sport-tourism-internasional/,,,Kabupaten Bintan,Kepulauan Riau,1.0,104.5,Pusat kota/kabupaten,teks+inferensi,
446,410,Kawasan Gurindam 12,Wisata Alam,Tanjungpinang,Lokasi Kemilau Nusantara Kepri 2026,1,1,2026-07-03 07:00:00+00:00,2026-07-03 07:00:00+00:00,0,0.0,13-15 Juni 2026,0.5,https://lintaskepri.com/kalender-event-juni-2026-kepulauan-riau-festival-budaya-hingga-sport-tourism-internasional/,,,Kota Tanjungpinang,Kepulauan Riau,0.918,104.47,Pusat kota/kabupaten,teks+inferensi,Kawasan tepi laut
447,411,Pulau Penyengat (Penyengat Heritage 2026),Wisata Alam,"Pulau Penyengat, Tanjungpinang",Festival warisan sejarah dan budaya Melayu,1,1,2026-07-03 07:00:00+00:00,2026-07-03 07:00:00+00:00,0,0.0,19-21 Juni 2026,0.6,https://lintaskepri.com/kalender-event-juni-2026-kepulauan-riau-festival-budaya-hingga-sport-tourism-internasional/,Penyengat,Tanjungpinang Kota,Kota Tanjungpinang,Kepulauan Riau,0.927,104.419,Pusat kelurahan/desa,teks+inferensi,
448,412,Pelabuhan Ferry Batam Centre,lainnya,"Batam Centre, Batam",Isu pungli viral di medsos mencoreng kepercayaan wisman (isu negatif),1,1,2026-09-25 02:33:51+00:00,2026-09-25 02:33:51+00:00,0,1.0,,0.45,https://www.batamnews.co.id/berita-126944-harga-tiket-naik-konflik-global-mulai-goyang-wisata-kepri.html,Teluk Tering,Batam Kota,Kota Batam,Kepulauan Riau,1.135,104.055,Pusat kecamatan,teks+inferensi,
449,414,Makam Raja Ali Haji,Wisata Alam,"Pulau Penyengat, Tanjungpinang","Makam tokoh bahasa Melayu, lokasi ziarah",1,1,2026-04-11 07:00:00+00:00,2026-04-11 07:00:00+00:00,0,0.0,23 September 2026,0.6,https://www.klikwarta.com/jelang-groundbreaking-museum-bahasa-gubernur-ansar-ziarah-ke-makam-raja-ali-haji,Penyengat,Tanjungpinang Kota,Kota Tanjungpinang,Kepulauan Riau,0.927,104.419,Pusat kelurahan/desa,teks+inferensi,
450,415,Museum dan Monumen Tugu Bahasa,Museum,"Pulau Penyengat, Kepulauan Riau",Diproyeksi jadi magnet wisata sejarah,1,1,2026-04-08 07:00:00+00:00,2026-04-08 07:00:00+00:00,0,0.0,April 2026,0.75,https://www.inikepri.com/2026/04/11/museum-tugu-bahasa-di-pulau-penyengat-diproyeksi-jadi-magnet-wisata-sejarah/,Penyengat,Tanjungpinang Kota,Kota Tanjungpinang,Kepulauan Riau,0.927,104.419,Pusat kelurahan/desa,teks+inferensi,
451,416,Pelabuhan Internasional Batam Center,lainnya,Batam,Viral dugaan pungli terhadap WNA Singapura (isu negatif),1,1,2026-05-06 07:00:00+00:00,2026-05-06 07:00:00+00:00,0,1.0,14 Maret 2026,0.5,https://alurnews.com/2026/04/08/ini-pengganti-kepala-imigrasi-kepri-dan-batam-yang-dicopot-usai-viral-pungli-wna-singapura/,Teluk Tering,Batam Kota,Kota Batam,Kepulauan Riau,1.135,104.055,Pusat kecamatan,teks+inferensi,
452,417,Mega Wisata Ocarina,Wahana,"Kawasan Sadai, Kecamatan Bengkong, Kota Batam",Taman rekreasi hits dengan bianglala raksasa dan waterpark,1,1,2026-09-24 05:46:30+00:00,2026-09-24 05:46:30+00:00,0,0.0,,0.85,https://www.hipwee.com/travel/tempat-liburan-di-batam/,Sadai,Bengkong,Kota Batam,Kepulauan Riau,1.15,104.04,Pusat kecamatan,teks+inferensi,
453,418,Jembatan Barelang,Wisata Alam,Batam,Destinasi hits dan ikonik Batam,1,1,2026-09-24 05:46:30+00:00,2026-09-24 05:46:30+00:00,0,0.0,,0.8,https://www.hipwee.com/travel/tempat-liburan-di-batam/,,,Kota Batam,Kepulauan Riau,1.08,104.03,Pusat kota/kabupaten,teks+inferensi,Rangkaian jembatan Batam-Rempang-Galang
454,419,Bazar dan Expo MTQ XII Kepri 2026,Pameran,"Gedung Dekranasda Provinsi Kepri, Jalan Hang Tuah, Tepi Laut (Taman Gurindam 12), Tanjungpinang",Bazar produk unggulan kabupaten/kota se-Kepri,1,1,2026-05-15 07:00:00+00:00,2026-05-15 07:00:00+00:00,0,0.0,4-5 Juli 2026,0.7,https://www.batamnews.co.id/berita-128521-bazar-mtq-xii-kepri-2026-targetkan-produk-umkm-tembus-pasar-regional.html,,,Kota Tanjungpinang,Kepulauan Riau,0.918,104.47,Pusat kota/kabupaten,teks+inferensi,Tepi Laut (Taman Gurindam 12)
455,420,Pasar Tos 3000 Batam,lainnya,Batam,Lokasi kasus copet yang viral di media sosial (isu negatif),1,1,2026-07-27 07:00:00+00:00,2026-07-27 07:00:00+00:00,0,1.0,,0.45,https://batamline.com/2026/04/09/kapolsek-lubuk-baja-kompol-deni-langie-terima-penghargaan-dari-kapolda-kepri/,,,Kota Batam,Kepulauan Riau,1.08,104.03,Pusat kota/kabupaten,teks+inferensi,
456,421,Pelantar 3 Tanjungpinang (Dragon Boat Race 2026),Wisata Alam,"Pelantar 3, Kota Tanjungpinang","Lomba perahu naga tahunan, daya tarik wisata",1,1,2026-08-24 07:00:00+00:00,2026-08-24 07:00:00+00:00,0,0.0,26-28 Juni 2026,0.55,https://www.batamnews.co.id/berita-128376-tiga-hari-perlombaan-dragon-boat-race-2026-siap-jadi-event-internasional-kepulauan-riau.html,,Tanjungpinang Kota,Kota Tanjungpinang,Kepulauan Riau,0.92,104.45,Pusat kecamatan,teks+inferensi,
457,422,Festival Kopi Merdeka 2026,Pameran,"Jalan Merdeka, Kawasan Kota Lama, Tanjungpinang","Festival kopi dihadiri puluhan ribu warga, event based tourism",2,1,2026-04-06 07:00:00+00:00,2026-07-24 07:00:00+00:00,109,0.0,20-24 Agustus 2026,0.75,https://batamtoday.com/news/ketika-secangkir-kopi-menjadi-strategi-pariwisata-dan-ekonomi-kreatif-kepulauan-riau,,Tanjungpinang Kota,Kota Tanjungpinang,Kepulauan Riau,0.92,104.45,Pusat kecamatan,teks+inferensi,Kawasan Kota Lama
458,423,Teras Nyai,Restoran,"Jalan Layang-Layang Nomor 67, dekat Tugu Tari Sekapur Sirih The Hok, Kota Jambi","Rumah makan hidden gem khas Melayu Jambi yang tengah jadi perhatian pecinta kuliner, olahan tempoyak",1,1,2026-04-11 07:00:00+00:00,2026-04-11 07:00:00+00:00,0,0.0,First anniversary 1 September 2026,0.85,https://www.kompasiana.com/rion35636/6aa00a4bed6415209a56ac23/teras-nyai-sensasi-kuliner-hidden-gem-otentik-khas-melayu-jambi,,,Kota Jambi,Jambi,-1.61,103.613,Pusat kota/kabupaten,teks+inferensi,
459,424,Wisata Kuliner Kota Tua Jambi,lainnya,"Area depan Hotel Duta Jambi, Jl. Sultan Thaha, Kecamatan Pasar, Kota Jambi",Pusat kuliner malam baru yang diluncurkan Pemkot,1,1,2026-09-09 12:54:52+00:00,2026-09-09 12:54:52+00:00,0,0.0,2 April 2026,0.8,https://jambiindependent.disway.id/hiburan/read/711746/jelajah-pesona-kawasan-kuliner-di-kota-jambi-saat-weekend-ini-4-tempat-yang-bikin-diet-auto-lupa,,Pasar Jambi,Kota Jambi,Jambi,-1.59,103.615,Pusat kecamatan,teks+inferensi,
460,425,Masjid Agung Al-Falah (Masjid Seribu Tiang),Wisata Alam,Kota Jambi,Ikon wisata religi dengan arsitektur unik,1,1,2026-08-01 07:00:00+00:00,2026-08-01 07:00:00+00:00,0,0.0,,0.8,https://lahatpos.disway.id/nasional/read/662180/7-rekomendasi-wisata-religi-di-jambi-yang-sarat-nilai-sejarah-dan-spiritualitas,,,Kota Jambi,Jambi,-1.61,103.613,Pusat kota/kabupaten,teks+inferensi,
461,427,Makam Sultan Thaha Syaifuddin,Wisata Alam,Jambi,Tujuan ziarah pahlawan nasional,1,1,2026-08-01 07:00:00+00:00,2026-08-01 07:00:00+00:00,0,0.0,,0.75,https://lahatpos.disway.id/nasional/read/662180/7-rekomendasi-wisata-religi-di-jambi-yang-sarat-nilai-sejarah-dan-spiritualitas,,,Kabupaten Tebo,Jambi,-1.49,102.45,Pusat kota/kabupaten,teks+inferensi,Teks hanya 'Jambi'; makam dikenal berada di Muara Tebo
462,428,Menara Gentala Arasy,Museum,Kota Jambi,Menara dengan museum perkembangan Islam,1,1,2026-08-01 07:00:00+00:00,2026-08-01 07:00:00+00:00,0,0.0,,0.8,https://lahatpos.disway.id/nasional/read/662180/7-rekomendasi-wisata-religi-di-jambi-yang-sarat-nilai-sejarah-dan-spiritualitas,Arab Melayu,Pelayangan,Kota Jambi,Jambi,-1.5856,103.6155,Titik tempat,teks+inferensi,Kawasan Seberang Kota Jambi
463,429,Danau Gunung Tujuh,Wisata Alam,"Kerinci, Jambi",Danau vulkanik tertinggi di Asia Tenggara,1,1,2026-06-26 07:00:00+00:00,2026-06-26 07:00:00+00:00,0,0.0,,0.85,https://lahatpos.disway.id/nasional/read/662145/7-rekomendasi-wisata-jambi-yang-wajib-masuk-daftar-liburan-anda,,,Kabupaten Kerinci,Jambi,-1.705,101.395,Titik tempat,teks+inferensi,
464,430,Geopark Merangin,Wisata Alam,"Merangin, Jambi","Fosil tumbuhan purba, arung jeram",1,1,2026-06-26 07:00:00+00:00,2026-06-26 07:00:00+00:00,0,0.0,,0.85,https://lahatpos.disway.id/nasional/read/662145/7-rekomendasi-wisata-jambi-yang-wajib-masuk-daftar-liburan-anda,,,Kabupaten Merangin,Jambi,-2.08,102.13,Pusat kota/kabupaten,teks+inferensi,
465,431,Kampung Batik Ulu Gedong,Wisata Alam,"Kelurahan Ulu Gedong, Kecamatan Danau Teluk, Kota Jambi",Diproyeksikan jadi ikon wisata budaya Melayu,1,1,2026-04-06 07:00:00+00:00,2026-04-06 07:00:00+00:00,0,0.0,Juni 2026,0.75,https://jambitv.disway.id/kota-jambi/read/14699/kampung-batik-ulu-gedong-diproyeksikan-jadi-ikon-wisata-budaya-melayu-di-kota-jambi,Ulu Gedong,Danau Teluk,Kota Jambi,Jambi,-1.58,103.62,Pusat kecamatan,teks+inferensi,
466,432,Kawasan Wisata Kota Tua Jambi,Wisata Alam,"Kecamatan Pasar, Kota Jambi","Grand opening kawasan wisata sejarah, kuliner, dan UMKM",1,1,2026-08-30 07:00:00+00:00,2026-08-30 07:00:00+00:00,0,0.0,3 April 2026,0.8,https://jambitv.disway.id/kota-jambi/read/13193/kota-tua-jambi-resmi-dibuka-wali-kota-dorong-wisata-sejarah-dan-umkm-terpadu,,Pasar Jambi,Kota Jambi,Jambi,-1.59,103.615,Pusat kecamatan,teks+inferensi,
467,433,Masjid Margasari,Wisata Alam,"Kota Tua, Kota Jambi",Pusat area wisata religi Kota Tua,1,1,2026-08-30 07:00:00+00:00,2026-08-30 07:00:00+00:00,0,0.0,,0.5,https://jambitv.disway.id/kota-jambi/read/13193/kota-tua-jambi-resmi-dibuka-wali-kota-dorong-wisata-sejarah-dan-umkm-terpadu,,,Kota Jambi,Jambi,-1.61,103.613,Pusat kota/kabupaten,teks+inferensi,Kawasan Kota Tua
468,435,Museum Bioskop Tempoa,Museum,Jambi,Dikunjungi Menteri Kebudayaan,1,1,2026-09-05 07:00:00+00:00,2026-09-05 07:00:00+00:00,0,0.0,31 Juli 2026,0.6,https://jambiekspres.disway.id/nasional/read/719848/usai-gibran-kini-giliran-fadli-zon-yang-janji-tutup-stockpile-batubara-di-sekitar-candi,,,,Jambi,-1.61,103.613,Pusat kota/kabupaten,teks,Teks hanya 'Jambi' (kota/provinsi tidak jelas); koordinat Kota Jambi
469,436,Festival Budaya Baselang Ka Umo 2026,Pameran,"RT 10, Kelurahan Olak Kemang, Kecamatan Danau Teluk, Kota Jambi",Festival budaya pertanian tradisional,1,1,2026-07-24 07:00:00+00:00,2026-07-24 07:00:00+00:00,0,0.0,30 Mei 2026,0.6,https://jambitv.disway.id/kota-jambi/read/13919/jambi-kota-seberang-siap-gelar-festival-budaya-baselang-ka-umo-2026,Olak Kemang,Danau Teluk,Kota Jambi,Jambi,-1.58,103.62,Pusat kecamatan,teks+inferensi,
470,437,Pekan Kebudayaan Jambi Elok Nian Kota Jambi 2026,Pameran,"Anjungan Kota Jambi, Taman Mini Melayu Jambi (Arena Eks MTQ)","Pameran budaya, kuliner, batik, dan UMKM",1,1,2026-06-15 07:00:00+00:00,2026-06-15 07:00:00+00:00,0,0.0,23 Juli 2026,0.7,https://imcnews.id/read/2026/07/24/27127/gubernur-al-haris-buka-jambi-elok-nian-kota-jambi-2026/,,,Kota Jambi,Jambi,-1.61,103.613,Pusat kota/kabupaten,teks+inferensi,Taman Mini Melayu Jambi (Arena eks MTQ)
471,438,Taman Hutan Raya (Tahura) Sultan Thaha,Wisata Alam,"Kabupaten Batanghari, Jambi",Kawasan hutan terbakar karhutla meluas (isu negatif),1,1,2026-09-08 07:00:00+00:00,2026-09-08 07:00:00+00:00,0,0.0,Juli-September 2026,0.5,https://regional.kompas.com/read/2026/09/10/192218878/karhutla-tahura-sultan-thaha-jambi-meluas-satwa-berlindung-di-hamparan-yang?page=all,,,Kabupaten Batanghari,Jambi,-1.7,103.08,Pusat kota/kabupaten,teks,
472,439,Mie Celor 26 Ilir H. M. Syafei Z,Restoran,"26 Ilir, Palembang","Mie celor paling terkenal, cita rasa tradisional puluhan tahun",1,1,2026-09-09 07:00:00+00:00,2026-09-09 07:00:00+00:00,0,0.0,,0.85,https://chanelmuslim.com/wisata/rekomendasi-kuliner-halal-palembang-yang-jadi-pilihan-untuk-dicoba,26 Ilir,Bukit Kecil,Kota Palembang,Sumatera Selatan,-2.985,104.75,Pusat kecamatan,teks+inferensi,
473,440,Martabak HAR,Restoran,Palembang,Martabak kari legendaris,1,1,2026-09-09 07:00:00+00:00,2026-09-09 07:00:00+00:00,0,0.0,,0.8,https://chanelmuslim.com/wisata/rekomendasi-kuliner-halal-palembang-yang-jadi-pilihan-untuk-dicoba,,,Kota Palembang,Sumatera Selatan,-2.976,104.775,Pusat kota/kabupaten,teks+inferensi,
474,441,Pempek & Es Kacang Vico,Restoran,"Jl. Letkol Iskandar No. 541-542, 24 Ilir, Kecamatan Bukit Kecil, Palembang",Pempek dan rujak mie,1,1,2026-05-14 07:00:00+00:00,2026-05-14 07:00:00+00:00,0,0.0,,0.8,https://sumsel.akurat.co/kuliner/889151/8-rekomendasi-tempat-rujak-mie-di-palembang-kuliner-khas-yang-wajib-dicoba,24 Ilir,Bukit Kecil,Kota Palembang,Sumatera Selatan,-2.985,104.75,Pusat kecamatan,teks+inferensi,
475,442,Pempek Kiki,Restoran,"Jl. Perindustrian 2 No. 3, Kebun Bunga, Kecamatan Sukarami, Palembang",Pempek ikan gabus,1,1,2026-05-14 07:00:00+00:00,2026-05-14 07:00:00+00:00,0,0.0,,0.8,https://sumsel.akurat.co/kuliner/889151/8-rekomendasi-tempat-rujak-mie-di-palembang-kuliner-khas-yang-wajib-dicoba,Kebun Bunga,Sukarami,Kota Palembang,Sumatera Selatan,-2.93,104.71,Pusat kecamatan,teks+inferensi,
476,443,Pempek Cik Puan,Restoran,"Komplek Sarjana, Jl. Sukabangun 1, Palembang",Kuliner tradisional Palembang,1,1,2026-05-14 07:00:00+00:00,2026-05-14 07:00:00+00:00,0,0.0,,0.75,https://sumsel.akurat.co/kuliner/889151/8-rekomendasi-tempat-rujak-mie-di-palembang-kuliner-khas-yang-wajib-dicoba,,,Kota Palembang,Sumatera Selatan,-2.976,104.775,Pusat kota/kabupaten,teks+inferensi,
477,444,Desa Wisata Gunung Dempo,Wisata Alam,"Kaki Gunung Dempo, Kota Pagar Alam, Sumatera Selatan","Penutupan sempat viral dan menuai sorotan, kini dibuka kembali",1,1,2026-06-28 07:00:00+00:00,2026-06-28 07:00:00+00:00,0,1.0,13 Mei 2026,0.85,https://www.rmolsumsel.id/gerak-cepat-gubernur-herman-deru-desa-wisata-gunung-dempo-pagar-alam-dibuka-lagi,,,Kota Pagar Alam,Sumatera Selatan,-4.02,103.25,Pusat kota/kabupaten,teks,Kaki Gunung Dempo
478,445,Sawah Namang Pelangi,Wisata Alam,"Desa Namang, Kecamatan Namang, Kabupaten Bangka Tengah","Unggahan ngopi di tepi sawah viral di kalangan anak muda, ledakan kunjungan sejak 2025",1,1,2026-05-23 07:00:00+00:00,2026-05-23 07:00:00+00:00,0,1.0,Sejak 2025,0.9,https://babelpos.disway.id/probis/read/687402/bukti-nyata-csr-bank-sumsel-babel-di-sawah-namang-dorong-pertumbuhan-umkm-dan-sektor-wisata,Namang,Namang,Kabupaten Bangka Tengah,Kepulauan Bangka Belitung,-2.34,106.23,Pusat kota/kabupaten,teks+inferensi,
479,446,Tan Kopi,Kafe,"Sawah Namang, Bangka Tengah",UMKM kopi di area sawah viral,1,1,2026-05-23 07:00:00+00:00,2026-05-23 07:00:00+00:00,0,0.0,2025,0.6,https://babelpos.disway.id/probis/read/687402/bukti-nyata-csr-bank-sumsel-babel-di-sawah-namang-dorong-pertumbuhan-umkm-dan-sektor-wisata,Namang,Namang,Kabupaten Bangka Tengah,Kepulauan Bangka Belitung,-2.34,106.23,Pusat kota/kabupaten,teks+inferensi,
480,447,Zyla Coffee,Kafe,"Sawah Namang, Bangka Tengah",UMKM kopi di area sawah viral,1,1,2026-05-23 07:00:00+00:00,2026-05-23 07:00:00+00:00,0,0.0,2025,0.6,https://babelpos.disway.id/probis/read/687402/bukti-nyata-csr-bank-sumsel-babel-di-sawah-namang-dorong-pertumbuhan-umkm-dan-sektor-wisata,Namang,Namang,Kabupaten Bangka Tengah,Kepulauan Bangka Belitung,-2.34,106.23,Pusat kota/kabupaten,teks+inferensi,
481,448,Objek wisata Air Lintang Indah,Wisata Alam,"Desa Muara Danau, Kabupaten Empat Lawang, Sumatera Selatan",Rusak parah akibat luapan Sungai Lintang (isu negatif),1,1,2026-09-21 08:36:18+00:00,2026-09-21 08:36:18+00:00,0,0.0,21 Mei 2026,0.75,https://travel.detik.com/travel-news/d-8501032/sungai-lintang-meluap-objek-wisata-di-sumsel-rusak-jembatan-roboh,Muara Danau,,Kabupaten Empat Lawang,Sumatera Selatan,-3.75,102.9,Pusat kota/kabupaten,teks,
482,449,Toko Emas Zam-Zam,lainnya,"Pasar Baru, Kecamatan Baturaja Timur, Kabupaten OKU",Viral video penipuan tukar cincin perak dengan emas (isu negatif),1,1,2026-08-09 07:00:00+00:00,2026-08-09 07:00:00+00:00,0,1.0,12 Juli 2026,0.35,https://palpos.disway.id/ogan-komering-ulu/read/717942/viral-aksi-wanita-tukar-cincin-perak-dengan-emas-di-toko-perhiasan-baturaja-aksinya-terekam-cctv,,Baturaja Timur,Kabupaten Ogan Komering Ulu,Sumatera Selatan,-4.13,104.17,Pusat kecamatan,teks+inferensi,Pasar Baru Baturaja
483,452,Pasar Buah Induk Jakabaring,lainnya,"Jakabaring, Palembang",Viral kondisi jalan pasar rusak dan becek (isu negatif),1,1,2026-04-25 07:00:00+00:00,2026-04-25 07:00:00+00:00,0,1.0,April 2026,0.5,https://www.detik.com/sumbagsel/berita/d-8443151/kata-pengelola-soal-jalan-di-pasar-buah-jakabaring-rusak-dan-becek,,Jakabaring,Kota Palembang,Sumatera Selatan,-3.01,104.79,Pusat kecamatan,teks+inferensi,
484,454,Pasar 26 Ilir (Pasar Sentral Kampung Pempek),lainnya,Palembang,"Kerap viral sebagai tujuan wisata kuliner, direvitalisasi",1,1,2026-05-16 07:00:00+00:00,2026-05-16 07:00:00+00:00,0,1.0,April 2026,0.8,https://www.detik.com/sumbagsel/berita/d-8459821/revitalisasi-pasar-pempek-26-ilir-target-jadi-destinasi-kuliner-modern,26 Ilir,Bukit Kecil,Kota Palembang,Sumatera Selatan,-2.985,104.75,Pusat kecamatan,teks+inferensi,
485,455,Festival Sriwijaya 2026,Pameran,Kompleks Dekranasda Palembang,Festival budaya Sriwijaya,1,1,2026-04-03 07:00:00+00:00,2026-04-03 07:00:00+00:00,0,0.0,15 Mei 2026,0.6,https://palpos.disway.id/sumsel/read/714857/wagub-sumsel-cik-ujang-ajak-masyarakat-jadikan-festival-sriwijaya-momentum-kebangkitan-budaya-daerah,,,Kota Palembang,Sumatera Selatan,-2.976,104.775,Pusat kota/kabupaten,teks+inferensi,
486,457,Boim Chicken by Harry De Prestes,Restoran,"Tenant Festival Jajanan Viral Jakarta, PIM Palembang",Tenant hits,1,1,2026-06-28 07:00:00+00:00,2026-06-28 07:00:00+00:00,0,1.0,,0.65,https://palpos.disway.id/sumsel/read/712407/festival-jajanan-viral-jakarta-hadir-di-palembang-indah-mall-ratusan-menu-hits-dari-berbagai-daerah,,,Kota Palembang,Sumatera Selatan,-2.976,104.775,Pusat kota/kabupaten,teks+inferensi,Tenant di Palembang Indah Mall
487,458,Falala Chocolate X Myfoodies,Kafe,"Tenant Festival Jajanan Viral Jakarta, PIM Palembang",Tenant hits,1,1,2026-06-28 07:00:00+00:00,2026-06-28 07:00:00+00:00,0,1.0,,0.65,https://palpos.disway.id/sumsel/read/712407/festival-jajanan-viral-jakarta-hadir-di-palembang-indah-mall-ratusan-menu-hits-dari-berbagai-daerah,,,Kota Palembang,Sumatera Selatan,-2.976,104.775,Pusat kota/kabupaten,teks+inferensi,Tenant di Palembang Indah Mall
488,459,Cakwe Medan Ancol,lainnya,"Tenant Festival Jajanan Viral Jakarta, PIM Palembang",Tenant hits,1,1,2026-06-28 07:00:00+00:00,2026-06-28 07:00:00+00:00,0,1.0,,0.65,https://palpos.disway.id/sumsel/read/712407/festival-jajanan-viral-jakarta-hadir-di-palembang-indah-mall-ratusan-menu-hits-dari-berbagai-daerah,,,Kota Palembang,Sumatera Selatan,-2.976,104.775,Pusat kota/kabupaten,teks+inferensi,Tenant di Palembang Indah Mall
489,460,Susu Segar Paman Kota,Kafe,"Tenant Festival Jajanan Viral Jakarta, PIM Palembang",Tenant hits,1,1,2026-06-28 07:00:00+00:00,2026-06-28 07:00:00+00:00,0,1.0,,0.65,https://palpos.disway.id/sumsel/read/712407/festival-jajanan-viral-jakarta-hadir-di-palembang-indah-mall-ratusan-menu-hits-dari-berbagai-daerah,,,Kota Palembang,Sumatera Selatan,-2.976,104.775,Pusat kota/kabupaten,teks+inferensi,Tenant di Palembang Indah Mall
490,461,Lumpia Semarang Gang 9,lainnya,"Tenant Festival Jajanan Viral Jakarta, PIM Palembang",Tenant hits,1,1,2026-06-28 07:00:00+00:00,2026-06-28 07:00:00+00:00,0,1.0,,0.65,https://palpos.disway.id/sumsel/read/712407/festival-jajanan-viral-jakarta-hadir-di-palembang-indah-mall-ratusan-menu-hits-dari-berbagai-daerah,,,Kota Palembang,Sumatera Selatan,-2.976,104.775,Pusat kota/kabupaten,teks+inferensi,Tenant di Palembang Indah Mall
491,462,Jakabaring Sport City (JSC),lainnya,Palembang,Lokasi Sumsel Bhayangkara Run 2026,1,1,2026-09-14 07:00:00+00:00,2026-09-14 07:00:00+00:00,0,0.0,12 Juli 2026,0.35,https://www.rmolsumsel.id/sumsel-bhayangkara-run-2026-catat-rekor-8000-pelari-siap-ramaikan-jsc-palembang,,Jakabaring,Kota Palembang,Sumatera Selatan,-3.0187,104.7879,Titik tempat,teks+inferensi,
492,463,Pantai Tanjung Tinggi (Pantai Laskar Pelangi),Wisata Alam,"Desa Ciput, Kecamatan Sijuk, Kabupaten Belitung, Kepulauan Bangka Belitung","Pasir putih, air tosca, batu granit raksasa, lokasi film Laskar Pelangi",1,1,2026-06-22 07:00:00+00:00,2026-06-22 07:00:00+00:00,0,0.0,,0.9,https://chanelmuslim.com/wisata/pasir-putih-hingga-air-laut-berwarna-tosca-pesona-laut-pulau-belitung,Keciput,Sijuk,Kabupaten Belitung,Kepulauan Bangka Belitung,-2.553,107.712,Titik tempat,teks+inferensi,Teks menulis 'Desa Ciput'; nama resmi Keciput
493,464,Kebun durian Desa Teruk,Wisata Alam,"Desa Teruk, Kecamatan Sungaiselan, Kabupaten Bangka Tengah","Musim durian jadi magnet wisata, durian mulai Rp3.000",1,1,2026-04-09 07:00:00+00:00,2026-04-09 07:00:00+00:00,0,0.0,,0.8,https://rri.co.id/sungailiat/wisata/2529751/wisata-durian-di-desa-teruk-bangka-tengah,Teruk,Sungaiselan,Kabupaten Bangka Tengah,Kepulauan Bangka Belitung,-2.34,106.23,Pusat kota/kabupaten,teks+inferensi,
494,465,Pantai Tanjung Tinggi,Wisata Alam,"Kecamatan Sijuk, Kabupaten Belitung","Ikon wisata Belitung, batu granit raksasa, lokasi Laskar Pelangi",1,1,2026-09-26 23:36:00+00:00,2026-09-26 23:36:00+00:00,0,0.0,2026,0.85,https://www.detik.com/sumbagsel/wisata/d-8433754/rekomendasi-wisata-bahari-di-belitung-2026-ada-pantai-hingga-pulau-eksotis,Keciput,Sijuk,Kabupaten Belitung,Kepulauan Bangka Belitung,-2.553,107.712,Titik tempat,teks+inferensi,
495,466,Pantai Tanjung Kelayang,Wisata Alam,"Kecamatan Sijuk, Kabupaten Belitung","Bagian Geopark Belitong UNESCO, pintu utama island hopping",1,1,2026-09-26 23:36:00+00:00,2026-09-26 23:36:00+00:00,0,0.0,,0.85,https://www.detik.com/sumbagsel/wisata/d-8433754/rekomendasi-wisata-bahari-di-belitung-2026-ada-pantai-hingga-pulau-eksotis,Keciput,Sijuk,Kabupaten Belitung,Kepulauan Bangka Belitung,-2.555,107.68,Titik tempat,teks+inferensi,
496,467,Festival Memasak Lempah Kuning / Rekor MURI terasi,Pameran,"Toboali, Bangka Selatan",Event kuliner pembuatan 300 kg terasi raih rekor MURI,1,1,2026-07-03 07:00:00+00:00,2026-07-03 07:00:00+00:00,0,0.0,26 September 2026,0.6,https://regional.kompas.com/read/2026/09/27/063624878/300-orang-bikin-300-kg-terasi-di-bangka-selatan-raih-rekor-muri?page=all,,Toboali,Kabupaten Bangka Selatan,Kepulauan Bangka Belitung,-3.01,106.46,Pusat kecamatan,teks+inferensi,
497,468,Belitung Expo 2026,Pameran,"Pantai Wisata Tanjung Pendam, Belitung",Pameran dengan stan layanan dan UMKM,1,1,2026-09-03 07:00:00+00:00,2026-09-03 07:00:00+00:00,0,0.0,1-5 Juli 2026,0.65,https://www.jpnn.com/news/dorong-umkm-tembus-pasar-ekspor-bea-cukai-jalin-sinergi-dengan-berbagai-instansi,,Tanjung Pandan,Kabupaten Belitung,Kepulauan Bangka Belitung,-2.74,107.64,Pusat kecamatan,teks+inferensi,Pantai Tanjung Pendam
498,469,Pantai Wisata Tanjung Pendam,Wisata Alam,"Tanjungpandan, Belitung",Lokasi Belitung Expo 2026,1,1,2026-09-03 07:00:00+00:00,2026-09-03 07:00:00+00:00,0,0.0,1-5 Juli 2026,0.5,https://www.jpnn.com/news/dorong-umkm-tembus-pasar-ekspor-bea-cukai-jalin-sinergi-dengan-berbagai-instansi,,Tanjung Pandan,Kabupaten Belitung,Kepulauan Bangka Belitung,-2.74,107.64,Pusat kecamatan,teks+inferensi,
499,471,Gazebo gratis Pantai Panjang (depan Hotel Nala Seaside),Wisata Alam,"Pantai Panjang, Kota Bengkulu",Viral dugaan pungli parkir oleh oknum di area gazebo gratis (isu negatif),1,1,2026-09-21 04:48:00+00:00,2026-09-21 04:48:00+00:00,0,1.0,1 Mei 2026,0.75,https://mediacenter.bengkulukota.go.id/respon-dugaan-pungli-dinas-pariwisata-larang-aktivitas-jukir-di-gazebo-gratis/,,,Kota Bengkulu,Bengkulu,-3.81,102.27,Titik tempat,teks+inferensi,Kawasan Pantai Panjang
500,472,Bengkulu Indah Mall (BIM),lainnya,"Kawasan Pantai Panjang, Kota Bengkulu",Sasaran patroli dialogis,1,1,2026-08-09 07:00:00+00:00,2026-08-09 07:00:00+00:00,0,0.0,,0.4,https://www.viralpublik.com/jaga-kawasan-wisata-tetap-kondusif-ditpamobvit-polda-bengkulu-intensifkan-patroli-dialogis-di,,,Kota Bengkulu,Bengkulu,-3.8,102.265,Pusat kota/kabupaten,teks+inferensi,Kawasan Pantai Panjang
501,473,Pantai Sungai Suci,Wisata Alam,Bengkulu Tengah,Pulau kecil yang diakses lewat jembatan gantung,1,1,2026-05-09 07:00:00+00:00,2026-05-09 07:00:00+00:00,0,0.0,,0.85,https://lahatpos.disway.id/topik-utama/read/662130/ini-6-wisata-bengkulu-yang-bikin-kamu-betah-dan-fresh,,,Kabupaten Bengkulu Tengah,Bengkulu,-3.7,102.4,Pusat kota/kabupaten,teks+inferensi,
502,474,Bukit Kandis,Wisata Alam,Bengkulu,"Panorama perbukitan hijau, lokasi fotografi",1,1,2026-05-09 07:00:00+00:00,2026-05-09 07:00:00+00:00,0,0.0,,0.8,https://lahatpos.disway.id/topik-utama/read/662130/ini-6-wisata-bengkulu-yang-bikin-kamu-betah-dan-fresh,,,,Bengkulu,-3.577,102.346,Pusat provinsi,teks,Kabupaten tidak disebut
503,475,Benteng Marlborough,Museum,Kota Bengkulu,"Benteng peninggalan Inggris, salah satu terbesar di Asia",1,1,2026-05-09 07:00:00+00:00,2026-05-09 07:00:00+00:00,0,0.0,,0.85,https://lahatpos.disway.id/topik-utama/read/662130/ini-6-wisata-bengkulu-yang-bikin-kamu-betah-dan-fresh,,Teluk Segara,Kota Bengkulu,Bengkulu,-3.787,102.251,Titik tempat,teks+inferensi,
504,476,Danau Hijau Kepahiang,Wisata Alam,"Jalan Ring Road, Desa Taba Tebelet, Kecamatan Kepahiang, Kabupaten Kepahiang, Bengkulu","Viral di media sosial dengan air hijau toska, kunjungan meningkat",1,1,2026-05-22 07:00:00+00:00,2026-05-22 07:00:00+00:00,0,1.0,Beberapa pekan sebelum 9 Mei 2026,0.9,https://rri.co.id/bengkulu/wisata/2402237/danau-hijau-kepahiang-viral-di-media-sosial-kunjungan-wisatawan-meningkat,Taba Tebelet,Kepahiang,Kabupaten Kepahiang,Bengkulu,-3.64,102.58,Pusat kecamatan,teks,
505,477,Beta Agrowisata,Wisata Alam,"Curup, Kabupaten Rejang Lebong, Bengkulu",Viral di medsos berkat hamparan bunga ungu-pink bernuansa pegunungan,1,1,2026-09-12 08:41:30+00:00,2026-09-12 08:41:30+00:00,0,1.0,,0.9,https://bengkulu.antaranews.com/berita/465451/beta-agrowisata-curup-viral-tawarkan-hamparan-bunga-estetik-bernuansa-pegunungan?page=all,,Curup,Kabupaten Rejang Lebong,Bengkulu,-3.47,102.52,Pusat kecamatan,teks+inferensi,
506,478,Belungguk Point Bengkulu,Wisata Alam,Kota Bengkulu,Tuai pro kontra warganet,1,1,2026-09-12 08:41:30+00:00,2026-09-12 08:41:30+00:00,0,1.0,,0.45,https://bengkulu.antaranews.com/berita/465451/beta-agrowisata-curup-viral-tawarkan-hamparan-bunga-estetik-bernuansa-pegunungan?page=all,,,Kota Bengkulu,Bengkulu,-3.8,102.265,Pusat kota/kabupaten,teks+inferensi,
507,479,Taman Berkas,Wisata Alam,Kota Bengkulu,Kawasan wisata yang direvitalisasi,1,1,2026-09-12 08:41:30+00:00,2026-09-12 08:41:30+00:00,0,0.0,,0.45,https://bengkulu.antaranews.com/berita/465451/beta-agrowisata-curup-viral-tawarkan-hamparan-bunga-estetik-bernuansa-pegunungan?page=all,,,Kota Bengkulu,Bengkulu,-3.8,102.265,Pusat kota/kabupaten,teks+inferensi,
508,481,Jembatan Air Martan,lainnya,"Desa Pasar Seluma, Kecamatan Seluma Selatan, Bengkulu",Viral jembatan Rp16 miliar amblas dua bulan setelah diresmikan (isu negatif),1,1,2026-04-11 07:00:00+00:00,2026-04-11 07:00:00+00:00,0,1.0,April 2026,0.35,https://infonegeri.id/2026/04/08/usai-viral-baru-diresmikan-dua-bulan-amblas-pemprov-bengkulu-tinjau-jembatan-rp16-miliar/,Pasar Seluma,Seluma Selatan,Kabupaten Seluma,Bengkulu,-4.06,102.58,Pusat kota/kabupaten,teks+inferensi,
509,482,Pasar Baru Koto,lainnya,Kota Bengkulu,Pasar hasil revitalisasi dikeluhkan kumuh dan bau (isu negatif),1,1,2026-06-16 07:00:00+00:00,2026-06-16 07:00:00+00:00,0,0.0,April 2026,0.45,https://www.viralpublik.com/revitalisasi-gagal-pasar-baru-koto-bengkulu-justru-kumuh-drainase-amburadul-dan-bau-menyengat,,,Kota Bengkulu,Bengkulu,-3.8,102.265,Pusat kota/kabupaten,teks+inferensi,
510,483,Festival Riang & Ceria (Lapangan Sport Center Bengkulu),Pameran,"Lapangan Sport Center, Kota Bengkulu",Festival musik satu hari,1,1,2026-06-10 07:00:00+00:00,2026-06-10 07:00:00+00:00,0,0.0,15 Agustus 2026,0.4,https://bengkulu.antaranews.com/berita/467593/naykilla-dna-x-pakiz-siap-guncang-panggung-bengkulu-agustus-mendatang?page=all,,,Kota Bengkulu,Bengkulu,-3.8,102.265,Pusat kota/kabupaten,teks+inferensi,
511,484,Festival Tabut 2026,Pameran,"Lapangan Sport Centre, Kota Bengkulu",Festival budaya tahunan Karisma Event Nusantara,4,1,2026-06-04 07:00:00+00:00,2026-07-12 07:00:00+00:00,38,0.0,16-25 Juni 2026,0.675,https://travel.kompas.com/read/2026/06/10/150000527/10-hari-atraksi-budaya-hingga-kuliner-khas-festival-tabut-2026-digelar-di?page=all,,,Kota Bengkulu,Bengkulu,-3.8,102.265,Pusat kota/kabupaten,teks+inferensi,
512,485,Festival Tabut 2026 (Sport Center Pantai Panjang),Pameran,"Sport Center Pantai Panjang, Kota Bengkulu",Festival budaya terbesar di Bengkulu,1,1,2026-04-13 07:00:00+00:00,2026-04-13 07:00:00+00:00,0,0.0,15 Juni 2026,0.7,https://www.viralpublik.com/kapolda-bengkulu-tinjau-kesiapan-akhir-pengamanan-festival-tabut-2026-di-sport-center-pantai,,,Kota Bengkulu,Bengkulu,-3.8,102.265,Pusat kota/kabupaten,teks+inferensi,Sport Center kawasan Pantai Panjang
513,486,Festival Tabut 2026 (Lapangan Merdeka / Tugu Dhol),Pameran,"Lapangan Merdeka, kawasan Tugu Dhol, Kota Bengkulu",Perayaan budaya tahunan Tabut,1,1,2026-09-27 16:37:56+00:00,2026-09-27 16:37:56+00:00,0,0.0,15-25 Juni 2026,0.7,https://bengkulu.antaranews.com/berita/469139/festival-tabut-bengkulu-siap-digelar-catat-jadwal-dan-lokasinya?page=all,,,Kota Bengkulu,Bengkulu,-3.8,102.265,Pusat kota/kabupaten,teks+inferensi,"Lapangan Merdeka, kawasan Tugu Dhol"
514,487,Taman Santap Rumah Kayu,Restoran,Bandar Lampung,Restoran keluarga hijau dengan kabin pesawat Boeing 737-400,1,1,2026-09-04 07:00:00+00:00,2026-09-04 07:00:00+00:00,0,0.0,,0.85,https://www.hipwee.com/travel/tempat-makan-keluarga-di-bandar-lampung/,,,Kota Bandar Lampung,Lampung,-5.429,105.262,Pusat kota/kabupaten,teks+inferensi,
515,488,Kampoeng Bamboe,Restoran,Bandar Lampung,Garden restaurant bernuansa alam,1,1,2026-09-04 07:00:00+00:00,2026-09-04 07:00:00+00:00,0,0.0,,0.8,https://www.hipwee.com/travel/tempat-makan-keluarga-di-bandar-lampung/,,,Kota Bandar Lampung,Lampung,-5.429,105.262,Pusat kota/kabupaten,teks+inferensi,
516,489,BLehong Durian,Restoran,"Korpri, Jalan Imam Bonjol Kemiling, dan Teluk Betung Selatan, Bandar Lampung","Tempat makan durian dengan es teler durian yang viral, rooftop",1,1,2026-06-09 07:00:00+00:00,2026-06-09 07:00:00+00:00,0,1.0,,0.75,https://lampung.idntimes.com/food/dining-guide/5-rekomendasi-tempat-makan-durian-di-lampung-rasa-tak-enak-bakal-ditukar-00-jf67w-dh21gt,,,Kota Bandar Lampung,Lampung,-5.429,105.262,Pusat kota/kabupaten,teks+inferensi,"Beberapa cabang (Kemiling, Teluk Betung Selatan)"
517,490,Saburai Durian & Resto,Restoran,"Jalan Majapahit Nomor 8, Enggal, Bandar Lampung","Durian lokal dan impor, olahan durian",1,1,2026-06-09 07:00:00+00:00,2026-06-09 07:00:00+00:00,0,0.0,,0.8,https://lampung.idntimes.com/food/dining-guide/5-rekomendasi-tempat-makan-durian-di-lampung-rasa-tak-enak-bakal-ditukar-00-jf67w-dh21gt,,Enggal,Kota Bandar Lampung,Lampung,-5.42,105.263,Pusat kecamatan,teks+inferensi,
518,491,Sama Durian Lampung,Restoran,"Jalan Urip, Bandar Lampung","Durian impor fresh, buka 24 jam",1,1,2026-06-09 07:00:00+00:00,2026-06-09 07:00:00+00:00,0,0.0,,0.8,https://lampung.idntimes.com/food/dining-guide/5-rekomendasi-tempat-makan-durian-di-lampung-rasa-tak-enak-bakal-ditukar-00-jf67w-dh21gt,,,Kota Bandar Lampung,Lampung,-5.429,105.262,Pusat kota/kabupaten,teks+inferensi,
519,493,Pantai Kyokko (Kyokko Beach),Wisata Alam,Kabupaten Lampung Selatan,Destinasi pantai populer pasir putih,1,1,2026-07-03 07:00:00+00:00,2026-07-03 07:00:00+00:00,0,0.0,2026,0.85,https://www.detik.com/sumbagsel/wisata/d-8523508/8-wisata-dan-kuliner-hits-lampung-2026-simak,,,Kabupaten Lampung Selatan,Lampung,-5.6,105.55,Pusat kota/kabupaten,teks+inferensi,
520,494,Ceker Kerang Pedas Nona,Restoran,"Jalan Pahlawan Nomor 119, Surabaya, Kedaton, Bandar Lampung","Pendatang baru yang viral di media sosial, menu pedas Rp16 ribuan",1,1,2026-08-22 07:00:00+00:00,2026-08-22 07:00:00+00:00,0,1.0,Belum lama beroperasi,0.9,https://lampung.idntimes.com/food/dining-guide/ceker-kerang-pedas-nona-viral-di-lampung-menu-serba-rp16-ribuan-00-jf67w-9f7vhs,Surabaya,Kedaton,Kota Bandar Lampung,Lampung,-5.38,105.25,Pusat kecamatan,teks+inferensi,
521,495,Lembah Hijau,Wahana,"Sukadana Ham, Bandar Lampung",Taman wisata dengan taman satwa dan waterpark,2,1,2026-04-13 07:00:00+00:00,2026-05-14 07:00:00+00:00,31,0.0,,0.825,https://lampung.idntimes.com/travel/destination/7-rekomendasi-wisata-alam-di-bandar-lampung-pernah-berkunjung-00-5h6fh-kdgxyd,Sukadana Ham,Tanjung Karang Barat,Kota Bandar Lampung,Lampung,-5.41,105.24,Pusat kecamatan,teks+inferensi,
522,498,Pantai Teluk Hantu,Wisata Alam,"Desa Pagar Jaya, Pesawaran, Lampung",Pantai viral pasir putih dan air biru jernih,1,1,2026-08-01 07:00:00+00:00,2026-08-01 07:00:00+00:00,0,1.0,,0.8,https://www.detik.com/sumbagsel/wisata/d-8440586/10-rekomendasi-wisata-pantai-viral-di-lampung-wajib-masuk-bucketlist,Pagar Jaya,,Kabupaten Pesawaran,Lampung,-5.5,105.08,Pusat kota/kabupaten,teks,
523,500,Puncak Mas,Wisata Alam,Bandar Lampung,Panorama kota dari ketinggian,1,1,2026-05-14 07:00:00+00:00,2026-05-14 07:00:00+00:00,0,0.0,,0.85,https://lahatpos.disway.id/topik-utama/read/662144/banyak-yang-nggak-tau-nih-5-rekomendasi-wisata-bandar-lampung-yang-wajib-dikunjungi,,,Kota Bandar Lampung,Lampung,-5.429,105.262,Pusat kota/kabupaten,teks+inferensi,
524,501,Wira Garden,Wisata Alam,Bandar Lampung,"Aliran sungai jernih, piknik dan kemping",1,1,2026-05-14 07:00:00+00:00,2026-05-14 07:00:00+00:00,0,0.0,,0.85,https://lahatpos.disway.id/topik-utama/read/662144/banyak-yang-nggak-tau-nih-5-rekomendasi-wisata-bandar-lampung-yang-wajib-dikunjungi,,,Kota Bandar Lampung,Lampung,-5.429,105.262,Pusat kota/kabupaten,teks+inferensi,
525,502,Taman Nasional Way Kambas,Wisata Alam,Lampung Timur,Habitat gajah dan badak Sumatera,1,1,2026-04-07 07:00:00+00:00,2026-04-07 07:00:00+00:00,0,0.0,,0.85,https://www.detik.com/sumbagsel/wisata/d-8486533/rekomendasi-tempat-liburan-di-lampung-favorit-hingga-hidden-gem,,Labuhan Ratu,Kabupaten Lampung Timur,Lampung,-4.93,105.78,Titik tempat,teks+inferensi,
526,503,Pantai Gigi Hiu (Pantai Batu Layar),Wisata Alam,Lampung,"Batu karang raksasa menyerupai gigi hiu, destinasi tersembunyi",1,1,2026-06-25 07:00:00+00:00,2026-06-25 07:00:00+00:00,0,0.0,,0.85,https://www.detik.com/sumbagsel/wisata/d-8518298/pantai-gigi-hiu-lampung-daya-tarik-harga-tiket-hingga-lokasinya,,Kelumbayan,Kabupaten Tanggamus,Lampung,-5.4,104.7,Pusat kota/kabupaten,teks+inferensi,
527,504,Museum Kedatun Keagungan Lampung,Museum,Lampung,Pembukaan museum adat,1,1,2026-04-05 07:00:00+00:00,2026-04-05 07:00:00+00:00,0,0.0,27 Juni 2026,0.7,https://www.inilampung.com/2026/06/setelah-jokowi-dapat-gelar-adat-dari-5.html,,,,Lampung,-4.56,105.4,Pusat provinsi,teks,
528,505,Plaza Bandar Jaya,lainnya,Kabupaten Lampung Tengah,Viral CCTV wanita BAB di depan ruko (isu negatif),1,1,2026-04-05 07:00:00+00:00,2026-04-05 07:00:00+00:00,0,1.0,4 Juli 2026,0.35,https://www.detik.com/sumbagsel/berita/d-8566019/wanita-di-lampung-bab-di-depan-ruko-terekam-cctv-pedagang-resah,,Terbanggi Besar,Kabupaten Lampung Tengah,Lampung,-4.87,105.27,Pusat kota/kabupaten,teks+inferensi,Bandar Jaya
529,506,Pasar Lama Kotabumi,lainnya,"Kelurahan Kotabumi Pasar, Lampung Utara",Lokasi aksi curanmor yang viral karena melepaskan tembakan (isu negatif),1,1,2026-05-12 07:00:00+00:00,2026-05-12 07:00:00+00:00,0,1.0,13 Maret 2026,0.3,https://lampung.viva.co.id/berita/8913-buron-curanmor-yang-viral-lepaskan-tembakan-di-kotabumi-ditangkap-saat-razia-lantas,Kotabumi Pasar,Kotabumi,Kabupaten Lampung Utara,Lampung,-4.83,104.89,Pusat kecamatan,teks+inferensi,
530,507,Tanggamus Expo 2026,Pameran,"Lapangan Tangsi, Talang Padang, Tanggamus",Expo promosi UMKM; jalan rusak di Pasar Talang Padang disindir warganet,1,1,2026-06-21 07:00:00+00:00,2026-06-21 07:00:00+00:00,0,0.0,6-10 April 2026,0.55,https://radartanggamus.disway.id/headline/read/20382/jalan-rusak-di-pasar-talang-padang-disindir-warganet-satir-edit-biar-cepat-viral-jelang-expo-2026,,Talang Padang,Kabupaten Tanggamus,Lampung,-5.37,104.79,Pusat kecamatan,teks+inferensi,Lapangan Tangsi
531,508,Bazar dan Pasar Rakyat Hari Bhayangkara ke-80,Pameran,Lapangan Polda Lampung,"Bazar UMKM, pasar rakyat, dan bakti sosial",1,1,2026-07-18 07:00:00+00:00,2026-07-18 07:00:00+00:00,0,0.0,19 Juni 2026,0.5,https://www.viralpublik.com/polda-lampung-gelar-bazar-pasar-rakyat-olahraga-bersama-dan-bakti-sosial-sambut-hari-bhayangkara-0,,,Kota Bandar Lampung,Lampung,-5.429,105.262,Pusat kota/kabupaten,inferensi,Lapangan Polda Lampung
532,510,Expo Tanggamus,Pameran,"Lapangan Tangsi Talang Padang, Tanggamus","Festival kuliner, bazar UMKM, launching kain Tappan",1,1,2026-05-07 07:00:00+00:00,2026-05-07 07:00:00+00:00,0,0.0,6-10 April 2026,0.7,https://lampung.idntimes.com/travel/destination/event-lampung-bulan-april-2026-00-jf67w-f8trdt,,Talang Padang,Kabupaten Tanggamus,Lampung,-5.37,104.79,Pusat kecamatan,teks+inferensi,Lapangan Tangsi
533,511,Rio By The Beach,Wisata Alam,Lampung Selatan,Lokasi event Pesta Lyric,1,1,2026-05-07 07:00:00+00:00,2026-05-07 07:00:00+00:00,0,0.0,11 April 2026,0.55,https://lampung.idntimes.com/travel/destination/event-lampung-bulan-april-2026-00-jf67w-f8trdt,,,Kabupaten Lampung Selatan,Lampung,-5.6,105.55,Pusat kota/kabupaten,teks+inferensi,
534,512,Blok M Dessert Week,Pameran,Lampung,Event 300+ dessert dan jajanan viral khas Blok M,1,1,2026-08-13 00:21:00+00:00,2026-08-13 00:21:00+00:00,0,1.0,24 April - 10 Mei 2026,0.8,https://lampung.idntimes.com/news/lampung/daftar-event-seru-lampung-mei-2026-jangan-sampai-ketinggalan-00-jf67w-z3wtyg,,,,Lampung,-4.56,105.4,Pusat provinsi,teks,
535,513,Festival Krakatau XXXV,Pameran,Lampung,Festival pariwisata Lampung,1,1,2026-04-18 07:00:00+00:00,2026-04-18 07:00:00+00:00,0,0.0,2026,0.55,https://lampung.rilis.id/Pemerintahan/Berita/festival-krakatau-xxxv-jadi-momentum-lampung-eRUO,,,,Lampung,-4.56,105.4,Pusat provinsi,teks,
536,514,El's Coffee Roastery,Kafe,Bandar Lampung,Lokasi press conference Festival Krakatau,1,1,2026-04-18 07:00:00+00:00,2026-04-18 07:00:00+00:00,0,0.0,,0.4,https://lampung.rilis.id/Pemerintahan/Berita/festival-krakatau-xxxv-jadi-momentum-lampung-eRUO,,,Kota Bandar Lampung,Lampung,-5.429,105.262,Pusat kota/kabupaten,teks+inferensi,
537,515,Festival UMKM dan Pasar 1001 Malam,Pameran,"Lapangan Bandar Sribhawono, Lampung Timur",Festival 1.500 pelaku UMKM dalam HUT ke-27 Lampung Timur,1,1,2026-07-13 07:00:00+00:00,2026-07-13 07:00:00+00:00,0,0.0,17 April 2026,0.6,https://mediaindonesia.com/nusantara/880916/festival-umkm-dan-pasar-1001-malam-lampung-timur-dorong-ekonomi-desa,,Bandar Sribhawono,Kabupaten Lampung Timur,Lampung,-5.1,105.7,Pusat kota/kabupaten,teks+inferensi,
538,516,Festival Krakatau 2026 (Festival Tapis),Pameran,Lampung,Festival budaya dengan Festival Tapis,1,1,2026-04-06 07:00:00+00:00,2026-04-06 07:00:00+00:00,0,0.0,25-30 Agustus 2026,0.55,https://radarlampung.disway.id/provinsi-lampung/read/727193/festival-tapis-masuk-festival-krakatau-2026-tour-krakatau-dipertimbangkan-ulang-karena-status-siaga,,,,Lampung,-4.56,105.4,Pusat provinsi,teks,
539,517,Taman Wisata Randu Mas,Wisata Alam,"Desa Pugung Raharjo, Kecamatan Sekampung Udik, Kabupaten Lampung Timur",Viral video warga kecewa Jokowi batal hadir di Festival Budaya,1,1,2026-08-08 07:00:00+00:00,2026-08-08 07:00:00+00:00,0,1.0,28 Juni 2026,0.55,https://lampung.idntimes.com/news/lampung/viral-warga-kecewa-jokowi-batal-datang-sembako-dan-id-panitia-dibuang-00-5h6fh-jn8ckz,Pugung Raharjo,Sekampung Udik,Kabupaten Lampung Timur,Lampung,-5.1,105.7,Pusat kota/kabupaten,teks+inferensi,
540,518,Pekan Raya Jakarta (PRJ),Pameran,Jakarta,Hadir kembali dalam HUT Jakarta ke-499,1,1,2026-09-23 15:15:02+00:00,2026-09-23 15:15:02+00:00,0,0.0,Juni 2026,0.5,https://food.detik.com/info-kuliner/d-8542220/spesial-hut-jakarta-ke-499-ini-5-promo-restoran-yang-menarik-dicoba,,,,DKI Jakarta,-6.147,106.846,Titik tempat,teks,Umumnya di JIExpo Kemayoran
541,519,Chatime,Kafe,Jakarta,Promo B1G1 HUT Jakarta,1,1,2026-09-23 15:15:02+00:00,2026-09-23 15:15:02+00:00,0,0.0,22-24 Juni 2026,0.5,https://food.detik.com/info-kuliner/d-8542220/spesial-hut-jakarta-ke-499-ini-5-promo-restoran-yang-menarik-dicoba,,,,DKI Jakarta,-6.2,106.817,Pusat provinsi,teks,
542,520,Gindaco,Restoran,Jakarta,Promo B1G1 takoyaki HUT Jakarta,1,1,2026-09-23 15:15:02+00:00,2026-09-23 15:15:02+00:00,0,0.0,22-24 Juni 2026,0.45,https://food.detik.com/info-kuliner/d-8542220/spesial-hut-jakarta-ke-499-ini-5-promo-restoran-yang-menarik-dicoba,,,,DKI Jakarta,-6.2,106.817,Pusat provinsi,teks,
543,521,Wingstop,Restoran,Jakarta,Promo HUT Jakarta ke-499,1,1,2026-09-23 15:15:02+00:00,2026-09-23 15:15:02+00:00,0,0.0,22-23 Juni 2026,0.45,https://food.detik.com/info-kuliner/d-8542220/spesial-hut-jakarta-ke-499-ini-5-promo-restoran-yang-menarik-dicoba,,,,DKI Jakarta,-6.2,106.817,Pusat provinsi,teks,
544,522,The People's Cafe,Restoran,Jakarta,Promo Nasi Goreng Gila Rp499,1,1,2026-09-23 15:15:02+00:00,2026-09-23 15:15:02+00:00,0,0.0,22-24 Juni 2026,0.45,https://food.detik.com/info-kuliner/d-8542220/spesial-hut-jakarta-ke-499-ini-5-promo-restoran-yang-menarik-dicoba,,,,DKI Jakarta,-6.2,106.845,Pusat provinsi,teks,
545,524,Pulau Tidung,Wisata Alam,"Kabupaten Administrasi Kepulauan Seribu, DKI Jakarta","Pengembangan wisata, mural Wall of Jakarta 2026, pasar kreatif",1,1,2026-09-24 06:05:33+00:00,2026-09-24 06:05:33+00:00,0,0.0,25 Juli 2026,0.7,https://www.lampumerahnews.id/2026/09/wagub-dki-tinjau-pariwisata-dan-ekonomi.html,Pulau Tidung,Kepulauan Seribu Selatan,Kabupaten Kepulauan Seribu,DKI Jakarta,-5.797,106.501,Titik tempat,teks+inferensi,
546,527,Museum Sejarah Jakarta,Museum,Jakarta,Gratis HUT Jakarta ke-499,1,1,2026-06-14 07:00:00+00:00,2026-06-14 07:00:00+00:00,0,0.0,"22, 27, 28 Juni 2026",0.65,https://www.bloombergtechnoz.com/detail-news/113271/hut-ke-499-jakarta-masuk-tempat-wisata-gratis-cek-syaratnya/2,Pinangsia,Taman Sari,Kota Jakarta Barat,DKI Jakarta,-6.1352,106.8133,Titik tempat,inferensi,
547,528,Museum Taman Prasasti,Museum,Jakarta,Gratis HUT Jakarta ke-499,1,1,2026-06-14 07:00:00+00:00,2026-06-14 07:00:00+00:00,0,0.0,"22, 27, 28 Juni 2026",0.65,https://www.bloombergtechnoz.com/detail-news/113271/hut-ke-499-jakarta-masuk-tempat-wisata-gratis-cek-syaratnya/2,Petojo Selatan,Gambir,Kota Jakarta Pusat,DKI Jakarta,-6.1725,106.8185,Titik tempat,inferensi,
548,529,Museum Seni Rupa dan Keramik,Museum,Jakarta,Gratis HUT Jakarta ke-499,1,1,2026-06-14 07:00:00+00:00,2026-06-14 07:00:00+00:00,0,0.0,"22, 27, 28 Juni 2026",0.65,https://www.bloombergtechnoz.com/detail-news/113271/hut-ke-499-jakarta-masuk-tempat-wisata-gratis-cek-syaratnya/2,Pinangsia,Taman Sari,Kota Jakarta Barat,DKI Jakarta,-6.1345,106.8145,Titik tempat,inferensi,
549,530,Museum Arkeologi Onrust,Museum,"Kepulauan Seribu, Jakarta",Gratis HUT Jakarta ke-499,1,1,2026-06-14 07:00:00+00:00,2026-06-14 07:00:00+00:00,0,0.0,"22, 27, 28 Juni 2026",0.65,https://www.bloombergtechnoz.com/detail-news/113271/hut-ke-499-jakarta-masuk-tempat-wisata-gratis-cek-syaratnya/2,Pulau Untung Jawa,Kepulauan Seribu Selatan,Kabupaten Kepulauan Seribu,DKI Jakarta,-6.033,106.735,Titik tempat,teks+inferensi,
550,531,Rumah Si Pitung,Museum,Jakarta Utara,Gratis HUT Jakarta ke-499,1,1,2026-06-14 07:00:00+00:00,2026-06-14 07:00:00+00:00,0,0.0,"22, 27, 28 Juni 2026",0.65,https://www.bloombergtechnoz.com/detail-news/113271/hut-ke-499-jakarta-masuk-tempat-wisata-gratis-cek-syaratnya/2,Marunda,Cilincing,Kota Jakarta Utara,DKI Jakarta,-6.099,106.958,Titik tempat,teks+inferensi,
551,533,Kawasan Kota Tua Jakarta,Wisata Alam,Jakarta Barat,Dikaji pengoperasian trem wisata keliling Kota Tua,1,1,2026-06-21 07:00:00+00:00,2026-06-21 07:00:00+00:00,0,0.0,Juni 2026,0.7,https://megapolitan.kompas.com/read/2026/06/14/18494301/pemprov-dki-kaji-pengoperasian-trem-wisata-untuk-keliling-kota-tua,Pinangsia,Taman Sari,Kota Jakarta Barat,DKI Jakarta,-6.1352,106.8133,Titik tempat,teks+inferensi,
552,535,Museum Wayang,Museum,Jakarta,Gratis HUT Jakarta ke-499,1,1,2026-07-01 07:00:00+00:00,2026-07-01 07:00:00+00:00,0,0.0,"22, 27, 28 Juni 2026",0.6,https://www.viva.co.id/berita/metro/1907584-warga-non-ktp-jakarta-juga-gratis-naik-transportasi-umum-dan-tempat-wisata-pada-22-27-dan-28-juni,Pinangsia,Taman Sari,Kota Jakarta Barat,DKI Jakarta,-6.1345,106.8126,Titik tempat,inferensi,
553,536,Museum Bahari,Museum,Jakarta,Gratis HUT Jakarta ke-499,1,1,2026-07-01 07:00:00+00:00,2026-07-01 07:00:00+00:00,0,0.0,"22, 27, 28 Juni 2026",0.6,https://www.viva.co.id/berita/metro/1907584-warga-non-ktp-jakarta-juga-gratis-naik-transportasi-umum-dan-tempat-wisata-pada-22-27-dan-28-juni,Penjaringan,Penjaringan,Kota Jakarta Utara,DKI Jakarta,-6.127,106.8085,Titik tempat,inferensi,
554,537,Gultik (Gulai Tikungan),Restoran,"Blok M, Jakarta Selatan",Kuliner yang ramai jadi perbincangan di dunia maya,1,1,2026-05-23 07:00:00+00:00,2026-05-23 07:00:00+00:00,0,1.0,,0.7,https://goodstats.id/article/jakarta-selatan-jadi-incaran-turis-indonesia-saat-ke-jakarta-yoqA9,Melawai,Kebayoran Baru,Kota Jakarta Selatan,DKI Jakarta,-6.244,106.8,Pusat kelurahan/desa,teks+inferensi,
555,538,Museum Fatahillah,Museum,"Kota Tua, Jakarta Barat",Magnet wisatawan di Jakarta Barat,1,1,2026-05-23 07:00:00+00:00,2026-05-23 07:00:00+00:00,0,0.0,,0.6,https://goodstats.id/article/jakarta-selatan-jadi-incaran-turis-indonesia-saat-ke-jakarta-yoqA9,Pinangsia,Taman Sari,Kota Jakarta Barat,DKI Jakarta,-6.1352,106.8133,Titik tempat,teks+inferensi,
556,539,Gorong-gorong Jokowi,Wisata Alam,"Jalan MH Thamrin depan Hotel Mandarin Oriental, Menteng, Jakarta Pusat","Viral muncul di Google Maps, disebut destinasi wisata horor Jakarta",1,1,2026-07-08 07:00:00+00:00,2026-07-08 07:00:00+00:00,0,1.0,Mei 2026,0.8,https://www.owrite.id/hype/2026/05/23/viral-gorong-gorong-jokowi-muncul-di-google-maps-netizen-destinasi-wisata-horor-jakarta/,Menteng,Menteng,Kota Jakarta Pusat,DKI Jakarta,-6.1935,106.8235,Titik tempat,teks+inferensi,
557,540,Jakarta International Stadium (JIS),lainnya,Jakarta Utara,Venue sportainment berskala masif,1,1,2026-08-26 07:00:00+00:00,2026-08-26 07:00:00+00:00,0,0.0,,0.45,https://travel.detik.com/travel-news/d-8467684/ambisi-jakarta-ingin-jadi-kota-destinasi-event-dunia,Papanggo,Tanjung Priok,Kota Jakarta Utara,DKI Jakarta,-6.125,106.866,Titik tempat,teks+inferensi,
558,541,Taman Ismail Marzuki (TIM),Museum,"Cikini, Jakarta Pusat",Pusat kesenian modern dan edukasi,2,1,2026-04-03 07:00:00+00:00,2026-08-26 07:00:00+00:00,145,0.0,2026,0.675,https://travel.detik.com/travel-news/d-8467684/ambisi-jakarta-ingin-jadi-kota-destinasi-event-dunia,Cikini,Menteng,Kota Jakarta Pusat,DKI Jakarta,-6.1905,106.839,Titik tempat,teks+inferensi,
559,542,Lapangan Banteng,Wisata Alam,Jakarta Pusat,Ruang terbuka untuk festival publik,1,1,2026-08-26 07:00:00+00:00,2026-08-26 07:00:00+00:00,0,0.0,,0.5,https://travel.detik.com/travel-news/d-8467684/ambisi-jakarta-ingin-jadi-kota-destinasi-event-dunia,Pasar Baru,Sawah Besar,Kota Jakarta Pusat,DKI Jakarta,-6.1705,106.835,Titik tempat,teks+inferensi,
560,543,Ancol (Flying Board),Wahana,"Ancol, Jakarta Utara",Wahana flying board di atas laut,1,1,2026-05-09 07:00:00+00:00,2026-05-09 07:00:00+00:00,0,0.0,,0.65,https://20.detik.com/spot-wisata/20260729-260729026/rasakan-sensasi-terbang-dengan-flying-board-di-jakarta,Ancol,Pademangan,Kota Jakarta Utara,DKI Jakarta,-6.125,106.835,Pusat kelurahan/desa,teks+inferensi,
561,544,M Bloc Space,lainnya,"Jl. Panglima Polim No. 37, Melawai, Jakarta Selatan",Bekas percetakan uang jadi kiblat kultur anak muda,1,1,2026-04-03 07:00:00+00:00,2026-04-03 07:00:00+00:00,0,0.0,2026,0.75,https://travel.detik.com/domestic-destination/d-8482042/bosan-ke-mal-terus-cobain-17-spot-jalan-jalan-seru-di-jakarta-ini-buat-weekend,Melawai,Kebayoran Baru,Kota Jakarta Selatan,DKI Jakarta,-6.2415,106.7975,Titik tempat,teks+inferensi,
562,545,Pos Bloc,lainnya,"Jl. Pos No. 2, Pasar Baru, Jakarta Pusat",Gedung Filateli jadi pusat produk lokal estetik,1,1,2026-04-03 07:00:00+00:00,2026-04-03 07:00:00+00:00,0,0.0,2026,0.75,https://travel.detik.com/domestic-destination/d-8482042/bosan-ke-mal-terus-cobain-17-spot-jalan-jalan-seru-di-jakarta-ini-buat-weekend,Pasar Baru,Sawah Besar,Kota Jakarta Pusat,DKI Jakarta,-6.161,106.8335,Titik tempat,teks+inferensi,
563,546,Mall Grand Indonesia,lainnya,Jakarta Pusat,Belanja batik nusantara,1,1,2026-05-05 07:00:00+00:00,2026-05-05 07:00:00+00:00,0,0.0,,0.4,https://20.detik.com/spot-wisata/20260327-260327017/menemukan-fashion-terbaru-di-mall-grand-indonesia-jakarta,Kebon Melati,Tanah Abang,Kota Jakarta Pusat,DKI Jakarta,-6.195,106.821,Titik tempat,teks+inferensi,
564,548,Mal Kota Kasablanka,lainnya,Jakarta Selatan,Pagar tinggi mal ramai diperbincangkan warganet,1,1,2026-09-07 07:00:00+00:00,2026-09-07 07:00:00+00:00,0,1.0,2026,0.4,https://www.cnnindonesia.com/ekonomi/20260801150427-92-1387454/pengusaha-bongkar-alasan-mal-pasang-pagar-tinggi,Menteng Dalam,Tebet,Kota Jakarta Selatan,DKI Jakarta,-6.224,106.843,Titik tempat,teks+inferensi,
565,549,Dago Tea House,Wisata Alam,"Dago, Bandung",Lokasi rangkaian festival HAN,1,1,2026-05-06 14:19:55+00:00,2026-05-06 14:19:55+00:00,0,0.0,,0.35,https://www.inilah.com/festival-kreasi-budaya-anak-jawa-barat-warnai-peringatan-han-tingkat-jabar-2026,Dago,Coblong,Kota Bandung,Jawa Barat,-6.88,107.618,Pusat kelurahan/desa,teks+inferensi,
566,550,Trans Studio Mall Bandung (Nailoong Summer Holiday),Pameran,"Jl. Gatot Subroto No. 289, Bandung",Event karakter viral Nailoong,1,1,2026-06-02 07:00:00+00:00,2026-06-02 07:00:00+00:00,0,1.0,1-12 Juli 2026,0.75,https://www.cnbcindonesia.com/lifestyle/20260701143701-33-747178/tsm-hadirkan-karakter-viral-nailoong-untuk-pertama-kali-di-bandung,Cibangkong,Batununggal,Kota Bandung,Jawa Barat,-6.9255,107.6365,Titik tempat,teks+inferensi,
567,551,Rumah Makan Sunset,Restoran,"Desa Bulakan, Kecamatan Cinangka, Anyer, Serang",Rumah makan seafood di kawasan pantai Anyer,1,1,2026-04-15 07:00:00+00:00,2026-04-15 07:00:00+00:00,0,0.0,,0.6,https://www.tripzilla.id/rumah-makan-keluarga-di-anyer/26863,Bulakan,Cinangka,Kabupaten Serang,Banten,-6.15,105.87,Pusat kelurahan/desa,teks+inferensi,
568,552,Rumah Makan 195 Seafood,Restoran,"Anyer, Serang, Banten",Rumah makan seafood di kawasan Anyer,1,1,2026-04-15 07:00:00+00:00,2026-04-15 07:00:00+00:00,0,0.0,,0.6,https://www.tripzilla.id/rumah-makan-keluarga-di-anyer/26863,,Anyar,Kabupaten Serang,Banten,-6.06,105.92,Pusat kecamatan,teks+inferensi,Anyer = Kec. Anyar
569,553,Pawon Ma'inin,Restoran,"Jl. Jenderal Sudirman No. 27, Penancangan, Cipocok Jaya, Kota Serang",Grand opening rumah makan baru,1,1,2026-09-23 00:04:22+00:00,2026-09-23 00:04:22+00:00,0,0.0,2026,0.7,https://www.radarbanten.co.id/2026/04/15/rumah-makan-pawon-mainin-tawarkan-menu-prasmanan-mulai-6-ribuan/,Penancangan,Cipocok Jaya,Kota Serang,Banten,-6.12,106.165,Pusat kelurahan/desa,teks+inferensi,
570,554,Gunung Anak Krakatau,Wisata Alam,"Selat Sunda, Banten/Lampung",Aktivitas gunung dipantau terkait wisata,1,1,2026-04-27 07:00:00+00:00,2026-04-27 07:00:00+00:00,0,0.0,,0.3,https://www.radarbanten.co.id/2026/09/16/pariwisata-banten-terdampak-erupsi-gunung-anak-krakatau-pemprov-siapkan-strategi-pemulihan/,,,Kabupaten Lampung Selatan,Lampung,-6.102,105.423,Titik tempat,teks+inferensi,Di Selat Sunda; secara administratif masuk Lampung Selatan
571,555,Kawasan Wisata Baduy,Wisata Alam,"Terminal Ciboleger, Desa Kanekes, Kabupaten Lebak",Promo tiket DAMRI Rp1 ke destinasi Baduy,1,1,2026-08-10 07:00:00+00:00,2026-08-10 07:00:00+00:00,0,0.0,26 April - 31 Mei 2026,0.7,https://www.serangtimur.co.id/2026/04/wisata-makin-gampang-ke-baduy-cuma-rp1.html,Kanekes,Leuwidamar,Kabupaten Lebak,Banten,-6.62,106.22,Pusat kelurahan/desa,teks+inferensi,Terminal Ciboleger di Desa Bojongmenteng
572,556,Pantai Sawarna,Wisata Alam,"Kabupaten Lebak, Banten",Destinasi rute DAMRI wisata,1,1,2026-08-10 07:00:00+00:00,2026-08-10 07:00:00+00:00,0,0.0,26 April - 31 Mei 2026,0.55,https://www.serangtimur.co.id/2026/04/wisata-makin-gampang-ke-baduy-cuma-rp1.html,Sawarna,Bayah,Kabupaten Lebak,Banten,-6.986,106.305,Titik tempat,teks+inferensi,
573,557,Satu Asa Coffee,Kafe,"Kota Serang, Banten",Kedai kopi lokal Serang,1,1,2026-04-29 07:00:00+00:00,2026-04-29 07:00:00+00:00,0,0.0,,0.6,https://ekbisbanten.com/berita/wagub-dimyati-potensi-pariwisata-banten-tak-kalah-dari-bali/,,,Kota Serang,Banten,-6.12,106.15,Pusat kota/kabupaten,teks,
574,558,Situ Gede,Wisata Alam,"Kota Tangerang, Banten",Wisata danau,1,1,2026-06-28 07:00:00+00:00,2026-06-28 07:00:00+00:00,0,0.0,,0.55,https://faktabanten.co.id/daerah/dispar-banten-siapkan-transformasi-pariwisata-lewat-pengelolaan-situ-dan-qr-code/,,,Kota Tangerang,Banten,-6.178,106.63,Pusat kota/kabupaten,teks,
575,559,Situ Cikoncang,Wisata Alam,"Kecamatan Wanasalam, Kabupaten Lebak",Wisata danau,1,1,2026-06-28 07:00:00+00:00,2026-06-28 07:00:00+00:00,0,0.0,,0.55,https://faktabanten.co.id/daerah/dispar-banten-siapkan-transformasi-pariwisata-lewat-pengelolaan-situ-dan-qr-code/,,Wanasalam,Kabupaten Lebak,Banten,-6.83,106.1,Pusat kecamatan,teks+inferensi,
576,560,Exciting Banten Festival 2026,Pameran,"Pantai Cibeureum, Anyer, Serang",Festival pariwisata Banten,1,1,2026-09-24 01:44:20+00:00,2026-09-24 01:44:20+00:00,0,0.0,27-28 Juni 2026,0.7,https://www.radarbanten.co.id/2026/06/28/exciting-banten-festival-2026-jadi-ajang-promosi-wisata-dan-umkm/,,Anyar,Kabupaten Serang,Banten,-6.06,105.92,Pusat kecamatan,teks+inferensi,Anyer dipakai longgar; pantai bisa di Kec. Cinangka
577,561,Festival Mustika Rasa,Pameran,"Museum Multatuli, Rangkasbitung, Lebak",Festival kuliner nusantara,1,1,2026-05-18 07:00:00+00:00,2026-05-18 07:00:00+00:00,0,0.0,16-20 Juni 2026,0.7,https://regional.kompas.com/read/2026/06/16/223905078/terinspirasi-buku-bung-karno-festival-mustika-rasa-hadirkan-kuliner-banten?page=all,,Rangkasbitung,Kabupaten Lebak,Banten,-6.36,106.25,Pusat kecamatan,teks+inferensi,
578,562,Museum Multatuli,Museum,"Rangkasbitung, Kabupaten Lebak",Lokasi Festival Mustika Rasa,1,1,2026-05-18 07:00:00+00:00,2026-05-18 07:00:00+00:00,0,0.0,16-20 Juni 2026,0.6,https://regional.kompas.com/read/2026/06/16/223905078/terinspirasi-buku-bung-karno-festival-mustika-rasa-hadirkan-kuliner-banten?page=all,,Rangkasbitung,Kabupaten Lebak,Banten,-6.36,106.25,Pusat kecamatan,teks+inferensi,
579,563,Pameran Nasional Pusaka Nusantara 2026,Pameran,"Museum Negeri Provinsi Banten, Kota Serang",Pameran pusaka nasional,1,1,2026-07-17 07:00:00+00:00,2026-07-17 07:00:00+00:00,0,0.0,27 Juli - 20 Agustus 2026,0.75,https://beritabanten.com/golok-ciomas-tak-lagi-sekadar-pusaka-kini-jadi-wajah-banten-di-panggung-nasional/,,,Kota Serang,Banten,-6.12,106.15,Pusat kota/kabupaten,teks+inferensi,
580,564,Curug Cross,Wisata Alam,"Desa Cibojong, Kecamatan Padarincang, Kabupaten Serang",Air terjun yang auto viral di media sosial,1,1,2026-09-14 13:36:48+00:00,2026-09-14 13:36:48+00:00,0,1.0,,0.8,https://style.tribunnews.com/life/376683/bukan-editan-curug-cross-di-serang-banten-pamer-air-biru-sebening-kaca-auto-viral,Cibojong,Padarincang,Kabupaten Serang,Banten,-6.21,105.97,Pusat kecamatan,teks+inferensi,
581,565,Bukit Waruwangi,Wisata Alam,"Kabupaten Serang, Banten",Wisata perbukitan,1,1,2026-09-14 13:36:48+00:00,2026-09-14 13:36:48+00:00,0,0.0,,0.6,https://style.tribunnews.com/life/376683/bukan-editan-curug-cross-di-serang-banten-pamer-air-biru-sebening-kaca-auto-viral,,,Kabupaten Serang,Banten,-6.139,106.04,Pusat kota/kabupaten,teks,
582,566,Rustic Market Explore The Museum,Wisata Alam,"Jalan Raya Bojong Koneng, Babakan Madang, Kabupaten Bogor","Viral sejak akhir 2025, nuansa pedesaan Eropa",1,1,2026-04-11 07:00:00+00:00,2026-04-11 07:00:00+00:00,0,1.0,Sejak akhir 2025,0.85,https://www.bantenraya.com/ekonomi-bisnis/16056013/rustic-market-explore-the-museum,,Babakan Madang,Kabupaten Bogor,Jawa Barat,-6.57,106.89,Pusat kecamatan,teks+inferensi,
583,567,Pasar Ciputat,lainnya,"Ciputat, Tangerang Selatan",Kebakaran ruko pasar viral di media sosial (isu negatif),1,1,2026-06-03 12:23:38+00:00,2026-06-03 12:23:38+00:00,0,1.0,2026,0.4,https://news.okezone.com/read/2026/07/22/338/3231748/kebakaran-landa-pasar-ciputat-tangsel,Ciputat,Ciputat,Kota Tangerang Selatan,Banten,-6.31,106.745,Pusat kelurahan/desa,teks+inferensi,
584,568,Jembatan Merah Putih Presisi,lainnya,"Kampung Ilat, Desa Pangadegan, Kecamatan Pasar Kemis, Kabupaten Tangerang",Jembatan yang robohnya sempat viral kini dibangun ulang Polda Banten,1,1,2026-06-02 07:00:00+00:00,2026-06-02 07:00:00+00:00,0,1.0,2026,0.3,https://tangerangekspres.disway.id/tangerang-hub/read/38514/dari-jembatan-bambu-yang-bikin-was-was-kini-menjadi-asa-kisah-sukses-polri-bangun-jembatan-merah-putih,Pangadegan,Pasar Kemis,Kabupaten Tangerang,Banten,-6.16,106.53,Pusat kecamatan,teks+inferensi,
585,570,Bengkel Koewe,Kafe,"Kencana Loka, BSD, Tangerang Selatan",Usaha rumahan ice cream cake slice yang viral menjelang Lebaran 2026,1,1,2026-09-19 09:09:17+00:00,2026-09-19 09:09:17+00:00,0,1.0,Menjelang Lebaran 2026,0.85,https://tangselpos.id/detail/48718/dari-rumah-jadi-viral-bengkel-koewe-suguhkan-ice-cream-cake-unik-di-bsd,,Serpong,Kota Tangerang Selatan,Banten,-6.31,106.67,Pusat kecamatan,teks+inferensi,
586,571,Ayam Goreng Tantene,Restoran,"Jl. Raya Beji Karangsalam, Kedungbanteng, Banyumas",Ayam goreng legendaris dengan view sawah,1,1,2026-09-06 07:00:00+00:00,2026-09-06 07:00:00+00:00,0,0.0,,0.8,https://www.tripzilla.id/ayam-goreng-purwokerto/27665,Karangsalam,Kedungbanteng,Kabupaten Banyumas,Jawa Tengah,-7.38,109.2,Pusat kecamatan,teks+inferensi,
587,572,Ayam Goreng Kaliandra,Restoran,"Purwokerto, Banyumas",Rumah makan ayam goreng favorit warga,1,1,2026-09-06 07:00:00+00:00,2026-09-06 07:00:00+00:00,0,0.0,,0.7,https://www.tripzilla.id/ayam-goreng-purwokerto/27665,,,Kabupaten Banyumas,Jawa Tengah,-7.424,109.234,Pusat kota/kabupaten,teks,Purwokerto (ibu kota Banyumas) mencakup 4 kecamatan
588,573,Toko Oen,Restoran,"Jalan Pemuda Nomor 52, Semarang","Kuliner legendaris sejak 1936, es krim klasik",1,1,2026-08-01 07:00:00+00:00,2026-08-01 07:00:00+00:00,0,0.0,,0.85,https://food.detik.com/tempat-makan/d-8650324/7-kuliner-legendaris-semarang-yang-usianya-lebih-tua-dari-indonesia,,Semarang Tengah,Kota Semarang,Jawa Tengah,-6.975,110.42,Pusat kecamatan,teks+inferensi,
589,574,Lumpia Mbak Lien,Restoran,Semarang,Lumpia legendaris sejak 1930-an,1,1,2026-08-01 07:00:00+00:00,2026-08-01 07:00:00+00:00,0,0.0,,0.8,https://food.detik.com/tempat-makan/d-8650324/7-kuliner-legendaris-semarang-yang-usianya-lebih-tua-dari-indonesia,,,Kota Semarang,Jawa Tengah,-6.99,110.422,Pusat kota/kabupaten,teks+inferensi,
590,575,Sate Bumbon H. Rochmad,Restoran,"Depan exit tol Kendal, Sureman, Margomulyo, Kec. Pegandon, Kabupaten Kendal",Pelopor sate bumbon sejak 1985,1,1,2026-09-21 06:24:09+00:00,2026-09-21 06:24:09+00:00,0,0.0,,0.85,https://www.hipwee.com/travel/tempat-makan-murah-di-kendal/,Margomulyo,Pegandon,Kabupaten Kendal,Jawa Tengah,-7.01,110.18,Pusat kecamatan,teks+inferensi,
591,576,Aldila Resto,Restoran,Kabupaten Kendal,Tempat makan murah nyaman untuk keluarga,1,1,2026-09-21 06:24:09+00:00,2026-09-21 06:24:09+00:00,0,0.0,,0.6,https://www.hipwee.com/travel/tempat-makan-murah-di-kendal/,,,Kabupaten Kendal,Jawa Tengah,-6.92,110.2,Pusat kota/kabupaten,teks+inferensi,
592,580,Nasi Babat Kampung Malang,Restoran,"Jalan Kedungsari No.27, Wonorejo, Tegalsari, Surabaya",Kuliner malam legendaris yang selalu ramai,1,1,2026-06-13 07:00:00+00:00,2026-06-13 07:00:00+00:00,0,0.0,,0.8,https://travel.tribunnews.com/kuliner/143579/5-kuliner-legendaris-surabaya-buat-makan-malam-enak-dan-murah,Wonorejo,Tegalsari,Kota Surabaya,Jawa Timur,-7.27,112.735,Pusat kelurahan/desa,teks+inferensi,
593,581,Penyetan Bang Ali Simpang Darmo,Restoran,"Simpang Darmo, Surabaya",Penyetan dengan sambal pedas,1,1,2026-06-13 07:00:00+00:00,2026-06-13 07:00:00+00:00,0,0.0,,0.7,https://travel.tribunnews.com/kuliner/143579/5-kuliner-legendaris-surabaya-buat-makan-malam-enak-dan-murah,,,Kota Surabaya,Jawa Timur,-7.258,112.752,Pusat kota/kabupaten,teks+inferensi,
594,582,Mie Ayam Pangsit H. Batong,Restoran,"Jalan H. Batong I No.89, Cilandak Barat, Jakarta Selatan",Mie ayam sejak 1978,1,1,2026-06-09 07:00:00+00:00,2026-06-09 07:00:00+00:00,0,0.0,,0.8,https://food.detik.com/tempat-makan/d-8530075/7-tempat-makan-favorit-di-cilandak-ada-yang-eksis-sejak-1978,Cilandak Barat,Cilandak,Kota Jakarta Selatan,DKI Jakarta,-6.29,106.795,Pusat kelurahan/desa,teks+inferensi,
595,583,Mie Ayam dan Bakso Worth It,Restoran,"Jalan Awan, Jebres, Surakarta","Masuk rekomendasi mie ayam viral di Solo, topping mozzarella dan chili oil",1,1,2026-06-06 07:00:00+00:00,2026-06-06 07:00:00+00:00,0,1.0,,0.6,https://travel.tribunnews.com/kuliner/143435/5-mie-ayam-viral-di-solo-jawa-tengah-yang-wajib-dicoba-mulai-rp-8000,,Jebres,Kota Surakarta,Jawa Tengah,-7.555,110.845,Pusat kecamatan,teks+inferensi,
596,584,Mie Ayam Kita Solo,Restoran,Solo,Viral karena kuahnya yang manis medok dan kental,1,1,2026-06-06 07:00:00+00:00,2026-06-06 07:00:00+00:00,0,1.0,,0.75,https://travel.tribunnews.com/kuliner/143435/5-mie-ayam-viral-di-solo-jawa-tengah-yang-wajib-dicoba-mulai-rp-8000,,,Kota Surakarta,Jawa Tengah,-7.566,110.817,Pusat kota/kabupaten,teks+inferensi,
597,585,Truntum Gasblock Borobudur,Restoran,"Bumen Djelapan, Karangrejo, Kec. Borobudur, Kabupaten Magelang",Restoran di tengah hamparan jagung dan pepohonan,1,1,2026-05-02 07:00:00+00:00,2026-05-02 07:00:00+00:00,0,0.0,,0.8,https://www.tripzilla.id/restoran-di-magelang/27185,Karangrejo,Borobudur,Kabupaten Magelang,Jawa Tengah,-7.62,110.21,Pusat kelurahan/desa,teks+inferensi,
598,586,Puunee Borobudur,Restoran,"Sikepan, Mendut, Kec. Mungkid, Kabupaten Magelang",Restoran tepi sungai,1,1,2026-05-02 07:00:00+00:00,2026-05-02 07:00:00+00:00,0,0.0,,0.8,https://www.tripzilla.id/restoran-di-magelang/27185,Mendut,Mungkid,Kabupaten Magelang,Jawa Tengah,-7.605,110.23,Pusat kelurahan/desa,teks+inferensi,
599,587,FAy Garden (Saung Makan Bu Empat),Kafe,"Ngrajek, Kec. Borobudur, Kabupaten Magelang",Restoran bernuansa alam dengan perahu,2,1,2026-04-22 07:00:00+00:00,2026-05-02 07:00:00+00:00,10,0.0,,0.75,https://www.tripzilla.id/restoran-di-magelang/27185,Ngrajek,Borobudur,Kabupaten Magelang,Jawa Tengah,-7.607,110.205,Pusat kecamatan,teks+inferensi,Ngrajek mungkin masuk Kec. Mungkid; mengikuti teks
600,588,Nasi Liwet Keprabon,Restoran,"Keprabon, Solo",Kuliner malam ikonik sejak 1950,1,1,2026-05-21 07:00:00+00:00,2026-05-21 07:00:00+00:00,0,0.0,,0.75,https://www.detik.com/jateng/kuliner/d-8471054/14-rekomendasi-makanan-di-solo-yang-murah-dan-enak-kuliner-khas-wajib-dicoba,Keprabon,Banjarsari,Kota Surakarta,Jawa Tengah,-7.565,110.822,Pusat kelurahan/desa,teks+inferensi,
601,590,Warung Bali Pak Gede,Restoran,"Dekat stasiun MRT Haji Nawi, Jakarta Selatan",Nasi campur Bali halal yang ramai diburu,1,1,2026-05-18 07:00:00+00:00,2026-05-18 07:00:00+00:00,0,0.0,,0.75,https://food.detik.com/warung-makan/d-8497945/5-warung-makan-hits-di-jakarta-ada-spesialis-sambal-hingga-nasi-bali-halal,,,Kota Jakarta Selatan,DKI Jakarta,-6.261,106.81,Pusat kota/kabupaten,teks+inferensi,Dekat Stasiun MRT Haji Nawi (Jl. Fatmawati)
602,592,Kofi Djohar,Kafe,"Pasar Johar Baru (Kauman), Semarang Tengah, Kota Semarang",Kedai kopi populer di Pasar Johar,1,1,2026-05-14 07:00:00+00:00,2026-05-14 07:00:00+00:00,0,0.0,,0.8,https://www.tripzilla.id/kuliner-pasar-johar-semarang/27048,Kauman,Semarang Tengah,Kota Semarang,Jawa Tengah,-6.9685,110.4244,Titik tempat,teks+inferensi,
603,593,Sate Kambing Bu Amini,Restoran,"Pasar Johar Tengah lantai 2, Kauman, Semarang",Sate kambing legendaris,1,1,2026-05-14 07:00:00+00:00,2026-05-14 07:00:00+00:00,0,0.0,,0.75,https://www.tripzilla.id/kuliner-pasar-johar-semarang/27048,Kauman,Semarang Tengah,Kota Semarang,Jawa Tengah,-6.9685,110.4244,Titik tempat,teks+inferensi,
604,594,Es Gempol Kencono,Restoran,"Pasar Johar, Semarang",Minuman tradisional es gempol,1,1,2026-05-14 07:00:00+00:00,2026-05-14 07:00:00+00:00,0,0.0,,0.7,https://www.tripzilla.id/kuliner-pasar-johar-semarang/27048,Kauman,Semarang Tengah,Kota Semarang,Jawa Tengah,-6.9685,110.4244,Titik tempat,teks+inferensi,
605,595,Warung Kondre,Restoran,"Ciputat, Tangerang Selatan",Warung nuansa rumah Jawa milik Andre Taulany,1,1,2026-05-22 07:00:00+00:00,2026-05-22 07:00:00+00:00,0,0.0,,0.8,https://food.detik.com/tempat-makan/d-8487993/6-tempat-makan-ndeso-di-tangerang-buat-long-weekend-bareng-keluarga,Ciputat,Ciputat,Kota Tangerang Selatan,Banten,-6.31,106.745,Pusat kecamatan,teks+inferensi,
606,596,Warung Tuman,Restoran,"BSD, Tangerang",Viral karena konsep tradisional tersembunyi dengan menu Minang,1,1,2026-05-22 07:00:00+00:00,2026-05-22 07:00:00+00:00,0,1.0,,0.85,https://food.detik.com/tempat-makan/d-8487993/6-tempat-makan-ndeso-di-tangerang-buat-long-weekend-bareng-keluarga,,,,Banten,-6.406,106.064,Pusat provinsi,teks+inferensi,BSD melintasi Kab. Tangerang dan Kota Tangerang Selatan
607,597,EloProgo,Kafe,"Dusun 1, Wanurejo, Kec. Borobudur, Kabupaten Magelang",Kafe populer dengan galeri seni di tepi sungai,1,1,2026-04-22 07:00:00+00:00,2026-04-22 07:00:00+00:00,0,0.0,,0.8,https://www.tripzilla.id/kafe-di-magelang/27079,Wanurejo,Borobudur,Kabupaten Magelang,Jawa Tengah,-7.605,110.215,Pusat kelurahan/desa,teks+inferensi,
608,598,Melek Huruf,Kafe,Magelang,Library cafe,1,1,2026-04-22 07:00:00+00:00,2026-04-22 07:00:00+00:00,0,0.0,,0.65,https://www.tripzilla.id/kafe-di-magelang/27079,,,,Jawa Tengah,-7.15,110.14,Pusat provinsi,teks+inferensi,Magelang ambigu: Kota atau Kabupaten Magelang
609,599,Mie dan Babi Tepi Sawah,Restoran,"Sukoharjo, Jawa Tengah",Viral video akses jalan warung ditutup tumpukan tanah dan penolakan warga (isu negatif),1,1,2026-07-12 07:00:00+00:00,2026-07-12 07:00:00+00:00,0,1.0,16 April 2026,0.8,https://www.detik.com/jateng/berita/d-8449575/sederet-fakta-soal-warung-babi-yang-ditolak-warga-di-sukoharjo,,,Kabupaten Sukoharjo,Jawa Tengah,-7.682,110.842,Pusat kota/kabupaten,teks+inferensi,
610,600,Wisata Alam Posong,Wisata Alam,"Kaki Gunung Sindoro, Kabupaten Temanggung",Golden sunrise dengan latar deretan gunung,1,1,2026-06-23 07:00:00+00:00,2026-06-23 07:00:00+00:00,0,0.0,,0.8,https://travel.detik.com/domestic-destination/d-8570078/7-tempat-wisata-pegunungan-sejuk-di-jawa-tengah-selain-dieng,Tlahab,Kledung,Kabupaten Temanggung,Jawa Tengah,-7.302,110.042,Pusat kecamatan,teks+inferensi,
611,601,Lokawisata Baturraden,Wisata Alam,"Lereng selatan Gunung Slamet, Banyumas",Destinasi legendaris berudara sejuk,1,1,2026-06-23 07:00:00+00:00,2026-06-23 07:00:00+00:00,0,0.0,,0.8,https://travel.detik.com/domestic-destination/d-8570078/7-tempat-wisata-pegunungan-sejuk-di-jawa-tengah-selain-dieng,Karangmangu,Baturraden,Kabupaten Banyumas,Jawa Tengah,-7.32,109.23,Pusat kecamatan,teks+inferensi,
612,602,Pitris Ocean View,Wisata Alam,"Desa Karangduwur, Kecamatan Ayah, Kabupaten Kebumen",Objek wisata yang tengah viral dengan panorama laut lepas dari ketinggian,1,1,2026-05-11 07:00:00+00:00,2026-05-11 07:00:00+00:00,0,1.0,2026,0.9,https://travel.kompas.com/read/2026/04/19/171531127/wisata-viral-di-kebumen-pemandangan-laut-lepas-dari-ketinggian-bikin-betah,Karangduwur,Ayah,Kabupaten Kebumen,Jawa Tengah,-7.72,109.4,Pusat kecamatan,teks+inferensi,
613,603,Negeri Kahyangan,Wisata Alam,"Lereng Gunung Merbabu, Kabupaten Magelang","Viral di media sosial berkat jalan menanjak ""Tol Khayangan""",1,1,2026-08-19 07:00:00+00:00,2026-08-19 07:00:00+00:00,0,1.0,Mei 2026,0.9,https://jogja.disway.id/wisata/read/699063/wisata-negeri-kahyangan-magelang-2026-destinasi-viral-di-lereng-merbabu-paling-menakjubkan,,,Kabupaten Magelang,Jawa Tengah,-7.5,110.25,Pusat kota/kabupaten,teks+inferensi,
614,605,Jalur pendakian Gunung Merapi via Selo,Wisata Alam,"Kecamatan Selo, Kabupaten Boyolali",Viral video pendakian warga saat status Siaga (isu negatif),1,1,2026-07-26 07:00:00+00:00,2026-07-26 07:00:00+00:00,0,1.0,30 Juni 2026,0.7,https://www.kompas.id/artikel/viral-video-pendakian-warga-saat-gunung-merapi-masih-siaga-bagiamana-duduk-perkaranya,,Selo,Kabupaten Boyolali,Jawa Tengah,-7.5,110.45,Pusat kecamatan,teks+inferensi,
615,606,Wisata perahu Sungai Serayu Desa Srowot,Wisata Alam,"Desa Srowot, Kecamatan Kalibagor, Kabupaten Banyumas",Video menyusuri sungai surut viral di TikTok dan Instagram,1,1,2026-07-08 07:00:00+00:00,2026-07-08 07:00:00+00:00,0,1.0,Musim kemarau 2026,0.85,https://www.rmoljawatengah.id/dari-perahu-tradisional-hingga-wisata-dadakan-sungai-serayu,Srowot,Kalibagor,Kabupaten Banyumas,Jawa Tengah,-7.475,109.3,Pusat kecamatan,teks+inferensi,
616,607,Pony Park Klaten,Wahana,"Klaten, Jawa Tengah","Tempat wisata baru dan viral, mini zoo ramah anak",1,1,2026-07-22 07:00:00+00:00,2026-07-22 07:00:00+00:00,0,1.0,Opening 28 Juni 2026,0.85,https://travel.tribunnews.com/destinasi/143669/harga-tiket-masuk-pony-park-wisata-terbaru-di-klaten-untuk-libur-sekolah,,,Kabupaten Klaten,Jawa Tengah,-7.706,110.606,Pusat kota/kabupaten,teks,
617,608,Wadas Cinta Carik (wisata perahu Sungai Serayu),Wisata Alam,"Desa Srowot, Kecamatan Kalibagor, Banyumas","Kawasan ramai setelah viral di media sosial, wisata perahu sunset dadakan",1,1,2026-08-14 07:00:00+00:00,2026-08-14 07:00:00+00:00,0,1.0,22 Juli 2026,0.9,https://www.detik.com/jateng/wisata/d-8585907/sungai-serayu-banyumas-surut-wisata-perahu-dadakan-panen-cuan,Srowot,Kalibagor,Kabupaten Banyumas,Jawa Tengah,-7.475,109.3,Pusat kecamatan,teks+inferensi,
618,609,Museum Keris Nusantara,Museum,Solo,Koleksi ratusan keris dari berbagai periode,1,1,2026-04-14 07:00:00+00:00,2026-04-14 07:00:00+00:00,0,0.0,,0.8,https://pegadaian.co.id/artikel/inspirasi/wisata-di-solo,Sriwedari,Laweyan,Kota Surakarta,Jawa Tengah,-7.568,110.813,Titik tempat,teks+inferensi,
619,610,Keraton Surakarta Hadiningrat,Museum,Solo,Istana bersejarah kelanjutan Mataram Islam,1,1,2026-04-14 07:00:00+00:00,2026-04-14 07:00:00+00:00,0,0.0,,0.75,https://pegadaian.co.id/artikel/inspirasi/wisata-di-solo,Baluwarti,Pasar Kliwon,Kota Surakarta,Jawa Tengah,-7.5777,110.8277,Titik tempat,teks+inferensi,
620,611,Kampoeng Semarang,lainnya,Semarang,Pusat oleh-oleh lengkap,1,1,2026-04-14 07:00:00+00:00,2026-04-14 07:00:00+00:00,0,0.0,,0.6,https://travel.tribunnews.com/shopping/142829/5-tempat-beli-oleh-oleh-lengkap-di-semarang-moaci-hingga-lunpia,,,Kota Semarang,Jawa Tengah,-6.99,110.422,Pusat kota/kabupaten,teks+inferensi,
621,612,Toko Kopi Podjok,Kafe,"Jalan Utara Pasar Besar No.20, Sudiroprajan, Jebres, Kota Solo",Toko kopi legendaris sejak 1947 yang sering antre,1,1,2026-04-08 07:00:00+00:00,2026-04-08 07:00:00+00:00,0,0.0,,0.8,https://travel.tribunnews.com/shopping/142828/5-tempat-beli-biji-kopi-di-solo-lengkap-dari-lokal-hingga-impor,Sudiroprajan,Jebres,Kota Surakarta,Jawa Tengah,-7.57,110.832,Pusat kelurahan/desa,teks+inferensi,
622,613,Cafe Gaharu Coffee Shop Solo,Kafe,"Jalan Malabar Raya No.32, Mojosongo, Jebres, Kota Solo",Tempat beli biji kopi dan ngopi,1,1,2026-04-08 07:00:00+00:00,2026-04-08 07:00:00+00:00,0,0.0,,0.7,https://travel.tribunnews.com/shopping/142828/5-tempat-beli-biji-kopi-di-solo-lengkap-dari-lokal-hingga-impor,Mojosongo,Jebres,Kota Surakarta,Jawa Tengah,-7.545,110.838,Pusat kelurahan/desa,teks+inferensi,
623,615,Pasar Gede Hardjonagoro,lainnya,Solo,Destinasi kuliner tradisional es dawet telasih,1,1,2026-09-20 07:00:00+00:00,2026-09-20 07:00:00+00:00,0,0.0,,0.6,https://www.detik.com/jateng/kuliner/d-8457654/5-es-dawet-telasih-di-pasar-gede-solo-yang-viral-dan-legendaris,Sudiroprajan,Jebres,Kota Surakarta,Jawa Tengah,-7.569,110.8317,Titik tempat,teks+inferensi,
624,616,Unnes Night Festival (UNFEST) 2026,Pameran,PRPP Semarang,Festival musik satu dekade,1,1,2026-06-30 07:00:00+00:00,2026-06-30 07:00:00+00:00,0,0.0,20 September 2026,0.5,https://style.tribunnews.com/news/383999/agenda-jawa-tengah-minggu-20-september-2026-ada-unfest-hingga-festival-melukis-payung-di-semarang,Tawangmas,Semarang Barat,Kota Semarang,Jawa Tengah,-6.9585,110.389,Titik tempat,teks+inferensi,
625,617,Festival Kota Lama XV,Pameran,Kota Lama Semarang,"Festival seni budaya, kuliner, dan Festival Melukis Payung",1,1,2026-06-30 07:00:00+00:00,2026-06-30 07:00:00+00:00,0,0.0,4-20 September 2026,0.75,https://style.tribunnews.com/news/383999/agenda-jawa-tengah-minggu-20-september-2026-ada-unfest-hingga-festival-melukis-payung-di-semarang,Tanjung Mas,Semarang Utara,Kota Semarang,Jawa Tengah,-6.968,110.4278,Titik tempat,teks+inferensi,
626,618,Borobudur Indonesia Expo 2026,Pameran,Alun-Alun Kota Magelang,Expo penggerak ekonomi masyarakat,1,1,2026-06-30 07:00:00+00:00,2026-06-30 07:00:00+00:00,0,0.0,17-20 September 2026,0.7,https://style.tribunnews.com/news/383999/agenda-jawa-tengah-minggu-20-september-2026-ada-unfest-hingga-festival-melukis-payung-di-semarang,Cacaban,Magelang Tengah,Kota Magelang,Jawa Tengah,-7.477,110.2178,Titik tempat,teks+inferensi,
627,619,Jateng Fair 2026,Pameran,"PRPP Jawa Tengah, Semarang",Pesta rakyat dan pameran pembangunan terbesar di Jawa Tengah,1,1,2026-09-09 07:00:00+00:00,2026-09-09 07:00:00+00:00,0,0.0,s.d. 5 Juli 2026,0.75,https://www.ayosemarang.com/semarang-raya/7717312698/8-kalender-event-wisata-kota-semarang-bulan-juli-2026-jateng-fair-hingga-pameran-buku-big-bad-wolf,Tawangmas,Semarang Barat,Kota Semarang,Jawa Tengah,-6.9585,110.389,Titik tempat,teks+inferensi,
628,620,Big Bad Wolf (BBW) Semarang 2026,Pameran,Queen City Mall Semarang,Bazar buku internasional,1,1,2026-09-09 07:00:00+00:00,2026-09-09 07:00:00+00:00,0,0.0,9-19 Juli 2026,0.75,https://www.ayosemarang.com/semarang-raya/7717312698/8-kalender-event-wisata-kota-semarang-bulan-juli-2026-jateng-fair-hingga-pameran-buku-big-bad-wolf,,,Kota Semarang,Jawa Tengah,-6.99,110.422,Pusat kota/kabupaten,teks+inferensi,
629,621,Holiday on Ice with Pororo,Wahana,"Pollux Mall Paragon, Semarang",Wahana seluncur es tema Pororo,1,1,2026-09-09 07:00:00+00:00,2026-09-09 07:00:00+00:00,0,0.0,s.d. 19 Juli 2026,0.7,https://www.ayosemarang.com/semarang-raya/7717312698/8-kalender-event-wisata-kota-semarang-bulan-juli-2026-jateng-fair-hingga-pameran-buku-big-bad-wolf,Sekayu,Semarang Tengah,Kota Semarang,Jawa Tengah,-6.9808,110.4144,Titik tempat,teks+inferensi,
630,622,Festival Kota Lama (FKL) 2026,Pameran,Kawasan Kota Lama Semarang,Festival seni budaya diperpanjang hingga 20 September,1,1,2026-09-19 16:19:00+00:00,2026-09-19 16:19:00+00:00,0,0.0,4-20 September 2026,0.75,https://style.tribunnews.com/news/382687/daftar-acara-jateng-besok-rabu-9-september-2026-festival-kota-lama-semarang-hingga-dessert-kekinian,Tanjung Mas,Semarang Utara,Kota Semarang,Jawa Tengah,-6.968,110.4278,Titik tempat,teks+inferensi,
631,623,Pasar Malam Sentiling,Pameran,"Metro Point, Kota Lama Semarang",Pasar malam kuliner bagian Festival Kota Lama,1,1,2026-09-19 16:19:00+00:00,2026-09-19 16:19:00+00:00,0,0.0,4-13 September 2026,0.7,https://style.tribunnews.com/news/382687/daftar-acara-jateng-besok-rabu-9-september-2026-festival-kota-lama-semarang-hingga-dessert-kekinian,Tanjung Mas,Semarang Utara,Kota Semarang,Jawa Tengah,-6.968,110.428,Pusat kelurahan/desa,teks+inferensi,
632,624,BCA Expo 2026,Pameran,23 Semarang Shopping Center,Pameran,1,1,2026-09-19 16:19:00+00:00,2026-09-19 16:19:00+00:00,0,0.0,8-13 September 2026,0.6,https://style.tribunnews.com/news/382687/daftar-acara-jateng-besok-rabu-9-september-2026-festival-kota-lama-semarang-hingga-dessert-kekinian,,,Kota Semarang,Jawa Tengah,-6.99,110.422,Pusat kota/kabupaten,teks+inferensi,
633,625,Rumah Makan Ayam Panggang 3 Berku,Restoran,"Sekitar Gembira Loka, Yogyakarta",Tempat makan dekat Gembira Loka,1,1,2026-09-10 10:00:00+00:00,2026-09-10 10:00:00+00:00,0,0.0,,0.5,https://jogja.disway.id/gaya-hidup/read/701457/tempat-makan-siang-dekat-gembira-loka-jogja-paling-favorit-cocok-untuk-menu-kuliner,Rejowinangun,Kotagede,Kota Yogyakarta,DI Yogyakarta,-7.805,110.397,Pusat kelurahan/desa,teks+inferensi,
634,626,Kebun Binatang Gembira Loka,Wahana,Yogyakarta,Destinasi wisata keluarga ikonik,1,1,2026-09-10 10:00:00+00:00,2026-09-10 10:00:00+00:00,0,0.0,,0.7,https://jogja.disway.id/gaya-hidup/read/701457/tempat-makan-siang-dekat-gembira-loka-jogja-paling-favorit-cocok-untuk-menu-kuliner,Rejowinangun,Kotagede,Kota Yogyakarta,DI Yogyakarta,-7.8055,110.397,Titik tempat,teks+inferensi,
635,628,Pasar Kranggan,lainnya,Dekat Tugu Yogyakarta,Kuliner tradisional dan kekinian,1,1,2026-06-02 07:00:00+00:00,2026-06-02 07:00:00+00:00,0,0.0,,0.75,https://www.tripzilla.id/pasar-kuliner-jogja/27629,Cokrodiningratan,Jetis,Kota Yogyakarta,DI Yogyakarta,-7.78,110.365,Pusat kelurahan/desa,teks+inferensi,
636,629,SABA Korean Dining,Restoran,"Jl. Lempongsari, Sumberan, Sariharjo, Ngaglik, Sleman",Restoran Korea baru yang menyita perhatian,1,1,2026-07-08 07:00:00+00:00,2026-07-08 07:00:00+00:00,0,0.0,Dibuka pertengahan 2025,0.8,https://www.nibble.id/restoran-korea-di-jogja/,Sariharjo,Ngaglik,Kabupaten Sleman,DI Yogyakarta,-7.735,110.385,Pusat kelurahan/desa,teks+inferensi,
637,630,Hankki Korean Resto,Restoran,"Ngaglik, Sleman",Restoran Korea halal,1,1,2026-07-08 07:00:00+00:00,2026-07-08 07:00:00+00:00,0,0.0,,0.75,https://www.nibble.id/restoran-korea-di-jogja/,,Ngaglik,Kabupaten Sleman,DI Yogyakarta,-7.72,110.4,Pusat kecamatan,teks+inferensi,
638,631,Mie Sapi Banteng,Restoran,Yogyakarta,Kuliner viral mie oriental halal chilli oil,1,1,2026-08-15 07:00:00+00:00,2026-08-15 07:00:00+00:00,0,1.0,,0.8,https://mojok.co/terminal/5-kuliner-jogja-enak-dan-murah-bukti-kota-ini-nggak-mahal/,,,,DI Yogyakarta,-7.875,110.426,Pusat provinsi,teks,
639,632,Gudeg Yu Hadi,Restoran,"Gang dekat Keraton, Kota Yogyakarta",Viral karena gudeg murah,1,1,2026-08-15 07:00:00+00:00,2026-08-15 07:00:00+00:00,0,1.0,,0.85,https://mojok.co/terminal/5-kuliner-jogja-enak-dan-murah-bukti-kota-ini-nggak-mahal/,,Kraton,Kota Yogyakarta,DI Yogyakarta,-7.81,110.363,Pusat kecamatan,teks+inferensi,
640,633,Gudeg Mbok Lindu,Restoran,Yogyakarta,Gudeg ikonik Jogja,1,1,2026-09-07 07:00:00+00:00,2026-09-07 07:00:00+00:00,0,0.0,,0.7,https://mediaindonesia.com/kuliner/922254/12-rekomendasi-kuliner-hits-di-jogja-yang-wajib-dicoba,Sosromenduran,Gedongtengen,Kota Yogyakarta,DI Yogyakarta,-7.793,110.363,Pusat kelurahan/desa,teks+inferensi,Jl. Sosrowijayan
641,634,Waroeng Kopi Klotok,Restoran,Yogyakarta,Kopi dan makanan rumahan suasana pedesaan,1,1,2026-09-07 07:00:00+00:00,2026-09-07 07:00:00+00:00,0,0.0,,0.75,https://mediaindonesia.com/kuliner/922254/12-rekomendasi-kuliner-hits-di-jogja-yang-wajib-dicoba,,Pakem,Kabupaten Sleman,DI Yogyakarta,-7.64,110.42,Pusat kecamatan,teks+inferensi,"Kopi Klotok utama di Jl. Kaliurang Km 16, Pakem"
642,636,Bale Raos - The Sultan's Dishes,Restoran,Yogyakarta,Kuliner tradisi Keraton,1,1,2026-09-07 07:00:00+00:00,2026-09-07 07:00:00+00:00,0,0.0,,0.7,https://mediaindonesia.com/kuliner/922254/12-rekomendasi-kuliner-hits-di-jogja-yang-wajib-dicoba,Panembahan,Kraton,Kota Yogyakarta,DI Yogyakarta,-7.807,110.365,Pusat kelurahan/desa,teks+inferensi,Di kompleks Keraton
643,637,The House of Raminten,Restoran,Yogyakarta,Hidangan khas Jawa suasana berbeda,1,1,2026-09-07 07:00:00+00:00,2026-09-07 07:00:00+00:00,0,0.0,,0.7,https://mediaindonesia.com/kuliner/922254/12-rekomendasi-kuliner-hits-di-jogja-yang-wajib-dicoba,Kotabaru,Gondokusuman,Kota Yogyakarta,DI Yogyakarta,-7.786,110.373,Pusat kelurahan/desa,teks+inferensi,
644,638,Kedai Misoa Qiu Qiu,Restoran,"Jalan Langensari No.14, Klitren, Gondokusuman dan Jalan Sidomukti, Condongcatur, Depok, Yogyakarta",Kuliner kekinian yang ramai diserbu anak muda,1,1,2026-07-26 07:00:00+00:00,2026-07-26 07:00:00+00:00,0,0.0,2026,0.85,https://rri.co.id/yogyakarta/kuliner/2733665/misoa-qiu-qiu-jadi-kuliner-kekinian-favorit-di-yogyakarta,,,,DI Yogyakarta,-7.875,110.426,Pusat provinsi,teks+inferensi,"Dua cabang: Klitren, Gondokusuman (Kota Yogyakarta) dan Condongcatur, Depok (Sleman)"
645,639,Rumah Makan Lie Djiong,Restoran,"Jl. Brigjen Katamso No.21, Prawirodirjan, Gondomanan, Kota Yogyakarta",Chinese food legendaris sejak 1976,1,1,2026-05-07 07:00:00+00:00,2026-05-07 07:00:00+00:00,0,0.0,,0.8,https://www.nibble.id/chinese-food-jogja/,Prawirodirjan,Gondomanan,Kota Yogyakarta,DI Yogyakarta,-7.803,110.37,Pusat kelurahan/desa,teks+inferensi,
646,640,Restoran Mahkota (Tiongsan),Restoran,"Dekat Malioboro, Yogyakarta",Chinese food legendaris sejak 1937,1,1,2026-05-07 07:00:00+00:00,2026-05-07 07:00:00+00:00,0,0.0,,0.8,https://www.nibble.id/chinese-food-jogja/,,,Kota Yogyakarta,DI Yogyakarta,-7.801,110.373,Pusat kota/kabupaten,teks+inferensi,
647,641,Ayam Goreng Mbok Berek,Restoran,Banyak cabang di Jogja,Ayam goreng legendaris,1,1,2026-06-06 07:00:00+00:00,2026-06-06 07:00:00+00:00,0,0.0,,0.7,https://www.tripzilla.id/ayam-goreng-jogja/27005,,,,DI Yogyakarta,-7.875,110.426,Pusat provinsi,teks,Banyak cabang
648,642,Ayam Goreng Ny. Suharti,Restoran,"Jl. Laksda Adisucipto No.208, Janti, Caturtunggal, Depok, Sleman",Ayam goreng legendaris sejak 1972,1,1,2026-06-06 07:00:00+00:00,2026-06-06 07:00:00+00:00,0,0.0,,0.8,https://www.tripzilla.id/ayam-goreng-jogja/27005,Caturtunggal,Depok,Kabupaten Sleman,DI Yogyakarta,-7.783,110.41,Pusat kelurahan/desa,teks+inferensi,
649,643,Kopi Klotok,Restoran,Yogyakarta,"Kuliner wajib wisatawan, sempat viral, antrean panjang",1,1,2026-09-16 07:00:00+00:00,2026-09-16 07:00:00+00:00,0,1.0,,0.8,https://mojok.co/terminal/kopi-klotok-antre-banget-dan-mahal-warga-jogja-pilih-menghindar/,,Pakem,Kabupaten Sleman,DI Yogyakarta,-7.64,110.42,Pusat kecamatan,teks+inferensi,"Kopi Klotok utama di Jl. Kaliurang Km 16, Pakem"
650,644,Tubbu Wellness,Kafe,"Jalan Samironobaru, Caturtunggal, Depok, Sleman",Kafe baru dengan fasilitas yoga dan pilates,1,1,2026-06-21 07:00:00+00:00,2026-06-21 07:00:00+00:00,0,0.0,2026,0.8,https://jogja.disway.id/gaya-hidup/read/701704/rekomendasi-restoran-baru-di-jogja-paling-hits-estetik-dan-kuliner-kekinian-yang-wajib-dicoba/15,Caturtunggal,Depok,Kabupaten Sleman,DI Yogyakarta,-7.77,110.395,Pusat kelurahan/desa,teks+inferensi,
651,645,Owood Cafe,Kafe,"Sendangtirto, Berbah, Sleman",Kafe baru desain minimalis cocok WFC,1,1,2026-06-21 07:00:00+00:00,2026-06-21 07:00:00+00:00,0,0.0,2026,0.8,https://jogja.disway.id/gaya-hidup/read/701704/rekomendasi-restoran-baru-di-jogja-paling-hits-estetik-dan-kuliner-kekinian-yang-wajib-dicoba/15,Sendangtirto,Berbah,Kabupaten Sleman,DI Yogyakarta,-7.795,110.44,Pusat kelurahan/desa,teks+inferensi,
652,646,Joglo Resodinomo,Restoran,Yogyakarta,Restoran ramah anak dengan mini zoo dan playground,1,1,2026-09-14 02:00:00+00:00,2026-09-14 02:00:00+00:00,0,0.0,,0.75,https://www.tripzilla.id/restoran-ramah-anak-di-jogja/27248,,,,DI Yogyakarta,-7.875,110.426,Pusat provinsi,teks,
653,647,Krasan Cafe n Resto,Restoran,"Tepi Sungai Opak, Yogyakarta",Resto ramah anak dengan pemandangan sungai,1,1,2026-09-14 02:00:00+00:00,2026-09-14 02:00:00+00:00,0,0.0,,0.75,https://www.tripzilla.id/restoran-ramah-anak-di-jogja/27248,,,,DI Yogyakarta,-7.875,110.426,Pusat provinsi,teks,
654,648,Oseng-Oseng Mercon Bu Narti,Restoran,"Ngampilan, Yogyakarta",Kuliner pedas legendaris,1,1,2026-08-10 07:00:00+00:00,2026-08-10 07:00:00+00:00,0,0.0,,0.75,https://jogja.disway.id/gaya-hidup/read/701714/menjelajah-surga-destinasi-wisata-kuliner-yogyakarta-paling-legendaris/15,,Ngampilan,Kota Yogyakarta,DI Yogyakarta,-7.8,110.357,Pusat kecamatan,teks+inferensi,
655,649,Mangut Lele Mbah Marto,Restoran,"Sewon, Bantul",Mangut lele asap legendaris,1,1,2026-08-10 07:00:00+00:00,2026-08-10 07:00:00+00:00,0,0.0,,0.8,https://jogja.disway.id/gaya-hidup/read/701714/menjelajah-surga-destinasi-wisata-kuliner-yogyakarta-paling-legendaris/15,Panggungharjo,Sewon,Kabupaten Bantul,DI Yogyakarta,-7.84,110.36,Pusat kecamatan,teks+inferensi,
656,651,Pantai Sepanjang,Wisata Alam,Gunungkidul,"Penataan kawasan, kunjungan naik di atas 100 persen",1,1,2026-06-01 07:00:00+00:00,2026-06-01 07:00:00+00:00,0,0.0,2026,0.75,https://jogja.antaranews.com/berita/840021/pemkab-gunungkidul-sebut-kunjungan-wisatawan-lampaui-target-pada-2026,Kemadang,Tanjungsari,Kabupaten Gunungkidul,DI Yogyakarta,-8.1355,110.568,Titik tempat,teks+inferensi,
657,652,Pantai Drini Park,Wahana,Gunungkidul,"Destinasi baru ramai dikunjungi, bagian destinasi baru yang viral",1,1,2026-06-01 07:00:00+00:00,2026-06-01 07:00:00+00:00,0,1.0,2026,0.6,https://jogja.antaranews.com/berita/840021/pemkab-gunungkidul-sebut-kunjungan-wisatawan-lampaui-target-pada-2026,Banjarejo,Tanjungsari,Kabupaten Gunungkidul,DI Yogyakarta,-8.1372,110.5785,Titik tempat,teks+inferensi,
658,653,Jungwok,Wisata Alam,Gunungkidul,Destinasi baru ramai dikunjungi,1,1,2026-06-01 07:00:00+00:00,2026-06-01 07:00:00+00:00,0,1.0,2026,0.55,https://jogja.antaranews.com/berita/840021/pemkab-gunungkidul-sebut-kunjungan-wisatawan-lampaui-target-pada-2026,Jepitu,Girisubo,Kabupaten Gunungkidul,DI Yogyakarta,-8.18,110.69,Pusat kelurahan/desa,teks+inferensi,
659,654,On the Rock,Wisata Alam,Gunungkidul,Destinasi baru ramai dikunjungi,1,1,2026-06-01 07:00:00+00:00,2026-06-01 07:00:00+00:00,0,1.0,2026,0.55,https://jogja.antaranews.com/berita/840021/pemkab-gunungkidul-sebut-kunjungan-wisatawan-lampaui-target-pada-2026,,,Kabupaten Gunungkidul,DI Yogyakarta,-7.99,110.6,Pusat kota/kabupaten,teks,
660,655,HeHa Ocean View,Wisata Alam,Gunungkidul,"Panorama Samudra Hindia dari tebing, spot foto baru",1,1,2026-06-12 07:00:00+00:00,2026-06-12 07:00:00+00:00,0,0.0,2026,0.8,https://wartaekonomi.co.id/read614465/selain-malioboro-ini-12-tempat-wisata-di-yogyakarta-yang-wajib-dikunjungi,Girikarto,Panggang,Kabupaten Gunungkidul,DI Yogyakarta,-8.1,110.47,Pusat kelurahan/desa,teks+inferensi,
661,656,Obelix Sea View,Wisata Alam,Gunungkidul,Konsep Santorini Instagramable menghadap laut,1,1,2026-06-12 07:00:00+00:00,2026-06-12 07:00:00+00:00,0,0.0,,0.8,https://wartaekonomi.co.id/read614465/selain-malioboro-ini-12-tempat-wisata-di-yogyakarta-yang-wajib-dikunjungi,,,Kabupaten Gunungkidul,DI Yogyakarta,-7.99,110.6,Pusat kota/kabupaten,teks,
662,657,Pantai Wediombo,Wisata Alam,Gunungkidul,Pantai dengan kolam alami di bebatuan,1,1,2026-06-12 07:00:00+00:00,2026-06-12 07:00:00+00:00,0,0.0,,0.75,https://wartaekonomi.co.id/read614465/selain-malioboro-ini-12-tempat-wisata-di-yogyakarta-yang-wajib-dikunjungi,Jepitu,Girisubo,Kabupaten Gunungkidul,DI Yogyakarta,-8.1895,110.706,Titik tempat,teks+inferensi,
663,658,K'Ville Kaliurang,Wisata Alam,"Kaliurang, lereng Gunung Merapi, Sleman",Destinasi viral bernuansa Eropa,1,1,2026-05-04 07:00:00+00:00,2026-05-04 07:00:00+00:00,0,1.0,2026,0.9,https://jogja.disway.id/wisata/read/699652/menjelajahi-kville-kaliurang-destinasi-viral-di-jogja-dengan-nuansa-eropa-yang-memukau,Hargobinangun,Pakem,Kabupaten Sleman,DI Yogyakarta,-7.598,110.428,Pusat kelurahan/desa,teks+inferensi,
664,659,Wisata Batu Alien Merapi,Wisata Alam,"Dusun Jambu, Desa Kepuharjo, Kecamatan Cangkringan, Sleman",Batu erupsi 2010 berbentuk wajah alien jadi destinasi viral,1,1,2026-06-22 07:00:00+00:00,2026-06-22 07:00:00+00:00,0,1.0,,0.85,https://timesindonesia.co.id/wisata/595473/batu-alien-merapi-jejak-erupsi-dahsyat-yang-berubah-jadi-destinasi-wisata-viral-di-yogyakarta,Kepuharjo,Cangkringan,Kabupaten Sleman,DI Yogyakarta,-7.6,110.46,Pusat kelurahan/desa,teks+inferensi,
665,661,Toko Hamzah Batik,lainnya,"Malioboro, Yogyakarta",Viral kebakaran toko di Malioboro (isu negatif),1,1,2026-04-30 07:00:00+00:00,2026-04-30 07:00:00+00:00,0,1.0,28 September 2026,0.6,https://www.genpi.co/berita/289541/3-fakta-kebakaran-toko-hamzah-batik-di-malioboro-jogja-api-muncul-dari-lantai-3,Ngupasan,Gondomanan,Kota Yogyakarta,DI Yogyakarta,-7.7985,110.3655,Titik tempat,teks+inferensi,
666,662,Bake to Salt,Kafe,"Welcome to Pleasure, Jl. Surokarsan No.19, Wirogunan, Mergangsan, Jogja","Salt bread viral paling happening, reopening",1,1,2026-04-15 07:00:00+00:00,2026-04-15 07:00:00+00:00,0,1.0,22 April 2026,0.85,https://www.nibble.id/salt-bread-jogja/,Wirogunan,Mergangsan,Kota Yogyakarta,DI Yogyakarta,-7.81,110.375,Pusat kelurahan/desa,teks+inferensi,
667,663,Hikaru Bakehouse,Kafe,"Jl. Palagan No.202, Sariharjo, Ngaglik, Sleman",Salt bread premium,1,1,2026-04-15 07:00:00+00:00,2026-04-15 07:00:00+00:00,0,0.0,,0.75,https://www.nibble.id/salt-bread-jogja/,Sariharjo,Ngaglik,Kabupaten Sleman,DI Yogyakarta,-7.735,110.385,Pusat kelurahan/desa,teks+inferensi,
668,664,Butterhalf,Kafe,Yogyakarta,"Cabang cafe hits Semarang, salt bread",1,1,2026-04-15 07:00:00+00:00,2026-04-15 07:00:00+00:00,0,0.0,,0.7,https://www.nibble.id/salt-bread-jogja/,,,,DI Yogyakarta,-7.875,110.426,Pusat provinsi,teks,
669,665,Bhumi Bhuvana,Kafe,"Prawirotaman, Yogyakarta",Kafe unik yang lagi viral dengan kelas memasak,1,1,2026-05-17 07:00:00+00:00,2026-05-17 07:00:00+00:00,0,1.0,,0.85,https://www.tripzilla.id/itinerary-liburan-jogja/26703,Brontokusuman,Mergangsan,Kota Yogyakarta,DI Yogyakarta,-7.818,110.37,Pusat kelurahan/desa,teks+inferensi,
670,666,Ayam Goreng Pratunam,Restoran,"Gowongan, Yogyakarta",Restoran ayam khas Thailand lagi hits dan viral,1,1,2026-05-17 07:00:00+00:00,2026-05-17 07:00:00+00:00,0,1.0,,0.85,https://www.tripzilla.id/itinerary-liburan-jogja/26703,Gowongan,Jetis,Kota Yogyakarta,DI Yogyakarta,-7.785,110.366,Pusat kelurahan/desa,teks+inferensi,
671,667,Kano Maritim Baros,Wisata Alam,"Tirtohargo, Bantul",Kano yang jadi olahraga favorit anak muda,1,1,2026-05-17 07:00:00+00:00,2026-05-17 07:00:00+00:00,0,0.0,,0.65,https://www.tripzilla.id/itinerary-liburan-jogja/26703,Tirtohargo,Kretek,Kabupaten Bantul,DI Yogyakarta,-7.99,110.29,Pusat kelurahan/desa,teks+inferensi,
672,668,Kotagede,lainnya,Yogyakarta,Pusat kerajinan perak,1,1,2026-07-08 07:00:00+00:00,2026-07-08 07:00:00+00:00,0,0.0,,0.6,https://www.harapanrakyat.com/2026/05/cari-tempat-belanja-oleh-oleh-di-yogyakarta-paling-populer-2026-ini-pilihannya/,,Kotagede,Kota Yogyakarta,DI Yogyakarta,-7.82,110.395,Pusat kecamatan,teks+inferensi,Kawasan Kotagede juga mencakup sebagian Kab. Bantul
673,669,Hamzah Batik,lainnya,"Depan Pasar Beringharjo, Yogyakarta",Toko batik favorit wisatawan,1,1,2026-07-08 07:00:00+00:00,2026-07-08 07:00:00+00:00,0,0.0,,0.6,https://www.harapanrakyat.com/2026/05/cari-tempat-belanja-oleh-oleh-di-yogyakarta-paling-populer-2026-ini-pilihannya/,Ngupasan,Gondomanan,Kota Yogyakarta,DI Yogyakarta,-7.7985,110.3655,Titik tempat,teks+inferensi,
674,670,Desa Wisata Kasongan,Wisata Alam,Bantul,Gerabah dan keramik estetik,1,1,2026-07-08 07:00:00+00:00,2026-07-08 07:00:00+00:00,0,0.0,,0.6,https://www.harapanrakyat.com/2026/05/cari-tempat-belanja-oleh-oleh-di-yogyakarta-paling-populer-2026-ini-pilihannya/,Bangunjiwo,Kasihan,Kabupaten Bantul,DI Yogyakarta,-7.845,110.34,Pusat kelurahan/desa,teks+inferensi,
675,672,Nasi Kuning Muna Cung,Restoran,"Pasar Pathuk, Jalan Beskalan No.27, Ngupasan, Gondomanan, Kota Yogyakarta",Sering masuk konten food vlogger dan mendadak viral,1,1,2026-04-11 07:00:00+00:00,2026-04-11 07:00:00+00:00,0,1.0,,0.85,https://jogja.idntimes.com/food/dining-guide/nasi-kuning-muna-cung-pasar-pathuk-jogja-kuliner-viral-wajib-dicoba-c1c2-00-w513j-56fxlr,Ngupasan,Gondomanan,Kota Yogyakarta,DI Yogyakarta,-7.798,110.363,Pusat kelurahan/desa,teks+inferensi,
676,673,Warung Yu Ngademi,Restoran,"Pasar Ngasem, Yogyakarta",Nasi rames sejak 1983,1,1,2026-06-22 07:00:00+00:00,2026-06-22 07:00:00+00:00,0,0.0,,0.75,https://www.tripzilla.id/kuliner-pasar-ngasem-jogja/26742,Patehan,Kraton,Kota Yogyakarta,DI Yogyakarta,-7.8095,110.3605,Titik tempat,teks+inferensi,
677,674,Carabikang Bu Kristi,Restoran,"Pasar Ngasem, Yogyakarta",Kue carabikang yang selalu ramai diburu,1,1,2026-06-22 07:00:00+00:00,2026-06-22 07:00:00+00:00,0,0.0,,0.7,https://www.tripzilla.id/kuliner-pasar-ngasem-jogja/26742,Patehan,Kraton,Kota Yogyakarta,DI Yogyakarta,-7.8095,110.3605,Titik tempat,teks+inferensi,
678,675,Taman Budaya Yogyakarta,Museum,Yogyakarta,Lokasi Yogyakarta Urban Teater Festival,1,1,2026-06-22 07:00:00+00:00,2026-06-22 07:00:00+00:00,0,0.0,6 Mei 2026,0.4,https://jogja.suara.com/read/2026/05/06/160407/efisiensi-anggaran-bikin-pekerja-seni-di-jogja-kelimpungan-berburu-hibah-demi-bertahan-hidup,Ngupasan,Gondomanan,Kota Yogyakarta,DI Yogyakarta,-7.7995,110.368,Titik tempat,teks+inferensi,
679,676,Jogja Great Sale,Pameran,Kota Yogyakarta,Event belanja besar,1,1,2026-05-04 07:00:00+00:00,2026-05-04 07:00:00+00:00,0,0.0,Oktober 2026,0.5,https://jogja.disway.id/daerah/read/698645/strategi-jogja-jadi-kota-festival-sepanjang-tahun-ratusan-event-siap-dongkrak-wisata,,,Kota Yogyakarta,DI Yogyakarta,-7.801,110.373,Pusat kota/kabupaten,teks+inferensi,
680,678,Bakso Malang Tanjung Duren 18,Restoran,"Tanjung Duren, Jakarta Barat",Bakso Malang isian komplet,1,1,2026-09-17 05:21:41+00:00,2026-09-17 05:21:41+00:00,0,0.0,,0.75,https://food.detik.com/tempat-makan/d-8658394/ada-yang-sejak-1980-an-ini-7-bakso-malang-enak-di-jakarta,,Grogol Petamburan,Kota Jakarta Barat,DKI Jakarta,-6.175,106.79,Pusat kecamatan,teks+inferensi,
681,679,Istana Bakwan Malang Arema Jaya,Restoran,"Kebayoran Lama, Jakarta Selatan",Bakso Malang sejak 1980-an,1,1,2026-09-17 05:21:41+00:00,2026-09-17 05:21:41+00:00,0,0.0,,0.8,https://food.detik.com/tempat-makan/d-8658394/ada-yang-sejak-1980-an-ini-7-bakso-malang-enak-di-jakarta,,Kebayoran Lama,Kota Jakarta Selatan,DKI Jakarta,-6.245,106.775,Pusat kecamatan,teks+inferensi,
682,680,Bakso Malang Bang Dewo,Restoran,"Jatinegara, Jakarta Timur",Bakso Malang,1,1,2026-09-17 05:21:41+00:00,2026-09-17 05:21:41+00:00,0,0.0,,0.65,https://food.detik.com/tempat-makan/d-8658394/ada-yang-sejak-1980-an-ini-7-bakso-malang-enak-di-jakarta,,Jatinegara,Kota Jakarta Timur,DKI Jakarta,-6.225,106.875,Pusat kecamatan,teks+inferensi,
683,681,Depot Nasi Pecel 99,Restoran,Kota Madiun,Nasi pecel khas Madiun,1,1,2026-09-03 07:00:00+00:00,2026-09-03 07:00:00+00:00,0,0.0,,0.75,https://travel.tribunnews.com/kuliner/145608/makan-siang-di-madiun-ini-3-kuliner-populer-yang-patut-dicoba,,,Kota Madiun,Jawa Timur,-7.63,111.523,Pusat kota/kabupaten,teks+inferensi,
684,682,Warung Pecel Bu Djarjo,Restoran,Madiun,Nasi pecel khas Madiun,1,1,2026-09-03 07:00:00+00:00,2026-09-03 07:00:00+00:00,0,0.0,,0.7,https://travel.tribunnews.com/kuliner/145608/makan-siang-di-madiun-ini-3-kuliner-populer-yang-patut-dicoba,,,,Jawa Timur,-7.536,112.238,Pusat provinsi,teks+inferensi,Madiun ambigu: Kota atau Kabupaten Madiun
685,683,Depot Nasi Pecel 3 Putri,Restoran,Madiun,Nasi pecel khas Madiun,1,1,2026-09-03 07:00:00+00:00,2026-09-03 07:00:00+00:00,0,0.0,,0.7,https://travel.tribunnews.com/kuliner/145608/makan-siang-di-madiun-ini-3-kuliner-populer-yang-patut-dicoba,,,,Jawa Timur,-7.536,112.238,Pusat provinsi,teks+inferensi,Madiun ambigu: Kota atau Kabupaten Madiun
686,684,Sate Kelapa Suramadu,Restoran,"Tebet, Jakarta Selatan",Langganan Maia Estianty,1,1,2026-05-15 07:00:00+00:00,2026-05-15 07:00:00+00:00,0,0.0,,0.75,https://food.detik.com/info-kuliner/d-8646506/maia-estianty-spill-4-kuliner-jawa-timur-autentik-favoritnya-di-jakarta,,Tebet,Kota Jakarta Selatan,DKI Jakarta,-6.23,106.85,Pusat kecamatan,teks+inferensi,
687,685,Tahu Campur Subari,Restoran,Jakarta,Tahu campur khas Surabaya langganan Maia Estianty,1,1,2026-05-15 07:00:00+00:00,2026-05-15 07:00:00+00:00,0,0.0,,0.7,https://food.detik.com/info-kuliner/d-8646506/maia-estianty-spill-4-kuliner-jawa-timur-autentik-favoritnya-di-jakarta,,,,DKI Jakarta,-6.2,106.845,Pusat provinsi,teks,
688,686,Es Krim Baltic,Restoran,Jakarta,"Kedai es krim legendaris 87 tahun tutup permanen, kabar penutupannya viral (isu negatif)",1,1,2026-05-14 07:00:00+00:00,2026-05-14 07:00:00+00:00,0,1.0,Juli 2026,0.7,https://www.beautynesia.id/wellness/selain-baltic-ini-9-tempat-makan-legendaris-tanpa-penerus-yang-berakhir-tutup-permanen/b-322386,,,,DKI Jakarta,-6.2,106.845,Pusat provinsi,teks,
689,687,Gandarichi,Restoran,"Jl. Kelapa Puan Raya Blok FU1 No.6, Kelapa Gading Timur, Jakarta Utara",Warung tenda Jepang dengan antrean panjang,1,1,2026-05-31 07:00:00+00:00,2026-05-31 07:00:00+00:00,0,0.0,,0.75,https://www.tripzilla.id/tempat-makan-enak-di-kelapa-gading/27050,Kelapa Gading Timur,Kelapa Gading,Kota Jakarta Utara,DKI Jakarta,-6.16,106.915,Pusat kelurahan/desa,teks+inferensi,
690,688,Warung Sabar Subur,Restoran,Malang,Hidden gem rawon murah,1,1,2026-05-26 07:00:00+00:00,2026-05-26 07:00:00+00:00,0,0.0,,0.7,https://www.hipwee.com/travel/tempat-makan-murah-di-malang/,,,,Jawa Timur,-7.536,112.238,Pusat provinsi,teks+inferensi,Malang ambigu: Kota atau Kabupaten Malang
691,689,Ayam Tulang Lunak Mbok Surip,Restoran,Malang,Tempat makan murah,1,1,2026-05-26 07:00:00+00:00,2026-05-26 07:00:00+00:00,0,0.0,,0.65,https://www.hipwee.com/travel/tempat-makan-murah-di-malang/,,,,Jawa Timur,-7.536,112.238,Pusat provinsi,teks+inferensi,Malang ambigu: Kota atau Kabupaten Malang
692,690,Bebek Sinjay,Restoran,"Jalan Raya Ketengan No.45, Junok, Tanjung Burneh, Bangkalan",Restoran bebek yang selalu ramai,1,1,2026-05-12 07:00:00+00:00,2026-05-12 07:00:00+00:00,0,0.0,,0.85,https://jatim.idntimes.com/food/dining-guide/kuliner-pulau-madura-10-restoran-di-bangkalan-yang-ciamik-pol-c1c2-00-16bz3-bs0hhp,Tanjung Burneh,Burneh,Kabupaten Bangkalan,Jawa Timur,-7.05,112.79,Pusat kecamatan,teks+inferensi,
693,691,Rumah Makan Tera' Bulan,Restoran,"Jalan Raya Ketengan No.69, Bangkalan",Menu khas Madura,1,1,2026-05-12 07:00:00+00:00,2026-05-12 07:00:00+00:00,0,0.0,,0.75,https://jatim.idntimes.com/food/dining-guide/kuliner-pulau-madura-10-restoran-di-bangkalan-yang-ciamik-pol-c1c2-00-16bz3-bs0hhp,,Burneh,Kabupaten Bangkalan,Jawa Timur,-7.05,112.79,Pusat kecamatan,teks+inferensi,Jl. Raya Ketengan di Kec. Burneh
694,692,Bebek Songkem Pak Salim,Restoran,"Jalan Raya Ketengan No.85, Burneh, Bangkalan",Bebek songkem,1,1,2026-05-12 07:00:00+00:00,2026-05-12 07:00:00+00:00,0,0.0,,0.75,https://jatim.idntimes.com/food/dining-guide/kuliner-pulau-madura-10-restoran-di-bangkalan-yang-ciamik-pol-c1c2-00-16bz3-bs0hhp,,Burneh,Kabupaten Bangkalan,Jawa Timur,-7.05,112.79,Pusat kecamatan,teks+inferensi,
695,693,Rumah Makan Budi Luhur,Restoran,"Jalan Panglima Sudirman No.114, Bangkalan",Nasi campur dan rawon,1,1,2026-05-12 07:00:00+00:00,2026-05-12 07:00:00+00:00,0,0.0,,0.7,https://jatim.idntimes.com/food/dining-guide/kuliner-pulau-madura-10-restoran-di-bangkalan-yang-ciamik-pol-c1c2-00-16bz3-bs0hhp,,Bangkalan,Kabupaten Bangkalan,Jawa Timur,-7.035,112.745,Pusat kecamatan,teks+inferensi,
696,694,Resto Keboen Rodjo Kediri,Restoran,Kediri,Resto keluarga bernuansa joglo,1,1,2026-07-22 07:00:00+00:00,2026-07-22 07:00:00+00:00,0,0.0,,0.75,https://www.hipwee.com/travel/resto-keluarga-di-kediri/,,,,Jawa Timur,-7.536,112.238,Pusat provinsi,teks+inferensi,Kediri ambigu: Kota atau Kabupaten Kediri
697,695,Pondok Kampoeng Nelayan,Restoran,Kediri,Resto seafood keluarga,1,1,2026-07-22 07:00:00+00:00,2026-07-22 07:00:00+00:00,0,0.0,,0.7,https://www.hipwee.com/travel/resto-keluarga-di-kediri/,,,,Jawa Timur,-7.536,112.238,Pusat provinsi,teks+inferensi,Kediri ambigu: Kota atau Kabupaten Kediri
698,696,Nasi Goreng Lumintu Cak Kin,Restoran,Sidoarjo,Nasi goreng kaki lima porsi banyak,1,1,2026-04-02 07:00:00+00:00,2026-04-02 07:00:00+00:00,0,0.0,,0.65,https://jatim.idntimes.com/food/dining-guide/tempat-makan-nasi-goreng-kaki-lima-enak-di-sidoarjo-c1c2-00-5ynwf-k1z699,,,Kabupaten Sidoarjo,Jawa Timur,-7.447,112.718,Pusat kota/kabupaten,teks+inferensi,
699,697,Nasi Mandhi Bosgil Ampel,Restoran,"Kawasan Ampel, Surabaya",Nasi mandhi dekat Kota Lama Surabaya,1,1,2026-08-10 07:00:00+00:00,2026-08-10 07:00:00+00:00,0,0.0,,0.7,https://travel.tribunnews.com/kuliner/142710/5-tempat-makan-malam-dekat-kota-lama-surabaya-nasi-cumi-wajib-dicoba,Ampel,Semampir,Kota Surabaya,Jawa Timur,-7.23,112.743,Pusat kelurahan/desa,teks+inferensi,
700,699,Batu Secret Zoo (Jatim Park 2),Wahana,Kota Batu,Viral foto singa kurus di media sosial (isu negatif),1,1,2026-08-24 07:00:00+00:00,2026-08-24 07:00:00+00:00,0,1.0,2026,0.8,https://www.detik.com/jatim/wisata/d-8619207/penjelasan-jatim-park-2-soal-viral-singa-kurus-di-batu-secret-zoo,Temas,Batu,Kota Batu,Jawa Timur,-7.889,112.529,Titik tempat,teks+inferensi,
701,700,Bukit Premium,Wisata Alam,"Dusun Kandang Sari, Desa Mororejo, Kecamatan Tosari, Kabupaten Pasuruan",Viral di TikTok karena sabana mirip Sumba,1,1,2026-09-01 07:00:00+00:00,2026-09-01 07:00:00+00:00,0,1.0,2025-2026,0.9,https://chanelmuslim.com/wisata/kenali-bukit-premium-jawa-timur,Mororejo,Tosari,Kabupaten Pasuruan,Jawa Timur,-7.89,112.9,Pusat kecamatan,teks+inferensi,
702,701,Kawasan Pacet,Wisata Alam,"Kecamatan Pacet, Kabupaten Mojokerto",Destinasi wisata lagi hype 2026,1,1,2026-07-07 07:00:00+00:00,2026-07-07 07:00:00+00:00,0,0.0,2026,0.6,https://www.tripzilla.id/tempat-wisata-di-pacet-2026/27074,,Pacet,Kabupaten Mojokerto,Jawa Timur,-7.66,112.54,Pusat kecamatan,teks+inferensi,
703,702,Pesarean Gunung Kawi,Wisata Alam,"Desa Wonosari, Kecamatan Wonosari, Kabupaten Malang","Viral lewat meme ""in this economy"", destinasi wisata religi",1,1,2026-05-04 07:00:00+00:00,2026-05-04 07:00:00+00:00,0,1.0,2026,0.8,https://lingkaran.net/berita/11733/viral-gegara-in-this-economy-ini-7-fakta-gunung-kawi-yang-bikin-penasaran,Wonosari,Wonosari,Kabupaten Malang,Jawa Timur,-8.02,112.48,Pusat kecamatan,teks+inferensi,
704,703,Jembatan Cangar,lainnya,"Tahura Raden Soerjo, perbatasan Mojokerto-Kota Batu","Ramai didatangi karena konten viral usai tragedi (isu negatif, dark tourism)",1,1,2026-08-11 07:00:00+00:00,2026-08-11 07:00:00+00:00,0,1.0,Mei 2026,0.6,https://indonesiaonline.co.id/dilema-jembatan-cangar-menghalau-maut-di-jalur-wisata-viral-jatim/,,,,Jawa Timur,-7.536,112.238,Pusat provinsi,teks+inferensi,Di perbatasan Kab. Mojokerto dan Kota Batu (Tahura R. Soerjo)
705,704,Museum Mega Science Center & Budaya,Museum,"Jatim Park 1, Kota Batu","Museum baru sains, robotika, AI, dan 1.023 artefak budaya tahap trial opening",2,1,2026-05-01 07:00:00+00:00,2026-05-18 07:00:00+00:00,17,0.0,16 September 2026,0.825,https://timesindonesia.co.id/wisata/608818/dari-majapahit-hingga-robot-ai-jatim-park-satukan-dua-dunia-di-batu,Sisir,Batu,Kota Batu,Jawa Timur,-7.8845,112.5235,Titik tempat,teks+inferensi,
706,705,Museum Marsinah,Museum,"Desa Nglundo, Nganjuk, Jawa Timur",Museum perjuangan buruh yang akan diresmikan Presiden,2,1,2026-05-06 07:00:00+00:00,2026-09-16 02:00:48+00:00,132,0.0,Mei 2026,0.575,https://www.bbc.com/indonesia/articles/cjrp3ejgj28o,Nglundo,Sukomoro,Kabupaten Nganjuk,Jawa Timur,-7.61,111.92,Pusat kecamatan,teks+inferensi,
707,706,Toko Emas UBS Pasar Atom,lainnya,"Pasar Atom, Surabaya",Kasus pencurian oleh cleaning service (isu negatif),1,1,2026-06-03 07:00:00+00:00,2026-06-03 07:00:00+00:00,0,0.0,Mei-Juli 2026,0.3,https://artik.id/news-13901-cleaning-service-toko-emas-ubs-pasar-atom-surabaya-ditangkap-usai-kabur-ke-halmahera,Bongkaran,Pabean Cantian,Kota Surabaya,Jawa Timur,-7.2405,112.742,Titik tempat,teks+inferensi,
708,707,The Beauty Shop (TBSS),lainnya,"Jl. Sigura-Gura, Jl. Sulfat, dan Jl. Supriyadi, Malang",Toko kosmetik dengan skincare viral dan glam studio,1,1,2026-05-10 07:00:00+00:00,2026-05-10 07:00:00+00:00,0,0.0,,0.4,https://indiekraf.com/dari-skincare-hingga-makeup-ini-toko-kosmetik-terlengkap-favorit-warga-malang/,,,Kota Malang,Jawa Timur,-7.97,112.63,Pusat kota/kabupaten,teks+inferensi,Beberapa cabang di Kota Malang
709,708,Mitufaya,lainnya,Malang,Toko kosmetik favorit anak muda dengan produk viral,1,1,2026-05-10 07:00:00+00:00,2026-05-10 07:00:00+00:00,0,0.0,,0.35,https://indiekraf.com/dari-skincare-hingga-makeup-ini-toko-kosmetik-terlengkap-favorit-warga-malang/,,,,Jawa Timur,-7.536,112.238,Pusat provinsi,teks+inferensi,Malang ambigu: Kota atau Kabupaten Malang
710,709,Pasar Jadul Tawun,Wisata Alam,"Taman Wisata Tawun, Desa Tawun, Kecamatan Kasreman, Ngawi","Pasar jadul yang viral, transaksi koin kayu setiap Minggu Legi",1,1,2026-05-03 07:00:00+00:00,2026-05-03 07:00:00+00:00,0,1.0,,0.85,https://www.detik.com/jatim/berita/d-8482467/serasa-time-travel-3-pasar-unik-dan-jadul-di-jatim-ini-bikin-nostalgia,Tawun,Kasreman,Kabupaten Ngawi,Jawa Timur,-7.44,111.44,Pusat kecamatan,teks+inferensi,
711,710,Pasar Bandeng Gresik,Pameran,Gresik,Pasar Ramadan tradisi budaya,1,1,2026-05-03 07:00:00+00:00,2026-05-03 07:00:00+00:00,0,0.0,Ramadan,0.6,https://www.detik.com/jatim/berita/d-8482467/serasa-time-travel-3-pasar-unik-dan-jadul-di-jatim-ini-bikin-nostalgia,,,Kabupaten Gresik,Jawa Timur,-7.156,112.656,Pusat kota/kabupaten,teks+inferensi,
712,711,Pasar Wage Grabagan,lainnya,"Kecamatan Grabagan, Kabupaten Tuban",Viral video penangkapan pengedar uang palsu (isu negatif),1,1,2026-07-12 07:00:00+00:00,2026-07-12 07:00:00+00:00,0,1.0,2 Mei 2026,0.4,https://bojonegoro.inews.id/read/688334/viral-emak-emak-diduga-edarkan-uang-palsu-ditangkap-di-pasar-wage-grabagan-tuban,,Grabagan,Kabupaten Tuban,Jawa Timur,-7.01,111.9,Pusat kecamatan,teks+inferensi,
713,712,Pasar Turen,lainnya,Kabupaten Malang,Kebakaran pasar viral di media sosial (isu negatif),1,1,2026-08-25 07:00:00+00:00,2026-08-25 07:00:00+00:00,0,1.0,13 Juli 2026,0.5,https://malangtimes.com/baca/3331346988/20260713/215700/pasar-turen-terbakar-api-diduga-dari-tempat-sampah,,Turen,Kabupaten Malang,Jawa Timur,-8.17,112.69,Pusat kecamatan,teks+inferensi,
714,713,Festival Inovasi Produk Daya Tarik Wisata (Pameran Kopi dan Ekraf 2026),Pameran,"Lapangan Atletik Unesa, Surabaya",Festival UMKM kopi dan ekonomi kreatif,1,1,2026-07-23 07:00:00+00:00,2026-07-23 07:00:00+00:00,0,0.0,2026,0.7,https://jatim.antaranews.com/berita/1078652/disbudpar-dan-dprd-jatim-perkuat-ekonomi-kreatif-lewat-festival,,,Kota Surabaya,Jawa Timur,-7.258,112.752,Pusat kota/kabupaten,teks+inferensi,
715,715,Festival Kuliner Warisan Rasa Asia (Jangkrik Kuliner),Pameran,Icon Mall Gresik,Festival kuliner skala nasional pertama di Gresik,1,1,2026-06-27 07:00:00+00:00,2026-06-27 07:00:00+00:00,0,0.0,2026,0.65,https://radargresik.jawapos.com/gaya-hidup/2607230002/jangkrik-kuliner-gelar-festival-warisan-rasa-asia-pertama-kali-di-icon-mall-gresik,,Kebomas,Kabupaten Gresik,Jawa Timur,-7.17,112.63,Pusat kecamatan,teks+inferensi,
716,716,Dino Park Jatim Park 3,Wahana,Kota Batu,Wahana edukatif dinosaurus dengan replika fosil,1,1,2026-07-11 07:00:00+00:00,2026-07-11 07:00:00+00:00,0,0.0,Libur sekolah 2026,0.8,https://www.detik.com/jatim/wisata/d-8548823/jatim-park-kota-batu-punya-sederet-event-seru-untuk-libur-sekolah,Beji,Junrejo,Kota Batu,Jawa Timur,-7.9007,112.5536,Titik tempat,teks+inferensi,
717,717,Taman Safari Bali,Wahana,"Gianyar, Bali",Destinasi wisata margasatwa,1,1,2026-06-25 07:00:00+00:00,2026-06-25 07:00:00+00:00,0,0.0,,0.55,https://jogja.disway.id/amp/701819/kuliner-murah-dekat-taman-safari-bali-2026-jadi-tempat-makan-lezat-ramah-kantong,,Gianyar,Kabupaten Gianyar,Bali,-8.56,115.34,Pusat kecamatan,teks+inferensi,
718,718,Bale Udang,Restoran,Bali,"Seafood konsep saung di atas kolam, kuliner viral",1,1,2026-06-18 07:00:00+00:00,2026-06-18 07:00:00+00:00,0,1.0,,0.7,https://www.detik.com/bali/kuliner/d-8546025/6-rekomendasi-kuliner-viral-dan-kekinian-di-bali-yang-wajib-dicoba,,,,Bali,-8.409,115.189,Pusat provinsi,teks,
719,719,GigiSusu,Kafe,"Canggu, Bali",Coffee shop populer spot foto favorit di media sosial,1,1,2026-06-18 07:00:00+00:00,2026-06-18 07:00:00+00:00,0,1.0,,0.75,https://www.detik.com/bali/kuliner/d-8546025/6-rekomendasi-kuliner-viral-dan-kekinian-di-bali-yang-wajib-dicoba,Canggu,Kuta Utara,Kabupaten Badung,Bali,-8.64,115.14,Pusat kelurahan/desa,teks+inferensi,
720,720,Cloud Cakes Cafe,Kafe,Bali,Jajanan yang menarik perhatian food vlogger,1,1,2026-06-18 07:00:00+00:00,2026-06-18 07:00:00+00:00,0,1.0,,0.65,https://www.detik.com/bali/kuliner/d-8546025/6-rekomendasi-kuliner-viral-dan-kekinian-di-bali-yang-wajib-dicoba,,,,Bali,-8.409,115.189,Pusat provinsi,teks,
721,721,Donat Kentang Renon,Kafe,"Jl. Merdeka VIII No.8X, Panjer, Denpasar Selatan",Donat murah mulai Rp6.000,1,1,2026-07-05 07:00:00+00:00,2026-07-05 07:00:00+00:00,0,0.0,,0.6,https://www.detik.com/bali/kuliner/d-8537262/6-spot-kuliner-murah-di-denpasar-harga-mulai-rp-6-000-dan-bikin-ketagihan,Panjer,Denpasar Selatan,Kota Denpasar,Bali,-8.68,115.225,Pusat kelurahan/desa,teks+inferensi,
722,722,Warung Mesari Bali,Restoran,"Jl. Tukad Gangga No.33, Dauh Puri Klod, Denpasar Selatan",Kuliner murah nasi campur dan rujak,1,1,2026-07-05 07:00:00+00:00,2026-07-05 07:00:00+00:00,0,0.0,,0.65,https://www.detik.com/bali/kuliner/d-8537262/6-spot-kuliner-murah-di-denpasar-harga-mulai-rp-6-000-dan-bikin-ketagihan,Dauh Puri Klod,Denpasar Barat,Kota Denpasar,Bali,-8.67,115.21,Pusat kelurahan/desa,teks+inferensi,Dauh Puri Klod umumnya di Kec. Denpasar Barat; teks menyebut Denpasar Selatan
723,723,Pasukan 36,Restoran,"Jl. Gatot Subroto Timur No.268, Tonja, Denpasar Utara",Chicken steak murah,1,1,2026-07-05 07:00:00+00:00,2026-07-05 07:00:00+00:00,0,0.0,,0.6,https://www.detik.com/bali/kuliner/d-8537262/6-spot-kuliner-murah-di-denpasar-harga-mulai-rp-6-000-dan-bikin-ketagihan,Tonja,Denpasar Utara,Kota Denpasar,Bali,-8.63,115.23,Pusat kelurahan/desa,teks+inferensi,
724,724,Bakmi Kien,Restoran,"Jl. Tukad Sanghyang No.7c, Panjer, Denpasar Selatan",Bakmi ayam jamur murah,1,1,2026-07-05 07:00:00+00:00,2026-07-05 07:00:00+00:00,0,0.0,,0.6,https://www.detik.com/bali/kuliner/d-8537262/6-spot-kuliner-murah-di-denpasar-harga-mulai-rp-6-000-dan-bikin-ketagihan,Panjer,Denpasar Selatan,Kota Denpasar,Bali,-8.68,115.225,Pusat kelurahan/desa,teks+inferensi,
725,725,Loloan Coastal,Restoran,"Raffles Bali, Jalan Karang Mas Sejahtera 1A, Jimbaran",Restoran baru bercita rasa Peru,1,1,2026-04-29 07:00:00+00:00,2026-04-29 07:00:00+00:00,0,0.0,Juli 2026,0.8,https://www.nibble.id/restoran-baru-bali-juli-2026/,Jimbaran,Kuta Selatan,Kabupaten Badung,Bali,-8.79,115.16,Pusat kelurahan/desa,teks+inferensi,
726,726,Heydahl,Restoran,"Kaba-Kaba, Tabanan, Bali",Restoran baru berkonsep kacang-kacangan,1,1,2026-04-29 07:00:00+00:00,2026-04-29 07:00:00+00:00,0,0.0,Juli 2026,0.75,https://www.nibble.id/restoran-baru-bali-juli-2026/,Kaba-Kaba,Kediri,Kabupaten Tabanan,Bali,-8.59,115.11,Pusat kelurahan/desa,teks+inferensi,
727,727,Uncle Pipin Chinese Food,Restoran,"Jl. Dewi Sri II No.18, Legian, Kuta, Badung",Kuliner non halal khas Singkawang,1,1,2026-05-10 07:00:00+00:00,2026-05-10 07:00:00+00:00,0,0.0,,0.75,https://www.tripzilla.id/kuliner-bali-non-halal/26965,Legian,Kuta,Kabupaten Badung,Bali,-8.705,115.172,Pusat kelurahan/desa,teks+inferensi,
728,728,Majesty Burger,Restoran,"Jl. Ganda Mayu No.4, Mengwi, Badung",Burger fusion,1,1,2026-05-10 07:00:00+00:00,2026-05-10 07:00:00+00:00,0,0.0,,0.7,https://www.tripzilla.id/kuliner-bali-non-halal/26965,,Mengwi,Kabupaten Badung,Bali,-8.55,115.18,Pusat kecamatan,teks+inferensi,
729,729,Standar Lokal,Restoran,Bali,Urutan babi khas Bali,1,1,2026-05-10 07:00:00+00:00,2026-05-10 07:00:00+00:00,0,0.0,,0.65,https://www.tripzilla.id/kuliner-bali-non-halal/26965,,,,Bali,-8.409,115.189,Pusat provinsi,teks,
730,730,Wok This Way,Restoran,"Jl. Raya Canggu No.100, Pererenan, Mengwi, Badung",Restoran Chinese food baru,1,1,2026-04-14 07:00:00+00:00,2026-04-14 07:00:00+00:00,0,0.0,2026,0.75,https://www.nibble.id/restoran-baru-bali-mei-2026/,Pererenan,Mengwi,Kabupaten Badung,Bali,-8.63,115.12,Pusat kelurahan/desa,teks+inferensi,
731,731,Bakmiku,Restoran,"Kuta, Bali",Warung bakmi terbaru,1,1,2026-04-14 07:00:00+00:00,2026-04-14 07:00:00+00:00,0,0.0,Mei 2026,0.7,https://www.nibble.id/restoran-baru-bali-mei-2026/,Kuta,Kuta,Kabupaten Badung,Bali,-8.72,115.175,Pusat kelurahan/desa,teks+inferensi,
732,732,Warung Mek Juwel,Restoran,"Jl. Melati, Sayan, Ubud, Gianyar",Nasi campur murah dengan pemandangan sawah,1,1,2026-04-07 07:00:00+00:00,2026-04-07 07:00:00+00:00,0,0.0,,0.75,https://www.tripzilla.id/tempat-makan-enak-dan-murah-di-ubud/26841,Sayan,Ubud,Kabupaten Gianyar,Bali,-8.5,115.245,Pusat kelurahan/desa,teks+inferensi,
733,733,Tuniang Bali,Restoran,"Jl. Kemang Barat No.8, Jakarta Selatan",Nasi Bali halal resep keluarga,1,1,2026-04-07 07:00:00+00:00,2026-04-07 07:00:00+00:00,0,0.0,,0.75,https://food.detik.com/tempat-makan/d-8432608/bingung-cari-makan-siang-cobain-5-nasi-bali-halal-di-jakarta,Bangka,Mampang Prapatan,Kota Jakarta Selatan,DKI Jakarta,-6.26,106.815,Pusat kelurahan/desa,teks+inferensi,
734,734,Kirana Garden Resto,Restoran,"Jl. Raya Kutuh, Samsam, Kerambitan, Tabanan",Restoran baru di tengah sawah,1,1,2026-06-07 07:00:00+00:00,2026-06-07 07:00:00+00:00,0,0.0,April 2026,0.8,https://www.nibble.id/restoran-baru-di-bali-april-2026/,Samsam,Kerambitan,Kabupaten Tabanan,Bali,-8.52,115.1,Pusat kecamatan,teks+inferensi,
735,735,Bambu Kuliner Bali (Bakul Bali),Restoran,"Jl. Raya Saba Blangsinga, Blahbatuh, Gianyar",Restoran baru babi guling,1,1,2026-06-07 07:00:00+00:00,2026-06-07 07:00:00+00:00,0,0.0,April 2026,0.8,https://www.nibble.id/restoran-baru-di-bali-april-2026/,,Blahbatuh,Kabupaten Gianyar,Bali,-8.58,115.31,Pusat kecamatan,teks+inferensi,
736,736,Kaizen Renon,Restoran,"Renon, Denpasar",AYCE halal gerai kedua di Bali,1,1,2026-06-07 07:00:00+00:00,2026-06-07 07:00:00+00:00,0,0.0,April 2026,0.7,https://www.nibble.id/restoran-baru-di-bali-april-2026/,Renon,Denpasar Selatan,Kota Denpasar,Bali,-8.68,115.235,Pusat kelurahan/desa,teks+inferensi,
737,737,KAJA by Numa,Restoran,"Jl. Raya Pengosekan Ubud, Mas, Ubud, Gianyar",Restoran baru berarsitektur goa,1,1,2026-06-26 07:00:00+00:00,2026-06-26 07:00:00+00:00,0,0.0,Juni 2026,0.8,https://www.nibble.id/restoran-baru-bali-juni-2026/,Mas,Ubud,Kabupaten Gianyar,Bali,-8.53,115.27,Pusat kelurahan/desa,teks+inferensi,
738,738,Luca Bali,Restoran,"Sanur, Bali",Steakhouse baru dari tim Boy'N'Cow,1,1,2026-06-26 07:00:00+00:00,2026-06-26 07:00:00+00:00,0,0.0,Juni 2026,0.8,https://www.nibble.id/restoran-baru-bali-juni-2026/,Sanur,Denpasar Selatan,Kota Denpasar,Bali,-8.69,115.26,Pusat kelurahan/desa,teks+inferensi,
739,739,Warung Torotoro,Restoran,"Jl. Pantai Kelan, Tuban, Kuta, Badung",Seafood sunset dekat bandara,1,1,2026-06-19 07:00:00+00:00,2026-06-19 07:00:00+00:00,0,0.0,,0.8,https://www.detik.com/bali/kuliner/d-8547874/nggak-cuma-jimbaran-ini-5-rekomendasi-tempat-makan-seafood-di-bali,Tuban,Kuta,Kabupaten Badung,Bali,-8.74,115.17,Pusat kelurahan/desa,teks+inferensi,
740,740,Aruma,Restoran,"Ampera Raya, Jakarta Selatan",Restoran Nusantara modern,1,1,2026-05-09 07:00:00+00:00,2026-05-09 07:00:00+00:00,0,0.0,,0.7,https://food.detik.com/resto-dan-kafe/d-8538065/5-tempat-makan-enak-di-ampera-raya-jaksel-ada-nasi-bali-hingga-live-seafood,,,Kota Jakarta Selatan,DKI Jakarta,-6.261,106.81,Pusat kota/kabupaten,teks+inferensi,
741,741,Hachi Garden Ampera,Restoran,"Ampera Raya, Jakarta Selatan",Ayam bakar dan jajanan pasar,1,1,2026-05-09 07:00:00+00:00,2026-05-09 07:00:00+00:00,0,0.0,,0.7,https://food.detik.com/resto-dan-kafe/d-8538065/5-tempat-makan-enak-di-ampera-raya-jaksel-ada-nasi-bali-hingga-live-seafood,,,Kota Jakarta Selatan,DKI Jakarta,-6.261,106.81,Pusat kota/kabupaten,teks+inferensi,
742,742,Little Bali,Restoran,"Ampera Raya, Jakarta Selatan",Nasi jinggo Bali,1,1,2026-05-09 07:00:00+00:00,2026-05-09 07:00:00+00:00,0,0.0,,0.7,https://food.detik.com/resto-dan-kafe/d-8538065/5-tempat-makan-enak-di-ampera-raya-jaksel-ada-nasi-bali-hingga-live-seafood,,,Kota Jakarta Selatan,DKI Jakarta,-6.261,106.81,Pusat kota/kabupaten,teks+inferensi,
743,743,Dapur Ibuk Nyoman,Restoran,"Jalan Walet III No.12, Jurang Mangu Barat, Tangerang Selatan",Viral rumah makan nasi jinggo Bali di area perumahan,1,1,2026-09-26 08:22:01+00:00,2026-09-26 08:22:01+00:00,0,1.0,Mei 2026,0.9,https://food.detik.com/rumah-makan/d-8481496/dapur-ibuk-nyoman-laris-manis-nasi-jinggo-bali-enak-di-perumahan-tangsel,Jurang Mangu Barat,Pondok Aren,Kota Tangerang Selatan,Banten,-6.27,106.735,Pusat kelurahan/desa,teks+inferensi,
744,744,Labuan Bajo (Taman Nasional Komodo),Wisata Alam,"Kabupaten Manggarai Barat, NTT",Destinasi favorit selebriti dunia,1,1,2026-08-23 07:00:00+00:00,2026-08-23 07:00:00+00:00,0,0.0,,0.55,https://www.cnnindonesia.com/gaya-hidup/20260918125527-269-1405396/bukan-cuma-bali-5-destinasi-di-indonesia-ini-favorit-selebriti-dunia,,Komodo,Kabupaten Manggarai Barat,Nusa Tenggara Timur,-8.5,119.887,Pusat kecamatan,teks+inferensi,
745,745,Prasasti Blanjong,Museum,"Sanur, Denpasar",Prasasti tertua di Bali dalam tur Jalan-Jalan Sejarah,1,1,2026-09-24 00:30:19+00:00,2026-09-24 00:30:19+00:00,0,0.0,26 September 2026,0.45,https://www.detik.com/bali/wisata/d-8680145/menelusuri-sejarah-sanur-lewat-jalan-kaki-dari-prasasti-blanjong-pantai-hyatt,Sanur Kauh,Denpasar Selatan,Kota Denpasar,Bali,-8.69,115.255,Pusat kelurahan/desa,teks+inferensi,
746,746,Restoran Chez Gado-Gado,Restoran,"Jalan Camplung Tanduk, Seminyak, Kuta, Badung",Kebakaran hebat restoran beratap ilalang (isu negatif),1,1,2026-09-16 07:00:00+00:00,2026-09-16 07:00:00+00:00,0,0.0,Akhir Agustus 2026,0.5,https://www.detik.com/bali/berita/d-8676348/cegah-kebakaran-akomodasi-wisata-pemkab-badung-kaji-ulang-sop-atap-ilalang,Seminyak,Kuta,Kabupaten Badung,Bali,-8.69,115.16,Pusat kelurahan/desa,teks+inferensi,
747,747,Pasar Minggu Palimanan,lainnya,Kabupaten Cirebon,Viral sampah menumpuk meluber ke jalan (isu negatif),1,1,2026-09-25 08:00:00+00:00,2026-09-25 08:00:00+00:00,0,1.0,3 Juni 2026,0.4,https://bandung.kompas.com/read/2026/06/03/183254678/viral-sampah-menumpuk-dan-meluber-di-pasar-minggu-palimanan-cirebon-dlh?page=all,,Palimanan,Kabupaten Cirebon,Jawa Barat,-6.7,108.43,Pusat kecamatan,teks+inferensi,
748,748,Pasar Baleendah,lainnya,Kabupaten Bandung,Viral dugaan pungli terhadap pedagang (isu negatif),1,1,2026-09-26 08:00:30+00:00,2026-09-26 08:00:30+00:00,0,1.0,Juni 2026,0.35,https://bandung.kompas.com/read/2026/06/11/221844078/viral-dugaan-pungli-di-pasar-baleendah-disperdagin-bandung-tidak-ada-dasar?page=all,,Baleendah,Kabupaten Bandung,Jawa Barat,-7.01,107.63,Pusat kecamatan,teks+inferensi,
749,749,Batukaras Surf Festival,Pameran,"Batukaras, Kabupaten Pangandaran",Festival selancar,1,1,2026-06-09 07:00:00+00:00,2026-06-09 07:00:00+00:00,0,0.0,6-9 Agustus 2026,0.5,https://www.satumedia.id/news/30122/catat-ini-deretan-event-seru-di-jawa-barat-sepanjang-agustus-2026/,Batukaras,Cijulang,Kabupaten Pangandaran,Jawa Barat,-7.745,108.5,Pusat kelurahan/desa,teks+inferensi,
750,750,Indonesia HijabFest,Pameran,Jawa Barat,Event dengan transaksi Rp50 miliar,1,1,2026-09-27 10:22:00+00:00,2026-09-27 10:22:00+00:00,0,0.0,Maret 2026,0.55,https://disparbud.jabarprov.go.id/postingan/penyelenggaraan-event-jawa-barat-maret-2026-catat-perputaran-ekonomi-rp164-miliar-69f94e91b43271ce201e0f67,,,,Jawa Barat,-6.89,107.64,Pusat provinsi,teks,
751,751,Jagat Aroma,Pameran,Jawa Barat,Event dengan transaksi Rp50 miliar,1,1,2026-09-27 10:22:00+00:00,2026-09-27 10:22:00+00:00,0,0.0,Maret 2026,0.5,https://disparbud.jabarprov.go.id/postingan/penyelenggaraan-event-jawa-barat-maret-2026-catat-perputaran-ekonomi-rp164-miliar-69f94e91b43271ce201e0f67,,,,Jawa Barat,-6.89,107.64,Pusat provinsi,teks,
752,752,TradeMark Market,Pameran,Bandung,"Event dengan transaksi Rp27,6 miliar",1,1,2026-09-27 10:22:00+00:00,2026-09-27 10:22:00+00:00,0,0.0,Maret 2026,0.5,https://disparbud.jabarprov.go.id/postingan/penyelenggaraan-event-jawa-barat-maret-2026-catat-perputaran-ekonomi-rp164-miliar-69f94e91b43271ce201e0f67,,,Kota Bandung,Jawa Barat,-6.917,107.619,Pusat kota/kabupaten,teks+inferensi,
753,753,Pasar Desa Mengwi,lainnya,"Kecamatan Mengwi, Badung, Bali",Viral video penangkapan pengguna uang palsu (isu negatif),1,1,2026-07-13 07:00:00+00:00,2026-07-13 07:00:00+00:00,0,1.0,26 Juli 2026,0.35,https://www.detik.com/bali/hukum-dan-kriminal/d-8594612/viral-pria-tepergok-belanja-pakai-uang-palsu-di-pasar-mengwi,,Mengwi,Kabupaten Badung,Bali,-8.55,115.18,Pusat kecamatan,teks+inferensi,
754,754,Minimarket Air Sanih,lainnya,"Air Sanih, Buleleng, Bali",Minimarket viral karena pemandangan laut di belakang toko,1,1,2026-07-20 07:00:00+00:00,2026-07-20 07:00:00+00:00,0,1.0,2026,0.75,https://20.detik.com/detikupdate/20260619-260619050/video-intip-minimarket-viral-di-bali-yang-punya-view-laut-cantik,Bukti,Kubutambahan,Kabupaten Buleleng,Bali,-8.08,115.23,Pusat kelurahan/desa,teks+inferensi,
755,755,"Pasar Rakyat ""Berbelanja dan Berbagi""",Pameran,"Taman Budaya Kapten A.A. Made Karang Candra Buana, Karangasem",Pasar rakyat UMKM TP PKK Bali,1,1,2026-07-09 07:00:00+00:00,2026-07-09 07:00:00+00:00,0,0.0,4 September 2026,0.5,https://www.balinetizen.com/tp-pkk-denpasar-berbelanja-dan-berbagi-di-pasar-rakyat-tp-pkk-provinsi-bali/,,Karangasem,Kabupaten Karangasem,Bali,-8.45,115.61,Pusat kecamatan,teks+inferensi,
756,756,Kawasan kuliner Masjid Agung dan Lapangan Muhajirin Praya,Restoran,"Praya, Lombok Tengah, NTB",Pusat kuliner kaki lima favorit warga,1,1,2026-04-07 07:00:00+00:00,2026-04-07 07:00:00+00:00,0,0.0,,0.6,https://ntb.idntimes.com/food/dining-guide/kuliner-kaki-lima-yang-wajib-dicoba-di-kota-praya-lombok-tengah-c1c2-01-lfqfg-57lm78,,Praya,Kabupaten Lombok Tengah,Nusa Tenggara Barat,-8.705,116.27,Pusat kecamatan,teks+inferensi,
757,757,Cilok Pak De,Restoran,"Sekitar Masjid Agung Praya, Lombok Tengah","Cilok sejuta umat, pembeli antre hingga kehabisan",1,1,2026-04-07 07:00:00+00:00,2026-04-07 07:00:00+00:00,0,0.0,,0.7,https://ntb.idntimes.com/food/dining-guide/kuliner-kaki-lima-yang-wajib-dicoba-di-kota-praya-lombok-tengah-c1c2-01-lfqfg-57lm78,,Praya,Kabupaten Lombok Tengah,Nusa Tenggara Barat,-8.705,116.27,Pusat kecamatan,teks+inferensi,
758,758,Nasi Suzuki,Restoran,"Samping Toko Matahari Praya, Lombok Tengah",Angkringan legend nasi super pedas,1,1,2026-04-07 07:00:00+00:00,2026-04-07 07:00:00+00:00,0,0.0,,0.65,https://ntb.idntimes.com/food/dining-guide/kuliner-kaki-lima-yang-wajib-dicoba-di-kota-praya-lombok-tengah-c1c2-01-lfqfg-57lm78,,Praya,Kabupaten Lombok Tengah,Nusa Tenggara Barat,-8.705,116.27,Pusat kecamatan,teks+inferensi,
759,759,Saffron (nasi briyani),Restoran,"Simpang empat Jalan Sriwijaya, Cilinaya, Kota Mataram","Nasi briyani viral di medsos, antre 1,5 jam, 300 porsi ludes tiap hari",1,1,2026-08-26 07:00:00+00:00,2026-08-26 07:00:00+00:00,0,1.0,Mei 2026,0.95,https://www.detik.com/bali/kuliner/d-8482919/rela-antre-1-5-jam-demi-nasi-briyani-viral-di-mataram-300-porsi-ludes-tiap-hari,Cilinaya,Cakranegara,Kota Mataram,Nusa Tenggara Barat,-8.585,116.13,Pusat kelurahan/desa,teks+inferensi,
760,760,Villa Aman D'Sini,Restoran,"Sentul, Bogor","""Little Ubud"" Sentul bernuansa Bali di hutan pinus",1,1,2026-08-31 07:00:00+00:00,2026-08-31 07:00:00+00:00,0,0.0,,0.8,https://www.gramedia.com/best-seller/13-tempat-makan-di-sentul-dengan-view-bagus-yang-harus-dikunjungi/,,Babakan Madang,Kabupaten Bogor,Jawa Barat,-6.57,106.89,Pusat kecamatan,teks+inferensi,Sentul umumnya di Kec. Babakan Madang/Citeureup
761,761,Pancar Garden,Restoran,"Kaki Gunung Pancar, Sentul",Kafe-restoran outdoor populer,1,1,2026-08-31 07:00:00+00:00,2026-08-31 07:00:00+00:00,0,0.0,,0.75,https://www.gramedia.com/best-seller/13-tempat-makan-di-sentul-dengan-view-bagus-yang-harus-dikunjungi/,Karang Tengah,Babakan Madang,Kabupaten Bogor,Jawa Barat,-6.59,106.9,Pusat kecamatan,teks+inferensi,
762,762,Kampoeng Koneng,Restoran,"Sentul, Bogor",Restoran keluarga konsep pedesaan Sunda,1,1,2026-08-31 07:00:00+00:00,2026-08-31 07:00:00+00:00,0,0.0,,0.75,https://www.gramedia.com/best-seller/13-tempat-makan-di-sentul-dengan-view-bagus-yang-harus-dikunjungi/,Bojong Koneng,Babakan Madang,Kabupaten Bogor,Jawa Barat,-6.59,106.92,Pusat kecamatan,teks+inferensi,
763,763,Coffee Contentner,Kafe,Taman Budaya Sentul,Kafe unik dari kontainer,1,1,2026-08-31 07:00:00+00:00,2026-08-31 07:00:00+00:00,0,0.0,,0.7,https://www.gramedia.com/best-seller/13-tempat-makan-di-sentul-dengan-view-bagus-yang-harus-dikunjungi/,,Babakan Madang,Kabupaten Bogor,Jawa Barat,-6.57,106.89,Pusat kecamatan,teks+inferensi,
764,764,Taman Wisata Labuhan Haji,Wisata Alam,"Lombok Timur, NTB",Viral tiket masuk Rp20 ribu tidak sesuai aturan (isu negatif),2,1,2026-04-21 07:00:00+00:00,2026-05-04 07:00:00+00:00,13,1.0,24 September 2026,0.85,https://www.detik.com/bali/nusra/d-8677936/viral-tiket-masuk-taman-labuhan-haji-rp-20-ribu-dispar-tak-sesuai-aturan,,Labuhan Haji,Kabupaten Lombok Timur,Nusa Tenggara Barat,-8.68,116.56,Pusat kecamatan,teks+inferensi,
765,765,Kawasan Mandalika,Wisata Alam,"Kuta Mandalika, Lombok Tengah, NTB",Viral video cekcok sopir taksi dan travel lokal berebut penumpang (isu negatif),1,1,2026-04-17 07:00:00+00:00,2026-04-17 07:00:00+00:00,0,1.0,September 2026,0.45,https://rri.co.id/mataram/regional/2737239/cekcok-sopir-di-mandalika-dinilai-ganggu-citra-pariwisata-ntb,Kuta,Pujut,Kabupaten Lombok Tengah,Nusa Tenggara Barat,-8.895,116.29,Pusat kelurahan/desa,teks+inferensi,
766,766,Pantai Viral Bagek Kembar,Wisata Alam,"Kelurahan Tanjung Karang Permai, Kecamatan Sekarbela, Kota Mataram",Kawasan wisata yang populer disebut Pantai Viral,1,1,2026-04-24 07:00:00+00:00,2026-04-24 07:00:00+00:00,0,1.0,12 Mei 2026,0.8,https://ekbisntb.com/12/05/2026/pln-epi-dorong-pantai-viral-bagik-kembar-jadi-kawasan-wisata-terpadu-berbasis-pengelolaan-sampah/,Tanjung Karang Permai,Sekarbela,Kota Mataram,Nusa Tenggara Barat,-8.6,116.075,Pusat kelurahan/desa,teks+inferensi,
767,767,Bekas tambang pasir besi Dedalpak (padang pasir ala Timur Tengah),Wisata Alam,"Dusun Dedalpak, Desa Pohgading, Kecamatan Pringgabaya, Lombok Timur","Viral di TikTok karena mirip padang pasir Timur Tengah, ramai sejak enam hari",1,1,2026-07-06 07:00:00+00:00,2026-07-06 07:00:00+00:00,0,1.0,Juni 2026,0.9,https://travel.detik.com/travel-news/d-8540413/viral-padang-pasir-ala-timur-tengah-di-lombok-ternyata-dulu-bekas-tambang,Pohgading,Pringgabaya,Kabupaten Lombok Timur,Nusa Tenggara Barat,-8.56,116.62,Pusat kecamatan,teks+inferensi,
768,768,Museum Sade,Museum,"Desa Adat Sade, Kecamatan Pujut, Lombok Tengah",Museum yang disusun konsepnya pasca kebakaran Desa Adat Sade,1,1,2026-04-29 07:00:00+00:00,2026-04-29 07:00:00+00:00,0,0.0,Agustus 2026,0.55,https://regional.kompas.com/read/2026/08/31/194424578/konsep-museum-sade-disusun-ceritakan-kehidupan-warga-dari-sebelum-hingga?page=all,Rembitan,Pujut,Kabupaten Lombok Tengah,Nusa Tenggara Barat,-8.84,116.29,Pusat kelurahan/desa,teks+inferensi,Sade adalah dusun di Desa Rembitan
769,769,Lapak Nasi Bejek depan Museum Negeri NTB,Restoran,"Jalan Panji Tilar Negara, Kekalik Jaya, Ampenan, Kota Mataram","Viral di TikTok dan Instagram, warga antre sebelum lapak buka",1,1,2026-08-05 07:00:00+00:00,2026-08-05 07:00:00+00:00,0,1.0,Mei 2026,0.85,https://www.detik.com/bali/kuliner/d-8503195/viral-nasi-bejek-di-mataram-warga-rela-antre-sebelum-lapak-buka,Kekalik Jaya,Ampenan,Kota Mataram,Nusa Tenggara Barat,-8.59,116.085,Pusat kelurahan/desa,teks+inferensi,Kekalik Jaya mungkin masuk Kec. Sekarbela; mengikuti teks
770,770,Pasar Rakyat Kuta Mandalika,lainnya,"KEK Mandalika, Lombok Tengah",Direvitalisasi karena kerap dikeluhkan pedagang dan warga,1,1,2026-06-02 07:00:00+00:00,2026-06-02 07:00:00+00:00,0,0.0,28 Juli 2026,0.5,https://www.detik.com/bali/nusra/d-8594564/pemprov-ntb-gelontorkan-rp-400-juta-untuk-revitalisasi-pasar-kuta-mandalika,Kuta,Pujut,Kabupaten Lombok Tengah,Nusa Tenggara Barat,-8.895,116.29,Pusat kelurahan/desa,teks+inferensi,
771,771,Pasar Seni Senggigi,lainnya,"Senggigi, Lombok Barat",Revitalisasi Rp81 miliar konsep terinspirasi Pelabuhan Sydney,1,1,2026-07-16 07:00:00+00:00,2026-07-16 07:00:00+00:00,0,0.0,2026-2027,0.55,https://insidelombok.id/mataram/gubernur-ntb-siapkan-revitalisasi-pasar-seni-senggigi-usung-konsep-mirip-pelabuhan-sydney/,Senggigi,Batu Layar,Kabupaten Lombok Barat,Nusa Tenggara Barat,-8.49,116.045,Pusat kelurahan/desa,teks+inferensi,
772,772,Pasar Tente,lainnya,"Kecamatan Woha, Kabupaten Bima",Tumpukan sampah meresahkan pedagang dan warga (isu negatif),1,1,2026-09-18 07:00:00+00:00,2026-09-18 07:00:00+00:00,0,0.0,Mei 2026,0.3,https://suarantb.com/2026/05/12/sampah-menumpuk-di-pasar-tente/,,Woha,Kabupaten Bima,Nusa Tenggara Barat,-8.6,118.7,Pusat kecamatan,teks+inferensi,
773,773,Karya Kreatif NTB,Pameran,"Epicentrum Mall, Mataram",Pameran karya kreatif dan kopi NTB,1,1,2026-04-21 07:00:00+00:00,2026-04-21 07:00:00+00:00,0,0.0,2026,0.5,https://mataram.antaranews.com/berita/553920/pemprov-ntb-tantang-pelaku-industri-racik-kopi-campuran-lombok-sumbawa,,,Kota Mataram,Nusa Tenggara Barat,-8.583,116.117,Pusat kota/kabupaten,teks+inferensi,
774,774,Goa Rangko,Wisata Alam,"Kabupaten Manggarai Barat, NTT","Ditutup sementara pascagempa M7,7 Flores (isu negatif)",1,1,2026-05-31 07:00:00+00:00,2026-05-31 07:00:00+00:00,0,0.0,Agustus 2026,0.6,https://www.viva.co.id/berita/nasional/1922254-sebagian-objek-wisata-di-ntt-ditutup-sementara-pascagempa-ada-wae-rebo-hingga-taman-nasional-kelimutu,,Boleng,Kabupaten Manggarai Barat,Nusa Tenggara Timur,-8.45,119.95,Pusat kecamatan,teks+inferensi,
775,775,Kampung Adat Wae Rebo,Wisata Alam,"Kabupaten Manggarai, NTT",Ditutup sementara pascagempa (isu negatif),1,1,2026-05-31 07:00:00+00:00,2026-05-31 07:00:00+00:00,0,0.0,Agustus 2026,0.6,https://www.viva.co.id/berita/nasional/1922254-sebagian-objek-wisata-di-ntt-ditutup-sementara-pascagempa-ada-wae-rebo-hingga-taman-nasional-kelimutu,Satar Lenda,Satar Mese Barat,Kabupaten Manggarai,Nusa Tenggara Timur,-8.769,120.284,Titik tempat,teks+inferensi,
776,776,Taman Nasional Kelimutu,Wisata Alam,"Kabupaten Ende, NTT",Ditutup sementara pascagempa (isu negatif),1,1,2026-05-31 07:00:00+00:00,2026-05-31 07:00:00+00:00,0,0.0,Agustus 2026,0.6,https://www.viva.co.id/berita/nasional/1922254-sebagian-objek-wisata-di-ntt-ditutup-sementara-pascagempa-ada-wae-rebo-hingga-taman-nasional-kelimutu,,Kelimutu,Kabupaten Ende,Nusa Tenggara Timur,-8.77,121.82,Titik tempat,teks+inferensi,
777,777,Taman Nasional Komodo,Wisata Alam,"Manggarai Barat, NTT",Tetap beroperasi normal pascagempa,1,1,2026-05-31 07:00:00+00:00,2026-05-31 07:00:00+00:00,0,0.0,Agustus 2026,0.5,https://www.viva.co.id/berita/nasional/1922254-sebagian-objek-wisata-di-ntt-ditutup-sementara-pascagempa-ada-wae-rebo-hingga-taman-nasional-kelimutu,,Komodo,Kabupaten Manggarai Barat,Nusa Tenggara Timur,-8.55,119.5,Pusat kecamatan,teks+inferensi,
778,778,Danau Kelimutu,Wisata Alam,"Kabupaten Ende, NTT",Dibuka kembali dengan pembatasan jalur setelah gempa,1,1,2026-05-14 07:00:00+00:00,2026-05-14 07:00:00+00:00,0,0.0,25 Agustus 2026,0.75,https://afu.id/nusantara/wisata-danau-kelimutu-kembali-dibuka-setelah-gempa-flores,,Kelimutu,Kabupaten Ende,Nusa Tenggara Timur,-8.77,121.82,Titik tempat,teks+inferensi,
779,779,Pekan Wisma Raya II dan Festival Aladin 2026,Pameran,"Lapangan Mini Kalabahi, Kabupaten Alor","Festival promosi pariwisata, seni budaya, dan UMKM",1,1,2026-07-17 07:00:00+00:00,2026-07-17 07:00:00+00:00,0,0.0,9-14 September 2026,0.75,https://rri.co.id/atambua/daerah-3t/2725733/pemprov-ntt-dorong-pariwisata-alor-jadi-penggerak-ekonomi-masyarakat,,Teluk Mutiara,Kabupaten Alor,Nusa Tenggara Timur,-8.22,124.52,Pusat kecamatan,teks+inferensi,
780,2,Soto Mie Theresia,Restoran,"Jalan Gereja Theresia No.43, Menteng, Jakarta Pusat",Soto mie legendaris sejak 1972 di kawasan Kuliner Theresia,1,1,2026-09-26 08:00:30+00:00,2026-09-26 08:00:30+00:00,0,0.0,,0.9,https://food.detik.com/rumah-makan/d-8679688/awas-kalap-ini-7-tempat-makan-soto-mie-legendaris-di-jakarta-dan-bogor,Gondangdia,Menteng,Kota Jakarta Pusat,DKI Jakarta,-6.188,106.827,Pusat kelurahan/desa,teks+inferensi,
781,781,Air Terjun Mataru,Wisata Alam,NTT,Air terjun indah dalam tayangan My Trip My Adventure,1,1,2026-08-14 07:00:00+00:00,2026-08-14 07:00:00+00:00,0,0.0,,0.4,https://20.detik.com/spot-wisata/20260708-260708092/keindahan-air-terjun-mataru-yang-menakjubkan-di-nusa-tenggara-timur,,,,Nusa Tenggara Timur,-8.657,121.079,Pusat provinsi,teks,
782,782,Kebon Vintage Cars Bali,Museum,"Biaung, Denpasar Timur",Museum mobil klasik gelar konser amal korban gempa NTT,1,1,2026-07-20 07:00:00+00:00,2026-07-20 07:00:00+00:00,0,0.0,7 Oktober 2026,0.6,https://www.balinetizen.com/bantu-korban-gempa-ntt-kebon-bali-gelar-konser-amal/,,Denpasar Timur,Kota Denpasar,Bali,-8.64,115.245,Pusat kecamatan,teks+inferensi,Biaung merujuk area/jalan di Denpasar Timur; kelurahan tidak dipastikan
783,783,Toko Maci Mart Reo,lainnya,"Kecamatan Reok, Kabupaten Manggarai, NTT",Aksi pemilik toko tetap buka bantu korban gempa menarik perhatian netizen,1,1,2026-05-25 07:00:00+00:00,2026-05-25 07:00:00+00:00,0,1.0,17 Agustus 2026,0.4,https://life.indozone.id/trendz/2486727812/toko-maci-mart-ntt-paksakan-beroperasi-demi-sediakan-kebutuhan-warga-terdampak-gempa,,Reok,Kabupaten Manggarai,Nusa Tenggara Timur,-8.3,120.45,Pusat kecamatan,teks,
784,784,Sira Village Grand Outlet Bali,lainnya,Bali,"Destinasi outlet shopping pertama di Bali, ruang komunitas",1,1,2026-08-13 07:00:00+00:00,2026-08-13 07:00:00+00:00,0,0.0,2026,0.5,https://radarbali.jawapos.com/pariwisata/2609170028/bukan-sekadar-pusat-belanja-sira-village-sukses-aksi-kemanusiaan-lewat-pilates-di-kek-kura-kura,,,,Bali,-8.409,115.189,Pusat provinsi,teks,
785,785,Bazar UMKM dan Pasar Murah Hari Bhayangkara ke-80,Pameran,"Lapangan Bhayangkara Mapolda NTT, Kupang",Bazar produk UMKM dan warga binaan,1,1,2026-06-13 07:00:00+00:00,2026-06-13 07:00:00+00:00,0,0.0,3-5 Juli 2026,0.5,https://kupang.antaranews.com/berita/193357/ditjenpas-ntt-mendorong-produk-unggulan-warga-binaan-masuk-pasar-umkm,,,Kota Kupang,Nusa Tenggara Timur,-10.178,123.607,Pusat kota/kabupaten,teks,
786,786,Festival Paskah 2026,Pameran,"Bundaran Tirosa, Kota Kupang","Festival Paskah dibuka Wapres, didorong jadi event wisata rohani",1,1,2026-06-28 07:00:00+00:00,2026-06-28 07:00:00+00:00,0,0.0,6 April 2026,0.55,https://www.kompas.tv/regional/661239/momen-wapres-gibran-resmi-buka-festival-paskah-2026-di-kupang-jmp,,,Kota Kupang,Nusa Tenggara Timur,-10.178,123.607,Pusat kota/kabupaten,teks,
787,787,Restoran Pondok Kakap,Restoran,"Jalan Ismail Marzuki, Pontianak Selatan",Restoran seafood untuk makan siang,1,1,2026-06-13 07:00:00+00:00,2026-06-13 07:00:00+00:00,0,0.0,,0.7,https://travel.tribunnews.com/kuliner/145746/5-tempat-makan-siang-enak-di-pontianak-nikmati-lezatnya-soto-semar,,Pontianak Selatan,Kota Pontianak,Kalimantan Barat,-0.05,109.34,Pusat kecamatan,teks+inferensi,
788,788,Abang Kepiting,Restoran,"Jalan Hijas, Benua Melayu Darat, Pontianak Selatan",Hidangan kepiting dan seafood,1,1,2026-06-13 07:00:00+00:00,2026-06-13 07:00:00+00:00,0,0.0,,0.7,https://travel.tribunnews.com/kuliner/145746/5-tempat-makan-siang-enak-di-pontianak-nikmati-lezatnya-soto-semar,Benua Melayu Darat,Pontianak Selatan,Kota Pontianak,Kalimantan Barat,-0.033,109.34,Pusat kelurahan/desa,teks+inferensi,
789,789,Restaurant Gajah Mada,Restoran,"Jalan Gajah Mada, Pontianak",Masakan Asia dan seafood,1,1,2026-06-13 07:00:00+00:00,2026-06-13 07:00:00+00:00,0,0.0,,0.65,https://travel.tribunnews.com/kuliner/145746/5-tempat-makan-siang-enak-di-pontianak-nikmati-lezatnya-soto-semar,,,Kota Pontianak,Kalimantan Barat,-0.026,109.342,Pusat kota/kabupaten,teks+inferensi,
790,790,Warung Nini,Restoran,"Jalan D.A. Hadi, Akcaya, Pontianak Selatan",Kuliner tradisional,1,1,2026-06-13 07:00:00+00:00,2026-06-13 07:00:00+00:00,0,0.0,,0.65,https://travel.tribunnews.com/kuliner/145746/5-tempat-makan-siang-enak-di-pontianak-nikmati-lezatnya-soto-semar,Akcaya,Pontianak Selatan,Kota Pontianak,Kalimantan Barat,-0.045,109.335,Pusat kelurahan/desa,teks+inferensi,
791,791,Kwetiau Apollo,Restoran,Pontianak,Kwetiau legendaris hampir selalu dipadati pelanggan,1,1,2026-06-16 07:00:00+00:00,2026-06-16 07:00:00+00:00,0,0.0,,0.8,https://pontianak.tribunnews.com/pontianak/1172559/15-kuliner-terbaik-di-pontianak-yang-lagi-hits-2026-ada-tempat-makan-legendaris-hingga-cafe-favorit,,,Kota Pontianak,Kalimantan Barat,-0.026,109.342,Pusat kota/kabupaten,teks+inferensi,
792,792,Safira Cafe,Kafe,Pontianak,Tempat sarapan favorit suasana homey,1,1,2026-06-16 07:00:00+00:00,2026-06-16 07:00:00+00:00,0,0.0,,0.7,https://pontianak.tribunnews.com/pontianak/1172559/15-kuliner-terbaik-di-pontianak-yang-lagi-hits-2026-ada-tempat-makan-legendaris-hingga-cafe-favorit,,,Kota Pontianak,Kalimantan Barat,-0.026,109.342,Pusat kota/kabupaten,teks+inferensi,
793,793,RM Sea Food 99,Restoran,"Jl. Tanah Merah, Pangkalan Buton, Sukadana, Kayong Utara",Seafood populer ikan bakar dan kepiting,1,1,2026-06-17 07:00:00+00:00,2026-06-17 07:00:00+00:00,0,0.0,,0.7,https://pontianak.tribunnews.com/kalbar/1170588/5-rekomendasi-restoran-seafood-di-sukadana-kayong-utara-harga-terjangkau-dan-cocok-untuk-keluarga,Pangkalan Buton,Sukadana,Kabupaten Kayong Utara,Kalimantan Barat,-1.25,110.0,Pusat kecamatan,teks+inferensi,
794,794,Rumah Makan Kang Toni,Restoran,"Sukadana, Kayong Utara",Rumah makan legendaris rajungan dan kopi Singkawang,1,1,2026-06-17 07:00:00+00:00,2026-06-17 07:00:00+00:00,0,0.0,,0.7,https://pontianak.tribunnews.com/kalbar/1170588/5-rekomendasi-restoran-seafood-di-sukadana-kayong-utara-harga-terjangkau-dan-cocok-untuk-keluarga,,Sukadana,Kabupaten Kayong Utara,Kalimantan Barat,-1.25,110.0,Pusat kecamatan,teks+inferensi,
795,795,RM Tanjung Beringin,Restoran,"Jl. Juang, Tanjung Niaga, Nanga Pinoh, Melawi",Rumah makan Padang,1,1,2026-08-20 07:00:00+00:00,2026-08-20 07:00:00+00:00,0,0.0,,0.55,https://pontianak.tribunnews.com/kalbar/1168692/5-rumah-makan-padang-enak-di-melawi-rekomendasi-wajib-saat-di-nanga-pinoh,Tanjung Niaga,Nanga Pinoh,Kabupaten Melawi,Kalimantan Barat,-0.345,111.735,Pusat kecamatan,teks+inferensi,
796,796,RM Buyuang Khas Minang Original,Restoran,"Sidomulyo, Nanga Pinoh, Melawi",Masakan Minang autentik,1,1,2026-08-20 07:00:00+00:00,2026-08-20 07:00:00+00:00,0,0.0,,0.55,https://pontianak.tribunnews.com/kalbar/1168692/5-rumah-makan-padang-enak-di-melawi-rekomendasi-wajib-saat-di-nanga-pinoh,Sidomulyo,Nanga Pinoh,Kabupaten Melawi,Kalimantan Barat,-0.345,111.735,Pusat kecamatan,teks+inferensi,
797,797,Goa Kumpe,Wisata Alam,"Dusun Sejajah, Kabupaten Landak, Kalimantan Barat","Mulai dikenal luas sejak viral awal 2024, stalaktit dan akar gantung",1,1,2026-06-02 07:00:00+00:00,2026-06-02 07:00:00+00:00,0,1.0,Sejak awal 2024,0.85,https://kalbar.pikiran-rakyat.com/travel/pr-34210151748/goa-kumpe-bengkayang-destinasi-petualangan-viral-dengan-keindahan-alam-yang-masih-alami,,,Kabupaten Landak,Kalimantan Barat,0.42,109.8,Pusat kota/kabupaten,teks,Dusun Sejajah; desa/kecamatan tidak disebut
798,798,Pantai Kahona,Wisata Alam,"Desa Sarang Burung Danau, Kecamatan Jawai, Kabupaten Sambas","Pernah viral karena hiu paus terdampar, kini terancam abrasi",1,1,2026-06-13 07:00:00+00:00,2026-06-13 07:00:00+00:00,0,1.0,2026,0.7,https://pontianak.tribunnews.com/kalbar/1168527/keindahan-pantai-kahona-sambas-dulu-viral-kini-terancam-terkikis-ombak,Sarang Burung Danau,Jawai,Kabupaten Sambas,Kalimantan Barat,1.33,109.05,Pusat kecamatan,teks+inferensi,
799,799,Pasar Flamboyan,lainnya,Kota Pontianak,Video sampah menggunung di TPS pasar viral (isu negatif),1,1,2026-05-25 07:00:00+00:00,2026-05-25 07:00:00+00:00,0,1.0,21 Juli 2026,0.45,https://regional.kompas.com/read/2026/07/22/075110578/ramai-soal-sampah-menggunung-di-pasar-flamboyan-pontianak-dlh-sebagai-efek?page=all,Benua Melayu Darat,Pontianak Selatan,Kota Pontianak,Kalimantan Barat,-0.034,109.338,Pusat kelurahan/desa,teks+inferensi,
800,800,Pasar Sungai Duri,lainnya,"Kabupaten Bengkayang, Kalimantan Barat",Video kebakaran pasar viral disalahklaim sebagai karhutla (isu negatif),1,1,2026-06-14 07:00:00+00:00,2026-06-14 07:00:00+00:00,0,1.0,20 Agustus 2026,0.35,https://www.kompas.com/cekfakta/read/2026/08/24/100100882/-klarifikasi-ini-bukan-video-kebakaran-hutan-tapi-pasar-sungai-duri,,,Kabupaten Bengkayang,Kalimantan Barat,1.0,109.65,Pusat kota/kabupaten,teks,Sungai Duri kemungkinan di Kec. Sungai Raya
801,801,Taman Nasional Tanjung Puting,Wisata Alam,"Kabupaten Kotawaringin Barat, Kalimantan Tengah","Destinasi kelas dunia, disiapkan kapal susur sungai",1,1,2026-07-10 07:00:00+00:00,2026-07-10 07:00:00+00:00,0,0.0,Juli 2026,0.65,https://news.okezone.com/read/2026/07/14/340/3230002/pemprov-kalteng-siapkan-kapal-susur-sungai-tanjung-puting-jadi-prioritas-pengembangan-wisata,,,Kabupaten Kotawaringin Barat,Kalimantan Tengah,-2.8,111.95,Titik tempat,teks,Kawasan TN juga mencakup Kab. Seruyan
802,802,Museum Sonobudoyo,Museum,Yogyakarta,Hadir lebih modern dengan video mapping dan ruang imersif,1,1,2026-07-09 07:00:00+00:00,2026-07-09 07:00:00+00:00,0,0.0,2026,0.8,https://style.tribunnews.com/life/376895/main-sambil-belajar-budaya-museum-sonobudoyo-jogja-punya-wahana-interaktif-yang-seru-banget,Ngupasan,Gondomanan,Kota Yogyakarta,DI Yogyakarta,-7.8024,110.3638,Titik tempat,teks+inferensi,
803,803,Soto Banjar Bang Amat,Restoran,"Banua Anyar, dekat Sungai Martapura, Banjarmasin",Soto Banjar kuliner tradisional populer,1,1,2026-06-11 07:00:00+00:00,2026-06-11 07:00:00+00:00,0,0.0,,0.8,https://travel.tribunnews.com/kuliner/145841/5-rekomendasi-tempat-makan-siang-enak-di-banjarmasin-yang-populer,Banua Anyar,Banjarmasin Timur,Kota Banjarmasin,Kalimantan Selatan,-3.318,114.615,Pusat kelurahan/desa,teks+inferensi,
804,804,RM Lontong Orari,Restoran,Banjarmasin,Lontong segitiga khas Banjar,1,1,2026-06-11 07:00:00+00:00,2026-06-11 07:00:00+00:00,0,0.0,,0.75,https://travel.tribunnews.com/kuliner/145841/5-rekomendasi-tempat-makan-siang-enak-di-banjarmasin-yang-populer,,,Kota Banjarmasin,Kalimantan Selatan,-3.319,114.591,Pusat kota/kabupaten,teks+inferensi,
805,805,Depot Sari Patin,Restoran,Banjarmasin,Olahan ikan patin khas Kalsel,1,1,2026-06-11 07:00:00+00:00,2026-06-11 07:00:00+00:00,0,0.0,,0.65,https://travel.tribunnews.com/kuliner/145841/5-rekomendasi-tempat-makan-siang-enak-di-banjarmasin-yang-populer,,,Kota Banjarmasin,Kalimantan Selatan,-3.319,114.591,Pusat kota/kabupaten,teks+inferensi,
806,806,Mie Bancir Khas Banjar Ala Agus Sasirangan,Restoran,Banjarmasin,Mie bancir khas Banjar,1,1,2026-06-11 07:00:00+00:00,2026-06-11 07:00:00+00:00,0,0.0,,0.65,https://travel.tribunnews.com/kuliner/145841/5-rekomendasi-tempat-makan-siang-enak-di-banjarmasin-yang-populer,,,Kota Banjarmasin,Kalimantan Selatan,-3.319,114.591,Pusat kota/kabupaten,teks+inferensi,
807,807,Waroeng Bandjar,Restoran,"Jalan Pramuka, Banjarmasin Timur",Nuansa kuliner lokal Banjar,1,1,2026-06-11 07:00:00+00:00,2026-06-11 07:00:00+00:00,0,0.0,,0.65,https://travel.tribunnews.com/kuliner/145841/5-rekomendasi-tempat-makan-siang-enak-di-banjarmasin-yang-populer,,Banjarmasin Timur,Kota Banjarmasin,Kalimantan Selatan,-3.32,114.62,Pusat kecamatan,teks+inferensi,
808,808,Danau Biru Tambak Padi,Wisata Alam,"Desa Tambak Padi, Kecamatan Beruntung Baru, Kabupaten Banjar, Kalsel","Banjir pengunjung sejak viral di medsos, bekas galian C, ada korban tenggelam (isu negatif)",1,1,2026-08-25 07:00:00+00:00,2026-08-25 07:00:00+00:00,0,1.0,Juni 2026,0.9,https://mongabay.co.id/2026/07/20/ironi-lubang-tambang-maut-di-kalsel-jadi-objek-wisata/,Tambak Padi,Beruntung Baru,Kabupaten Banjar,Kalimantan Selatan,-3.37,114.72,Pusat kecamatan,teks,
809,809,Spot tangga Dermaga Bukit Batu (Waduk Riam Kanan),Wisata Alam,"Bukit Batu, Kabupaten Banjar, Kalsel","Viral karena mirip cover album SOS SZA, antrean foto puluhan orang",1,1,2026-07-14 07:00:00+00:00,2026-07-14 07:00:00+00:00,0,1.0,September 2026,0.95,https://banjarmasin.tribunnews.com/kalsel/1377391/viral-spot-foto-di-wisata-bukit-batu-kalsel-pengunjung-antre-hingga-malam-ternyata-ini-sebabnya,,Aranio,Kabupaten Banjar,Kalimantan Selatan,-3.55,115.0,Pusat kecamatan,teks+inferensi,Kecamatan diinferensi dari lokasi Waduk Riam Kanan
810,810,Museum Lambung Mangkurat,Museum,"Banjarbaru, Kalimantan Selatan",Diupayakan naik dari grade B ke grade A,1,1,2026-08-25 07:00:00+00:00,2026-08-25 07:00:00+00:00,0,0.0,2026,0.65,https://kalimantanpost.com/2026/08/evaluasi-kenaikan-status-museum-lambung-mangkurat/,Komet,Banjarbaru Utara,Kota Banjarbaru,Kalimantan Selatan,-3.443,114.831,Titik tempat,teks+inferensi,
811,811,Museum Wasaka (Waja Sampai Kaputing),Museum,"Tepi Sungai Martapura, Banua Anyar, Banjarmasin",Museum perjuangan di rumah adat Bubungan Tinggi,1,1,2026-08-26 07:00:00+00:00,2026-08-26 07:00:00+00:00,0,0.0,,0.8,https://harian.disway.id/read/947909/harian-disway-x-grand-qin-hotel-6-jejak-perjuangan-di-museum-wasaka,Banua Anyar,Banjarmasin Timur,Kota Banjarmasin,Kalimantan Selatan,-3.318,114.615,Pusat kelurahan/desa,teks+inferensi,"Sumber lain menyebut Museum Wasaka di Sungai Jingah, Banjarmasin Utara"
812,812,Pasar Terapung Lok Baintan,Wisata Alam,Kalimantan Selatan,Pasar terapung terkenal tradisi jual beli di sungai,1,1,2026-06-27 07:00:00+00:00,2026-06-27 07:00:00+00:00,0,0.0,,0.75,https://www.detik.com/kalimantan/budaya/d-8591910/pasar-terapung-di-kalsel-peradaban-ratusan-tahun-silam-yang-masih-eksis,Lok Baintan,Sungai Tabuk,Kabupaten Banjar,Kalimantan Selatan,-3.284,114.67,Titik tempat,teks+inferensi,
813,813,Pasar Terapung Muara Kuin,Wisata Alam,Banjarmasin,Pasar terapung terkenal,1,1,2026-06-27 07:00:00+00:00,2026-06-27 07:00:00+00:00,0,0.0,,0.7,https://www.detik.com/kalimantan/budaya/d-8591910/pasar-terapung-di-kalsel-peradaban-ratusan-tahun-silam-yang-masih-eksis,Kuin Utara,Banjarmasin Utara,Kota Banjarmasin,Kalimantan Selatan,-3.295,114.575,Pusat kelurahan/desa,teks+inferensi,
814,814,Bakso Mie Ayam Pangsit Wardoyo,Restoran,"Jl. Letkol Pol. H.M. Asnawi Arbain, Gunung Bahagia, Balikpapan Selatan","Bakso populer porsi melimpah, hampir 5.000 ulasan",1,1,2026-08-07 07:00:00+00:00,2026-08-07 07:00:00+00:00,0,0.0,,0.8,https://kaltim.idntimes.com/food/dining-guide/surga-pencinta-bakso-ini-5-tempat-bakso-populer-di-balikpapan-01-m17hw-dlp7bm,Gunung Bahagia,Balikpapan Selatan,Kota Balikpapan,Kalimantan Timur,-1.25,116.87,Pusat kelurahan/desa,teks+inferensi,
815,815,Bakso Lek Min,Restoran,"Jl. Jenderal Sudirman No.279, Balikpapan",Bakso jumbo dan tetelan,1,1,2026-08-07 07:00:00+00:00,2026-08-07 07:00:00+00:00,0,0.0,,0.7,https://kaltim.idntimes.com/food/dining-guide/surga-pencinta-bakso-ini-5-tempat-bakso-populer-di-balikpapan-01-m17hw-dlp7bm,,,Kota Balikpapan,Kalimantan Timur,-1.24,116.86,Pusat kota/kabupaten,teks+inferensi,
816,816,Warung Nasi Bekepor Ibu Hj. Juwairiyah,Restoran,Samarinda,Tempat makan ikonik kuliner khas Kaltim,1,1,2026-09-14 07:00:00+00:00,2026-09-14 07:00:00+00:00,0,0.0,,0.7,https://jogja.disway.id/gaya-hidup/read/699480/petualangan-kuliner-samarinda-rekomendasi-tempat-seafood-dan-masakan-khas-kalimantan-timur,,,Kota Samarinda,Kalimantan Timur,-0.502,117.154,Pusat kota/kabupaten,teks+inferensi,
817,817,Sari Madu Bakery,Kafe,Kalimantan Timur,"Bakery dengan produk baru tiap minggu mengikuti tren viral, cabang ke-6 berkonsep restoran",1,1,2026-06-25 07:00:00+00:00,2026-06-25 07:00:00+00:00,0,0.0,Juni 2026,0.55,https://indonesiaonline.co.id/sari-madu-bakery-bidik-jadi-destinasi-kuliner-khas-kalimantan-di-samarinda/,,,,Kalimantan Timur,0.538,116.419,Pusat provinsi,teks,
818,818,Depot Miki,Restoran,"Jalan Jenderal Sudirman, Klandasan Ulu, Balikpapan",Favorit sarapan warga dan wisatawan,1,1,2026-08-19 07:00:00+00:00,2026-08-19 07:00:00+00:00,0,0.0,,0.75,https://kaltim.idntimes.com/food/dining-guide/mau-makan-enak-di-balikpapan-ini-7-spot-favorit-di-jalan-sudirman-01-r4p71-dxnwps,Klandasan Ulu,Balikpapan Kota,Kota Balikpapan,Kalimantan Timur,-1.275,116.83,Pusat kelurahan/desa,teks+inferensi,
819,819,Pulau Maratua,Wisata Alam,"Kabupaten Berau, Kalimantan Timur","Hidden gem bahari, diving kelas dunia",1,1,2026-05-08 07:00:00+00:00,2026-05-08 07:00:00+00:00,0,0.0,2026,0.85,https://rri.co.id/bukittinggi/wisata/2482765/pulau-maratua-permata-tersembunyi-di-ujung-kalimantan-timur,,Maratua,Kabupaten Berau,Kalimantan Timur,2.24,118.61,Pusat kecamatan,teks+inferensi,
820,820,Goa Halo Tabung,Wisata Alam,"Pulau Maratua, Berau",Goa bawah tanah berair jernih,1,1,2026-05-08 07:00:00+00:00,2026-05-08 07:00:00+00:00,0,0.0,,0.7,https://rri.co.id/bukittinggi/wisata/2482765/pulau-maratua-permata-tersembunyi-di-ujung-kalimantan-timur,,Maratua,Kabupaten Berau,Kalimantan Timur,2.24,118.61,Pusat kecamatan,teks+inferensi,
821,3,Soto Mie Pak Fauzy,Restoran,"Kawasan Suryakencana, Bogor",Soto mie legendaris sejak 1974,1,1,2026-09-26 08:00:30+00:00,2026-09-26 08:00:30+00:00,0,0.0,,0.85,https://food.detik.com/rumah-makan/d-8679688/awas-kalap-ini-7-tempat-makan-soto-mie-legendaris-di-jakarta-dan-bogor,,Bogor Tengah,Kota Bogor,Jawa Barat,-6.598,106.797,Pusat kecamatan,teks+inferensi,Kawasan Jalan Suryakencana
822,822,Pedas Puas Festival (PPF) 2026,Pameran,"Lapangan Parkir GOR Segiri, Samarinda","Festival kuliner pedas 7 hari 7 malam, 23.000 pengunjung, menu viral",1,1,2026-04-24 07:00:00+00:00,2026-04-24 07:00:00+00:00,0,0.0,1-7 Juni 2026,0.85,https://kaltimkece.id/pariwara/pariwara/lima-hari-berlangsung-ppf-2026-sedot-23-ribu-pengunjung,,,Kota Samarinda,Kalimantan Timur,-0.502,117.154,Pusat kota/kabupaten,teks+inferensi,
823,823,Festival Kuliner Viral dari Jakarta (Go Market),Pameran,"Komplek My Home Sintang, Kabupaten Sintang",Festival kuliner viral yang membludak pengunjung,1,1,2026-06-07 07:00:00+00:00,2026-06-07 07:00:00+00:00,0,1.0,29 April - 10 Mei 2026,0.85,https://rri.co.id/sintang/regional/2387548/go-market-hadirkan-sensasi-kuliner-viral-dari-jakarta-di-sintang,,,Kabupaten Sintang,Kalimantan Barat,0.05,112.1,Pusat kota/kabupaten,teks+inferensi,
824,824,Erau Adat Kutai 2026,Pameran,"Tenggarong, Kutai Kartanegara",Festival adat masuk 100 event adat terbaik nasional,1,1,2026-06-14 01:04:34+00:00,2026-06-14 01:04:34+00:00,0,0.0,Penutupan 27 September 2026,0.75,https://indonesiaonline.co.id/ajak-generasi-muda-lestarikan-budaya-via-teknologi-erau-adat-kutai-masuk-100-event-terbaik-nasional/?amp=1,,Tenggarong,Kabupaten Kutai Kartanegara,Kalimantan Timur,-0.42,116.99,Pusat kecamatan,teks+inferensi,
825,4,Gudeg Yu Djum,Restoran,"Jl. Wijilan No. 167, Panembahan, Kraton, Yogyakarta","Ikon gudeg Jogja sejak 1950-an, harga ekonomis",1,1,2026-09-23 06:38:00+00:00,2026-09-23 06:38:00+00:00,0,0.0,,0.9,https://rri.co.id/yogyakarta/kuliner/2752639/rekomendasi-7-tempat-makan-ramah-kantong-di-jogja-dan-tips-menggunakan-grabfood,Panembahan,Kraton,Kota Yogyakarta,DI Yogyakarta,-7.806,110.367,Pusat kelurahan/desa,teks+inferensi,
826,826,Karya Kreatif Benuanta (KKB) 2026,Pameran,"Kebun Raya Bundayati, Kabupaten Bulungan",Pameran UMKM Kaltara tahun ketujuh,1,1,2026-07-08 07:00:00+00:00,2026-07-08 07:00:00+00:00,0,0.0,27-30 Agustus 2026,0.75,https://kaltara.indozone.id/news/2486729610/agus-taufik-umkm-kaltara-jangan-berhenti-di-pasar-lokal,,Tanjung Selor,Kabupaten Bulungan,Kalimantan Utara,2.84,117.37,Pusat kecamatan,teks+inferensi,
827,827,Pasar Ikan Higienis Tengkayu II,lainnya,"Pelabuhan Perikanan Tengkayu II, Kota Tarakan",Pasar ikan higienis penggerak ekonomi perikanan,1,1,2026-07-03 07:00:00+00:00,2026-07-03 07:00:00+00:00,0,0.0,Mei 2026,0.4,https://kaltara.indozone.id/news/2486704962/karantina-kaltara-dorong-standar-mutu-dan-ekspor-pasar-ikan-higienis-tarakan-jadi-titik-kuat-ekonomi-baru,,,Kota Tarakan,Kalimantan Utara,3.3,117.6,Pusat kota/kabupaten,teks+inferensi,
828,828,Lokon View,Restoran,"Perbukitan Woloan, Tomohon","Restoran, kolam renang, villa dengan panorama Gunung Lokon",1,1,2026-09-24 14:10:57+00:00,2026-09-24 14:10:57+00:00,0,0.0,,0.8,https://www.liputan6.com/lifestyle/read/8240594/tempat-makan-di-tomohon,,Tomohon Barat,Kota Tomohon,Sulawesi Utara,1.33,124.81,Pusat kecamatan,teks+inferensi,Woloan terdiri atas beberapa kelurahan (Woloan I-III)
829,829,We'lu,Restoran,Tomohon,Tempat makan di Tomohon,1,1,2026-09-24 14:10:57+00:00,2026-09-24 14:10:57+00:00,0,0.0,,0.55,https://www.liputan6.com/lifestyle/read/8240594/tempat-makan-di-tomohon,,,Kota Tomohon,Sulawesi Utara,1.325,124.838,Pusat kota/kabupaten,teks+inferensi,
830,830,Cingkipala Manado Resto,Restoran,"Jl. Raya Kelapa Nias Blok PA 3 No.7, Pegangsaan Dua, Kelapa Gading, Jakarta Utara",Masakan Manado halal dengan live music,1,1,2026-06-10 07:00:00+00:00,2026-06-10 07:00:00+00:00,0,0.0,,0.75,https://www.popmama.com/life/health/restoran-manado-di-jakarta-utara-00-kd2wt-zp3pkh,Pegangsaan Dua,Kelapa Gading,Kota Jakarta Utara,DKI Jakarta,-6.16,106.91,Pusat kelurahan/desa,teks+inferensi,
831,831,RICARAJA Restaurant,Restoran,Jakarta Utara,Restoran Manado,1,1,2026-06-10 07:00:00+00:00,2026-06-10 07:00:00+00:00,0,0.0,,0.6,https://www.popmama.com/life/health/restoran-manado-di-jakarta-utara-00-kd2wt-zp3pkh,,,Kota Jakarta Utara,DKI Jakarta,-6.138,106.863,Pusat kota/kabupaten,teks+inferensi,
832,832,Tuna House Manado Kelapa Gading,Restoran,"Kelapa Gading, Jakarta Utara",Restoran Manado,1,1,2026-06-10 07:00:00+00:00,2026-06-10 07:00:00+00:00,0,0.0,,0.6,https://www.popmama.com/life/health/restoran-manado-di-jakarta-utara-00-kd2wt-zp3pkh,,Kelapa Gading,Kota Jakarta Utara,DKI Jakarta,-6.16,106.905,Pusat kecamatan,teks+inferensi,
833,833,NGANARASA,Restoran,"Samping Hotel 101 Urban, Jakarta Utara",Masakan Manado halal ikan bakar,1,1,2026-06-10 07:00:00+00:00,2026-06-10 07:00:00+00:00,0,0.0,,0.65,https://www.popmama.com/life/health/restoran-manado-di-jakarta-utara-00-kd2wt-zp3pkh,,,Kota Jakarta Utara,DKI Jakarta,-6.138,106.863,Pusat kota/kabupaten,teks+inferensi,
834,834,Ikan Goreng dan Rahang Tuna Om Botak,Restoran,"Jl. Menado No.37-A, Merdeka, Sumur Bandung, Kota Bandung",Rahang tuna populer lewat ulasan media sosial,1,1,2026-09-25 11:53:51+00:00,2026-09-25 11:53:51+00:00,0,0.0,,0.75,https://www.liputan6.com/lifestyle/read/7467977/5-rekomendasi-tempat-makan-rahang-tuna-enak-di-bandung-kuliner-seafood-2026,Merdeka,Sumur Bandung,Kota Bandung,Jawa Barat,-6.91,107.612,Pusat kelurahan/desa,teks+inferensi,
835,835,Rahang Tuna Manado 37,Restoran,"Jl. Menado No.37, Bandung",Rahang tuna yang sering muncul di ulasan,1,1,2026-09-25 11:53:51+00:00,2026-09-25 11:53:51+00:00,0,0.0,,0.7,https://www.liputan6.com/lifestyle/read/7467977/5-rekomendasi-tempat-makan-rahang-tuna-enak-di-bandung-kuliner-seafood-2026,Merdeka,Sumur Bandung,Kota Bandung,Jawa Barat,-6.91,107.612,Pusat kelurahan/desa,teks+inferensi,
836,836,Pesisir Teluk Manado,Wisata Alam,Kota Manado,Pantai 13 km dengan sunset dan kuliner,1,1,2026-06-30 07:00:00+00:00,2026-06-30 07:00:00+00:00,0,0.0,,0.7,https://sulsel.idntimes.com/travel/destination/3-wisata-pantai-favorit-di-sulawesi-utara-dari-manado-hingga-likupang-00-dgmbm-p98mdq,,,Kota Manado,Sulawesi Utara,1.487,124.845,Pusat kota/kabupaten,teks+inferensi,
837,837,Pantai Tanjung Tumpaan,Wisata Alam,"Kombi, Minahasa",Pantai pasir putih air jernih,1,1,2026-06-30 07:00:00+00:00,2026-06-30 07:00:00+00:00,0,0.0,,0.75,https://sulsel.idntimes.com/travel/destination/3-wisata-pantai-favorit-di-sulawesi-utara-dari-manado-hingga-likupang-00-dgmbm-p98mdq,,Kombi,Kabupaten Minahasa,Sulawesi Utara,1.33,125.03,Pusat kecamatan,teks+inferensi,
838,838,Gedung bekas Minahasa Raad,Museum,Kota Manado,Viral gubernur memergoki pria tidur di etalase museum yang terbengkalai (isu negatif),1,1,2026-04-11 07:00:00+00:00,2026-04-11 07:00:00+00:00,0,1.0,Agustus 2026,0.6,https://news.detik.com/berita/d-8611658/momen-kocak-pria-tertidur-di-etalase-museum-bikin-gubernur-sulut-kaget,,,Kota Manado,Sulawesi Utara,1.487,124.845,Pusat kota/kabupaten,teks+inferensi,
839,839,Museum Negeri Provinsi Sulawesi Utara,Museum,Manado,Diresmikan revitalisasi oleh Menteri Kebudayaan,1,1,2026-04-08 07:00:00+00:00,2026-04-08 07:00:00+00:00,0,0.0,23 Mei 2026,0.8,https://news.detik.com/berita/d-8501125/menbud-dorong-museum-negeri-sulut-jadi-infrastruktur-kebudayaan-ekonomi,Lawangirung,Wenang,Kota Manado,Sulawesi Utara,1.488,124.838,Pusat kelurahan/desa,teks+inferensi,
840,5,Gudeg Pawon,Restoran,Yogyakarta,"Gudeg dimasak langsung di dapur tradisional, pengalaman unik",1,1,2026-09-23 06:38:00+00:00,2026-09-23 06:38:00+00:00,0,0.0,,0.8,https://rri.co.id/yogyakarta/kuliner/2752639/rekomendasi-7-tempat-makan-ramah-kantong-di-jogja-dan-tips-menggunakan-grabfood,,,Kota Yogyakarta,DI Yogyakarta,-7.797,110.37,Pusat kota/kabupaten,teks+inferensi,
841,6,RM Abah Harja,Restoran,"Jl. Halimun No.8, Malabar, Kec. Lengkong, Kota Bandung","Restoran Sunda baru, punya sawah dan peternakan sendiri, ayam bekakak; masuk daftar tempat makan viral Bandung 2026",1,1,2026-06-09 07:00:00+00:00,2026-06-09 07:00:00+00:00,0,1.0,2026,0.9,https://www.nibble.id/tempat-makan-viral-di-bandung-2026/,Malabar,Lengkong,Kota Bandung,Jawa Barat,-6.928,107.62,Pusat kelurahan/desa,teks+inferensi,
842,842,Pasar Sentral Sinjai,lainnya,"Kelurahan Bongki, Sinjai Utara, Kabupaten Sinjai",Viral video perkelahian tiga emak-emak (isu negatif),1,1,2026-07-19 07:00:00+00:00,2026-07-19 07:00:00+00:00,0,1.0,29 Juli 2026,0.35,https://makassar.kompas.com/read/2026/08/06/070459978/viral-video-perkelahian-tiga-emak-emak-di-pasar-sentral-sinjai-berujung,Bongki,Sinjai Utara,Kabupaten Sinjai,Sulawesi Selatan,-5.125,120.25,Pusat kelurahan/desa,teks+inferensi,
843,843,Festival Jajanan Nusantara,Pameran,Atrium Lippo Plaza Manado,Festival kuliner dengan puluhan stan UMKM,1,1,2026-07-24 07:00:00+00:00,2026-07-24 07:00:00+00:00,0,0.0,28 Agustus - 13 September 2026,0.75,https://style.tribunnews.com/news/382844/2-event-menarik-di-sulawesi-10-september-2026-termasuk-pameran-toyota-serbu-di-tsm-makassar,,,Kota Manado,Sulawesi Utara,1.487,124.845,Pusat kota/kabupaten,teks+inferensi,
844,844,Pameran Toyota Serbu,Pameran,Trans Studio Mall Makassar,Pameran mobil Toyota,1,1,2026-07-24 07:00:00+00:00,2026-07-24 07:00:00+00:00,0,0.0,10-20 September 2026,0.4,https://style.tribunnews.com/news/382844/2-event-menarik-di-sulawesi-10-september-2026-termasuk-pameran-toyota-serbu-di-tsm-makassar,Maccini Sombala,Tamalate,Kota Makassar,Sulawesi Selatan,-5.158,119.392,Titik tempat,teks+inferensi,
845,845,Rumah Makan Saung Telaga,Restoran,"Desa Pantungo, Kecamatan Telaga Biru, Kabupaten Gorontalo",Kebakaran hebat rumah makan (isu negatif),1,1,2026-08-23 07:00:00+00:00,2026-08-23 07:00:00+00:00,0,0.0,25 April 2026,0.45,https://rri.co.id/gorontalo/berita-lain/2363604/polisi-selidiki-penyebab-kebakaran-rumah-makan-saung-telaga,Pantungo,Telaga Biru,Kabupaten Gorontalo,Gorontalo,0.6,123.0,Pusat kecamatan,teks+inferensi,
846,846,Warteg Kharisma Bahari Gorontalo,Restoran,"Jalan Nani Wartabone No.6, Heledulaa Selatan, Kota Timur, Kota Gorontalo",Warteg modern pertama di Gorontalo resmi dibuka,1,1,2026-04-06 07:00:00+00:00,2026-04-06 07:00:00+00:00,0,0.0,29 Juli 2026,0.75,https://go-pena.id/readmore/warteg-kharisma-bahari-resmi-hadir-di-gorontalo-sajikan-kuliner-nusantara-dengan-sentuhan-lidah-lokal,Heledulaa Selatan,Kota Timur,Kota Gorontalo,Gorontalo,0.545,123.075,Pusat kelurahan/desa,teks+inferensi,
847,7,RM Wangi Seruni,Restoran,Bandung,"Ayam goreng seruni, konsep makanan rumahan; disebut tempat makan viral Bandung 2026",1,1,2026-06-09 07:00:00+00:00,2026-06-09 07:00:00+00:00,0,1.0,2026,0.85,https://www.nibble.id/tempat-makan-viral-di-bandung-2026/,,,Kota Bandung,Jawa Barat,-6.917,107.619,Pusat kota/kabupaten,teks+inferensi,Bandung diasumsikan Kota Bandung
848,848,Menara Pakaya,lainnya,Kabupaten Gorontalo,Menara dipercantik lampu sambut Penas,1,1,2026-06-28 07:00:00+00:00,2026-06-28 07:00:00+00:00,0,0.0,Juni 2026,0.65,https://partainasdem.id/2026/06/19/tiga-destinasi-wisata-gorontalo-sambut-penas-petani-nelayan-2026/,,Limboto,Kabupaten Gorontalo,Gorontalo,0.625,122.98,Pusat kecamatan,teks+inferensi,
849,849,Danau Perintis,Wisata Alam,Kabupaten Bone Bolango,Destinasi ditata sambut Penas,1,1,2026-06-28 07:00:00+00:00,2026-06-28 07:00:00+00:00,0,0.0,Juni 2026,0.65,https://partainasdem.id/2026/06/19/tiga-destinasi-wisata-gorontalo-sambut-penas-petani-nelayan-2026/,,Suwawa,Kabupaten Bone Bolango,Gorontalo,0.53,123.15,Pusat kecamatan,teks+inferensi,
850,850,Pantai Tamendao,Wisata Alam,Kota Gorontalo,Destinasi wisata yang ditata,1,1,2026-06-28 07:00:00+00:00,2026-06-28 07:00:00+00:00,0,0.0,,0.55,https://partainasdem.id/2026/06/19/tiga-destinasi-wisata-gorontalo-sambut-penas-petani-nelayan-2026/,,,Kota Gorontalo,Gorontalo,0.54,123.06,Pusat kota/kabupaten,teks+inferensi,
851,851,Pulau Cinta,Wisata Alam,"Teluk Tomini, Gorontalo",Ikon wisata dengan jembatan kayu berbentuk hati,1,1,2026-09-16 07:00:00+00:00,2026-09-16 07:00:00+00:00,0,0.0,,0.8,https://infoekonomi.id/2026/06/liburan-ke-gorontalo-ini-7-tempat-wisata-favorit-yang-wajib-masuk-bucket-list/,,,,Gorontalo,0.7,122.45,Pusat provinsi,teks+inferensi,Kemungkinan Kab. Boalemo; tidak dipastikan
852,852,Taman Laut Olele,Wisata Alam,Gorontalo,Surga bawah laut untuk diving,1,1,2026-09-16 07:00:00+00:00,2026-09-16 07:00:00+00:00,0,0.0,,0.8,https://infoekonomi.id/2026/06/liburan-ke-gorontalo-ini-7-tempat-wisata-favorit-yang-wajib-masuk-bucket-list/,Olele,Kabila Bone,Kabupaten Bone Bolango,Gorontalo,0.458,123.139,Pusat kelurahan/desa,teks+inferensi,
853,853,Benteng Otanaha,Museum,Gorontalo,Benteng abad ke-16 dengan panorama Danau Limboto,1,1,2026-09-16 07:00:00+00:00,2026-09-16 07:00:00+00:00,0,0.0,,0.75,https://infoekonomi.id/2026/06/liburan-ke-gorontalo-ini-7-tempat-wisata-favorit-yang-wajib-masuk-bucket-list/,Dembe I,Kota Barat,Kota Gorontalo,Gorontalo,0.546,123.02,Pusat kelurahan/desa,teks+inferensi,
854,854,Desa Botubarani (hiu paus),Wisata Alam,"Desa Botubarani, Bone Bolango, Gorontalo",Snorkeling bersama hiu paus,1,1,2026-09-16 07:00:00+00:00,2026-09-16 07:00:00+00:00,0,0.0,,0.8,https://infoekonomi.id/2026/06/liburan-ke-gorontalo-ini-7-tempat-wisata-favorit-yang-wajib-masuk-bucket-list/,Botubarani,Kabila Bone,Kabupaten Bone Bolango,Gorontalo,0.482,123.117,Pusat kelurahan/desa,teks+inferensi,
855,855,Pulau Saronde,Wisata Alam,Gorontalo Utara,Pasir putih,1,1,2026-09-16 07:00:00+00:00,2026-09-16 07:00:00+00:00,0,0.0,,0.65,https://infoekonomi.id/2026/06/liburan-ke-gorontalo-ini-7-tempat-wisata-favorit-yang-wajib-masuk-bucket-list/,,Ponelo Kepulauan,Kabupaten Gorontalo Utara,Gorontalo,0.92,122.86,Pusat kecamatan,teks+inferensi,
856,856,UPTD Museum Purbakala Gorontalo,Museum,Kota Gorontalo,Program Belajar Bersama di Museum tari klasik,1,1,2026-08-02 07:00:00+00:00,2026-08-02 07:00:00+00:00,0,0.0,14 April 2026,0.5,https://www.headline.co.id/82481/siswa-gorontalo-antusias-pelajari-tari-klasik-di-museum/,,,Kota Gorontalo,Gorontalo,0.54,123.06,Pusat kota/kabupaten,teks+inferensi,
857,857,Hulonthalo Art & Craft Festival (HARFEST) 2026,Pameran,"Grand Palace Convention Center (GPCC), Kota Gorontalo",Festival kuliner dan kriya dengan 75 UMKM kuliner dan 165 UMKM binaan BI,1,1,2026-06-01 07:00:00+00:00,2026-06-01 07:00:00+00:00,0,0.0,11-13 September 2026,0.75,https://newsreal.id/202609/diwa-foundation-hadir-di-gorontalo-penuhi-undangan-bank-indonesia-untuk-ramaikan-event-harfest-2026-67841,,,Kota Gorontalo,Gorontalo,0.54,123.06,Pusat kota/kabupaten,teks+inferensi,
858,858,Street Coffee Blok Plan Marisa,Kafe,"Marisa, Gorontalo",Ruang publik kuliner lokasi Perbasi Fest 2026,1,1,2026-05-11 07:00:00+00:00,2026-05-11 07:00:00+00:00,0,0.0,2026,0.4,https://kronologi.id/dprd-gorut-apresiasi-perbasi-fest-2026-event-basket-pertama-di-indonesia/,,Marisa,Kabupaten Pohuwato,Gorontalo,0.47,121.94,Pusat kecamatan,teks+inferensi,
859,13,Eight Tarts,Kafe,"Tenant TikTok Food Fest, GBK, Jakarta",Berbagai varian egg tart,1,1,2026-09-27 10:22:00+00:00,2026-09-27 10:22:00+00:00,0,1.0,,0.7,https://aktualita.co/ragam/tiktok-food-fest-2026-hari-terakhir-gbk,Gelora,Tanah Abang,Kota Jakarta Pusat,DKI Jakarta,-6.2186,106.8019,Titik tempat,teks+inferensi,Kawasan GBK Senayan
860,860,Ayu Shop,Restoran,"Desa Hungayonaa, Tilamuta, Kabupaten Boalemo",Rumah makan persinggahan jalur Trans Sulawesi,1,1,2026-07-13 07:00:00+00:00,2026-07-13 07:00:00+00:00,0,0.0,,0.55,https://gorontalo.tribunnews.com/boalemo/85595/3-rumah-makan-rekomendasi-untuk-pelancong-saat-melintasi-kabupaten-boalemo-gorontalo,Hungayonaa,Tilamuta,Kabupaten Boalemo,Gorontalo,0.51,122.34,Pusat kecamatan,teks+inferensi,
861,861,Nusa Laut,Restoran,"Tiban Indah, Sekupang, Batam",Seafood dengan pemandangan sunset,1,1,2026-09-10 07:00:00+00:00,2026-09-10 07:00:00+00:00,0,0.0,,0.7,https://jurnalaceh.pikiran-rakyat.com/jalan-jalan/pr-17910136728/5-rekomendasi-tempat-makan-hits-di-batam-untuk-kulineran-saat-weekend,Tiban Indah,Sekupang,Kota Batam,Kepulauan Riau,1.11,103.96,Pusat kelurahan/desa,teks+inferensi,
862,862,Picolla Stella,Kafe,"Ruko Dermaga Sukajadi, Batam Kota",Kafe Instagramable tema dunia peri,1,1,2026-09-10 07:00:00+00:00,2026-09-10 07:00:00+00:00,0,0.0,,0.7,https://jurnalaceh.pikiran-rakyat.com/jalan-jalan/pr-17910136728/5-rekomendasi-tempat-makan-hits-di-batam-untuk-kulineran-saat-weekend,Sukajadi,Batam Kota,Kota Batam,Kepulauan Riau,1.13,104.05,Pusat kecamatan,teks+inferensi,
863,863,Marutai Ramen,Restoran,Mega Mall Batam Center,Ramen halal,1,1,2026-09-10 07:00:00+00:00,2026-09-10 07:00:00+00:00,0,0.0,,0.6,https://jurnalaceh.pikiran-rakyat.com/jalan-jalan/pr-17910136728/5-rekomendasi-tempat-makan-hits-di-batam-untuk-kulineran-saat-weekend,Teluk Tering,Batam Kota,Kota Batam,Kepulauan Riau,1.13,104.05,Pusat kecamatan,teks+inferensi,
864,864,Roemah Pohon,Kafe,"Batu Besar, Nongsa, Batam",Kafe konsep alam,1,1,2026-09-10 07:00:00+00:00,2026-09-10 07:00:00+00:00,0,0.0,,0.65,https://jurnalaceh.pikiran-rakyat.com/jalan-jalan/pr-17910136728/5-rekomendasi-tempat-makan-hits-di-batam-untuk-kulineran-saat-weekend,Batu Besar,Nongsa,Kota Batam,Kepulauan Riau,1.15,104.12,Pusat kelurahan/desa,teks+inferensi,
865,865,Warung Pasta Eden Park,Restoran,"Perumahan Eden Park, Batam",Pasta populer lokal,1,1,2026-09-10 07:00:00+00:00,2026-09-10 07:00:00+00:00,0,0.0,,0.6,https://jurnalaceh.pikiran-rakyat.com/jalan-jalan/pr-17910136728/5-rekomendasi-tempat-makan-hits-di-batam-untuk-kulineran-saat-weekend,,,Kota Batam,Kepulauan Riau,1.07,104.03,Pusat kota/kabupaten,teks+inferensi,
866,866,Danau Paisu Pok,Wisata Alam,"Banggai Kepulauan, Sulawesi Tengah",Danau yang sempat viral di media sosial karena air jernih,1,1,2026-09-08 07:00:00+00:00,2026-09-08 07:00:00+00:00,0,1.0,,0.75,https://20.detik.com/spot-wisata/20260604-260604060/menyaksikan-keindahan-danau-paisu-pok-yang-viral-di-sulawesi-tengah,,,Kabupaten Banggai Kepulauan,Sulawesi Tengah,-1.25,123.1,Pusat kota/kabupaten,teks,Kemungkinan Kec. Bulagi Utara
867,867,Pantai Katayan,Wisata Alam,"Desa Laulalang, Kecamatan Tolitoli Utara, Kabupaten Tolitoli",Objek wisata yang sedang viral dengan batu karang dan sunset,1,1,2026-05-14 07:00:00+00:00,2026-05-14 07:00:00+00:00,0,1.0,25 April 2026,0.85,https://rri.co.id/toli-toli/wisata/2364868/pantai-katayan-daya-tarik-baru-wisata-di-tolitoli-utara,Laulalang,Tolitoli Utara,Kabupaten Tolitoli,Sulawesi Tengah,1.05,120.8,Pusat kota/kabupaten,teks+inferensi,
868,868,Pulau Sombori,Wisata Alam,"Kabupaten Morowali, Sulawesi Tengah","""Raja Ampat-nya Sulawesi Tengah"" dengan tebing karst",1,1,2026-06-28 07:00:00+00:00,2026-06-28 07:00:00+00:00,0,0.0,,0.8,https://rri.co.id/bukittinggi/wisata/2479672/pulau-sombori-permata-tersembunyi-di-jantung-sulawesi-tengah,,Menui Kepulauan,Kabupaten Morowali,Sulawesi Tengah,-2.3,121.9,Pusat kota/kabupaten,teks+inferensi,
869,869,Goa Berlian,Wisata Alam,"Pulau Sombori, Morowali",Goa dengan kristal berkilau,1,1,2026-06-28 07:00:00+00:00,2026-06-28 07:00:00+00:00,0,0.0,,0.65,https://rri.co.id/bukittinggi/wisata/2479672/pulau-sombori-permata-tersembunyi-di-jantung-sulawesi-tengah,,Menui Kepulauan,Kabupaten Morowali,Sulawesi Tengah,-2.3,121.9,Pusat kota/kabupaten,teks+inferensi,
870,870,Padang Kuda Danau Lindu,Wisata Alam,"Danau Lindu, Kabupaten Sigi, Sulawesi Tengah","Viral di TikTok dan Instagram, padang rumput dengan kuda bebas",1,1,2026-05-23 07:00:00+00:00,2026-05-23 07:00:00+00:00,0,1.0,Mei 2026,0.9,https://rri.co.id/palu/wisata/2386327/pesona-padang-kuda-danau-lindu-kian-viral,,Lindu,Kabupaten Sigi,Sulawesi Tengah,-1.32,120.08,Titik tempat,teks+inferensi,
871,871,Toko Daging Nusantara,lainnya,"DKI Jakarta, Jawa Barat, Banten, Jawa Tengah, Sulawesi Selatan",Membuka gerai ke-40,1,1,2026-07-14 07:00:00+00:00,2026-07-14 07:00:00+00:00,0,0.0,Juli 2026,0.3,https://wartaekonomi.co.id/read621961/toko-daging-nusantara-tambah-gerai-jaringan-capai-40-cabang,,,,,,,,teks,"Beberapa provinsi: DKI Jakarta, Jawa Barat, Banten, Jawa Tengah, Sulawesi Selatan"
872,872,"Pameran Seni ""Jejak Tanah: Bentang Berlanjut""",Pameran,"Palu, Sulawesi Tengah",Pameran seni oleh Kuratana Studio dan Ruretik Lab,1,1,2026-04-14 07:00:00+00:00,2026-04-14 07:00:00+00:00,0,0.0,28 September - 4 Oktober 2026,0.7,https://style.tribunnews.com/news/384633/event-menarik-di-sulawesi-besok-28-september-2026-termasuk-pameran-jejak-tanah-bentang-berlanjut,,,Kota Palu,Sulawesi Tengah,-0.9,119.87,Pusat kota/kabupaten,teks+inferensi,
873,873,Festival Literasi Provinsi Sulawesi Barat 2026,Pameran,"Mamuju, Sulawesi Barat",Rangkaian kegiatan literasi untuk masyarakat,1,1,2026-04-25 07:00:00+00:00,2026-04-25 07:00:00+00:00,0,0.0,15 September 2026,0.5,https://style.tribunnews.com/news/383369/event-menarik-di-sulawesi-besok-selasa-15-september-2026-termasuk-festival-literasi-provinsi-sulbar,,,Kabupaten Mamuju,Sulawesi Barat,-2.6,119.1,Pusat kota/kabupaten,teks+inferensi,
874,874,Gorontalo Karnaval Karawo 2026,Pameran,Gorontalo,Event budaya tahunan,1,1,2026-08-03 07:00:00+00:00,2026-08-03 07:00:00+00:00,0,0.0,September 2026,0.6,https://style.tribunnews.com/news/383045/3-event-menarik-di-sulawesi-besok-sabtu-12-september-2026-salah-satunya-rektor-untad-cup-iii-2026?page=all,,,,Gorontalo,0.7,122.45,Pusat provinsi,teks,Gorontalo ambigu (provinsi/kota)
875,875,Pantai Tai Manu,Wisata Alam,"Desa Belang-Belang, Kecamatan Kalukku, Kabupaten Mamuju",Viral video perkelahian dengan badik di kawasan wisata (isu negatif),1,1,2026-07-10 07:00:00+00:00,2026-07-10 07:00:00+00:00,0,1.0,30 Mei 2026,0.6,https://sulbaronline.com/ngeri-dua-kelompok-di-mamuju-terlibat-perkelahian-pakai-badik-di-tempat-wisata/,Belang-Belang,Kalukku,Kabupaten Mamuju,Sulawesi Barat,-2.48,118.95,Pusat kecamatan,teks+inferensi,
876,876,Toko Roti Jeannette,Kafe,"Kecamatan Patrang, Jember",Toko roti jadul legendaris sejak 1935,1,1,2026-05-04 07:00:00+00:00,2026-05-04 07:00:00+00:00,0,0.0,,0.8,https://www.jatimnetwork.com/dodolan/4317671590/jeannette-artinya-nama-toko-roti-legendaris-di-jember-jawa-timur-disorot-ternyata-asalnya-dari-sini,,Patrang,Kabupaten Jember,Jawa Timur,-8.15,113.72,Pusat kecamatan,teks+inferensi,
877,877,Toko Madjoe,Kafe,Pasar Besar Malang,"Toko kue jadul bertekstur buttery, unggahan disukai ribuan pengguna",1,1,2026-06-28 07:00:00+00:00,2026-06-28 07:00:00+00:00,0,0.0,2026,0.7,https://www.jatimnetwork.com/dodolan/4317664960/sejak-1930-intip-deretan-kue-dari-toko-legendaris-di-pasar-besar-malang-ini-varian-terfavorit-yang-mana?page=2,Sukoharjo,Klojen,Kota Malang,Jawa Timur,-7.987,112.632,Pusat kelurahan/desa,teks+inferensi,
878,878,Festival Sandeq Silumba 2026,Pameran,"Pantai Banua Sendana hingga Pantai Pamboang, Majene",Lomba perahu layar tradisional Mandar,1,1,2026-04-29 07:00:00+00:00,2026-04-29 07:00:00+00:00,0,0.0,25-27 September 2026,0.65,https://style.tribunnews.com/news/384498/event-menarik-di-sulawesi-besok-sabtu-26-september-2026-termasuk-sandeq-silumba-di-majene,,,Kabupaten Majene,Sulawesi Barat,-3.3,118.95,Pusat kota/kabupaten,teks+inferensi,Rute festival melintasi beberapa kecamatan
879,879,Festival Gau Maraja 2026,Pameran,"Kabupaten Bone, Sulawesi Selatan","Festival budaya pameran, seni, dan karnaval",1,1,2026-04-29 07:00:00+00:00,2026-04-29 07:00:00+00:00,0,0.0,25-30 September 2026,0.7,https://style.tribunnews.com/news/384498/event-menarik-di-sulawesi-besok-sabtu-26-september-2026-termasuk-sandeq-silumba-di-majene,,,Kabupaten Bone,Sulawesi Selatan,-4.7,120.14,Pusat kota/kabupaten,teks,
880,880,Culture Festival Mandar,Pameran,Lapangan Sport Center Polewali Mandar,Festival budaya dengan lomba gaun sutra Mandar,1,1,2026-06-29 07:00:00+00:00,2026-06-29 07:00:00+00:00,0,0.0,14 Mei 2026,0.5,https://katasulsel.com/talenta-mudah-sidrap-tembus-top-3-sutra-culture-festival-mandar-sulawesi-barat-2026/,,,Kabupaten Polewali Mandar,Sulawesi Barat,-3.33,119.15,Pusat kota/kabupaten,teks+inferensi,
881,881,Coto Nusantara,Restoran,Makassar,Warung coto legendaris selalu ramai,1,1,2026-07-06 07:00:00+00:00,2026-07-06 07:00:00+00:00,0,0.0,,0.85,https://harpersbazaar.co.id/articles/read/6/2026/25576/wajib-tahu-ini-6-rekomendasi-tempat-makan-di-makassar-nbsp,,,Kota Makassar,Sulawesi Selatan,-5.147,119.432,Pusat kota/kabupaten,teks+inferensi,
882,882,Konro Karebosi,Restoran,Makassar,Konro bakar terkenal favorit wisatawan,1,1,2026-07-06 07:00:00+00:00,2026-07-06 07:00:00+00:00,0,0.0,,0.85,https://harpersbazaar.co.id/articles/read/6/2026/25576/wajib-tahu-ini-6-rekomendasi-tempat-makan-di-makassar-nbsp,,,Kota Makassar,Sulawesi Selatan,-5.147,119.432,Pusat kota/kabupaten,teks+inferensi,
883,883,Patung Yesus Buntu Burake,Wisata Alam,"Makale, Tana Toraja","Patung Yesus tertinggi kedua di dunia, Instagramable",1,1,2026-09-03 07:00:00+00:00,2026-09-03 07:00:00+00:00,0,0.0,,0.8,https://sulsel.idntimes.com/travel/destination/9-spot-wisata-instagramable-di-sulsel-ada-yang-mirip-brasil-00-lm183-gnhr29,,Makale,Kabupaten Tana Toraja,Sulawesi Selatan,-3.1,119.855,Pusat kecamatan,teks+inferensi,
884,1503,Gapura Pecinan,lainnya,"Kawasan Pecinan, Kota Cirebon",Gapura baru diresmikan sebagai penanda kawasan wisata sejarah dan budaya,1,1,2026-05-16 07:00:00+00:00,2026-05-16 07:00:00+00:00,0,0.0,26 September 2026,0.55,https://radarcirebon.disway.id/kota-cirebon/read/231851/gapura-pecinan-cirebon-diresmikan-jadi-penanda-wisata-sejarah-dan-budaya,,,Kota Cirebon,Jawa Barat,-6.732,108.552,Pusat kota/kabupaten,teks,Kawasan Pecinan
885,1534,Warung Nasi Pedas Athena Restaurant,Restoran,"Pacific Palace Hotel, Batam",Buffet kuliner Nusantara all you can eat dengan menu berganti setiap hari,1,1,2026-04-01 07:00:00+00:00,2026-04-01 07:00:00+00:00,0,0.0,,0.7,https://batam.inews.id/read/691325/pilihan-tempat-makan-siang-hits-di-batam-sajikan-kuliner-nusantara-kaya-rempah,,,Kota Batam,Kepulauan Riau,1.07,104.03,Pusat kota/kabupaten,teks+inferensi,
886,886,Buttu Macca,Wisata Alam,Kabupaten Enrekang,Spot foto di antara Gunung Bambapuang dan Gunung Nona,1,1,2026-09-03 07:00:00+00:00,2026-09-03 07:00:00+00:00,0,0.0,,0.7,https://sulsel.idntimes.com/travel/destination/9-spot-wisata-instagramable-di-sulsel-ada-yang-mirip-brasil-00-lm183-gnhr29,,,Kabupaten Enrekang,Sulawesi Selatan,-3.5,119.87,Pusat kota/kabupaten,teks+inferensi,
887,887,Rammang-Rammang,Wisata Alam,"Maros, Sulawesi Selatan",Desa wisata karst,1,1,2026-09-03 07:00:00+00:00,2026-09-03 07:00:00+00:00,0,0.0,,0.75,https://sulsel.idntimes.com/travel/destination/9-spot-wisata-instagramable-di-sulsel-ada-yang-mirip-brasil-00-lm183-gnhr29,Salenrang,Bontoa,Kabupaten Maros,Sulawesi Selatan,-4.918,119.598,Pusat kelurahan/desa,teks+inferensi,
888,888,Kawasan Wisata Apparalang,Wisata Alam,"Desa Lembanna, Bonto Bahari, Bulukumba",Area tebing ditutup polisi usai insiden viral (isu negatif),1,1,2026-05-15 07:00:00+00:00,2026-05-15 07:00:00+00:00,0,1.0,8 Juni 2026,0.65,https://www.detik.com/sulsel/berita/d-8524625/wisatawan-tewas-tenggelam-kawasan-wisata-tebing-apparalang-ditutup-polisi,Lembanna,Bonto Bahari,Kabupaten Bulukumba,Sulawesi Selatan,-5.56,120.44,Pusat kecamatan,teks+inferensi,Artikel lain menyebut Desa Ara
889,889,Outlet Golqi Chicken,Restoran,"Jalan Batua Raya, Makassar",Rekaman CCTV pembobolan toko viral di media sosial (isu negatif),1,1,2026-09-21 04:48:00+00:00,2026-09-21 04:48:00+00:00,0,1.0,5 Juni 2026,0.35,https://makassar.antaranews.com/berita/631715/polisi-buru-dua-pembobol-toko-ayam-krispi-di-makassar,,,Kota Makassar,Sulawesi Selatan,-5.147,119.432,Pusat kota/kabupaten,teks+inferensi,
890,890,Pasar Agro Sumillan,lainnya,"Dusun Bossok, Desa Sumillan, Kecamatan Alla, Enrekang",Kebakaran 9 kios (isu negatif),1,1,2026-08-05 07:00:00+00:00,2026-08-05 07:00:00+00:00,0,0.0,13 Mei 2026,0.35,https://www.detik.com/sulsel/berita/d-8486988/9-kios-di-pasar-agro-enrekang-ludes-terbakar-kerugian-capai-rp-450-juta,Sumillan,Alla,Kabupaten Enrekang,Sulawesi Selatan,-3.33,119.86,Pusat kecamatan,teks+inferensi,
891,891,Festival Danau Tempe 2026,Pameran,"Lapangan Merdeka Sengkang, Kabupaten Wajo",Festival budaya dan pariwisata Danau Tempe,1,1,2026-04-08 07:00:00+00:00,2026-04-08 07:00:00+00:00,0,0.0,23 September 2026,0.75,https://wamanews.id/festival-danau-tempe-2026-resmi-dibuka-pemprov-sulsel-dorong-masuk-kalender-event-nasional/,,Tempe,Kabupaten Wajo,Sulawesi Selatan,-4.13,120.02,Pusat kecamatan,teks+inferensi,
892,892,Festival Durian Enrekang,Pameran,"Kebun Raya Massenrempulu, Desa Batu Mila, Kecamatan Maiwa, Enrekang",Festival berakhir ricuh karena pengunjung tak kebagian durian (isu negatif),1,1,2026-04-11 07:00:00+00:00,2026-04-11 07:00:00+00:00,0,0.0,30 Juni 2026,0.7,https://www.detik.com/sulsel/berita/d-8556137/ricuh-festival-durian-enrekang-gegara-pengunjung-tak-kebagian-buah,Batu Mila,Maiwa,Kabupaten Enrekang,Sulawesi Selatan,-3.67,119.83,Pusat kecamatan,teks+inferensi,
893,893,Kebun Raya Massenrempulu,Wisata Alam,"Desa Batu Mila, Kecamatan Maiwa, Enrekang",Lokasi Festival Durian,1,1,2026-04-11 07:00:00+00:00,2026-04-11 07:00:00+00:00,0,0.0,30 Juni 2026,0.5,https://www.detik.com/sulsel/berita/d-8556137/ricuh-festival-durian-enrekang-gegara-pengunjung-tak-kebagian-buah,Batu Mila,Maiwa,Kabupaten Enrekang,Sulawesi Selatan,-3.67,119.83,Pusat kecamatan,teks+inferensi,
894,894,Mal Phinisi Point (Pipo),lainnya,Makassar,Parkir semrawut saat event viral di media sosial (isu negatif),1,1,2026-06-16 07:00:00+00:00,2026-06-16 07:00:00+00:00,0,1.0,Juli 2026,0.5,https://www.detik.com/sulsel/makassar/d-8593256/parkiran-depan-pipo-makassar-picu-macet-saat-event-gegara-warga-mau-praktis,,,Kota Makassar,Sulawesi Selatan,-5.147,119.432,Pusat kota/kabupaten,teks+inferensi,
895,895,Makassar International Writers Festival (MIWF) 2026,Pameran,Makassar,Festival literasi internasional,1,1,2026-05-04 07:00:00+00:00,2026-05-04 07:00:00+00:00,0,0.0,2026,0.6,https://sulsel.idntimes.com/news/sulawesi-selatan/miwf-2026-starterpack-biar-nyaman-keliling-festival-seharian-00-ghkwk-4cmbm9,,,Kota Makassar,Sulawesi Selatan,-5.147,119.432,Pusat kota/kabupaten,teks+inferensi,
896,896,Tuli-Tuli Viral,Restoran,"Kendari, Sulawesi Tenggara",Usaha kuliner tradisional Tuli-Tuli yang viral lewat media sosial,1,1,2026-07-01 07:00:00+00:00,2026-07-01 07:00:00+00:00,0,1.0,Juni 2026,0.7,https://rri.co.id/kendari/regional/2498177/tuli-tuli-viral-jadi-favorit-pecinta-kuliner,,,Kota Kendari,Sulawesi Tenggara,-3.99,122.515,Pusat kota/kabupaten,teks,
897,1520,Keraton Kanoman,Museum,Kota Cirebon,Polemik rencana pasar darurat di depan keraton ditolak keluarga Kesultanan (isu negatif),1,1,2026-05-03 07:00:00+00:00,2026-05-03 07:00:00+00:00,0,0.0,7 Agustus 2026,0.45,https://radarcirebon.disway.id/kota-cirebon/read/227334/keraton-kanoman-cirebon-tegas-menolak-pasar-darurat-di-halaman-depan-simak-alasannya,Lemahwungkuk,Lemahwungkuk,Kota Cirebon,Jawa Barat,-6.724,108.567,Pusat kelurahan/desa,teks+inferensi,
898,898,Wakatobi Dive Resort,lainnya,"Pulau Onemobaa, Tomia, Kabupaten Wakatobi",Viral video pencegatan kapal wisatawan Prancis oleh resort (isu negatif),1,1,2026-08-01 07:00:00+00:00,2026-08-01 07:00:00+00:00,0,1.0,6 Juni 2026,0.75,https://www.lajur.co/taman-nasional-wakatobi-buka-suara-soal-viral-kapal-pembawa-turis-prancis-dicegat-di-lokasi-selam-tomia/,,Tomia,Kabupaten Wakatobi,Sulawesi Tenggara,-5.77,123.97,Pusat kecamatan,teks+inferensi,
899,899,Taman Nasional Wakatobi,Wisata Alam,"Perairan Tomia, Kabupaten Wakatobi",Zona pemanfaatan lokasi insiden viral penyelaman,1,1,2026-08-01 07:00:00+00:00,2026-08-01 07:00:00+00:00,0,1.0,Juni 2026,0.6,https://www.lajur.co/taman-nasional-wakatobi-buka-suara-soal-viral-kapal-pembawa-turis-prancis-dicegat-di-lokasi-selam-tomia/,,Tomia,Kabupaten Wakatobi,Sulawesi Tenggara,-5.77,123.97,Pusat kecamatan,teks+inferensi,
900,900,Mata Air Ninivala,Wisata Alam,Indonesia Timur,Mata air indah dalam tayangan Tanah Air Beta,1,1,2026-05-14 07:00:00+00:00,2026-05-14 07:00:00+00:00,0,0.0,,0.4,https://20.detik.com/spot-wisata/20260903-260903129/menikmati-pesona-mata-air-ninivala-di-maluku,,,,,,,,teks,Wilayah samar: Indonesia Timur
901,901,Pantai Ora,Wisata Alam,"Teluk Sawai, Seram Utara, Maluku Tengah",Pasir putih dan laut jernih disandingkan dengan Maladewa,1,1,2026-04-07 07:00:00+00:00,2026-04-07 07:00:00+00:00,0,0.0,,0.85,https://rri.co.id/bukittinggi/wisata/2482486/pesona-pantai-ora-kepingan-surga-tersembunyi-maluku-tengah,,Seram Utara,Kabupaten Maluku Tengah,Maluku,-2.99,129.17,Pusat kecamatan,teks+inferensi,
902,902,Ora Beach Resort,lainnya,"Pantai Ora, Seram Utara, Maluku Tengah",Cottage di atas perairan,1,1,2026-04-07 07:00:00+00:00,2026-04-07 07:00:00+00:00,0,0.0,,0.6,https://rri.co.id/bukittinggi/wisata/2482486/pesona-pantai-ora-kepingan-surga-tersembunyi-maluku-tengah,,Seram Utara,Kabupaten Maluku Tengah,Maluku,-2.99,129.17,Pusat kecamatan,teks+inferensi,
903,903,Kepulauan Wakatobi,Wisata Alam,Sulawesi Tenggara,Destinasi impian ketenangan dan bawah laut,1,1,2026-06-25 07:00:00+00:00,2026-06-25 07:00:00+00:00,0,0.0,Mei 2026,0.6,https://rri.co.id/sungailiat/wisata/2423073/rekomendasi-destinasi-wisata-alam-pilihan-generasi-muda,,,Kabupaten Wakatobi,Sulawesi Tenggara,-5.5,123.7,Pusat kota/kabupaten,teks+inferensi,
904,904,Banda Neira,Wisata Alam,Maluku,Kawasan bersejarah dengan wisata selam,1,1,2026-06-25 07:00:00+00:00,2026-06-25 07:00:00+00:00,0,0.0,Mei 2026,0.65,https://rri.co.id/sungailiat/wisata/2423073/rekomendasi-destinasi-wisata-alam-pilihan-generasi-muda,,Banda,Kabupaten Maluku Tengah,Maluku,-4.525,129.9,Titik tempat,teks+inferensi,
905,905,Pulau Hatta,Wisata Alam,"Banda, Maluku",Lokasi ikonik untuk selam bebas,1,1,2026-06-25 07:00:00+00:00,2026-06-25 07:00:00+00:00,0,0.0,,0.55,https://rri.co.id/sungailiat/wisata/2423073/rekomendasi-destinasi-wisata-alam-pilihan-generasi-muda,,Banda,Kabupaten Maluku Tengah,Maluku,-4.55,129.95,Pusat kecamatan,teks+inferensi,
906,906,Pulau Syahrir,Wisata Alam,"Banda, Maluku",Lokasi ikonik untuk selam bebas,1,1,2026-06-25 07:00:00+00:00,2026-06-25 07:00:00+00:00,0,0.0,,0.55,https://rri.co.id/sungailiat/wisata/2423073/rekomendasi-destinasi-wisata-alam-pilihan-generasi-muda,,Banda,Kabupaten Maluku Tengah,Maluku,-4.55,129.95,Pusat kecamatan,teks+inferensi,
907,907,Indomaret Ambon,lainnya,"Kota Ambon, Maluku",Viral video karyawan bakar kaki bocah tidur di teras toko (isu negatif),1,1,2026-06-10 07:00:00+00:00,2026-06-10 07:00:00+00:00,0,1.0,26 Juni 2026,0.35,https://regional.kompas.com/read/2026/06/27/172206878/karyawan-indomaret-ambon-iseng-bakar-kaki-bocah-tidur-pelaku-minta-maaf,,,Kota Ambon,Maluku,-3.695,128.18,Pusat kota/kabupaten,teks,
908,908,Proyek Pasar Apung Batumerah,lainnya,"Desa Batu Merah, Kecamatan Sirimau, Kota Ambon",Sengketa lahan dan rencana pembongkaran masjid viral (isu negatif),1,1,2026-05-12 07:00:00+00:00,2026-05-12 07:00:00+00:00,0,1.0,Mei 2026,0.35,https://www.saburomedia.com/2026/05/12/isnu-maluku-minta-tunda-pembongkaran-masjid-al-maruf-batumerah/,Batu Merah,Sirimau,Kota Ambon,Maluku,-3.68,128.19,Pusat kelurahan/desa,teks+inferensi,
909,909,Benteng Oranje,Museum,"Kota Ternate, Maluku Utara",Viral pembubaran pemutaran film dokumenter oleh aparat (isu negatif),1,1,2026-05-11 07:00:00+00:00,2026-05-11 07:00:00+00:00,0,1.0,8 Mei 2026,0.5,https://www.kompas.id/artikel/en-pembubaran-nonton-bareng-film-pesta-babi-dinilai-berlebihan,,Ternate Tengah,Kota Ternate,Maluku Utara,0.79,127.385,Pusat kecamatan,teks+inferensi,
910,910,Festival Gema Buru 2026,Pameran,"Namlea, Pulau Buru, Maluku",Festival budaya kearifan lokal,1,1,2026-07-05 07:00:00+00:00,2026-07-05 07:00:00+00:00,0,0.0,2 Mei 2026,0.6,https://www.antaranews.com/video/5551675/festival-gema-buru-2026-perkuat-pelestarian-budaya-lokal,,Namlea,Kabupaten Buru,Maluku,-3.25,127.09,Pusat kecamatan,teks+inferensi,
911,911,Pulau Meti Cottage,Wisata Alam,"Pulau Meti, Kecamatan Tobelo, Halmahera Utara",Destinasi bahari dengan sekitar 100 kunjungan per hari,1,1,2026-07-25 07:00:00+00:00,2026-07-25 07:00:00+00:00,0,0.0,2026,0.8,https://travel.detik.com/fototravel/d-8594394/pulau-meti-cottage-surga-wisata-bahari-halmahera-utara-yang-kian-diminati,,Tobelo,Kabupaten Halmahera Utara,Maluku Utara,1.73,128.01,Pusat kecamatan,teks+inferensi,
912,912,Meti Cottage,Wisata Alam,"Pulau Meti, Halmahera Utara",Ecotourism resort destinasi unggulan Maluku Utara,1,1,2026-07-17 07:00:00+00:00,2026-07-17 07:00:00+00:00,0,0.0,29 Juli 2026,0.65,https://www.tandaseru.com/2026/07/29/mengunjungi-meti-mengasah-ai-langkah-bersama-bi-dan-media-menjaga-ekonomi-maluku-utara/,,Tobelo,Kabupaten Halmahera Utara,Maluku Utara,1.73,128.01,Pusat kecamatan,teks+inferensi,
913,913,Armydock Morotai,Wisata Alam,"Pulau Morotai, Maluku Utara","Wisata pesisir bersejarah dengan gazebo, satu-satunya wisata dalam kota",1,1,2026-08-10 07:00:00+00:00,2026-08-10 07:00:00+00:00,0,0.0,April 2026,0.7,https://www.cermat.co.id/penikmat-wisata-armydock-morotai/,,Morotai Selatan,Kabupaten Pulau Morotai,Maluku Utara,2.05,128.3,Pusat kecamatan,teks+inferensi,
914,1522,Festival Kepatihan 2,Pameran,"Kecamatan Pekalipan, Kota Cirebon",Festival bernuansa spiritual dengan kuliner tradisional Nasi Bogana di Hari Jadi Cirebon,1,1,2026-08-07 07:00:00+00:00,2026-08-07 07:00:00+00:00,0,0.0,Juni 2026,0.6,https://mediacirebon.id/kota-cirebon-sukses-gelar-hari-jadi-ke-599-dan-porsenitas-ke-xiii/,,Pekalipan,Kota Cirebon,Jawa Barat,-6.72,108.563,Pusat kecamatan,teks,
915,915,Gunung Dukono,Wisata Alam,"Halmahera Utara, Maluku Utara","Video erupsi viral, pendaki terjebak dan tewas (isu negatif)",1,1,2026-05-12 07:00:00+00:00,2026-05-12 07:00:00+00:00,0,1.0,8-9 Mei 2026,0.6,https://www.matapersindonesia.com/daerah/792674337/viral-letusan-dahsyat-gunung-dukono-di-maluku-utara-belasan-pendaki-diduga-terjebak-saat-hujan-abu-pada-area-puncak,,,Kabupaten Halmahera Utara,Maluku Utara,1.693,127.894,Titik tempat,teks,
916,916,Festival Teluk Jailolo (FTJ) 2026,Pameran,"Kabupaten Halmahera Barat, Maluku Utara","Festival budaya unggulan dengan ritual, wisata, dan Jailolo Food Bazaar",1,1,2026-04-20 07:00:00+00:00,2026-04-20 07:00:00+00:00,0,0.0,17-20 Juni 2026,0.8,https://www.tandaseru.com/2026/06/15/resmi-dirilis-ini-rangkaian-lengkap-event-festival-teluk-jailolo-2026/,,,Kabupaten Halmahera Barat,Maluku Utara,1.2,127.55,Pusat kota/kabupaten,teks,
917,917,Pantai Disa,Wisata Alam,"Susupu, Halmahera Barat",Lokasi Gerakan Wisata Bersih FTJ,1,1,2026-04-20 07:00:00+00:00,2026-04-20 07:00:00+00:00,0,0.0,19 Juni 2026,0.45,https://www.tandaseru.com/2026/06/15/resmi-dirilis-ini-rangkaian-lengkap-event-festival-teluk-jailolo-2026/,Susupu,Sahu,Kabupaten Halmahera Barat,Maluku Utara,1.15,127.48,Pusat kecamatan,teks+inferensi,
918,918,Benteng De Verwachting,Museum,"Kota Sanana, Kepulauan Sula",Garis finish tradisi Gabalil Hai Sua,1,1,2026-07-04 07:00:00+00:00,2026-07-04 07:00:00+00:00,0,0.0,6 Mei 2026,0.4,https://www.tandaseru.com/2026/05/06/jalan-kaki-150-km-tim-putra-waka-desa-fatkauyon-juara-1-event-gabalil-hai-sua/,,Sanana,Kabupaten Kepulauan Sula,Maluku Utara,-2.06,125.98,Pusat kecamatan,teks+inferensi,
919,919,Festival Saruma 2026,Pameran,Kabupaten Halmahera Selatan,Festival budaya tahunan ditiadakan karena keterbatasan biaya (isu negatif),1,1,2026-05-07 07:00:00+00:00,2026-05-07 07:00:00+00:00,0,0.0,2026,0.45,https://ternate.tribunnews.com/maluku-utara/99956/3-berita-populer-malut-pemprov-tunda-rekrutmen-cpns-festival-saruma-2026-ditiadakan,,,Kabupaten Halmahera Selatan,Maluku Utara,-0.8,127.7,Pusat kota/kabupaten,teks+inferensi,
920,1523,Festival Serabi,Pameran,Kota Cirebon,Festival serabi pertama di Kota Cirebon diikuti 20 UMKM,1,1,2026-08-07 07:00:00+00:00,2026-08-07 07:00:00+00:00,0,0.0,Juni 2026,0.65,https://mediacirebon.id/kota-cirebon-sukses-gelar-hari-jadi-ke-599-dan-porsenitas-ke-xiii/,,,Kota Cirebon,Jawa Barat,-6.732,108.552,Pusat kota/kabupaten,teks,
921,921,Pantai Sawayepa,Wisata Alam,"Kampung Yewena, Distrik Depapre, Kabupaten Jayapura","Mulai dikenal luas sejak viral di media sosial, pantai dengan kolam alami Kali Acangko",1,1,2026-09-21 01:08:00+00:00,2026-09-21 01:08:00+00:00,0,1.0,Sejak Februari 2026,0.9,https://cenderawasihpos.jawapos.com/lintas-papua/sentani/20/05/2026/pantai-sawayepa-surga-wisata-baru-di-depapre-yang-mulai-viral/,Yewena,Depapre,Kabupaten Jayapura,Papua,-2.47,140.38,Pusat kecamatan,teks+inferensi,
922,922,Pantai Harlem,Wisata Alam,"Distrik Depapre, Kabupaten Jayapura",Pantai air jernih,1,1,2026-09-21 01:08:00+00:00,2026-09-21 01:08:00+00:00,0,0.0,,0.6,https://cenderawasihpos.jawapos.com/lintas-papua/sentani/20/05/2026/pantai-sawayepa-surga-wisata-baru-di-depapre-yang-mulai-viral/,,Depapre,Kabupaten Jayapura,Papua,-2.47,140.38,Pusat kecamatan,teks+inferensi,
923,923,Pantai Yongsu,Wisata Alam,"Distrik Depapre, Kabupaten Jayapura",Terkenal dengan susunan batu karang,1,1,2026-09-21 01:08:00+00:00,2026-09-21 01:08:00+00:00,0,0.0,,0.55,https://cenderawasihpos.jawapos.com/lintas-papua/sentani/20/05/2026/pantai-sawayepa-surga-wisata-baru-di-depapre-yang-mulai-viral/,,Depapre,Kabupaten Jayapura,Papua,-2.47,140.38,Pusat kecamatan,teks+inferensi,
924,924,Koperasi Kelurahan Merah Putih Melawai,lainnya,"Blok M, Kebayoran Baru, Jakarta Selatan",Postingan toko kopdes di Blok M viral dan jadi bahan sindiran netizen (isu negatif),1,1,2026-06-28 07:00:00+00:00,2026-06-28 07:00:00+00:00,0,1.0,Juli 2026,0.5,https://www.owrite.id/hype/2026/07/03/viral-koperasi-desa-merah-putih-buka-gerai-di-blok-m-netizen-vibesnya-kayak-korea-utara/,Melawai,Kebayoran Baru,Kota Jakarta Selatan,DKI Jakarta,-6.244,106.8,Pusat kelurahan/desa,teks+inferensi,
925,925,Pasar Murah dan Pameran UMKM Papua,Pameran,"Halaman Kantor Gubernur Papua, Jayapura","Pameran produk unggulan Papua, barang habis diserbu",1,1,2026-05-23 07:00:00+00:00,2026-05-23 07:00:00+00:00,0,0.0,22 Juni 2026,0.5,https://news.detik.com/berita/d-8542017/wamendagri-ribka-buka-pasar-murah-pameran-umkm-di-papua,,Jayapura Utara,Kota Jayapura,Papua,-2.527,140.705,Pusat kecamatan,teks+inferensi,
926,1524,Warung Sangu Alun-Alun,Restoran,"Jalan Otto Iskandar Dinata, Kota Tasikmalaya","Rumah makan olahan ikan dan cumi goreng dadakan yang viral di media sosial, didatangi legenda Persib",1,1,2026-07-09 07:00:00+00:00,2026-07-09 07:00:00+00:00,0,1.0,27 Juli 2026,0.85,https://www.harapanrakyat.com/2026/07/penasaran-karena-viral-eks-pemain-persib-bandung-cicipi-kuliner-warung-sangu-alun-alun-di-tasikmalaya/,,,Kota Tasikmalaya,Jawa Barat,-7.33,108.22,Pusat kota/kabupaten,teks,
927,927,Pantai Apparalang,Wisata Alam,"Desa Ara, Kecamatan Bontobahari, Bulukumba","Dijuluki ""Raja Ampat-nya Bulukumba"" dengan tebing karang",1,1,2026-08-26 07:00:00+00:00,2026-08-26 07:00:00+00:00,0,0.0,,0.8,https://rri.co.id/makassar/wisata/2483314/pantai-apparalang-destinasi-wisata-alam-andalan-bulukumba,Ara,Bonto Bahari,Kabupaten Bulukumba,Sulawesi Selatan,-5.56,120.44,Pusat kecamatan,teks+inferensi,
928,928,Pasar Sentral Sanggeng,lainnya,"Manokwari, Papua Barat",Viral genangan air di lantai 2 gedung pasar PSN (isu negatif),1,1,2026-05-03 07:00:00+00:00,2026-05-03 07:00:00+00:00,0,1.0,7 April 2026,0.5,https://taburapos.co/2026/04/09/banyak-persoalan-di-pasar-sentral-sanggeng-ini-penjelasan-plh-kepala-disperindag-manokwari/,Sanggeng,Manokwari Barat,Kabupaten Manokwari,Papua Barat,-0.865,134.07,Pusat kelurahan/desa,teks+inferensi,
929,929,Festival Budaya Lembah Baliem 2026,Pameran,"Distrik Welesi, Jayawijaya","Top 10 Karisma Event Nusantara, video pengunjung panik akibat penembakan beredar (isu negatif)",1,1,2026-07-02 07:00:00+00:00,2026-07-02 07:00:00+00:00,0,1.0,7-8 Agustus 2026,0.7,https://sumeks.disway.id/headline/read/792682/festival-budaya-lembah-baliem-2026-ternoda-terjadi-penembakan-terhadap-pengunjung,,Welesi,Kabupaten Jayawijaya,Papua Pegunungan,-4.07,138.9,Pusat kecamatan,teks+inferensi,
930,930,Museum Budaya Asmat,Museum,"Agats, Kabupaten Asmat, Papua Selatan",Dikunjungi Wapres,1,1,2026-09-07 07:00:00+00:00,2026-09-07 07:00:00+00:00,0,0.0,21 Juni 2026,0.5,https://papuaselatan.go.id/berita/kunjungi-asmat-gibran-diskusi-dengan-para-kepala-kampung,,Agats,Kabupaten Asmat,Papua Selatan,-5.543,138.13,Pusat kecamatan,teks,
931,931,Rumah Makan Anugerah Asmat,Restoran,"Agats, Kabupaten Asmat",Lokasi dialog Wapres dengan kepala kampung,1,1,2026-09-07 07:00:00+00:00,2026-09-07 07:00:00+00:00,0,0.0,21 Juni 2026,0.35,https://papuaselatan.go.id/berita/kunjungi-asmat-gibran-diskusi-dengan-para-kepala-kampung,,Agats,Kabupaten Asmat,Papua Selatan,-5.543,138.13,Pusat kecamatan,teks+inferensi,
932,932,Geotourism Festival (GeoFest) 2026,Pameran,"Waterfront City Pangururan, Samosir",Festival dengan Panggung Air Mancur Menari dan penampilan budaya,1,1,2026-04-06 07:00:00+00:00,2026-04-06 07:00:00+00:00,0,0.0,1-2 Juli 2026,0.7,https://topmetro.news/241873/budaya-papua-selatan-tampil-di-samosir-ribuan-penonton-terpukau-jadi-simbol-kolaborasi-timur-ke-barat/,,Pangururan,Kabupaten Samosir,Sumatera Utara,2.61,98.7,Pusat kecamatan,teks+inferensi,
933,933,Waterfront City Pangururan,Wisata Alam,"Pangururan, Samosir",Kawasan tepi Danau Toba lokasi GeoFest,1,1,2026-04-06 07:00:00+00:00,2026-04-06 07:00:00+00:00,0,0.0,Juli 2026,0.55,https://topmetro.news/241873/budaya-papua-selatan-tampil-di-samosir-ribuan-penonton-terpukau-jadi-simbol-kolaborasi-timur-ke-barat/,,Pangururan,Kabupaten Samosir,Sumatera Utara,2.61,98.7,Pusat kecamatan,teks+inferensi,
934,934,Kampung Yobeh,Wisata Alam,"Distrik Sentani, Kabupaten Jayapura",Dikunjungi 70 wisatawan mancanegara untuk atraksi budaya,1,1,2026-04-06 07:00:00+00:00,2026-04-06 07:00:00+00:00,0,0.0,2026,0.7,https://papua.antaranews.com/berita/762433/disbudpar-berupaya-jadikan-kabupaten-jayapura-sebagai-tujuan-wisata,Yobeh,Sentani,Kabupaten Jayapura,Papua,-2.57,140.5,Pusat kecamatan,teks+inferensi,
935,1525,Tonjong Canyon,Wisata Alam,"Desa Nagrog, Kecamatan Cipatujah, Kabupaten Tasikmalaya","Ngarai dengan sungai hijau toska dijuluki Green Canyon mini, viral di Instagram dan TikTok",1,1,2026-08-25 07:00:00+00:00,2026-08-25 07:00:00+00:00,0,1.0,,0.9,https://kronologi.id/tonjong-canyon-tasikmalaya-green-canyon-versi-mini-yang-lagi-viral-di-kalangan-anak-muda/,Nagrog,Cipatujah,Kabupaten Tasikmalaya,Jawa Barat,-7.72,108.03,Pusat kecamatan,teks,
936,936,Pabrik Cokelat Mansel,lainnya,"Distrik Ransiki, Manokwari Selatan",Pengolahan cokelat asli yang sudah ekspor,1,1,2026-04-06 07:00:00+00:00,2026-04-06 07:00:00+00:00,0,0.0,20 Juni 2026,0.4,https://www.akurat.co/daerah/867024/produk-cokelatnya-mendunia-wapres-gibran-tanam-bibit-kakao-di-manokwari-selatan,,Ransiki,Kabupaten Manokwari Selatan,Papua Barat,-1.5,134.17,Pusat kecamatan,teks+inferensi,
937,937,Asmat Museum of Culture and Progress,Museum,"Agats, Kabupaten Asmat",Dijadwalkan dikunjungi Wapres,1,1,2026-04-06 07:00:00+00:00,2026-04-06 07:00:00+00:00,0,0.0,21 Juni 2026,0.5,https://www.akurat.co/daerah/867024/produk-cokelatnya-mendunia-wapres-gibran-tanam-bibit-kakao-di-manokwari-selatan,,Agats,Kabupaten Asmat,Papua Selatan,-5.543,138.13,Pusat kecamatan,teks+inferensi,
938,938,Dragon Kidz Play Ground,Wahana,"Kawasan wisata Pantai Ladang Tuha, Pasie Raja, Aceh Selatan",Lokasi yang disebut dalam kasus perampokan toko emas viral,1,1,2026-04-08 07:00:00+00:00,2026-04-08 07:00:00+00:00,0,0.0,18 Juli 2026,0.3,https://www.rakyatpos.id/2026/07/menggunakan-laras-panjang-petugas-polisi-diduga-ditangkap-usai-merampok-toko-emas-di-tapaktuan.html,,Pasie Raja,Kabupaten Aceh Selatan,Aceh,3.15,97.3,Pusat kecamatan,teks+inferensi,
939,939,Festival Samosir Music International (SMI) 2026,Pameran,"Kabupaten Samosir, Danau Toba","Festival musik, budaya, dan pemberdayaan masyarakat masuk Karisma Event Nusantara",1,1,2026-08-12 07:00:00+00:00,2026-08-12 07:00:00+00:00,0,0.0,2-4 Juli 2026,0.6,https://opsi.id/festival-samosir-music-international-2026-hadirkan-lyodra-hingga-viky-sianipar/,,,Kabupaten Samosir,Sumatera Utara,2.6,98.75,Pusat kota/kabupaten,teks+inferensi,
940,940,AZKO Timika,lainnya,"Kabupaten Mimika, Papua Tengah",Grand opening toko ritel perlengkapan rumah pertama di Mimika,1,1,2026-06-10 07:00:00+00:00,2026-06-10 07:00:00+00:00,0,0.0,28 Mei 2026,0.4,https://papuatengah.tribunnews.com/mimika/5803/dorong-pertumbuhan-ekonomi-lokal-pt-aspirasi-hidup-indonesia-resmikan-azko-timika,,,Kabupaten Mimika,Papua Tengah,-4.55,136.89,Pusat kota/kabupaten,teks,
941,941,Kawasan pertokoan Pasar Baru,lainnya,"Sawah Besar, Jakarta Pusat",Viral video asap hitam keluar dari tanah akibat gardu listrik korslet (isu negatif),1,1,2026-07-31 07:00:00+00:00,2026-07-31 07:00:00+00:00,0,1.0,6 September 2026,0.55,https://www.cnnindonesia.com/nasional/20260907112116-12-1400918/viral-tanah-di-jakpus-semburkan-asap-hitam-polisi-sebut-korsleting,Pasar Baru,Sawah Besar,Kota Jakarta Pusat,DKI Jakarta,-6.163,106.834,Pusat kelurahan/desa,teks+inferensi,
942,942,Pasar Lama Sentani,lainnya,"Sentani, Kabupaten Jayapura",Pedagang protes hamburkan sampah ke jalan karena tak diangkut (isu negatif),1,1,2026-05-01 07:00:00+00:00,2026-05-01 07:00:00+00:00,0,0.0,16 Juli 2026,0.35,https://papuatengah.tribunnews.com/jayapura/6469/pedagang-pasar-lama-sentani-hambur-sampah-di-badan-jalan-ini-penjelasan-dlh-kabupaten-jayapura,,Sentani,Kabupaten Jayapura,Papua,-2.57,140.51,Pusat kecamatan,teks+inferensi,
943,943,Kafe Mulo,Kafe,"Jalan Budi Utomo, Timika",Menggelar kompetisi Manual Brew Throw Down Battle 3,1,1,2026-04-18 07:00:00+00:00,2026-04-18 07:00:00+00:00,0,0.0,28 Juli 2026,0.6,https://seputarpapua.com/view/beradu-bakat-meracik-kopi-di-kafe-mulo-timika.html,,Mimika Baru,Kabupaten Mimika,Papua Tengah,-4.55,136.89,Pusat kecamatan,teks+inferensi,
944,944,Stone Garden,Wisata Alam,"Desa Gunungmasigit, Kecamatan Cipatat, Bandung Barat",Area parkir objek wisata jadi lokasi Koperasi Merah Putih yang viral,1,1,2026-08-01 07:00:00+00:00,2026-08-01 07:00:00+00:00,0,1.0,Juli 2026,0.45,https://wartaekonomi.co.id/read621016/viral-koperasi-merah-putih-disebut-berdiri-di-tengah-hutan-kades-gunungmasigit-beri-penjelasan,Gunungmasigit,Cipatat,Kabupaten Bandung Barat,Jawa Barat,-6.83,107.39,Pusat kecamatan,teks+inferensi,
945,945,Gunung Ungaran,Wisata Alam,"Semarang, Jawa Tengah",Viral balita hipotermia saat dibawa mendaki ke Puncak Bondolan (isu negatif),1,1,2026-07-21 07:00:00+00:00,2026-07-21 07:00:00+00:00,0,1.0,11 April 2026,0.55,https://www.genpi.co/berita/278404/viral-balita-15-tahun-hipotermia-saat-dibawa-orang-tua-mendaki-gunung-ungaran,,,Kabupaten Semarang,Jawa Tengah,-7.18,110.35,Titik tempat,teks+inferensi,Gunung Ungaran juga berbatasan dengan Kab. Kendal
946,946,Timika Inside Festival of Art (TIFA) VI 2026,Pameran,"Pelataran Gedung Eme Neme Yauware, Mimika",Festival seni budaya dan UMKM dengan ribuan pengunjung,1,1,2026-05-19 07:00:00+00:00,2026-05-19 07:00:00+00:00,0,0.0,2-4 Juli 2026,0.75,https://papuatengah.tribunnews.com/mimika/6307/tifa-2026-ditutup-generasi-muda-diajak-lestarikan-budaya-dan-ukir-prestasi,,,Kabupaten Mimika,Papua Tengah,-4.55,136.89,Pusat kota/kabupaten,teks+inferensi,
947,947,Lembah Baliem,Wisata Alam,"Wamena, Jayawijaya, Papua Pegunungan","Ikon wisata Papua Pegunungan, trekking dan kampung adat Dani",1,1,2026-05-09 07:00:00+00:00,2026-05-09 07:00:00+00:00,0,0.0,,0.8,https://infoekonomi.id/2026/08/pesona-papua-pegunungan-rekomendasi-wisata-alam-dan-budaya-di-wamena/,,Wamena,Kabupaten Jayawijaya,Papua Pegunungan,-4.1,138.94,Pusat kecamatan,teks+inferensi,
948,948,Danau Habema,Wisata Alam,"Dataran tinggi Jayawijaya, Papua Pegunungan",Danau di ketinggian lebih dari 3.000 mdpl,1,1,2026-05-09 07:00:00+00:00,2026-05-09 07:00:00+00:00,0,0.0,,0.75,https://infoekonomi.id/2026/08/pesona-papua-pegunungan-rekomendasi-wisata-alam-dan-budaya-di-wamena/,,,Kabupaten Jayawijaya,Papua Pegunungan,-4.0,138.9,Pusat kota/kabupaten,teks,Danau Habema dekat perbatasan Jayawijaya-Nduga
949,949,Piaynemo,Wisata Alam,"Raja Ampat, Papua Barat Daya",Lokasi favorit panorama gugusan pulau kecil,1,1,2026-06-03 07:00:00+00:00,2026-06-03 07:00:00+00:00,0,0.0,,0.7,https://infoekonomi.id/2026/08/rekomendasi-wisata-papua-dari-raja-ampat-hingga-lembah-baliem-yang-eksotis/,,Waigeo Barat Kepulauan,Kabupaten Raja Ampat,Papua Barat Daya,-0.565,130.27,Titik tempat,teks+inferensi,
950,950,Kampung Wisata Arborek,Wisata Alam,"Raja Ampat, Papua Barat Daya",Kampung wisata dengan kerajinan masyarakat,1,1,2026-06-03 07:00:00+00:00,2026-06-03 07:00:00+00:00,0,0.0,,0.55,https://infoekonomi.id/2026/08/rekomendasi-wisata-papua-dari-raja-ampat-hingga-lembah-baliem-yang-eksotis/,Arborek,Meos Mansar,Kabupaten Raja Ampat,Papua Barat Daya,-0.567,130.52,Pusat kelurahan/desa,teks+inferensi,
951,951,Taman Nasional Lorentz,Wisata Alam,Papua,Kawasan konservasi untuk trekking pegunungan,1,1,2026-06-03 07:00:00+00:00,2026-06-03 07:00:00+00:00,0,0.0,,0.65,https://infoekonomi.id/2026/08/rekomendasi-wisata-papua-dari-raja-ampat-hingga-lembah-baliem-yang-eksotis/,,,,,-4.75,137.85,Titik tempat,teks,"TN Lorentz melintasi Papua Pegunungan, Papua Tengah, dan Papua Selatan"
952,1526,Gua Safarwadi,Wisata Alam,"Panyalahan, Desa Pamijahan, Kecamatan Bantarkalong, Kabupaten Tasikmalaya",Wisata religi yang viral karena disebut punya jalan tembus ke Mekkah,1,1,2026-07-17 07:00:00+00:00,2026-07-17 07:00:00+00:00,0,1.0,,0.8,https://cahaya.kompas.com/aktual/26D19230827790/fakta-gua-safarwadi-tasikmalaya-wisata-religi-yang-disebut-punya-jalan-tembus-ke,Pamijahan,Bantarkalong,Kabupaten Tasikmalaya,Jawa Barat,-7.63,108.06,Pusat kecamatan,teks,
953,953,Piaynemo Raja Ampat,Wisata Alam,"Perairan Piaynemo, Kabupaten Raja Ampat, Papua Barat Daya",WNA asal China diduga berburu dan makan penyu di kawasan wisata bahari unggulan (isu negatif),1,1,2026-08-28 07:00:00+00:00,2026-08-28 07:00:00+00:00,0,0.0,14 September 2026,0.5,https://travel.kompas.com/read/2026/09/17/090800027/wna-diduga-makan-penyu-di-raja-ampat-kenapa-dilarang-konsumsi-penyu-,,Waigeo Barat Kepulauan,Kabupaten Raja Ampat,Papua Barat Daya,-0.565,130.27,Titik tempat,teks+inferensi,
954,954,Dungo Kauman,Kafe,"Jalan Cakra Nomor 36, Kauman, Kecamatan Pasar Kliwon, Kota Surakarta",Rekomendasi tempat ngopi kalcer di Solo dengan kopi dan cake,1,1,2026-08-22 07:00:00+00:00,2026-08-22 07:00:00+00:00,0,0.0,,0.75,https://solo.tribunnews.com/travel/349937/5-rekomendasi-tempat-ngopi-kalcer-di-solo-untuk-nongkrong-ada-yang-buka-24-jam,Kauman,Pasar Kliwon,Kota Surakarta,Jawa Tengah,-7.573,110.827,Pusat kelurahan/desa,teks+inferensi,
955,955,Loske Coffee Service,Kafe,"Jalan Teuku Umar Nomor 48, Keprabon, Kecamatan Banjarsari, Kota Surakarta",Rekomendasi tempat ngopi santai dengan menu kopi dan pastry,1,1,2026-08-22 07:00:00+00:00,2026-08-22 07:00:00+00:00,0,0.0,,0.75,https://solo.tribunnews.com/travel/349937/5-rekomendasi-tempat-ngopi-kalcer-di-solo-untuk-nongkrong-ada-yang-buka-24-jam,Keprabon,Banjarsari,Kota Surakarta,Jawa Tengah,-7.564,110.823,Pusat kelurahan/desa,teks+inferensi,
956,956,Kepulauan Fam Raja Ampat,Wisata Alam,"Perairan Kepulauan Fam, Kabupaten Raja Ampat, Papua Barat Daya",Video perburuan penyu sisik oleh WN China mencoreng wisata Raja Ampat (isu negatif),1,1,2026-08-22 07:00:00+00:00,2026-08-22 07:00:00+00:00,0,0.0,,0.5,https://travel.detik.com/travel-news/d-8668458/raja-ampat-bukan-sekadar-destinasi-wisata-melainkan-kawasan-yang-harus-dijaga,,Waigeo Barat Kepulauan,Kabupaten Raja Ampat,Papua Barat Daya,-0.6,130.3,Pusat kecamatan,teks+inferensi,
957,957,International Lantern Spectacular Festival Pertengahan Musim Gugur,Pameran,"Victoria Park, Hong Kong","Festival lampion lebih dari 3.000 lampion dari 20 negara, naga LED dan Fire Dragon Dance",1,1,2026-09-21 06:24:09+00:00,2026-09-21 06:24:09+00:00,0,0.0,Hingga 27 September 2026,0.7,https://www.owrite.id/tourism/2026/09/25/hong-kong-bak-negeri-dongeng-naga-led-18-meter-dan-ribuan-lampion-sihir-festival-musim-gugur/,,,,,22.282,114.188,Titik tempat,teks,Luar Indonesia: Hong Kong
958,958,Nasi Goreng Siaga Bersaudara,Restoran,"Pasar Minggu, Jakarta Selatan",Masuk daftar makanan favorit Ayu Dewi dalam tren Foods I Can't Stop Thinking About,1,1,2026-05-02 07:00:00+00:00,2026-05-02 07:00:00+00:00,0,0.0,,0.7,https://food.detik.com/info-kuliner/d-8677366/ayu-dewi-dan-suami-spill-top-13-makanan-favoritnya-di-jakarta,,Pasar Minggu,Kota Jakarta Selatan,DKI Jakarta,-6.285,106.845,Pusat kecamatan,teks+inferensi,
959,1527,Citiis,Wisata Alam,"Padakembang, Tasikmalaya",Video preman mengaku penguasa kawasan wisata viral dan memicu kegeraman netizen (isu negatif),1,1,2026-05-18 07:00:00+00:00,2026-05-18 07:00:00+00:00,0,1.0,,0.5,https://jabar.suara.com/read/2026/04/01/113446/saya-penguasa-citiis-pria-arogan-yang-viral-di-tasikmalaya-akhirnya-tertunduk-lesu-minta-maaf,,Padakembang,Kabupaten Tasikmalaya,Jawa Barat,-7.5,108.13,Pusat kota/kabupaten,teks+inferensi,
960,960,Warung Tekko,Restoran,"Kawasan Senayan, Jakarta",Rekomendasi makan siang dekat GBK dengan iga penyet dan aneka sambal,1,1,2026-05-21 07:00:00+00:00,2026-05-21 07:00:00+00:00,0,0.0,,0.7,https://travel.tribunnews.com/kuliner/145735/3-tempat-makan-siang-enak-di-jakarta-selatan-traveler-wajib-coba,,,,DKI Jakarta,-6.2,106.845,Pusat provinsi,teks,"Senayan ambigu: Kel. Senayan (Kebayoran Baru, Jaksel) atau kawasan GBK (Tanah Abang, Jakpus)"
961,961,Sate Khas Senayan,Restoran,"Kawasan Senayan, Jakarta",Rekomendasi makan siang dekat GBK dengan sate dan masakan Nusantara,1,1,2026-05-21 07:00:00+00:00,2026-05-21 07:00:00+00:00,0,0.0,,0.7,https://travel.tribunnews.com/kuliner/145735/3-tempat-makan-siang-enak-di-jakarta-selatan-traveler-wajib-coba,,,,DKI Jakarta,-6.2,106.845,Pusat provinsi,teks,"Senayan ambigu: Kel. Senayan (Kebayoran Baru, Jaksel) atau kawasan GBK (Tanah Abang, Jakpus)"
962,962,Seribu Rasa,Restoran,"Kawasan Senayan, Jakarta",Restoran masakan Nusantara bersuasana elegan dekat GBK,1,1,2026-05-21 07:00:00+00:00,2026-05-21 07:00:00+00:00,0,0.0,,0.7,https://travel.tribunnews.com/kuliner/145735/3-tempat-makan-siang-enak-di-jakarta-selatan-traveler-wajib-coba,,,,DKI Jakarta,-6.2,106.845,Pusat provinsi,teks,"Senayan ambigu: Kel. Senayan (Kebayoran Baru, Jaksel) atau kawasan GBK (Tanah Abang, Jakpus)"
963,963,Mallo Trattoria Italiana,Restoran,"ASHTA District 8, Jl. Senopati No.83, Senayan, Kebayoran Baru, Jakarta Selatan",Restoran Italia baru dengan konsep open kitchen dan pasta homemade,1,1,2026-05-18 07:00:00+00:00,2026-05-18 07:00:00+00:00,0,0.0,Mei 2026,0.75,https://www.nibble.id/restoran-baru-jakarta-mei-2026/,Senayan,Kebayoran Baru,Kota Jakarta Selatan,DKI Jakarta,-6.227,106.805,Pusat kelurahan/desa,teks+inferensi,
964,964,Yialos Taverna,Restoran,"Menteng, Jakarta",Restoran Yunani Mediterania baru yang fancy,1,1,2026-05-18 07:00:00+00:00,2026-05-18 07:00:00+00:00,0,0.0,Mei 2026,0.7,https://www.nibble.id/restoran-baru-jakarta-mei-2026/,,Menteng,Kota Jakarta Pusat,DKI Jakarta,-6.196,106.838,Pusat kecamatan,teks+inferensi,
965,965,Nasi Mercon Barito,Restoran,"Blok M, Jakarta Selatan",Kuliner malam kaki lima nasi pedas di kawasan Melawai Blok M,1,1,2026-05-14 07:00:00+00:00,2026-05-14 07:00:00+00:00,0,0.0,,0.7,https://kronologi.id/rekomendasi-8-kuliner-viral-di-jakarta-selatan-yang-hits-dan-layak-dicoba/,Melawai,Kebayoran Baru,Kota Jakarta Selatan,DKI Jakarta,-6.244,106.8,Pusat kelurahan/desa,teks+inferensi,
966,966,Tsuka Ramen Kemang,Restoran,"Kemang, Jakarta Selatan",Destinasi ramen halal dengan harga terjangkau,1,1,2026-05-14 07:00:00+00:00,2026-05-14 07:00:00+00:00,0,0.0,,0.7,https://kronologi.id/rekomendasi-8-kuliner-viral-di-jakarta-selatan-yang-hits-dan-layak-dicoba/,Bangka,Mampang Prapatan,Kota Jakarta Selatan,DKI Jakarta,-6.262,106.815,Pusat kelurahan/desa,teks+inferensi,
967,967,Warung MJS,Restoran,"Jl. Setia Budi Tengah No.11, Kuningan, Setiabudi, Jakarta Selatan",Resto keluarga masakan Jawa dengan harga terjangkau,1,1,2026-05-22 07:00:00+00:00,2026-05-22 07:00:00+00:00,0,0.0,,0.75,https://www.hipwee.com/travel/resto-keluarga-di-jakarta-selatan/,,Setiabudi,Kota Jakarta Selatan,DKI Jakarta,-6.215,106.83,Pusat kecamatan,teks+inferensi,
968,968,Omah Pincuk,Restoran,"Jl. Raya Pasar Minggu No.55, Pejaten Timur, Pasar Minggu, Jakarta Selatan",Resto keluarga dengan saung dan taman yang adem,1,1,2026-05-22 07:00:00+00:00,2026-05-22 07:00:00+00:00,0,0.0,,0.75,https://www.hipwee.com/travel/resto-keluarga-di-jakarta-selatan/,Pejaten Timur,Pasar Minggu,Kota Jakarta Selatan,DKI Jakarta,-6.275,106.85,Pusat kelurahan/desa,teks+inferensi,
969,969,Kedai Halaman,Restoran,Jakarta Selatan,Resto keluarga konsep modern bersentuhan tradisional yang homey,1,1,2026-05-22 07:00:00+00:00,2026-05-22 07:00:00+00:00,0,0.0,,0.7,https://www.hipwee.com/travel/resto-keluarga-di-jakarta-selatan/,,,Kota Jakarta Selatan,DKI Jakarta,-6.261,106.81,Pusat kota/kabupaten,teks+inferensi,
970,970,Bakmi Gang Kelinci,Restoran,"Pasar Baru, Jakarta Pusat",Kuliner legendaris di kawasan Pasar Baru,1,1,2026-04-22 07:00:00+00:00,2026-04-22 07:00:00+00:00,0,0.0,,0.65,https://www.cnnindonesia.com/gaya-hidup/20260831173335-269-1398415/blok-m-terlalu-ramai-5-spot-nongkrong-di-jakarta-ini-tak-kalah-seru,Pasar Baru,Sawah Besar,Kota Jakarta Pusat,DKI Jakarta,-6.163,106.834,Pusat kelurahan/desa,teks+inferensi,
971,971,Cakue Ko Atek,Restoran,"Pasar Baru, Jakarta Pusat",Kuliner legendaris di kawasan Pasar Baru,1,1,2026-04-22 07:00:00+00:00,2026-04-22 07:00:00+00:00,0,0.0,,0.65,https://www.cnnindonesia.com/gaya-hidup/20260831173335-269-1398415/blok-m-terlalu-ramai-5-spot-nongkrong-di-jakarta-ini-tak-kalah-seru,Pasar Baru,Sawah Besar,Kota Jakarta Pusat,DKI Jakarta,-6.163,106.834,Pusat kelurahan/desa,teks+inferensi,
972,972,Oma Huis,Restoran,"Cikajang, Jakarta Selatan",Kedai baru jajanan kaki lima Korea dengan kimbab porsi besar,1,1,2026-07-12 07:00:00+00:00,2026-07-12 07:00:00+00:00,0,0.0,,0.75,https://food.detik.com/tempat-makan/d-8655093/5-restoran-korea-di-jakarta-ini-punya-kimbab-hingga-ramyeon-enak,Petogogan,Kebayoran Baru,Kota Jakarta Selatan,DKI Jakarta,-6.24,106.807,Pusat kelurahan/desa,teks+inferensi,
973,973,Ayam Goreng Presto Cipete,Restoran,"Cipete, Jakarta Selatan","Ayam goreng presto legendaris sejak 1986 direkomendasikan Bernadya dan Desta, kuliner favorit artis yang ikut viral",1,1,2026-04-19 07:00:00+00:00,2026-04-19 07:00:00+00:00,0,1.0,,0.8,https://food.detik.com/tempat-makan/d-8500096/ini-5-tempat-makan-favorit-hotman-paris-hingga-nicholas-saputra-di-jakarta,,,Kota Jakarta Selatan,DKI Jakarta,-6.261,106.81,Pusat kota/kabupaten,teks+inferensi,Cipete ambigu: Cipete Utara (Kebayoran Baru) atau Cipete Selatan (Cilandak)
974,974,Solene Restaurant,Restoran,"The St. Regis Jakarta, Jl. HR Rasuna Said, Kuningan, Setiabudi, Jakarta Selatan",Restoran Prancis Selatan baru yang mewah,1,1,2026-08-19 07:00:00+00:00,2026-08-19 07:00:00+00:00,0,0.0,Juni 2026,0.75,https://www.nibble.id/restoran-baru-jakarta-juni-2026/,,Setiabudi,Kota Jakarta Selatan,DKI Jakarta,-6.215,106.83,Pusat kecamatan,teks+inferensi,
975,975,Le Comptoir Quartier,Restoran,"Plaza Indonesia, Jakarta",Restoran French Brasserie baru bernuansa lawas elegan,1,1,2026-08-19 07:00:00+00:00,2026-08-19 07:00:00+00:00,0,0.0,Juni 2026,0.7,https://www.nibble.id/restoran-baru-jakarta-juni-2026/,Gondangdia,Menteng,Kota Jakarta Pusat,DKI Jakarta,-6.1934,106.8219,Titik tempat,teks+inferensi,
976,1528,Jembatan Cirahong,lainnya,Perbatasan Kabupaten Ciamis dan Tasikmalaya,"Jembatan heritage ditata Gubernur usai isu pungli, ramai pengunjung karena viral",1,1,2026-05-19 07:00:00+00:00,2026-05-19 07:00:00+00:00,0,1.0,12 April 2026,0.7,https://www.harapanrakyat.com/2026/04/kdm-tata-jembatan-cirahong-warga-tasikmalaya-potensi-jadi-destinasi-wisata-heritage-baru/,,,,Jawa Barat,-6.92,107.6,Pusat provinsi,teks+inferensi,Perbatasan Kab. Ciamis dan Kab. Tasikmalaya
977,977,Salt Bite,Kafe,"Apartemen Gading Mediterania, Kelapa Gading, Jakarta Utara",Gerai khusus salt bread dan kopi susu untuk anak muda,1,1,2026-07-01 07:00:00+00:00,2026-07-01 07:00:00+00:00,0,0.0,,0.7,https://www.nibble.id/salt-bread-jakarta/,,Kelapa Gading,Kota Jakarta Utara,DKI Jakarta,-6.16,106.905,Pusat kecamatan,teks+inferensi,
978,978,Chulos Bake House,Kafe,Jakarta,Rekomendasi tempat viral salt bread dengan varian rasa unik,1,1,2026-08-14 07:00:00+00:00,2026-08-14 07:00:00+00:00,0,1.0,,0.7,https://www.haibunda.com/moms-life/20260429095710-76-390644/10-salt-bread-di-jakarta-yang-enak-dan-viral,,,,DKI Jakarta,-6.2,106.845,Pusat provinsi,teks,
979,979,Hey Kuro,Kafe,Jakarta,Kafe dan toko kue populer dengan salt bread bergaya Jepang dan Korea,1,1,2026-08-14 07:00:00+00:00,2026-08-14 07:00:00+00:00,0,1.0,,0.7,https://www.haibunda.com/moms-life/20260429095710-76-390644/10-salt-bread-di-jakarta-yang-enak-dan-viral,,,,DKI Jakarta,-6.2,106.845,Pusat provinsi,teks,
980,980,London Layers Artisan Bakery,Kafe,"Blok M, Jakarta Selatan",Toko roti premium dengan salt bread dan British donut,1,1,2026-08-05 07:00:00+00:00,2026-08-05 07:00:00+00:00,0,0.0,,0.7,https://www.haibunda.com/moms-life/20260717085449-76-394723/3-salt-bread-di-blok-m-jakarta-yang-viral-enak,Melawai,Kebayoran Baru,Kota Jakarta Selatan,DKI Jakarta,-6.244,106.8,Pusat kelurahan/desa,teks+inferensi,
981,981,Chouxlala,Kafe,"Stasiun MRT Blok M BCA, Jakarta Selatan",Toko salt bread yang mudah dijangkau di area stasiun MRT,1,1,2026-08-05 07:00:00+00:00,2026-08-05 07:00:00+00:00,0,0.0,,0.7,https://www.haibunda.com/moms-life/20260717085449-76-394723/3-salt-bread-di-blok-m-jakarta-yang-viral-enak,Melawai,Kebayoran Baru,Kota Jakarta Selatan,DKI Jakarta,-6.2443,106.7982,Titik tempat,teks+inferensi,
982,982,Jaksinema,lainnya,"Lantai 3 Rusun Pasar Rumput, Jakmart Tower 3, Jakarta Selatan",Bioskop murah di rusun dengan tiket Rp15.000 hingga Rp20.000,1,1,2026-04-23 07:00:00+00:00,2026-04-23 07:00:00+00:00,0,0.0,,0.6,https://www.cnbcindonesia.com/news/20260828111746-4-763056/bioskop-mini-nyempil-di-tengah-pasar-tiket-rp15000-ini-lokasinya,Pasar Manggis,Setiabudi,Kota Jakarta Selatan,DKI Jakarta,-6.209,106.842,Pusat kelurahan/desa,teks+inferensi,
983,983,Bakmi Ncek,Restoran,Jakarta,"Kedai bakmi dengan nuansa tempo dulu, camilan jadul dan Sarsaparilla Cap Badak",1,1,2026-05-07 07:00:00+00:00,2026-05-07 07:00:00+00:00,0,0.0,,0.7,https://jogja.disway.id/gaya-hidup/read/701821/menikmati-rekomendasi-wisata-kuliner-legendaris-di-jakarta-pusat-para-pecinta-mi/15,,,,DKI Jakarta,-6.2,106.845,Pusat provinsi,teks,
984,984,Seribu Rasa Menteng,Restoran,"Jalan H. Agus Salim, Menteng, Jakarta Pusat",Rekomendasi makan siang menu Nusantara bersuasana nyaman,1,1,2026-09-16 07:00:00+00:00,2026-09-16 07:00:00+00:00,0,0.0,,0.7,https://travel.tribunnews.com/kuliner/144944/3-tempat-makan-siang-enak-di-menteng-traveler-wajib-cobain,Kebon Sirih,Menteng,Kota Jakarta Pusat,DKI Jakarta,-6.185,106.826,Pusat kelurahan/desa,teks+inferensi,
985,985,Bungarampai Restaurant,Restoran,"Jalan Teuku Cik Ditiro, Menteng, Jakarta Pusat",Restoran cita rasa Nusantara bersuasana elegan,1,1,2026-09-16 07:00:00+00:00,2026-09-16 07:00:00+00:00,0,0.0,,0.7,https://travel.tribunnews.com/kuliner/144944/3-tempat-makan-siang-enak-di-menteng-traveler-wajib-cobain,,Menteng,Kota Jakarta Pusat,DKI Jakarta,-6.196,106.838,Pusat kecamatan,teks+inferensi,
986,986,Sagoo Kitchen Menteng,Restoran,"Jalan Teuku Cik Ditiro, Menteng, Jakarta Pusat",Family restaurant dengan harga relatif terjangkau,1,1,2026-09-16 07:00:00+00:00,2026-09-16 07:00:00+00:00,0,0.0,,0.7,https://travel.tribunnews.com/kuliner/144944/3-tempat-makan-siang-enak-di-menteng-traveler-wajib-cobain,,Menteng,Kota Jakarta Pusat,DKI Jakarta,-6.196,106.838,Pusat kecamatan,teks+inferensi,
987,1529,Tugu Koperasi,Museum,"Jalan Moh. Hatta, Kecamatan Cipedes, Kota Tasikmalaya",Monumen direvitalisasi menjadi museum sejarah koperasi,1,1,2026-07-08 07:00:00+00:00,2026-07-08 07:00:00+00:00,0,0.0,19 Juli 2026,0.55,https://priangan.tribunnews.com/kota-tasikmalaya/88235/viman-alfarizi-tinjau-tugu-koperasi-tasikmalaya-jelang-kedatangan-menteri-koperasi,,Cipedes,Kota Tasikmalaya,Jawa Barat,-7.315,108.215,Pusat kecamatan,teks,
988,988,Sate Kambing Jaya Agung,Restoran,"Pertemuan Jalan Sabang dan Jalan KH Wahid Hasyim, Jakarta Pusat",Kedai sate kambing legendaris sejak 1963,1,1,2026-06-21 07:00:00+00:00,2026-06-21 07:00:00+00:00,0,0.0,,0.75,https://food.detik.com/tempat-makan/d-8669941/5-tempat-makan-tertua-di-jalan-sabang-ada-rm-padang-sejak-1958,Kebon Sirih,Menteng,Kota Jakarta Pusat,DKI Jakarta,-6.185,106.826,Pusat kelurahan/desa,teks+inferensi,
989,989,Ramen For The Soul,Restoran,Jakarta Selatan,"Kedai ramen kreatif berinterior urban estetik, tempat nongkrong pekerja kreatif",1,1,2026-09-14 02:00:00+00:00,2026-09-14 02:00:00+00:00,0,0.0,,0.7,https://jogja.disway.id/amp/701831/wisata-kuliner-jaksel-berikut-tempat-makan-ramen-paling-enak-dan-populer-di-jakarta-selatan/16,,,Kota Jakarta Selatan,DKI Jakarta,-6.261,106.81,Pusat kota/kabupaten,teks+inferensi,
990,990,Seirock-Ya Ramen,Restoran,Jakarta Selatan,Jaringan kedai ramen legendaris dengan kuah kental kaya kolagen,1,1,2026-09-14 02:00:00+00:00,2026-09-14 02:00:00+00:00,0,0.0,,0.7,https://jogja.disway.id/amp/701831/wisata-kuliner-jaksel-berikut-tempat-makan-ramen-paling-enak-dan-populer-di-jakarta-selatan/16,,,Kota Jakarta Selatan,DKI Jakarta,-6.261,106.81,Pusat kota/kabupaten,teks+inferensi,
991,991,Senju Omakase,Restoran,"Plaza Indonesia, Jakarta Pusat",Restoran omakase mewah dengan bahan laut musiman dan wagyu Miyazaki,1,1,2026-08-10 07:00:00+00:00,2026-08-10 07:00:00+00:00,0,0.0,,0.75,https://jogja.disway.id/amp/701826/menelusuri-daftar-restoran-omakase-sushi-terbaik-di-jakarta-dengan-cita-rasa-autentik-kelas-dunia/16,Gondangdia,Menteng,Kota Jakarta Pusat,DKI Jakarta,-6.1934,106.8219,Titik tempat,teks+inferensi,
992,992,Asuka Japanese Dining,Restoran,"JW Marriott Mega Kuningan, Jakarta Selatan",Restoran sushi dan sashimi otentik dengan bahan dari Jepang,1,1,2026-08-10 07:00:00+00:00,2026-08-10 07:00:00+00:00,0,0.0,,0.7,https://jogja.disway.id/amp/701826/menelusuri-daftar-restoran-omakase-sushi-terbaik-di-jakarta-dengan-cita-rasa-autentik-kelas-dunia/16,Kuningan Timur,Setiabudi,Kota Jakarta Selatan,DKI Jakarta,-6.23,106.828,Pusat kelurahan/desa,teks+inferensi,
993,993,Tatemukai Signature,Restoran,Jakarta,Restoran fine dining Jepang mewah,1,1,2026-08-10 07:00:00+00:00,2026-08-10 07:00:00+00:00,0,0.0,,0.6,https://jogja.disway.id/amp/701826/menelusuri-daftar-restoran-omakase-sushi-terbaik-di-jakarta-dengan-cita-rasa-autentik-kelas-dunia/16,,,,DKI Jakarta,-6.2,106.845,Pusat provinsi,teks,
994,994,Bubur Ayam Cikini H.R. Sulaiman,Restoran,"Jalan Cisadane, dekat Stasiun Cikini, Jakarta Pusat",Bubur ayam legendaris sejak 1970-an,1,1,2026-07-10 07:00:00+00:00,2026-07-10 07:00:00+00:00,0,0.0,,0.8,https://food.detik.com/tempat-makan/d-8491470/seharian-kulineran-di-cikini-cobain-5-tempat-makan-legendaris-ini-yuk,Cikini,Menteng,Kota Jakarta Pusat,DKI Jakarta,-6.195,106.841,Pusat kelurahan/desa,teks+inferensi,
995,1530,Hazet,lainnya,Kota Tasikmalaya,Kawasan pedestrian ikon kota yang dipromosikan lewat lagu Kongkow ke Hazet yang ramai di TikTok,1,1,2026-08-01 07:37:45+00:00,2026-08-01 07:37:45+00:00,0,0.0,,0.6,http://kilangbara.com/2026/08/12/lagu-kongkow-ke-hazet-gebrak-tiktok-netizen-gokil-ikut-karaoke-icon-kota-tasik-unjuk-gigi/,,,Kota Tasikmalaya,Jawa Barat,-7.33,108.22,Pusat kota/kabupaten,teks,Kawasan Jl. HZ Mustofa
996,996,Restoran Eka Ria,Restoran,Jakarta Pusat,Restoran China Kanton peranakan legendaris sejak 1925 dengan ruang dansa,1,1,2026-07-06 07:00:00+00:00,2026-07-06 07:00:00+00:00,0,0.0,,0.75,https://food.detik.com/resto-dan-kafe/d-8574906/5-restoran-chinese-food-autentik-di-jakarta-ada-yang-berdiri-sejak-1925,,,Kota Jakarta Pusat,DKI Jakarta,-6.182,106.834,Pusat kota/kabupaten,teks+inferensi,
997,997,Wong Fu Kie,Restoran,"Jalan Perniagaan Timur, Jakarta",Restoran Chinese food legendaris dalam gang yang selalu ramai,1,1,2026-07-06 07:00:00+00:00,2026-07-06 07:00:00+00:00,0,0.0,,0.7,https://food.detik.com/resto-dan-kafe/d-8574906/5-restoran-chinese-food-autentik-di-jakarta-ada-yang-berdiri-sejak-1925,,Tambora,Kota Jakarta Barat,DKI Jakarta,-6.14,106.808,Pusat kecamatan,teks+inferensi,
998,1531,SMOKIKI,Restoran,"Jl. Gurindam, Tlk. Tering, Kecamatan Batam Kota, Kota Batam",Restoran baru milik runner up MCI dengan BPK halal daging sapi,1,1,2026-09-24 07:33:28+00:00,2026-09-24 07:33:28+00:00,0,0.0,,0.75,https://metropolis.batampos.co.id/jelajah-kuliner-batam-5-tempat-makan-baru-dengan-menu-unik-dan-instagramable/,Teluk Tering,Batam Kota,Kota Batam,Kepulauan Riau,1.13,104.05,Pusat kecamatan,teks+inferensi,
999,999,Minang Tempo Doeloe,Restoran,"PIK, Jakarta Utara",Rumah makan Minang modern yang jarang terekspos,1,1,2026-06-01 07:00:00+00:00,2026-06-01 07:00:00+00:00,0,0.0,,0.7,https://food.detik.com/resto-dan-kafe/d-8494926/5-restoran-padang-underrated-di-jakarta-ini-cocok-buat-wisata-kuliner,,Penjaringan,Kota Jakarta Utara,DKI Jakarta,-6.125,106.78,Pusat kecamatan,teks+inferensi,PIK mencakup Kel. Kamal Muara dan Kapuk Muara
1000,1000,RM Padang Telaga Sari,Restoran,Depok,Rumah makan Padang favorit dengan lauk lengkap dan bumbu medok,1,1,2026-06-01 07:00:00+00:00,2026-06-01 07:00:00+00:00,0,0.0,,0.7,https://food.detik.com/resto-dan-kafe/d-8494926/5-restoran-padang-underrated-di-jakarta-ini-cocok-buat-wisata-kuliner,,,Kota Depok,Jawa Barat,-6.402,106.794,Pusat kota/kabupaten,teks+inferensi,
1001,1001,RM Surya,Restoran,"Jl. Bendungan Hilir No. 5, Tanah Abang, Jakarta Pusat","Rumah makan Padang sejak 1960, pernah dicicipi Anthony Bourdain dan NCT Wish",1,1,2026-06-12 07:00:00+00:00,2026-06-12 07:00:00+00:00,0,0.0,,0.8,https://food.detik.com/tempat-makan/d-8578559/bertahan-selama-puluhan-tahun-ini-7-nasi-padang-tertua-di-jakarta,Bendungan Hilir,Tanah Abang,Kota Jakarta Pusat,DKI Jakarta,-6.211,106.812,Pusat kelurahan/desa,teks+inferensi,
1002,1532,Ruang Tamu Slow Bar Roastery,Kafe,"Jl. Orchid Park blok D no 136, Taman Baloi, Kecamatan Batam Kota, Kota Batam","Kafe rumahan dengan kopi signature rempah, cocok WFC",1,1,2026-09-24 07:33:28+00:00,2026-09-24 07:33:28+00:00,0,0.0,,0.75,https://metropolis.batampos.co.id/jelajah-kuliner-batam-5-tempat-makan-baru-dengan-menu-unik-dan-instagramable/,Taman Baloi,Batam Kota,Kota Batam,Kepulauan Riau,1.13,104.05,Pusat kecamatan,teks+inferensi,
1003,1003,Gultik Pakde Lamandau,Restoran,"Lamandau III No. 23-25, Kramat Pela, Kebayoran Baru, Jakarta Selatan",Gultik kaki lima buka sejak pagi dengan harga mulai Rp12.000,1,1,2026-05-04 07:00:00+00:00,2026-05-04 07:00:00+00:00,0,0.0,,0.75,https://food.detik.com/warung-makan/d-8623599/ngidam-gultik-ini-5-tempat-di-jakarta-yang-menunya-mulai-rp12-ribuan,Kramat Pela,Kebayoran Baru,Kota Jakarta Selatan,DKI Jakarta,-6.24,106.79,Pusat kelurahan/desa,teks+inferensi,
1004,1004,Gultik Koko,Restoran,"Kelapa Gading, Jakarta Utara",Gultik konsep modern dengan paket makan sepuasnya,1,1,2026-05-04 07:00:00+00:00,2026-05-04 07:00:00+00:00,0,0.0,,0.7,https://food.detik.com/warung-makan/d-8623599/ngidam-gultik-ini-5-tempat-di-jakarta-yang-menunya-mulai-rp12-ribuan,,Kelapa Gading,Kota Jakarta Utara,DKI Jakarta,-6.16,106.905,Pusat kecamatan,teks+inferensi,
1005,1005,Rumah Makan Siang Malam,Restoran,"Jalan Veteran, dekat Stasiun Gambir, Jakarta Pusat","Masuk daftar wisata kuliner viral murah dekat Stasiun Gambir, masakan Padang",1,1,2026-05-23 07:00:00+00:00,2026-05-23 07:00:00+00:00,0,1.0,,0.7,https://chanelmuslim.com/wisata/5-wisata-kuliner-viral-murah-dekat-stasiun-gambir-yang-wajib-dicoba,Gambir,Gambir,Kota Jakarta Pusat,DKI Jakarta,-6.172,106.828,Pusat kelurahan/desa,teks+inferensi,
1006,1006,Warung Sate Tongseng Sri Rejeki,Restoran,"Dekat Stasiun Gambir, Jakarta Pusat",Masuk daftar wisata kuliner viral murah dekat Stasiun Gambir,1,1,2026-05-23 07:00:00+00:00,2026-05-23 07:00:00+00:00,0,1.0,,0.6,https://chanelmuslim.com/wisata/5-wisata-kuliner-viral-murah-dekat-stasiun-gambir-yang-wajib-dicoba,,Gambir,Kota Jakarta Pusat,DKI Jakarta,-6.175,106.818,Pusat kecamatan,teks+inferensi,
1007,1007,Walking Tour BerKemana KompasTravel,lainnya,"Menteng hingga Jalan Sabang, Jakarta Pusat",Walking tour menyusuri toko kopi legendaris dan bangunan bersejarah,1,1,2026-06-21 07:00:00+00:00,2026-06-21 07:00:00+00:00,0,0.0,18 April 2026,0.6,https://travel.kompas.com/read/2026/04/21/080800527/walking-tour-kompas.com-jelajah-13-toko-kopi-dan-wisata-legendaris-jakarta,,Menteng,Kota Jakarta Pusat,DKI Jakarta,-6.196,106.838,Pusat kecamatan,teks+inferensi,
1008,1008,Toko Kelontong Adi Jaya,lainnya,"Sumur Batu, Kemayoran, Jakarta Pusat",Video toko kelontong diacak-acak viral di media sosial (isu negatif),1,1,2026-06-22 07:00:00+00:00,2026-06-22 07:00:00+00:00,0,1.0,3 Mei 2026,0.4,https://megapolitan.kompas.com/read/2026/05/04/18043811/viral-toko-kelontong-di-kemayoran-diacak-acak-warga-polisi-ada,Sumur Batu,Kemayoran,Kota Jakarta Pusat,DKI Jakarta,-6.16,106.863,Pusat kelurahan/desa,teks+inferensi,
1009,1009,Blok M Square,lainnya,"Lantai Dasar Blok M Square, Blok M, Jakarta Selatan",Surga buku bekas dengan sekitar 40 toko buku di pusat skena Blok M,1,1,2026-04-30 07:00:00+00:00,2026-04-30 07:00:00+00:00,0,0.0,,0.55,https://www.cnnindonesia.com/nasional/20260527103135-20-1362767/toko-buku-blok-m-oase-literasi-di-pusat-skena-jakarta,Melawai,Kebayoran Baru,Kota Jakarta Selatan,DKI Jakarta,-6.244,106.8,Pusat kelurahan/desa,teks+inferensi,
1010,1533,odd by Common Space,Kafe,"Ruko Greenland Jl. Gurindam No.4 Blok T, Tlk. Tering, Kecamatan Batam Kota, Kota Batam",Kafe baru konsep kekinian dengan cold brew tap,1,1,2026-09-24 07:33:28+00:00,2026-09-24 07:33:28+00:00,0,0.0,,0.75,https://metropolis.batampos.co.id/jelajah-kuliner-batam-5-tempat-makan-baru-dengan-menu-unik-dan-instagramable/,Teluk Tering,Batam Kota,Kota Batam,Kepulauan Riau,1.13,104.05,Pusat kecamatan,teks+inferensi,
1011,1011,Padang Pagi Sore PIK,Restoran,"Pantai Indah Kapuk, Jakarta Utara",Masuk template kulineran turis Malaysia di Jakarta,1,1,2026-04-11 07:00:00+00:00,2026-04-11 07:00:00+00:00,0,0.0,,0.65,https://food.detik.com/tempat-makan/d-8458199/cookies-hingga-jajan-pasar-yang-diincar-turis-malaysia-saat-ke-jakarta,,Penjaringan,Kota Jakarta Utara,DKI Jakarta,-6.125,106.78,Pusat kecamatan,teks+inferensi,PIK mencakup Kel. Kamal Muara dan Kapuk Muara
1012,1012,By The Sea PIK,lainnya,"Pantai Indah Kapuk, Jakarta Utara",Tujuan belanja dan jajan turis Malaysia,1,1,2026-04-11 07:00:00+00:00,2026-04-11 07:00:00+00:00,0,0.0,,0.55,https://food.detik.com/tempat-makan/d-8458199/cookies-hingga-jajan-pasar-yang-diincar-turis-malaysia-saat-ke-jakarta,,Penjaringan,Kota Jakarta Utara,DKI Jakarta,-6.125,106.78,Pusat kecamatan,teks+inferensi,PIK mencakup Kel. Kamal Muara dan Kapuk Muara
1013,1013,Chikuro,Kafe,Jakarta,Jajanan ayam stick Chiro yang paling viral diburu turis Malaysia,1,1,2026-04-11 07:00:00+00:00,2026-04-11 07:00:00+00:00,0,1.0,,0.7,https://food.detik.com/tempat-makan/d-8458199/cookies-hingga-jajan-pasar-yang-diincar-turis-malaysia-saat-ke-jakarta,,,,DKI Jakarta,-6.2,106.845,Pusat provinsi,teks,
1014,1519,Pasar Tumaritis,Pameran,"Jalan Sekarkemuning, Kelurahan Karya Mulya, Kecamatan Kesambi, Kota Cirebon","Pasar artisan pertama di Cirebon dengan kuliner, literasi dan karya warga binaan",1,1,2026-04-24 07:00:00+00:00,2026-04-24 07:00:00+00:00,0,0.0,14 Juni 2026,0.75,https://radarcirebon.disway.id/kota-cirebon/read/222770/pasar-tumaritis-cirebon-pasar-artisan-pertama-yang-menghadirkan-harmoni-kuliner-literasi-karya-warga-rutan,Karya Mulya,Kesambi,Kota Cirebon,Jawa Barat,-6.725,108.545,Pusat kecamatan,teks,
1015,1015,Festival Burger Dunia,Pameran,"Chillax, Sudirman, Jakarta Pusat",Festival kuliner burger gagasan Aldi Taher dengan 18 tenant burger lokal,1,1,2026-05-06 07:00:00+00:00,2026-05-06 07:00:00+00:00,0,0.0,5-7 Juni 2026,0.7,https://voi.id/lifestyle/579146/sukses-gelar-festival-burger-dunia-aldi-taher-ajang-silaturahmi,,,Kota Jakarta Pusat,DKI Jakarta,-6.182,106.834,Pusat kota/kabupaten,teks+inferensi,
1016,1016,Festival Kali Pasir 2026,Pameran,"Kampus IKJ, Cikini, Jakarta Pusat",Festival seni budaya berpotensi jadi ikon menuju kota global,1,1,2026-06-22 07:00:00+00:00,2026-06-22 07:00:00+00:00,0,0.0,,0.7,https://www.antaranews.com/berita/5664133/festival-kali-pasir-dinilai-dapat-menjadi-ikon-budaya-jakarta,Cikini,Menteng,Kota Jakarta Pusat,DKI Jakarta,-6.195,106.841,Pusat kelurahan/desa,teks+inferensi,
1017,1017,Sulaiman Resto,Restoran,Jakarta Barat,Chinese food halal dengan porsi besar dan harga terjangkau,1,1,2026-05-04 07:00:00+00:00,2026-05-04 07:00:00+00:00,0,0.0,,0.7,https://food.detik.com/resto-dan-kafe/d-8483820/5-chinese-food-halal-di-jakarta-barat-ada-yang-legendaris-sejak-1958,,,Kota Jakarta Barat,DKI Jakarta,-6.168,106.759,Pusat kota/kabupaten,teks+inferensi,
1018,1018,Three Uncles,Restoran,"Kebon Jeruk, Jakarta Barat",Terkenal dengan dimsum dan menu Cantonese serta mie mala,1,1,2026-05-04 07:00:00+00:00,2026-05-04 07:00:00+00:00,0,0.0,,0.7,https://food.detik.com/resto-dan-kafe/d-8483820/5-chinese-food-halal-di-jakarta-barat-ada-yang-legendaris-sejak-1958,,Kebon Jeruk,Kota Jakarta Barat,DKI Jakarta,-6.192,106.77,Pusat kecamatan,teks+inferensi,
1019,1019,Nasi Uduk Ibu Sumi,Restoran,"Jl. Mangga Dua Raya No.55, Pinangsia, Taman Sari, Jakarta Barat","Kuliner malam rekomendasi media sosial, nasi uduk dengan puluhan lauk",1,1,2026-05-04 07:00:00+00:00,2026-05-04 07:00:00+00:00,0,0.0,,0.75,https://www.kompas.com/food/read/2026/04/11/123000975/7-kuliner-malam-enak-di-daerah-jakarta-barat-yang-legendaris-?page=all,Pinangsia,Taman Sari,Kota Jakarta Barat,DKI Jakarta,-6.14,106.816,Pusat kelurahan/desa,teks+inferensi,
1020,1020,Nasi Uduk Bang Udin,Restoran,"Jl. Palmerah Barat No.25A, Palmerah, Jakarta Barat",Nasi uduk Betawi tersohor dengan antrean panjang saat makan malam,1,1,2026-05-04 07:00:00+00:00,2026-05-04 07:00:00+00:00,0,0.0,,0.75,https://www.kompas.com/food/read/2026/04/11/123000975/7-kuliner-malam-enak-di-daerah-jakarta-barat-yang-legendaris-?page=all,,Palmerah,Kota Jakarta Barat,DKI Jakarta,-6.195,106.795,Pusat kecamatan,teks+inferensi,
1021,1021,Bakmi Ahau 38,Restoran,"Mangga Besar, Jakarta Barat",Bakmi karet legendaris sejak 1960-an buka sampai dini hari,1,1,2026-05-04 07:00:00+00:00,2026-05-04 07:00:00+00:00,0,0.0,,0.7,https://www.kompas.com/food/read/2026/04/11/123000975/7-kuliner-malam-enak-di-daerah-jakarta-barat-yang-legendaris-?page=all,Mangga Besar,Taman Sari,Kota Jakarta Barat,DKI Jakarta,-6.148,106.823,Pusat kelurahan/desa,teks+inferensi,
1022,1022,Kopi Es Tak Kie,Kafe,"Petak Sembilan, Glodok, Jakarta Barat",Kedai kopi tertua di Jakarta hampir satu abad dengan atmosfer Pecinan,1,1,2026-06-22 07:00:00+00:00,2026-06-22 07:00:00+00:00,0,0.0,,0.8,https://harpersbazaar.co.id/articles/read/3/2025/21902/rekomendasi-tempat-makan-legendaris-di-jakarta,Glodok,Taman Sari,Kota Jakarta Barat,DKI Jakarta,-6.144,106.812,Pusat kelurahan/desa,teks+inferensi,
1023,1023,Kwetiaw Sapi 78 Mangga Besar,Restoran,"Jalan Raya Mangga Besar No. 78D, Taman Sari, Jakarta Barat",Kwetiau sapi Pontianak legendaris sejak 1973,1,1,2026-04-16 07:00:00+00:00,2026-04-16 07:00:00+00:00,0,0.0,,0.8,https://food.detik.com/tempat-makan/d-8525769/selalu-ngangenin-5-tempat-makan-kwetiau-sapi-legendaris-yang-smoky-sedap,,Taman Sari,Kota Jakarta Barat,DKI Jakarta,-6.148,106.818,Pusat kecamatan,teks+inferensi,
1024,1024,Kwetiau Sapi Aciap,Restoran,Jakarta,Spesialis kwetiau sapi Pontianak sejak awal 1980-an dengan aroma asap kuat,1,1,2026-04-16 07:00:00+00:00,2026-04-16 07:00:00+00:00,0,0.0,,0.7,https://food.detik.com/tempat-makan/d-8525769/selalu-ngangenin-5-tempat-makan-kwetiau-sapi-legendaris-yang-smoky-sedap,,,,DKI Jakarta,-6.2,106.845,Pusat provinsi,teks,
1025,1025,Soto Tangkar Pak Jumanta,Restoran,"Jalan Pancoran Gang Kalimati No. 8, Glodok, Jakarta Barat",Soto tangkar legendaris populer sejak 1971,1,1,2026-05-04 07:00:00+00:00,2026-05-04 07:00:00+00:00,0,0.0,,0.8,https://food.detik.com/tempat-makan/d-8541738/hangat-berempah-5-soto-tangkar-legendaris-di-jakarta-yang-kelezatannya-masih-sama,Glodok,Taman Sari,Kota Jakarta Barat,DKI Jakarta,-6.144,106.812,Pusat kelurahan/desa,teks+inferensi,
1026,1026,Soto Tangkar Kang Jaja,Restoran,Jakarta Selatan,Warung kaki lima soto tangkar legendaris,1,1,2026-05-04 07:00:00+00:00,2026-05-04 07:00:00+00:00,0,0.0,,0.65,https://food.detik.com/tempat-makan/d-8541738/hangat-berempah-5-soto-tangkar-legendaris-di-jakarta-yang-kelezatannya-masih-sama,,,Kota Jakarta Selatan,DKI Jakarta,-6.261,106.81,Pusat kota/kabupaten,teks+inferensi,
1027,1027,Jajanan Agnes,Kafe,"Jalan Taman Ratu Indah Blok Ee7 No. 21, Kebon Jeruk, Jakarta Barat",Gemblong usaha rumahan masuk vlog Ria SW dan jadi perbincangan,1,1,2026-07-31 07:00:00+00:00,2026-07-31 07:00:00+00:00,0,1.0,,0.7,https://food.detik.com/info-kuliner/d-8529352/5-gemblong-viral-yang-legit-lembut-jajanan-ndeso-naik-daun-lagi,Duri Kepa,Kebon Jeruk,Kota Jakarta Barat,DKI Jakarta,-6.18,106.77,Pusat kelurahan/desa,teks+inferensi,
1028,1028,Gemblong Mama Nny,Kafe,"Lantai LG Gandaria City, Jakarta Selatan",Gemblong viral varian original dan matcha,1,1,2026-07-31 07:00:00+00:00,2026-07-31 07:00:00+00:00,0,1.0,,0.7,https://food.detik.com/info-kuliner/d-8529352/5-gemblong-viral-yang-legit-lembut-jajanan-ndeso-naik-daun-lagi,Kebayoran Lama Utara,Kebayoran Lama,Kota Jakarta Selatan,DKI Jakarta,-6.2442,106.7835,Titik tempat,teks+inferensi,
1029,1029,Gemblong Persahabatan,Kafe,Jakarta,Termasuk gemblong viral,1,1,2026-07-31 07:00:00+00:00,2026-07-31 07:00:00+00:00,0,1.0,,0.6,https://food.detik.com/info-kuliner/d-8529352/5-gemblong-viral-yang-legit-lembut-jajanan-ndeso-naik-daun-lagi,,,,DKI Jakarta,-6.2,106.845,Pusat provinsi,teks,
1030,31,Warung Bogana May-May,Restoran,"Pasar Modern BSD, Tangerang Selatan","Nasi bogana dengan isian lengkap, murah",1,1,2026-07-22 07:00:00+00:00,2026-07-22 07:00:00+00:00,0,0.0,,0.8,https://www.hipwee.com/travel/tempat-makan-murah-di-tangerang/,Lengkong Gudang,Serpong,Kota Tangerang Selatan,Banten,-6.302,106.68,Pusat kelurahan/desa,teks+inferensi,Pasar Modern BSD
1031,1031,Festival Wisata Kuliner Malam Glodok,Pameran,"Jalan Pancoran, Pecinan Glodok, Tamansari, Jakarta Barat",Festival kuliner Betawi dan Pecinan dengan 60 UMKM memeriahkan HUT Jakarta ke-499,1,1,2026-05-13 07:00:00+00:00,2026-05-13 07:00:00+00:00,0,0.0,20 Juni 2026,0.8,https://www.cnnindonesia.com/gaya-hidup/20260617065109-269-1369829/sambut-hut-jakarta-bakal-ada-festival-wisata-kuliner-malam-glodok,Glodok,Taman Sari,Kota Jakarta Barat,DKI Jakarta,-6.144,106.812,Pusat kelurahan/desa,teks+inferensi,
1032,1032,Festival Jakarta Great Sale 2026,Pameran,"Central Park Mall II, Jakarta Barat dan 104 pusat perbelanjaan Jakarta",Festival belanja rangkaian HUT Jakarta ke-499,1,1,2026-07-22 07:00:00+00:00,2026-07-22 07:00:00+00:00,0,0.0,10 Juni - 22 Juli 2026,0.6,https://infobanknews.com/festival-jakarta-great-sale-2026-resmi-dibuka,Tanjung Duren Selatan,Grogol Petamburan,Kota Jakarta Barat,DKI Jakarta,-6.1771,106.7907,Titik tempat,teks+inferensi,Festival juga di 104 pusat perbelanjaan Jakarta
1033,1033,Bangor Fest Vol. 4,Pameran,"Stadion Madya B GBK, Jakarta",Festival burger terbesar Burger Bangor dengan panggung musik,1,1,2026-05-25 07:00:00+00:00,2026-05-25 07:00:00+00:00,0,0.0,8-9 Agustus 2026,0.7,https://hot.detik.com/music/d-8576122/denny-sumargo-gelar-festival-seru-ada-konser-musik-bertabur-bintang,Gelora,Tanah Abang,Kota Jakarta Pusat,DKI Jakarta,-6.218,106.803,Pusat kelurahan/desa,teks+inferensi,
1034,1034,Iga Bakar Rawamangun,Restoran,"Jl. Tawes No.14, Jati, Pulo Gadung, Jakarta Timur",Iga bakar kaki lima potongan jumbo dengan nasi kebuli,1,1,2026-08-10 07:00:00+00:00,2026-08-10 07:00:00+00:00,0,0.0,,0.7,https://food.detik.com/tempat-makan/d-8563211/5-kuliner-enak-di-kawasan-rawamangun-ada-bakmi-tasik-hingga-soto-bening,Jati,Pulo Gadung,Kota Jakarta Timur,DKI Jakarta,-6.195,106.89,Pusat kelurahan/desa,teks+inferensi,
1035,1035,Mie Jogja Pak Karso,Restoran,"Rawamangun, Jakarta Timur",Bakmi Jawa dengan ayam kampung dan telur bebek,1,1,2026-08-10 07:00:00+00:00,2026-08-10 07:00:00+00:00,0,0.0,,0.7,https://food.detik.com/tempat-makan/d-8563211/5-kuliner-enak-di-kawasan-rawamangun-ada-bakmi-tasik-hingga-soto-bening,Rawamangun,Pulo Gadung,Kota Jakarta Timur,DKI Jakarta,-6.198,106.884,Pusat kelurahan/desa,teks+inferensi,
1036,1036,Quiznos Sub,Restoran,"Jl. Pemuda Kav.30 No.7, Rawamangun, Pulo Gadung, Jakarta Timur",Restoran sandwich premium asal Amerika,1,1,2026-08-14 07:00:00+00:00,2026-08-14 07:00:00+00:00,0,0.0,,0.65,https://www.kompas.com/food/read/2026/04/12/190000375/7-kuliner-rawamangun-terenak-dari-legendaris-hingga-kekinian?page=all,Rawamangun,Pulo Gadung,Kota Jakarta Timur,DKI Jakarta,-6.198,106.884,Pusat kelurahan/desa,teks+inferensi,
1037,1037,Sate Padang H. Ajo Manih,Restoran,"Jl. Balai Pustaka Timur, Rawamangun, Pulo Gadung, Jakarta Timur",Sate Padang legendaris sejak 1975,1,1,2026-08-14 07:00:00+00:00,2026-08-14 07:00:00+00:00,0,0.0,,0.75,https://www.kompas.com/food/read/2026/04/12/190000375/7-kuliner-rawamangun-terenak-dari-legendaris-hingga-kekinian?page=all,Rawamangun,Pulo Gadung,Kota Jakarta Timur,DKI Jakarta,-6.198,106.884,Pusat kelurahan/desa,teks+inferensi,
1038,1038,Bakmi Jawa Mbak Sastro,Restoran,"Rawamangun, Jakarta Timur",Bakmi khas Jawa di Rawamangun,1,1,2026-08-14 07:00:00+00:00,2026-08-14 07:00:00+00:00,0,0.0,,0.65,https://www.kompas.com/food/read/2026/04/12/190000375/7-kuliner-rawamangun-terenak-dari-legendaris-hingga-kekinian?page=all,Rawamangun,Pulo Gadung,Kota Jakarta Timur,DKI Jakarta,-6.198,106.884,Pusat kelurahan/desa,teks+inferensi,
1039,1039,Rumah Rasa x Warkop Medan Bang Jo,Restoran,"Pulogebang, Jakarta Timur",Tempat makan seafood baru cabang Rumah Rasa Ancol berkonsep nongkrong khas Medan,1,1,2026-08-24 07:00:00+00:00,2026-08-24 07:00:00+00:00,0,0.0,,0.7,https://www.kompasiana.com/silvianitsuga/6a9155f5c925c466a668604c/spot-seafood-baru-yang-wajib-dicoba-di-pulogebang-jakarta-timur?page=all,Pulo Gebang,Cakung,Kota Jakarta Timur,DKI Jakarta,-6.21,106.95,Pusat kelurahan/desa,teks+inferensi,
1040,1040,Sate Sederhana Keroncong,Restoran,"Gang Lele, Matraman Raya, Jatinegara, Jakarta Timur",Sate kambing legendaris sejak 1964,1,1,2026-06-21 07:00:00+00:00,2026-06-21 07:00:00+00:00,0,0.0,,0.75,https://food.detik.com/rumah-makan/d-8519185/blusukan-ke-jatinegara-jangan-lupa-coba-7-kuliner-legendaris-ini,,Jatinegara,Kota Jakarta Timur,DKI Jakarta,-6.22,106.87,Pusat kecamatan,teks+inferensi,
1041,1041,Bakmi Lorong,Restoran,"Lorong Pasar Jatinegara, Jakarta Timur",Bakmi legendaris sejak 1970,1,1,2026-06-21 07:00:00+00:00,2026-06-21 07:00:00+00:00,0,0.0,,0.75,https://food.detik.com/rumah-makan/d-8519185/blusukan-ke-jatinegara-jangan-lupa-coba-7-kuliner-legendaris-ini,,Jatinegara,Kota Jakarta Timur,DKI Jakarta,-6.22,106.87,Pusat kecamatan,teks+inferensi,
1042,32,Harmadha Joglo,Restoran,"Jl. Diponegoro No. 21, Nganten, Selosari, Kecamatan Magetan, Kabupaten Magetan","Restoran dan kafe hits, sop iga dan rawon",1,1,2026-09-25 14:16:00+00:00,2026-09-25 14:16:00+00:00,0,0.0,,0.9,https://rri.co.id/madiun/kuliner/2758486/harmadha-joglo-tempat-kuliner-hits-magetan,Selosari,Magetan,Kabupaten Magetan,Jawa Timur,-7.65,111.33,Pusat kelurahan/desa,teks+inferensi,
1043,33,RM Mang Iki,Restoran,"Jl. Pasar Baru No. 84, Ciwalen, Garut Kota, Garut",Rumah makan Sunda legendaris sejak 1970,1,1,2026-06-27 07:00:00+00:00,2026-06-27 07:00:00+00:00,0,0.0,,0.9,https://food.detik.com/tempat-makan/d-8549503/7-tempat-makan-di-garut-yang-enak-dan-murah-favorit-warga-lokal,Ciwalen,Garut Kota,Kabupaten Garut,Jawa Barat,-7.213,107.905,Pusat kelurahan/desa,teks+inferensi,
1044,1044,Mardin Baklava Patisserie,Kafe,"Jl. Cipinang Jaya Raya No.74, Cipinang, Jakarta Timur",Kafe baklava dan kunafa khas Turki sejak 2018,1,1,2026-05-04 07:00:00+00:00,2026-05-04 07:00:00+00:00,0,0.0,,0.75,https://www.nibble.id/15-kuliner-jakarta-timur-yang-bikin-ig-hits-kembali/,,,Kota Jakarta Timur,DKI Jakarta,-6.225,106.9,Pusat kota/kabupaten,teks+inferensi,"Cipinang ambigu (Kel. Cipinang, Pulo Gadung atau Cipinang Besar, Jatinegara)"
1045,1045,Resto Salemba 43,Restoran,"Jl. Sunan Sedayu No.7, Jati, Pulo Gadung, Jakarta Timur",Restoran Chinese halal legendaris dan autentik,1,1,2026-05-04 07:00:00+00:00,2026-05-04 07:00:00+00:00,0,0.0,,0.7,https://www.nibble.id/15-kuliner-jakarta-timur-yang-bikin-ig-hits-kembali/,Jati,Pulo Gadung,Kota Jakarta Timur,DKI Jakarta,-6.195,106.886,Pusat kelurahan/desa,teks+inferensi,
1046,1046,Fork Daily,Restoran,"The Amboja, dekat TMII, Jakarta Timur",Tempat makan di mal dekat kawasan TMII,1,1,2026-05-04 07:00:00+00:00,2026-05-04 07:00:00+00:00,0,0.0,,0.55,https://www.nibble.id/15-kuliner-jakarta-timur-yang-bikin-ig-hits-kembali/,,,Kota Jakarta Timur,DKI Jakarta,-6.225,106.9,Pusat kota/kabupaten,teks+inferensi,"The Amboja, dekat TMII"
1047,34,RM Saung Cikenceh,Restoran,"Garut Kota, Garut","Hidangan Sunda autentik, suasana santai, harga terjangkau",1,1,2026-06-27 07:00:00+00:00,2026-06-27 07:00:00+00:00,0,0.0,,0.85,https://food.detik.com/tempat-makan/d-8549503/7-tempat-makan-di-garut-yang-enak-dan-murah-favorit-warga-lokal,,Garut Kota,Kabupaten Garut,Jawa Barat,-7.215,107.9,Pusat kecamatan,teks+inferensi,
1048,1048,Indonesia International Pet Expo 2026,Pameran,Jabodetabek,Pameran hewan peliharaan bertema Unleash The Energy,1,1,2026-09-26 03:00:00+00:00,2026-09-26 03:00:00+00:00,0,0.0,4-6 September 2026,0.65,https://mommiesdaily.com/2026/09/04/event-jabodetabek-4-6-september-2026,,,,,,,,teks,"Jabodetabek (lintas provinsi: DKI Jakarta, Jawa Barat, Banten)"
1049,1049,IMKIDS JIPREMIUM,Pameran,Jabodetabek,Pameran produk premium ibu dan anak,1,1,2026-09-26 03:00:00+00:00,2026-09-26 03:00:00+00:00,0,0.0,4-6 September 2026,0.6,https://mommiesdaily.com/2026/09/04/event-jabodetabek-4-6-september-2026,,,,,,,,teks,"Jabodetabek (lintas provinsi: DKI Jakarta, Jawa Barat, Banten)"
1050,1050,Nagri Utara,Restoran,"Jalan Kemang Selatan VIII No. 55, Kemang, Jakarta Selatan",Kuliner warung Mamak Malaysia dengan nasi kandar,1,1,2026-07-05 07:00:00+00:00,2026-07-05 07:00:00+00:00,0,0.0,,0.7,https://food.detik.com/resto-dan-kafe/d-8651835/5-tempat-makan-nasi-kandar-autentik-di-jakarta-harganya-mulai-rp30-ribuan,,,Kota Jakarta Selatan,DKI Jakarta,-6.266,106.81,Pusat kota/kabupaten,teks+inferensi,kawasan Kemang
1051,1051,Kandar Bros,Restoran,"Apartemen Kalibata City Tower Ebony, Kalibata, Jakarta Selatan",Kedai nasi kandar khas Malaysia,1,1,2026-07-05 07:00:00+00:00,2026-07-05 07:00:00+00:00,0,0.0,,0.7,https://food.detik.com/resto-dan-kafe/d-8651835/5-tempat-makan-nasi-kandar-autentik-di-jakarta-harganya-mulai-rp30-ribuan,Rawajati,Pancoran,Kota Jakarta Selatan,DKI Jakarta,-6.2574,106.8532,Titik tempat,teks+inferensi,koordinat kompleks Kalibata City
1052,1052,Nasi Kandar Bharat Chicken,Restoran,"Tebet, Jakarta Selatan dan Tanjung Duren, Jakarta Barat",Nasi kandar briyani dengan ayam goreng rempah,1,1,2026-07-05 07:00:00+00:00,2026-07-05 07:00:00+00:00,0,0.0,,0.65,https://food.detik.com/resto-dan-kafe/d-8651835/5-tempat-makan-nasi-kandar-autentik-di-jakarta-harganya-mulai-rp30-ribuan,,Tebet,Kota Jakarta Selatan,DKI Jakarta,-6.232,106.852,Pusat kecamatan,teks+inferensi,dua lokasi: Tebet (Jakarta Selatan) dan Tanjung Duren (Jakarta Barat)
1053,1053,RM Sinar Gakong,Restoran,"Wijaya Grand Centre, Jl. Wijaya II No.40 Blok C, Jakarta Selatan",Restoran Chinese food klasik asal Bandung,1,1,2026-05-10 07:00:00+00:00,2026-05-10 07:00:00+00:00,0,0.0,,0.7,https://food.detik.com/tempat-makan/d-8602188/5-tempat-makan-enak-di-jaksel-yang-cocok-buat-nongkrong-pulang-kerja,Pulo,Kebayoran Baru,Kota Jakarta Selatan,DKI Jakarta,-6.243,106.801,Pusat kelurahan/desa,teks+inferensi,
1054,1054,Nasi Uduk Bahagia,Restoran,"Tendean, Jakarta Selatan",Warung nasi uduk kekinian populer dari Gading Serpong,1,1,2026-05-10 07:00:00+00:00,2026-05-10 07:00:00+00:00,0,0.0,,0.7,https://food.detik.com/tempat-makan/d-8602188/5-tempat-makan-enak-di-jaksel-yang-cocok-buat-nongkrong-pulang-kerja,,,Kota Jakarta Selatan,DKI Jakarta,-6.266,106.81,Pusat kota/kabupaten,teks+inferensi,Jl. Kapten Tendean (lintas kecamatan)
1055,1055,Gado-Gado Bon Bin,Restoran,"Jl. Cikini IV No.5, Cikini, Menteng, Jakarta Pusat",Gado-gado siram legendaris sejak 1960,1,1,2026-04-14 07:00:00+00:00,2026-04-14 07:00:00+00:00,0,0.0,,0.75,https://food.detik.com/tempat-makan/d-8619396/7-tempat-makan-legendaris-di-jakarta-sudah-eksis-sebelum-indonesia-merdeka,Cikini,Menteng,Kota Jakarta Pusat,DKI Jakarta,-6.192,106.84,Pusat kelurahan/desa,teks+inferensi,
1056,1056,Soto Betawi H. Ma'ruf,Restoran,"Jl. RP. Soeroso No.36A, Gondangdia, Menteng, Jakarta Pusat",Soto Betawi legendaris sejak 1940,1,1,2026-04-14 07:00:00+00:00,2026-04-14 07:00:00+00:00,0,0.0,,0.75,https://food.detik.com/tempat-makan/d-8619396/7-tempat-makan-legendaris-di-jakarta-sudah-eksis-sebelum-indonesia-merdeka,Gondangdia,Menteng,Kota Jakarta Pusat,DKI Jakarta,-6.188,106.832,Pusat kelurahan/desa,teks+inferensi,
1057,1057,Opor Ayam Kuning H. Sa'adih,Restoran,Jakarta,Tempat makan lawas legendaris,1,1,2026-04-14 07:00:00+00:00,2026-04-14 07:00:00+00:00,0,0.0,,0.6,https://food.detik.com/tempat-makan/d-8619396/7-tempat-makan-legendaris-di-jakarta-sudah-eksis-sebelum-indonesia-merdeka,,,,DKI Jakarta,-6.2,106.845,Pusat provinsi,teks,
1058,1058,Kedai Katsudon Melawai,Restoran,"Melawai, Blok M, Jakarta Selatan",Masuk daftar tempat makan viral dan unik di Blok M,1,1,2026-04-07 07:00:00+00:00,2026-04-07 07:00:00+00:00,0,1.0,,0.5,https://jogja.disway.id/gaya-hidup/read/699791/makan-paling-hits-di-jakarta-selatan-destinasi-kuliner-viral-di-blok-m,Melawai,Kebayoran Baru,Kota Jakarta Selatan,DKI Jakarta,-6.244,106.8,Pusat kelurahan/desa,teks+inferensi,
1059,1059,Kopitiam Shantui,Kafe,"Jalan Embong Kemiri No.20, Embong Kaliasin, Genteng, Surabaya",Kopitiam modern di pusat kota dengan mi mamak dan jam buka panjang,1,1,2026-09-22 00:46:19+00:00,2026-09-22 00:46:19+00:00,0,0.0,,0.7,https://travel.tribunnews.com/kuliner/145967/3-tempat-makan-di-surabaya-ada-rawon-dan-nasi-empal-legendaris,Embong Kaliasin,Genteng,Kota Surabaya,Jawa Timur,-7.265,112.742,Pusat kelurahan/desa,teks+inferensi,
1060,1060,Nasi Empal Pengampon,Restoran,"Jalan Pengampon II No.3, Bongkaran, Pabean Cantian, Surabaya",Tempat makan legendaris nasi empal di Surabaya,1,1,2026-09-22 00:46:19+00:00,2026-09-22 00:46:19+00:00,0,0.0,,0.75,https://travel.tribunnews.com/kuliner/145967/3-tempat-makan-di-surabaya-ada-rawon-dan-nasi-empal-legendaris,Bongkaran,Pabean Cantian,Kota Surabaya,Jawa Timur,-7.237,112.74,Pusat kelurahan/desa,teks+inferensi,
1061,1061,Sego Sambel Mak Yeye,Restoran,"Jl. Jagir Wonokromo Wetan No. 10, Surabaya",Sego sambel khas Surabaya favorit kuliner malam mulai Rp10.000,1,1,2026-07-28 07:00:00+00:00,2026-07-28 07:00:00+00:00,0,0.0,,0.75,https://www.detik.com/jatim/kuliner/d-8679966/rekomendasi-8-kuliner-surabaya-enak-dan-murah-cocok-buat-anak-kos/amp,Jagir,Wonokromo,Kota Surabaya,Jawa Timur,-7.305,112.747,Pusat kelurahan/desa,teks+inferensi,
1062,35,Ayam Bakar Christina (ABC),Restoran,"Jl. Margonda Raya No. 420, Pondok Cina, Beji, Depok",Ayam bakar legendaris sejak 1986,1,1,2026-05-21 07:00:00+00:00,2026-05-21 07:00:00+00:00,0,0.0,,0.9,https://www.tripzilla.id/tempat-makan-di-depok/27073,Pondok Cina,Beji,Kota Depok,Jawa Barat,-6.37,106.83,Pusat kelurahan/desa,teks+inferensi,
1063,1063,Tahu Tek Pak Ali,Restoran,"Jl. Dinoyo, Surabaya",Tahu tek legendaris dengan bumbu petis kacang kental,1,1,2026-07-28 07:00:00+00:00,2026-07-28 07:00:00+00:00,0,0.0,,0.7,https://www.hipwee.com/travel/tempat-makan-murah-di-surabaya/,,,Kota Surabaya,Jawa Timur,-7.276,112.735,Pusat kota/kabupaten,teks+inferensi,Jl. Dinoyo
1064,1064,Lontong Balap Bu Djupri,Restoran,"Kranggan, Surabaya",Lontong balap khas Surabaya dengan sate kerang,1,1,2026-07-28 07:00:00+00:00,2026-07-28 07:00:00+00:00,0,0.0,,0.7,https://www.hipwee.com/travel/tempat-makan-murah-di-surabaya/,,,Kota Surabaya,Jawa Timur,-7.276,112.735,Pusat kota/kabupaten,teks+inferensi,Jl. Kranggan
1065,1065,Aiola Caravan,Restoran,Surabaya,Tempat makan konsep food truck caravan aesthetic harga di bawah Rp20.000,1,1,2026-07-28 07:00:00+00:00,2026-07-28 07:00:00+00:00,0,0.0,,0.6,https://www.hipwee.com/travel/tempat-makan-murah-di-surabaya/,,,Kota Surabaya,Jawa Timur,-7.276,112.735,Pusat kota/kabupaten,teks+inferensi,
1066,1066,Nasi Goreng Pak Kumis,Restoran,"Taman Apsari No.25, Embong Kaliasin, Genteng, Surabaya",Nasi goreng krengsengan yang selalu ramai pembeli,1,1,2026-06-19 07:00:00+00:00,2026-06-19 07:00:00+00:00,0,0.0,,0.7,https://jatim.idntimes.com/food/dining-guide/kuliner-malam-di-dekat-stasiun-pasar-turi-surabaya-c1c2-01-n55lj-tqpq2y,Embong Kaliasin,Genteng,Kota Surabaya,Jawa Timur,-7.265,112.742,Pusat kelurahan/desa,teks+inferensi,
1067,1067,Fluffy Fluffy Pancake,Kafe,Food Society lantai 2 Pakuwon Mall Surabaya,Gerai pertama di Indonesia brand dessert pancake soufflé asal Kanada,1,1,2026-07-30 07:00:00+00:00,2026-07-30 07:00:00+00:00,0,0.0,April 2026,0.75,https://www.nibble.id/restoran-baru-di-surabaya-april-2026/,Babatan,Wiyung,Kota Surabaya,Jawa Timur,-7.2891,112.6759,Titik tempat,teks+inferensi,Pakuwon Mall
1068,1068,Noctra Hookah Premium Lounge,Kafe,"Jl. Ngagel Timur 20, Surabaya",Lounge hangout malam baru bernuansa modern mewah,1,1,2026-07-30 07:00:00+00:00,2026-07-30 07:00:00+00:00,0,0.0,April 2026,0.55,https://www.nibble.id/restoran-baru-di-surabaya-april-2026/,,,Kota Surabaya,Jawa Timur,-7.276,112.735,Pusat kota/kabupaten,teks+inferensi,Jl. Ngagel Timur
1069,1069,Fronds,Restoran,Surabaya,Restoran baru perpaduan klasik Barat dan elegan Jepang di bangunan dua lantai,1,1,2026-07-30 07:00:00+00:00,2026-07-30 07:00:00+00:00,0,0.0,April 2026,0.65,https://www.nibble.id/restoran-baru-di-surabaya-april-2026/,,,Kota Surabaya,Jawa Timur,-7.276,112.735,Pusat kota/kabupaten,teks+inferensi,
1070,1070,Nasi Cumi Ibu Atun,Restoran,"Jl. Waspada No. 2-4, Bongkaran, Pabean Cantian, Surabaya",Primadona kuliner malam nasi cumi tinta hitam ramai hingga dini hari,1,1,2026-08-09 07:00:00+00:00,2026-08-09 07:00:00+00:00,0,0.0,,0.8,https://www.kompas.com/food/read/2026/04/07/163000275/6-tempat-makan-malam-enak-di-kawasan-kota-lama-surabaya?page=all,Bongkaran,Pabean Cantian,Kota Surabaya,Jawa Timur,-7.237,112.74,Pusat kelurahan/desa,teks+inferensi,
1071,1071,Bebek Goreng Tugu Pahlawan,Restoran,"Jl. Tembaan No. 17, Alun-alun Contong, Bubutan, Surabaya",Bebek goreng legendaris di depan Monumen Tugu Pahlawan,1,1,2026-08-09 07:00:00+00:00,2026-08-09 07:00:00+00:00,0,0.0,,0.75,https://www.kompas.com/food/read/2026/04/07/163000275/6-tempat-makan-malam-enak-di-kawasan-kota-lama-surabaya?page=all,Alun-alun Contong,Bubutan,Kota Surabaya,Jawa Timur,-7.249,112.736,Pusat kelurahan/desa,teks+inferensi,
1072,1072,Binar Sebaya,Kafe,"Jl. Comal No. 27, Keputran, Tegalsari, Surabaya",Coffee shop vintage baru di bangunan lawas dengan halaman rindang,1,1,2026-04-23 07:00:00+00:00,2026-04-23 07:00:00+00:00,0,0.0,Juli 2026,0.75,https://www.nibble.id/restoran-baru-di-surabaya-juli-2026/,Keputran,Tegalsari,Kota Surabaya,Jawa Timur,-7.281,112.741,Pusat kelurahan/desa,teks+inferensi,
1073,1073,Fore Donut,Kafe,"Pakuwon City Mall 2, Surabaya",Donat viral asal Jakarta buka cabang pertama di luar Jabodetabek,1,1,2026-04-23 07:00:00+00:00,2026-04-23 07:00:00+00:00,0,1.0,Juli 2026,0.7,https://www.nibble.id/restoran-baru-di-surabaya-juli-2026/,Kejawan Putih Tambak,Mulyorejo,Kota Surabaya,Jawa Timur,-7.276,112.805,Pusat kelurahan/desa,teks+inferensi,Pakuwon City Mall
1074,1074,MANTIS Bar & Lounge,Restoran,Surabaya,Tempat hangout malam baru dengan menu Nusantara dan internasional,1,1,2026-04-23 07:00:00+00:00,2026-04-23 07:00:00+00:00,0,0.0,Juli 2026,0.55,https://www.nibble.id/restoran-baru-di-surabaya-juli-2026/,,,Kota Surabaya,Jawa Timur,-7.276,112.735,Pusat kota/kabupaten,teks+inferensi,
1075,1075,Ayam Goreng Asli Pemuda,Restoran,"Jalan Tidar Nomor 29, Surabaya",Ayam goreng sejak 1977 dicicipi Tissa Biani dan Dul Jaelani,1,1,2026-04-10 07:00:00+00:00,2026-04-10 07:00:00+00:00,0,0.0,,0.75,https://food.detik.com/rumah-makan/d-8614895/tissa-biani-dan-dul-kulineran-di-surabaya-cicip-4-makanan-khas-nikmat,,,Kota Surabaya,Jawa Timur,-7.276,112.735,Pusat kota/kabupaten,teks+inferensi,Jl. Tidar
1076,1076,Lontong Balap Asli Pak Gendut,Restoran,"Jalan Embong Malang Nomor 38, Surabaya",Pelopor lontong balap Surabaya sejak 1956,1,1,2026-04-10 07:00:00+00:00,2026-04-10 07:00:00+00:00,0,0.0,,0.8,https://food.detik.com/rumah-makan/d-8614895/tissa-biani-dan-dul-kulineran-di-surabaya-cicip-4-makanan-khas-nikmat,,Tegalsari,Kota Surabaya,Jawa Timur,-7.27,112.737,Pusat kecamatan,teks+inferensi,Jl. Embong Malang
1077,1077,Tahu Campur dan Tahu Tek Cak Kin,Restoran,"Jalan Dr. Ir. H. Soekarno, Surabaya",Kuliner khas Surabaya yang dicicipi Tissa Biani dan Dul Jaelani,1,1,2026-04-10 07:00:00+00:00,2026-04-10 07:00:00+00:00,0,0.0,,0.65,https://food.detik.com/rumah-makan/d-8614895/tissa-biani-dan-dul-kulineran-di-surabaya-cicip-4-makanan-khas-nikmat,,,Kota Surabaya,Jawa Timur,-7.276,112.735,Pusat kota/kabupaten,teks+inferensi,"Jl. Dr. Ir. H. Soekarno (MERR), lintas kecamatan"
1078,1078,Es Teler Pacar Keling,Kafe,"Jl. Penataran No.2, Pacar Keling, Tambaksari, Surabaya",Es teler porsi jumbo terkenal di kalangan warga Surabaya,1,1,2026-04-21 07:00:00+00:00,2026-04-21 07:00:00+00:00,0,0.0,,0.7,https://jatim.idntimes.com/food/dining-guide/tempat-minuman-es-di-surabaya-c1c2-01-3hq5x-hrm3jc,Pacar Keling,Tambaksari,Kota Surabaya,Jawa Timur,-7.259,112.759,Pusat kelurahan/desa,teks+inferensi,
1079,1079,Es Teler Tanjung Anom,Kafe,"Jl. Tanjung Anom No. 2, Surabaya",Kuliner legend es teler dan bakso sapi,1,1,2026-04-21 07:00:00+00:00,2026-04-21 07:00:00+00:00,0,0.0,,0.75,https://jatim.idntimes.com/food/dining-guide/tempat-minuman-es-di-surabaya-c1c2-01-3hq5x-hrm3jc,,,Kota Surabaya,Jawa Timur,-7.276,112.735,Pusat kota/kabupaten,teks+inferensi,Jl. Tanjung Anom
1080,1080,Es Dawet Kudus Cak Minto,Kafe,"Jalan Mayjen Sungkono, Surabaya",Kedai es dawet yang tak pernah sepi pengunjung,1,1,2026-04-21 07:00:00+00:00,2026-04-21 07:00:00+00:00,0,0.0,,0.7,https://jatim.idntimes.com/food/dining-guide/tempat-minuman-es-di-surabaya-c1c2-01-3hq5x-hrm3jc,,,Kota Surabaya,Jawa Timur,-7.276,112.735,Pusat kota/kabupaten,teks+inferensi,Jl. Mayjen Sungkono
1081,1081,Gyunim,Restoran,"Jl. Embong Gayam No. 11, Surabaya",Restoran Jepang baru konsep modern izakaya,1,1,2026-09-04 08:58:26+00:00,2026-09-04 08:58:26+00:00,0,0.0,Juni 2026,0.7,https://www.nibble.id/restoran-baru-di-surabaya-juni-2026/,,Genteng,Kota Surabaya,Jawa Timur,-7.259,112.744,Pusat kecamatan,teks+inferensi,Jl. Embong Gayam
1082,1082,Youfu HK Kopitiam,Restoran,"Jl. Raya Darmo Permai 1 No.42, Surabaya",Kopitiam Hong Kong modern baru dengan dimsum dan claypot,1,1,2026-09-04 08:58:26+00:00,2026-09-04 08:58:26+00:00,0,0.0,Juni 2026,0.7,https://www.nibble.id/restoran-baru-di-surabaya-juni-2026/,,,Kota Surabaya,Jawa Timur,-7.276,112.735,Pusat kota/kabupaten,teks+inferensi,Darmo Permai
1083,1083,Patta Hamburg,Restoran,Surabaya,Restoran baru hamburg steak ala Jepang,1,1,2026-09-04 08:58:26+00:00,2026-09-04 08:58:26+00:00,0,0.0,Juni 2026,0.65,https://www.nibble.id/restoran-baru-di-surabaya-juni-2026/,,,Kota Surabaya,Jawa Timur,-7.276,112.735,Pusat kota/kabupaten,teks+inferensi,
1084,1084,Haidilao,Restoran,"Pakuwon Mall Lantai G The Terrace, Babatan, Wiyung, Surabaya",Restoran hot pot asal Tiongkok terkenal enak,1,1,2026-07-24 07:00:00+00:00,2026-07-24 07:00:00+00:00,0,0.0,,0.65,https://www.nibble.id/restoran-hot-pot-surabaya/,Babatan,Wiyung,Kota Surabaya,Jawa Timur,-7.2891,112.6759,Titik tempat,teks+inferensi,Pakuwon Mall
1085,1085,Dragon Hot Pot,Restoran,"Tunjungan Plaza dan Pakuwon Mall, Surabaya",Restoran hot pot favorit warga Surabaya dengan ratusan topping,1,1,2026-07-24 07:00:00+00:00,2026-07-24 07:00:00+00:00,0,0.0,,0.65,https://www.nibble.id/restoran-hot-pot-surabaya/,Kedungdoro,Tegalsari,Kota Surabaya,Jawa Timur,-7.2622,112.7388,Titik tempat,teks+inferensi,dua lokasi: Tunjungan Plaza (koordinat) dan Pakuwon Mall
1086,36,Rumah Makan Gandy,Restoran,"Jl. Raya Muchtar No. 24, Bojongsari, Sawangan, Depok","Masakan Betawi-Sunda sejak era 70-an, pecak gurame",1,1,2026-05-21 07:00:00+00:00,2026-05-21 07:00:00+00:00,0,0.0,,0.85,https://www.tripzilla.id/tempat-makan-di-depok/27073,,Sawangan,Kota Depok,Jawa Barat,-6.4,106.765,Pusat kecamatan,teks+inferensi,Bojongsari kini kecamatan tersendiri (pemekaran dari Sawangan); kelurahan ambigu
1087,1087,UYCC Art Gallery,Museum,"Lantai 2 Unic Hotel, Jalan Embong Tanjung Nomor 46-48, Embong Kaliasin, Surabaya",Galeri seni instagramable dengan pameran visual dan instalasi,1,1,2026-07-24 07:00:00+00:00,2026-07-24 07:00:00+00:00,0,0.0,,0.7,https://ketik.com/amp/wisata-surabaya-gak-cuma-mal-intip-3-galeri-seni-estetik-di-kota-pahlawan,Embong Kaliasin,Genteng,Kota Surabaya,Jawa Timur,-7.265,112.742,Pusat kelurahan/desa,teks+inferensi,
1088,1088,Teh Villa Gallery,Museum,"Jalan Rungkut Industri II Nomor 53, Surabaya",Galeri seni di pabrik teh aktif dengan kegiatan melukis bersama,1,1,2026-07-24 07:00:00+00:00,2026-07-24 07:00:00+00:00,0,0.0,,0.7,https://ketik.com/amp/wisata-surabaya-gak-cuma-mal-intip-3-galeri-seni-estetik-di-kota-pahlawan,,Rungkut,Kota Surabaya,Jawa Timur,-7.328,112.786,Pusat kecamatan,teks+inferensi,kawasan industri Rungkut (SIER)
1089,37,Nasi Uduk H. Yoyo,Restoran,Depok,"Salah satu destinasi kuliner tertua di Depok, 60+ tahun",1,1,2026-05-21 07:00:00+00:00,2026-05-21 07:00:00+00:00,0,0.0,,0.8,https://www.tripzilla.id/tempat-makan-di-depok/27073,,,Kota Depok,Jawa Barat,-6.402,106.795,Pusat kota/kabupaten,teks+inferensi,
1090,1090,Taman Bungkul,Wisata Alam,Surabaya,"Titik kumpul paling sibuk tiap Minggu pagi, fasilitas olahraga dan jajanan",1,1,2026-07-27 07:00:00+00:00,2026-07-27 07:00:00+00:00,0,0.0,,0.75,https://jatimnow.com/baca-84223-daftar-wisata-surabaya-paling-hits-untuk-melepas-penat-hari-minggu,Darmo,Wonokromo,Kota Surabaya,Jawa Timur,-7.2912,112.7398,Titik tempat,teks+inferensi,
1091,1091,Taman Harmoni Keputih,Wisata Alam,"Keputih, Surabaya",Bekas TPA kini cantik dengan hamparan bunga warna-warni,1,1,2026-07-27 07:00:00+00:00,2026-07-27 07:00:00+00:00,0,0.0,,0.75,https://jatimnow.com/baca-84223-daftar-wisata-surabaya-paling-hits-untuk-melepas-penat-hari-minggu,Keputih,Sukolilo,Kota Surabaya,Jawa Timur,-7.295,112.805,Pusat kelurahan/desa,teks+inferensi,
1092,38,RM Salam Sereh,Restoran,"Jl. Raya Kp. Sawah, Bojong, Kec. Kemang, Kab. Bogor",Restoran baru Sunda di tengah persawahan,1,1,2026-06-07 07:00:00+00:00,2026-06-07 07:00:00+00:00,0,0.0,Juni 2026,0.85,https://www.nibble.id/restoran-baru-di-bogor-juni-2026/,Bojong,Kemang,Kabupaten Bogor,Jawa Barat,-6.504,106.745,Pusat kecamatan,teks+inferensi,
1093,1093,Kebun Bibit Wonorejo,Wisata Alam,"Wonorejo, Surabaya",Hutan kota dengan danau buatan favorit keluarga piknik,1,1,2026-07-27 07:00:00+00:00,2026-07-27 07:00:00+00:00,0,0.0,,0.7,https://jatimnow.com/baca-84223-daftar-wisata-surabaya-paling-hits-untuk-melepas-penat-hari-minggu,Wonorejo,Rungkut,Kota Surabaya,Jawa Timur,-7.307,112.8,Pusat kelurahan/desa,teks+inferensi,
1094,1094,Kenjeran Park,Wisata Alam,"Kenjeran, Surabaya",Kawasan pesisir untuk menikmati matahari terbenam,1,1,2026-07-27 07:00:00+00:00,2026-07-27 07:00:00+00:00,0,0.0,,0.7,https://jatimnow.com/baca-84223-daftar-wisata-surabaya-paling-hits-untuk-melepas-penat-hari-minggu,Sukolilo Baru,Bulak,Kota Surabaya,Jawa Timur,-7.24,112.795,Pusat kelurahan/desa,teks+inferensi,
1095,1095,Kelenteng Sanggar Agung,Wisata Alam,"Kenjeran, Surabaya",Area pesisir menikmati sunset dan angin laut,1,1,2026-07-27 07:00:00+00:00,2026-07-27 07:00:00+00:00,0,0.0,,0.65,https://jatimnow.com/baca-84223-daftar-wisata-surabaya-paling-hits-untuk-melepas-penat-hari-minggu,Sukolilo Baru,Bulak,Kota Surabaya,Jawa Timur,-7.24,112.795,Pusat kelurahan/desa,teks+inferensi,di kompleks Kenjeran Park
1096,39,The Layer Cafe,Kafe,"Jl. Terobosan No.01, Cipayung Datar, Kec. Megamendung, Kab. Bogor",Tempat hangout baru dengan view pegunungan,1,1,2026-06-07 07:00:00+00:00,2026-06-07 07:00:00+00:00,0,0.0,Juni 2026,0.85,https://www.nibble.id/restoran-baru-di-bogor-juni-2026/,Cipayung Datar,Megamendung,Kabupaten Bogor,Jawa Barat,-6.66,106.9,Pusat kecamatan,teks+inferensi,
1097,1097,THP Kenjeran,Wisata Alam,"Kenjeran, Surabaya",Promo tiket Rp 733 dalam rangka HJKS ke-733,1,1,2026-07-24 07:00:00+00:00,2026-07-24 07:00:00+00:00,0,0.0,Mei 2026,0.7,https://travel.detik.com/travel-news/d-8477327/liburan-murah-meriah-di-surabaya-harga-tiket-wisata-cuma-rp-733,Kenjeran,Bulak,Kota Surabaya,Jawa Timur,-7.237,112.785,Pusat kelurahan/desa,teks+inferensi,
1098,1098,Museum 10 November,Museum,Surabaya,Promo tiket Rp 733 dalam rangka HJKS ke-733,1,1,2026-07-24 07:00:00+00:00,2026-07-24 07:00:00+00:00,0,0.0,Mei 2026,0.7,https://travel.detik.com/travel-news/d-8477327/liburan-murah-meriah-di-surabaya-harga-tiket-wisata-cuma-rp-733,Alun-alun Contong,Bubutan,Kota Surabaya,Jawa Timur,-7.2458,112.7378,Titik tempat,teks+inferensi,kompleks Tugu Pahlawan
1099,1099,Kebun Raya Mangrove Gunung Anyar,Wisata Alam,"Gunung Anyar, Surabaya",Promo tiket Rp 733 untuk 25 pengunjung pertama tiap akhir pekan,1,1,2026-07-24 07:00:00+00:00,2026-07-24 07:00:00+00:00,0,0.0,Mei 2026,0.75,https://travel.detik.com/travel-news/d-8477327/liburan-murah-meriah-di-surabaya-harga-tiket-wisata-cuma-rp-733,Gunung Anyar Tambak,Gunung Anyar,Kota Surabaya,Jawa Timur,-7.34,112.815,Pusat kelurahan/desa,teks+inferensi,
1100,1100,Kebun Binatang Surabaya,Wisata Alam,Surabaya,Ditinjau DPRD di tengah dugaan korupsi PDTS dan isu foto satwa kurus yang ramai di medsos (isu negatif),1,1,2026-07-24 07:00:00+00:00,2026-07-24 07:00:00+00:00,0,1.0,2 Agustus 2026,0.55,https://memorandum.disway.id/surabaya/read/165644/dprd-pastikan-satwa-kbs-surabaya-sehat-dorong-inovasi-wisata-dan-night-zoo,Darmo,Wonokromo,Kota Surabaya,Jawa Timur,-7.296,112.7368,Titik tempat,teks+inferensi,
1101,1101,Artificial Beach The Trans Luxury Hotel Surabaya,lainnya,"Jalan Ahmad Yani, Surabaya",Pantai buatan di rooftop lantai 28 dengan pasir impor dan pemandangan kota,1,1,2026-07-25 07:00:00+00:00,2026-07-25 07:00:00+00:00,0,0.0,,0.6,https://www.detik.com/jatim/wisata/d-8598945/rooftop-beach-club-trans-luxury-hotel-surabaya-serasa-liburan-di-bali,Siwalankerto,Wonocolo,Kota Surabaya,Jawa Timur,-7.337,112.735,Pusat kelurahan/desa,teks+inferensi,"Trans Icon, Jl. Ahmad Yani 260"
1102,1102,Alun-Alun Bawah Tanah Surabaya,lainnya,"Genteng, Surabaya","Basement alun-alun sempat viral jadi spot nongkrong, foto, seni dan UMKM gratis",1,1,2026-07-12 07:00:00+00:00,2026-07-12 07:00:00+00:00,0,1.0,,0.75,https://www.suarasurabaya.net/senggang/2026/liburan-hemat-di-surabaya-dengan-5-destinasi-gratis-di-surabaya-ini/,Embong Kaliasin,Genteng,Kota Surabaya,Jawa Timur,-7.2638,112.7443,Titik tempat,teks+inferensi,basement Balai Pemuda
1103,1103,28th Sky Beach Club,Kafe,"Jalan Ahmad Yani 260, Surabaya","Beach club rooftop lantai 28 dengan pasir putih, infinity pool dan sunset",1,1,2026-05-10 07:00:00+00:00,2026-05-10 07:00:00+00:00,0,0.0,,0.7,https://www.detik.com/jatim/wisata/d-8541630/staycation-rp-1-1-juta-bisa-nikmati-sky-beach-club-di-hotel-viral-surabaya,Siwalankerto,Wonocolo,Kota Surabaya,Jawa Timur,-7.337,112.735,Pusat kelurahan/desa,teks+inferensi,"Trans Icon, Jl. Ahmad Yani 260"
1104,1104,KidZania Surabaya,Wahana,"Jalan KH Abdul Wahab Siamin, Dukuh Pakis, Surabaya",Kota mini untuk anak mencoba berbagai profesi,1,1,2026-05-05 07:00:00+00:00,2026-05-05 07:00:00+00:00,0,0.0,,0.8,https://travel.tribunnews.com/destinasi/144693/5-tempat-wisata-ramah-anak-di-surabaya-cocok-untuk-liburan-keluarga,,Dukuh Pakis,Kota Surabaya,Jawa Timur,-7.285,112.708,Pusat kecamatan,teks+inferensi,
1105,1105,Trans Snow World Surabaya,Wahana,"Jalan Ahmad Yani 260, Siwalankerto, Wonocolo, Surabaya",Wahana salju di tengah kota,1,1,2026-05-05 07:00:00+00:00,2026-05-05 07:00:00+00:00,0,0.0,,0.8,https://travel.tribunnews.com/destinasi/144693/5-tempat-wisata-ramah-anak-di-surabaya-cocok-untuk-liburan-keluarga,Siwalankerto,Wonocolo,Kota Surabaya,Jawa Timur,-7.337,112.735,Pusat kelurahan/desa,teks+inferensi,
1106,1106,Rabbits in Wonderland,Wahana,Surabaya,Interaksi langsung memberi makan kelinci,1,1,2026-05-05 07:00:00+00:00,2026-05-05 07:00:00+00:00,0,0.0,,0.7,https://travel.tribunnews.com/destinasi/144693/5-tempat-wisata-ramah-anak-di-surabaya-cocok-untuk-liburan-keluarga,,,Kota Surabaya,Jawa Timur,-7.276,112.735,Pusat kota/kabupaten,teks+inferensi,
1107,41,Two Stories,Kafe,"Kanma Collective, Bogor Selatan",Satu lokasi dengan Padre,1,1,2026-06-07 07:00:00+00:00,2026-06-07 07:00:00+00:00,0,0.0,,0.5,https://www.nibble.id/restoran-baru-di-bogor-juni-2026/,,Bogor Selatan,Kota Bogor,Jawa Barat,-6.63,106.81,Pusat kecamatan,teks+inferensi,
1108,1108,Pameran Aku Arek Suroboyo,Pameran,Basement Alun-Alun Surabaya,Pameran sejarah Bung Karno sebagai Arek Suroboyo,1,1,2026-09-24 16:00:42+00:00,2026-09-24 16:00:42+00:00,0,0.0,6-19 Juni 2026,0.75,https://harianmerahputih.id/baca-20954-pameran-aku-arek-suroboyo-hadir-di-alunalun-surabaya-ungkap-jejak-bung-karno-di-kota-pahlawan,Embong Kaliasin,Genteng,Kota Surabaya,Jawa Timur,-7.2638,112.7443,Titik tempat,teks+inferensi,
1109,1109,Pasar Tugu Pahlawan,lainnya,Surabaya,Video dugaan pungli oknum DLH di kawasan pasar viral (isu negatif),1,1,2026-04-03 07:00:00+00:00,2026-04-03 07:00:00+00:00,0,1.0,,0.35,https://informasi-realita.net/2026/07/29/diduga-terjadi-pungli-di-pasar-tugu-pahlawan-video-viral-hingga-direspons-wali-kota-surabaya/,Alun-alun Contong,Bubutan,Kota Surabaya,Jawa Timur,-7.2458,112.7378,Titik tempat,teks+inferensi,kawasan Tugu Pahlawan
1110,1110,Pasar Tembok Dukuh,lainnya,Surabaya,Video adu mulut Satpol PP dan keamanan PD Pasar Surya viral (isu negatif),1,1,2026-05-23 07:00:00+00:00,2026-05-23 07:00:00+00:00,0,1.0,30 Mei 2026,0.35,https://beritajatim.com/video-adu-mulut-satpol-pp-dan-petugas-pasar-tembok-dukuh-surabaya-viral,Tembok Dukuh,Bubutan,Kota Surabaya,Jawa Timur,-7.249,112.723,Pusat kelurahan/desa,teks+inferensi,
1111,1111,Pasar Tunjungan,Restoran,"Jalan Tunjungan, Surabaya",Pasar bersejarah direvitalisasi jadi pusat kuliner kekinian,1,1,2026-05-25 07:00:00+00:00,2026-05-25 07:00:00+00:00,0,0.0,,0.75,https://jogja.disway.id/gaya-hidup/read/699779/destinasi-kuliner-viral-yang-wajib-masuk-bucket-list-di-pasar-tunjungan-surabaya,,Genteng,Kota Surabaya,Jawa Timur,-7.259,112.744,Pusat kecamatan,teks+inferensi,Jl. Tunjungan
1112,42,Kopi Nako,Kafe,"Kanma Collective, Bogor Selatan",Satu lokasi dengan Padre,1,1,2026-06-07 07:00:00+00:00,2026-06-07 07:00:00+00:00,0,0.0,,0.5,https://www.nibble.id/restoran-baru-di-bogor-juni-2026/,,Bogor Selatan,Kota Bogor,Jawa Barat,-6.63,106.81,Pusat kecamatan,teks+inferensi,
1113,1113,Festival Rujak Uleg,Pameran,"Surabaya Expo Center, Surabaya",Agenda HJKS ke-733 masuk Kharisma Event Nusantara 2026,1,1,2026-05-24 07:00:00+00:00,2026-05-24 07:00:00+00:00,0,0.0,9 Mei 2026,0.75,https://surabaya.inews.id/read/690019/festival-rujak-uleg-dan-surabaya-vaganza-jadi-andalan-hjks-2026-surabaya-makin-mendunia,,,Kota Surabaya,Jawa Timur,-7.276,112.735,Pusat kota/kabupaten,teks+inferensi,Surabaya Expo Center
1114,1114,Surabaya Vaganza,Pameran,"Jalan Pahlawan hingga Balai Kota, Surabaya","Festival of Lights HJKS ke-733 dengan instalasi bunga dan cahaya, masuk KEN 2026",1,1,2026-05-24 07:00:00+00:00,2026-05-24 07:00:00+00:00,0,0.0,16 Mei 2026,0.7,https://surabaya.inews.id/read/690019/festival-rujak-uleg-dan-surabaya-vaganza-jadi-andalan-hjks-2026-surabaya-makin-mendunia,,,Kota Surabaya,Jawa Timur,-7.276,112.735,Pusat kota/kabupaten,teks+inferensi,rute Jl. Pahlawan hingga Balai Kota
1115,1115,Zona Club Surabaya,lainnya,"Jalan Kapasari, Genteng, Surabaya","Poster perempuan berseragam Polri heboh di media sosial, manajemen diperiksa polisi (isu negatif)",1,1,2026-05-20 07:00:00+00:00,2026-05-20 07:00:00+00:00,0,1.0,,0.4,https://beritajatim.com/murni-kreatifitas-pribadi-owner-zona-club-surabaya-minta-maaf-usai-poster-polisi-viral,Kapasari,Genteng,Kota Surabaya,Jawa Timur,-7.247,112.749,Pusat kelurahan/desa,teks+inferensi,
1116,1116,Ambrogio Patisserie,Kafe,"Jl. Banda No. 26, Bandung",Kafe dan restoran halal family-friendly dengan pastry premium,1,1,2026-05-31 07:00:00+00:00,2026-05-31 07:00:00+00:00,0,0.0,,0.75,https://www.tripzilla.id/cafe-restoran-halal-certified-di-bandung/27658,Citarum,Bandung Wetan,Kota Bandung,Jawa Barat,-6.906,107.62,Pusat kelurahan/desa,teks+inferensi,
1117,1117,Sop Burtok,Restoran,"Jalan Aceh No. 44, Babakan Ciamis, Sumur Bandung, Bandung",Kuliner sop daging sapi yang ramai diperbincangkan di Bandung,1,1,2026-04-12 07:00:00+00:00,2026-04-12 07:00:00+00:00,0,1.0,,0.8,https://jabar.antaranews.com/berita/708797/sop-burtok-bandung-cita-rasa-kuliner-unik-lokasi-dan-menu-favorit,Babakan Ciamis,Sumur Bandung,Kota Bandung,Jawa Barat,-6.91,107.612,Pusat kelurahan/desa,teks+inferensi,
1118,1118,Braga Permai,Restoran,"Jl. Braga No. 58, Sumur Bandung, Bandung",Restoran klasik sejak 1923 dengan kudapan kolonial dan live music,1,1,2026-08-21 07:00:00+00:00,2026-08-21 07:00:00+00:00,0,0.0,,0.8,https://www.tripzilla.id/tempat-makan-di-braga-murah-hits-legendaris-viral/27636,Braga,Sumur Bandung,Kota Bandung,Jawa Barat,-6.918,107.609,Pusat kelurahan/desa,teks+inferensi,
1119,1119,Toko Roti Het Snoephuis,Kafe,"Jl. Braga No. 20-22, Sumur Bandung, Bandung",Toko roti sejak 1929 dengan resep otentik Belanda dan es krim legendaris,1,1,2026-08-21 07:00:00+00:00,2026-08-21 07:00:00+00:00,0,0.0,,0.65,https://www.tripzilla.id/tempat-makan-di-braga-murah-hits-legendaris-viral/27636,Braga,Sumur Bandung,Kota Bandung,Jawa Barat,-6.918,107.609,Pusat kelurahan/desa,teks+inferensi,
1120,43,Sate Madura Cak Mat,Restoran,"Sekitar Kelapa Gading, Jakarta Utara",Tempat makan populer dekat stasiun LRT Kelapa Gading,1,1,2026-09-13 07:00:00+00:00,2026-09-13 07:00:00+00:00,0,0.0,,0.6,https://jogja.disway.id/gaya-hidup/read/701716/wisata-kuliner-tempat-makan-paling-populer-dan-menggugah-selera-di-sekitar-kelapa-gading,,Kelapa Gading,Kota Jakarta Utara,DKI Jakarta,-6.16,106.905,Pusat kecamatan,teks+inferensi,
1121,1121,Golden Pine,Kafe,"Orchid Forest Cikole, Lembang, Bandung Barat",Tempat makan rumah kaca ala Eropa di tengah hutan pinus,1,1,2026-04-29 07:00:00+00:00,2026-04-29 07:00:00+00:00,0,0.0,,0.8,https://www.tripzilla.id/spot-kulineran-di-bandung-suasana-hutan-sejuk/27576,Cikole,Lembang,Kabupaten Bandung Barat,Jawa Barat,-6.78,107.645,Pusat kelurahan/desa,teks+inferensi,Orchid Forest Cikole
1122,1122,Maries Library,Kafe,Bandung,Tempat cozy dan hening untuk me time dan WFC,1,1,2026-04-29 07:00:00+00:00,2026-04-29 07:00:00+00:00,0,0.0,,0.65,https://www.tripzilla.id/spot-kulineran-di-bandung-suasana-hutan-sejuk/27576,,,Kota Bandung,Jawa Barat,-6.917,107.619,Pusat kota/kabupaten,teks+inferensi,
1123,44,Ayam Bakar Madu,Restoran,"Sekitar Kelapa Gading, Jakarta Utara",Tempat makan populer dekat stasiun LRT Kelapa Gading,1,1,2026-09-13 07:00:00+00:00,2026-09-13 07:00:00+00:00,0,0.0,,0.55,https://jogja.disway.id/gaya-hidup/read/701716/wisata-kuliner-tempat-makan-paling-populer-dan-menggugah-selera-di-sekitar-kelapa-gading,,Kelapa Gading,Kota Jakarta Utara,DKI Jakarta,-6.16,106.905,Pusat kecamatan,teks+inferensi,
1124,1124,Jalan Asia Afrika,lainnya,"Jl. Asia Afrika, Sumur Bandung, Bandung",Menyusuri trotoar dengan bangunan bersejarah gratis,1,1,2026-08-05 07:00:00+00:00,2026-08-05 07:00:00+00:00,0,0.0,,0.6,https://www.detik.com/jabar/wisata/d-8681616/7-tempat-wisata-gratis-di-kota-bandung/amp,,Sumur Bandung,Kota Bandung,Jawa Barat,-6.9214,107.609,Titik tempat,teks+inferensi,
1125,1125,Ranca Upas,Wisata Alam,"Jl. Raya Ciwidey-Patengan KM 11, Patengan, Rancabali, Bandung",Penangkaran rusa dan area berkemah di dataran tinggi,1,1,2026-04-05 07:00:00+00:00,2026-04-05 07:00:00+00:00,0,0.0,,0.8,https://riaurealita.com/news/detail/34592/8-tempat-wisata-bandung-untuk-liburan-akhir-pekan,Patengan,Rancabali,Kabupaten Bandung,Jawa Barat,-7.1417,107.3906,Titik tempat,teks+inferensi,"teks menyebut ""Bandung""; secara administratif Kabupaten Bandung"
1126,1126,Tebing Keraton,Wisata Alam,"Taman Hutan Raya Ir. H. Djuanda, Ciburial, Cimenyan, Bandung",Panorama hutan dari ketinggian,1,1,2026-04-05 07:00:00+00:00,2026-04-05 07:00:00+00:00,0,0.0,,0.8,https://riaurealita.com/news/detail/34592/8-tempat-wisata-bandung-untuk-liburan-akhir-pekan,Ciburial,Cimenyan,Kabupaten Bandung,Jawa Barat,-6.834,107.6636,Titik tempat,teks+inferensi,"teks menyebut ""Bandung""; secara administratif Kabupaten Bandung"
1127,1127,Kampung Pelangi (Lembur Katumbiri),Wisata Alam,"Bantaran Sungai Cikapundung, Bandung","Kampung warna-warni sempat viral dan diserbu wisatawan, kini sepi di hari biasa",1,1,2026-05-18 07:00:00+00:00,2026-05-18 07:00:00+00:00,0,1.0,Sekitar 2025,0.8,https://bandungbergerak.id/article/detail/1546038410/bagaimana-kabar-warga-di-pinggiran-destinasi-wisata-kota-bandung,,,Kota Bandung,Jawa Barat,-6.917,107.619,Pusat kota/kabupaten,teks+inferensi,bantaran Sungai Cikapundung
1128,1128,Pantai Indah Kapuk,lainnya,Jakarta,Diperkenalkan PIK Tourism Board kepada pelaku wisata Bandung sebagai destinasi terpadu,1,1,2026-06-11 07:00:00+00:00,2026-06-11 07:00:00+00:00,0,0.0,,0.5,https://www.suara.com/lifestyle/2026/09/26/191311/dari-kuliner-hingga-hiburan-travel-agent-bandung-mulai-lirik-kawasan-wisata-ini-di-ibu-kota,,Penjaringan,Kota Jakarta Utara,DKI Jakarta,-6.1085,106.745,Titik tempat,teks+inferensi,kawasan PIK (Kamal Muara/Kapuk Muara)
1129,1129,Museum Geologi,Museum,Bandung,"Koleksi fosil, batuan, mineral dan replika dinosaurus dengan tiket murah",1,1,2026-04-02 07:00:00+00:00,2026-04-02 07:00:00+00:00,0,0.0,,0.8,https://pegadaian.co.id/artikel/inspirasi/wisata-bandung,Cihaur Geulis,Cibeunying Kaler,Kota Bandung,Jawa Barat,-6.9008,107.6214,Titik tempat,inferensi,
1130,1130,Curug Malela,Wisata Alam,Bandung Barat,Air terjun dijuluki Niagara Mini,1,1,2026-04-02 07:00:00+00:00,2026-04-02 07:00:00+00:00,0,0.0,,0.8,https://pegadaian.co.id/artikel/inspirasi/wisata-bandung,Cicadas,Rongga,Kabupaten Bandung Barat,Jawa Barat,-7.03,107.25,Pusat kecamatan,teks+inferensi,
1131,1131,Sunrise Point Cukul,Wisata Alam,"Pangalengan, Bandung",Menikmati matahari terbit dengan hamparan kebun teh,1,1,2026-04-02 07:00:00+00:00,2026-04-02 07:00:00+00:00,0,0.0,,0.8,https://pegadaian.co.id/artikel/inspirasi/wisata-bandung,,Pangalengan,Kabupaten Bandung,Jawa Barat,-7.25,107.57,Pusat kecamatan,teks+inferensi,"teks menyebut ""Bandung""; Pangalengan di Kabupaten Bandung"
1132,1132,Lontong Kari Kebon Karet,Restoran,Bandung,Sarapan lontong kari legendaris,1,1,2026-06-22 07:00:00+00:00,2026-06-22 07:00:00+00:00,0,0.0,,0.7,https://travel.tribunnews.com/destinasi/142815/itinerary-bandung-2-hari-1-malam-budget-rp-15-jutaan-dessert-viral,,,Kota Bandung,Jawa Barat,-6.917,107.619,Pusat kota/kabupaten,teks+inferensi,
1133,1133,Museum Konferensi Asia Afrika,Museum,"Jl. Asia Afrika No. 65, Braga, Sumur Bandung, Bandung",Museum sejarah diplomasi dunia dengan ruang konferensi asli,1,1,2026-08-25 07:00:00+00:00,2026-08-25 07:00:00+00:00,0,0.0,,0.6,https://www.tripzilla.id/tempat-wisata-dekat-stasiun-bandung/27226,Braga,Sumur Bandung,Kota Bandung,Jawa Barat,-6.9211,107.6093,Titik tempat,teks+inferensi,
1134,1134,Punclut (Puncak Ciumbuleuit),Wisata Alam,Bandung,"Panorama Kota Bandung dari ketinggian, populer lewat konten TikTok dan Instagram, warganet antusias",1,1,2026-08-26 07:00:00+00:00,2026-08-26 07:00:00+00:00,0,1.0,,0.8,https://rri.co.id/bandung/wisata/2631404/punclut-kian-jadi-favorit-wisata-di-bandung,Ciumbuleuit,Cidadap,Kota Bandung,Jawa Barat,-6.86,107.605,Pusat kelurahan/desa,inferensi,kawasan Punclut sebagian masuk Kabupaten Bandung Barat
1135,1135,TJI LAKI 9,Kafe,"Jl. Cilaki No. 9, Cihapit, Bandung",Toko oleh-oleh bolu pisang premium yang viral di bangunan kolonial,1,1,2026-08-18 07:00:00+00:00,2026-08-18 07:00:00+00:00,0,1.0,,0.8,https://bandungraya.inews.id/read/686605/3-oleh-oleh-bandung-paling-viral-rasa-premium-bikin-antre-panjang,Cihapit,Bandung Wetan,Kota Bandung,Jawa Barat,-6.905,107.625,Pusat kelurahan/desa,teks+inferensi,
1136,1136,Terve Chocolate,Kafe,"Jl. Bengawan No. 23, Bandung","Pabrik, toko dan kafe serba cokelat dari kakao lokal dengan workshop",1,1,2026-08-25 07:00:00+00:00,2026-08-25 07:00:00+00:00,0,0.0,,0.75,https://www.nibble.id/toko-cokelat-di-bandung/,,Bandung Wetan,Kota Bandung,Jawa Barat,-6.905,107.62,Pusat kecamatan,teks+inferensi,Jl. Bengawan
1137,1137,Briiz Chocolate,Kafe,Bandung,Toko cokelat bean to bar dari kakao petani lokal,1,1,2026-08-25 07:00:00+00:00,2026-08-25 07:00:00+00:00,0,0.0,,0.7,https://www.nibble.id/toko-cokelat-di-bandung/,,,Kota Bandung,Jawa Barat,-6.917,107.619,Pusat kota/kabupaten,teks+inferensi,
1138,1138,Game On Arcade,Wahana,Bandung,Arena permainan misi menginjak warna untuk menguji kekompakan,1,1,2026-08-31 07:00:00+00:00,2026-08-31 07:00:00+00:00,0,0.0,,0.65,https://www.tripzilla.id/itinerary-3h2m-liburan-bandung/26865,,,Kota Bandung,Jawa Barat,-6.917,107.619,Pusat kota/kabupaten,teks+inferensi,
1139,1139,The Pavlove Rooms,Kafe,"Jl. Pajajaran, Bandung",Kafe hits penuh warna dengan kelas keramik dan photobooth,1,1,2026-08-31 07:00:00+00:00,2026-08-31 07:00:00+00:00,0,0.0,,0.7,https://www.tripzilla.id/itinerary-3h2m-liburan-bandung/26865,,Cicendo,Kota Bandung,Jawa Barat,-6.908,107.59,Pusat kecamatan,teks+inferensi,Jl. Pajajaran
1140,1140,Kalcer Market,Pameran,"Malang Town Square, Malang",Pesta kuliner kekinian menghadirkan puluhan hidangan hype dan viral,1,1,2026-07-16 07:00:00+00:00,2026-07-16 07:00:00+00:00,0,0.0,6-17 Agustus 2026,0.75,https://malangposcomedia.id/bawa-kuliner-hype-menteng-dan-bandung-kalcer-market-sapa-warga-malang-di-matos/,Penanggungan,Klojen,Kota Malang,Jawa Timur,-7.9567,112.6186,Titik tempat,teks+inferensi,Malang Town Square
1141,1141,Rumah Makan Lamun Ombak,Restoran,Padang,Rumah makan masakan khas Minangkabau populer untuk makan siang,1,1,2026-08-01 07:00:00+00:00,2026-08-01 07:00:00+00:00,0,0.0,,0.7,https://travel.tribunnews.com/kuliner/145744/5-tempat-makan-siang-enak-di-medan-pencinta-ayam-pop-kunjungi-restoran-garuda,,,Kota Padang,Sumatera Barat,-0.95,100.417,Pusat kota/kabupaten,teks+inferensi,
1142,1142,Rumah Makan Sederhana,Restoran,Padang,Hidangan khas Padang dengan menu lengkap,1,1,2026-08-01 07:00:00+00:00,2026-08-01 07:00:00+00:00,0,0.0,,0.65,https://travel.tribunnews.com/kuliner/145744/5-tempat-makan-siang-enak-di-medan-pencinta-ayam-pop-kunjungi-restoran-garuda,,,Kota Padang,Sumatera Barat,-0.95,100.417,Pusat kota/kabupaten,teks+inferensi,
1143,1143,RM Fuja,Restoran,Padang,Makanan khas Minang dengan beragam lauk,1,1,2026-08-01 07:00:00+00:00,2026-08-01 07:00:00+00:00,0,0.0,,0.65,https://travel.tribunnews.com/kuliner/145744/5-tempat-makan-siang-enak-di-medan-pencinta-ayam-pop-kunjungi-restoran-garuda,,,Kota Padang,Sumatera Barat,-0.95,100.417,Pusat kota/kabupaten,teks+inferensi,
1144,45,Kampung Kecil KM 5,Restoran,"KM 5, Palembang","Lesehan saung kayu, kolam ikan, playground, ramah anak",1,1,2026-07-06 07:00:00+00:00,2026-07-06 07:00:00+00:00,0,0.0,,0.85,https://www.hipwee.com/travel/tempat-makan-keluarga-di-palembang/,,,Kota Palembang,Sumatera Selatan,-2.976,104.775,Pusat kota/kabupaten,teks+inferensi,Kawasan KM 5
1145,1145,Lontong Kak Lin,Restoran,Medan,Sarapan lontong sayur legendaris murah dan enak,1,1,2026-06-29 07:00:00+00:00,2026-06-29 07:00:00+00:00,0,0.0,,0.75,https://www.hipwee.com/travel/tempat-makan-di-medan-yang-murah-dan-enak/,,,Kota Medan,Sumatera Utara,3.595,98.672,Pusat kota/kabupaten,teks+inferensi,
1146,1146,Mie Balap Mail,Restoran,Medan,Warung mie balap legendaris sejak 2007,1,1,2026-06-29 07:00:00+00:00,2026-06-29 07:00:00+00:00,0,0.0,,0.75,https://www.hipwee.com/travel/tempat-makan-di-medan-yang-murah-dan-enak/,,,Kota Medan,Sumatera Utara,3.595,98.672,Pusat kota/kabupaten,teks+inferensi,
1147,1147,Petite Terrasse,Restoran,"Jl. Sei Betutu No. 66, Medan Selayang, Medan",Restoran fine dining romantis bernuansa Prancis,1,1,2026-07-15 07:00:00+00:00,2026-07-15 07:00:00+00:00,0,0.0,,0.75,https://www.nibble.id/restoran-fine-dining-di-medan/,,Medan Selayang,Kota Medan,Sumatera Utara,3.575,98.64,Pusat kecamatan,teks+inferensi,
1148,1148,Penthouse on 19th,Restoran,Medan,Restoran semi rooftop lantai 19 dengan city lights dan live music,1,1,2026-07-15 07:00:00+00:00,2026-07-15 07:00:00+00:00,0,0.0,,0.75,https://www.nibble.id/restoran-fine-dining-di-medan/,,,Kota Medan,Sumatera Utara,3.595,98.672,Pusat kota/kabupaten,teks+inferensi,
1149,1149,Fantastic Cafe & Eatery,Kafe,Medan,Kafe yang buka sejak pagi untuk WFC,1,1,2026-09-26 01:15:55+00:00,2026-09-26 01:15:55+00:00,0,0.0,,0.5,https://jogja.disway.id/gaya-hidup/read/699166/kafe-wfc-di-medan-jadi-tempat-terbaik-yang-buka-sejak-pagi-untuk-kerja-dan-nugas,,,Kota Medan,Sumatera Utara,3.595,98.672,Pusat kota/kabupaten,teks+inferensi,
1150,1150,D'Heritage,Kafe,"Grand Cityhall Hotel, Jl. Balai Kota, Medan",Kafe di bangunan kolonial Balai Kota dengan Lontong Medan dan kopi Sidikalang,1,1,2026-09-01 07:00:00+00:00,2026-09-01 07:00:00+00:00,0,0.0,,0.75,https://sumut.idntimes.com/food/dining-guide/12-kafe-hits-di-sekitar-balai-kota-dan-lapangan-merdeka-medan-c1c2-01-2j5kq-qqfckb,Kesawan,Medan Barat,Kota Medan,Sumatera Utara,3.588,98.679,Pusat kelurahan/desa,teks+inferensi,Grand Cityhall Hotel
1151,1151,Depot Pard'y,Restoran,Surabaya,Kwetiau Medan halal dari gerobak hingga viral dan jadi rujukan food vlogger,1,1,2026-08-24 07:00:00+00:00,2026-08-24 07:00:00+00:00,0,1.0,,0.8,https://rri.co.id/surabaya/kuliner/2334885/depot-pardy-petemon-rekomendasi-kwetiau-medan-halal-di-surabaya,,,Kota Surabaya,Jawa Timur,-7.276,112.735,Pusat kota/kabupaten,teks+inferensi,
1152,1152,Titik Koma Ayahanda,Kafe,"Jalan Ayahanda No. 61, Medan",Kafe minimalis tenang cocok untuk kerja dan belajar,1,1,2026-08-10 07:00:00+00:00,2026-08-10 07:00:00+00:00,0,0.0,,0.7,https://sumut.idntimes.com/food/dining-guide/5-kafe-rekomendasi-di-jalan-ayahanda-medan-spot-nongkrong-kekinian-c1c2-01-2j5kq-ncycqf,,Medan Petisah,Kota Medan,Sumatera Utara,3.585,98.665,Pusat kecamatan,teks+inferensi,Jl. Ayahanda
1153,1153,Kaldera Toba,Kafe,"Jalan Ayahanda No. 43B, Medan",Resto-cafe family friendly,1,1,2026-08-10 07:00:00+00:00,2026-08-10 07:00:00+00:00,0,0.0,,0.7,https://sumut.idntimes.com/food/dining-guide/5-kafe-rekomendasi-di-jalan-ayahanda-medan-spot-nongkrong-kekinian-c1c2-01-2j5kq-ncycqf,,Medan Petisah,Kota Medan,Sumatera Utara,3.585,98.665,Pusat kecamatan,teks+inferensi,Jl. Ayahanda
1154,1154,VICI.CO,Kafe,"Jalan Ayahanda, Medan",Kafe kecil berkarakter kuat dengan suasana calm,1,1,2026-08-10 07:00:00+00:00,2026-08-10 07:00:00+00:00,0,0.0,,0.6,https://sumut.idntimes.com/food/dining-guide/5-kafe-rekomendasi-di-jalan-ayahanda-medan-spot-nongkrong-kekinian-c1c2-01-2j5kq-ncycqf,,Medan Petisah,Kota Medan,Sumatera Utara,3.585,98.665,Pusat kecamatan,teks+inferensi,Jl. Ayahanda
1155,1155,The Thirty-Six,Kafe,"Jl. Multatuli No. 36, Hamdan, Medan Maimun, Medan",Kafe estetik bernuansa hitam-putih dengan pastry,1,1,2026-04-01 07:00:00+00:00,2026-04-01 07:00:00+00:00,0,0.0,,0.75,https://sumut.idntimes.com/food/dining-guide/5-kafe-estetik-di-jalan-multatuli-medan-nongkrong-asyik-foto-cantik-01-2j5kq-mc48np,Hamdan,Medan Maimun,Kota Medan,Sumatera Utara,3.59,98.683,Pusat kelurahan/desa,teks+inferensi,
1156,1156,Semeja,Kafe,"Jalan Multatuli, Medan",Kafe modern warm lighting dengan area indoor dan outdoor,1,1,2026-04-01 07:00:00+00:00,2026-04-01 07:00:00+00:00,0,0.0,,0.65,https://sumut.idntimes.com/food/dining-guide/5-kafe-estetik-di-jalan-multatuli-medan-nongkrong-asyik-foto-cantik-01-2j5kq-mc48np,Hamdan,Medan Maimun,Kota Medan,Sumatera Utara,3.59,98.683,Pusat kelurahan/desa,teks+inferensi,Jl. Multatuli
1157,1157,Wooden Space,Kafe,Medan,Kafe vintage rustic-modern dengan dominasi elemen kayu,1,1,2026-08-01 07:00:00+00:00,2026-08-01 07:00:00+00:00,0,0.0,,0.65,https://sumut.idntimes.com/food/dining-guide/10-kafe-vintage-di-medan-yang-instagramable-bikin-kamu-nostalgia-c1c2-01-2j5kq-k16656,,,Kota Medan,Sumatera Utara,3.595,98.672,Pusat kota/kabupaten,teks+inferensi,
1158,1158,Vienna Botanical Living,Wisata Alam,"Jalan Jamin Ginting Km 12, Medan Tuntungan, Medan",Taman bergaya Eropa yang sempat ramai diperbincangkan di media sosial,1,1,2026-06-08 07:00:00+00:00,2026-06-08 07:00:00+00:00,0,1.0,2026,0.85,https://sumut.indozone.id/lifestyle/2486734742/5-tempat-wisata-di-medan-yang-lagi-hits-2026-cocok-untuk-liburan-dan-foto-foto,,Medan Tuntungan,Kota Medan,Sumatera Utara,3.62,98.625,Pusat kecamatan,teks+inferensi,
1159,1159,Kampoeng Selfie,lainnya,"Medan Polonia, Medan",Spot foto gratis,1,1,2026-06-08 07:00:00+00:00,2026-06-08 07:00:00+00:00,0,0.0,,0.65,https://sumut.indozone.id/lifestyle/2486734742/5-tempat-wisata-di-medan-yang-lagi-hits-2026-cocok-untuk-liburan-dan-foto-foto,,Medan Polonia,Kota Medan,Sumatera Utara,3.57,98.668,Pusat kecamatan,teks+inferensi,
1160,1160,Taman Sri Deli,Wisata Alam,Medan,Ruang terbuka yang cukup dikenal di Medan,1,1,2026-06-08 07:00:00+00:00,2026-06-08 07:00:00+00:00,0,0.0,,0.6,https://sumut.indozone.id/lifestyle/2486734742/5-tempat-wisata-di-medan-yang-lagi-hits-2026-cocok-untuk-liburan-dan-foto-foto,Sukaraja,Medan Maimun,Kota Medan,Sumatera Utara,3.5755,98.6877,Titik tempat,teks+inferensi,
1161,1161,Taiwan Travel Fair,Pameran,"PIK Avenue, Jakarta",Promosi pariwisata Taiwan bagi wisatawan Indonesia,1,1,2026-04-30 07:00:00+00:00,2026-04-30 07:00:00+00:00,0,0.0,30 April - 7 Mei 2026,0.5,https://medan.viva.co.id/medan/13552-lewat-wisata-kuliner-dan-muslim-friendly-tourism-taiwan-bidik-potensi-wisatawan-medan,Kamal Muara,Penjaringan,Kota Jakarta Utara,DKI Jakarta,-6.1097,106.7405,Titik tempat,teks+inferensi,PIK Avenue
1162,1162,Maru Bake House,Kafe,"The Curves, Jl. T. Amir Hamzah No. 8CC, Sei Agul, Medan Barat, Medan",Kafe konsep gua yang ramai diperbincangkan di media sosial dengan Dubai Chewy Donut,1,1,2026-09-17 07:00:00+00:00,2026-09-17 07:00:00+00:00,0,1.0,,0.85,https://suarausu.or.id/maru-bake-house-sensasi-nongkrong-bernuansa-gua-viral-di-medan/,Sei Agul,Medan Barat,Kota Medan,Sumatera Utara,3.58,98.668,Pusat kelurahan/desa,teks+inferensi,
1163,1163,Pesona Colorful Medan,Pameran,"Lapangan Benteng, Medan","Perayaan HUT Kota Medan ke-436 dengan seni budaya, bazar UMKM dan rekor MURI kulcapi",1,1,2026-07-07 07:00:00+00:00,2026-07-07 07:00:00+00:00,0,0.0,4 Juli 2026,0.7,https://www.hariansib.com/Medan-Sekitarnya/446549/lrmpagelaran-permainan-kulcapi-suku-karo-pecahkan-rekor-dunia/all/,,Medan Petisah,Kota Medan,Sumatera Utara,3.587,98.672,Pusat kecamatan,teks+inferensi,Lapangan Benteng
1164,1164,Ikan Bakar Jimbaran Mas Aan,Restoran,"Sekitar Pantai Parangtritis, Bantul, Yogyakarta",Warung seafood segar populer di jalur Parangtritis,1,1,2026-04-01 07:00:00+00:00,2026-04-01 07:00:00+00:00,0,0.0,,0.7,https://rri.co.id/yogyakarta/kuliner/2316350/privacy.html,Parangtritis,Kretek,Kabupaten Bantul,DI Yogyakarta,-8.02,110.33,Pusat kelurahan/desa,teks+inferensi,sekitar Pantai Parangtritis
1165,1165,Warung Seafood Nunik 3,Restoran,"Pantai Depok, Bantul, Yogyakarta",Seafood segar harga terjangkau dengan lesehan,1,1,2026-04-01 07:00:00+00:00,2026-04-01 07:00:00+00:00,0,0.0,,0.7,https://rri.co.id/yogyakarta/kuliner/2316350/privacy.html,Parangtritis,Kretek,Kabupaten Bantul,DI Yogyakarta,-8.02,110.33,Pusat kelurahan/desa,teks+inferensi,Pantai Depok
1166,1166,Rumah Makan Arjuna Seafood,Restoran,"Sekitar Pantai Parangtritis, Bantul, Yogyakarta",Berbagai olahan laut dengan opsi lesehan,1,1,2026-04-01 07:00:00+00:00,2026-04-01 07:00:00+00:00,0,0.0,,0.7,https://rri.co.id/yogyakarta/kuliner/2316350/privacy.html,Parangtritis,Kretek,Kabupaten Bantul,DI Yogyakarta,-8.02,110.33,Pusat kelurahan/desa,teks+inferensi,sekitar Pantai Parangtritis
1167,1167,Pantai Parangtritis,Wisata Alam,"Kalurahan Parangtritis, Bantul, Yogyakarta","165.956 kunjungan wisatawan pada Juli 2026, sempat viral keluhan nomor seri tiket tidak berurutan (isu negatif)",1,1,2026-09-22 10:01:25+00:00,2026-09-22 10:01:25+00:00,0,1.0,Juli 2026,0.6,https://yogyakarta.bpk.go.id/kunjungan-wisata-naik-parangtritis-raup-rp24-miliar-dalam-sebulan/,Parangtritis,Kretek,Kabupaten Bantul,DI Yogyakarta,-8.0253,110.3292,Titik tempat,teks+inferensi,
1168,1168,Alun-Alun Kidul,lainnya,"Mantrijeron, Yogyakarta","Kasus viral pelaku usaha merasa tidak nyaman berjualan, Wawali lakukan pemantauan (isu negatif)",1,1,2026-05-18 07:00:00+00:00,2026-05-18 07:00:00+00:00,0,1.0,18 September 2026,0.5,https://warta.jogjakota.go.id/detail/index/52026,Patehan,Kraton,Kota Yogyakarta,DI Yogyakarta,-7.8118,110.3632,Titik tempat,teks+inferensi,"teks menyebut Mantrijeron; Alun-Alun Kidul berada di Patehan, Kecamatan Kraton"
1169,1169,Jelajah Kotabaru - Kotabaru Heritage Film Festival 2026,Pameran,"Kotabaru, Yogyakarta",Walking tour heritage dan nonton film gratis dari atas becak listrik,1,1,2026-07-16 07:00:00+00:00,2026-07-16 07:00:00+00:00,0,0.0,17 September 2026,0.7,https://joglonews.com/2026/09/24/nonton-film-para-perasuk-dari-atas-becak-listrik-khff-2026-usung-wisata-heritage/,Kotabaru,Gondokusuman,Kota Yogyakarta,DI Yogyakarta,-7.786,110.373,Pusat kelurahan/desa,teks+inferensi,
1170,1170,Kebaya Bu Pur,lainnya,"Lantai 3 Pasar Beringharjo, Yogyakarta",Toko thrifting kebaya yang viral di media sosial hingga dikunjungi selebriti,1,1,2026-07-23 07:00:00+00:00,2026-07-23 07:00:00+00:00,0,1.0,,0.5,https://jogja.idntimes.com/news/jogja/5-toko-kebaya-jogja-mulai-gaya-klasik-sampai-kekinian-c1c2-01-5fz5v-42qlzm,Ngupasan,Gondomanan,Kota Yogyakarta,DI Yogyakarta,-7.7986,110.3654,Titik tempat,teks+inferensi,Pasar Beringharjo
1171,1171,Resto Timbul Roso,Restoran,"Jalan Cangkringan KM 3, Bedoyo, Wukirsari, Cangkringan, Sleman",Resto konsep hutan asri dengan olahan gurame di lereng Merapi,1,1,2026-09-23 08:30:32+00:00,2026-09-23 08:30:32+00:00,0,0.0,,0.8,https://jogja.idntimes.com/food/dining-guide/kuliner-di-cangkringan-sleman-00-w513j-9j0jtb,Wukirsari,Cangkringan,Kabupaten Sleman,DI Yogyakarta,-7.66,110.455,Pusat kelurahan/desa,teks+inferensi,
1172,1172,Warung Eyup,Restoran,"Cangkringan, Sleman",Makan di tengah hamparan sawah yang asri,1,1,2026-09-23 08:30:32+00:00,2026-09-23 08:30:32+00:00,0,0.0,,0.65,https://jogja.idntimes.com/food/dining-guide/kuliner-di-cangkringan-sleman-00-w513j-9j0jtb,,Cangkringan,Kabupaten Sleman,DI Yogyakarta,-7.62,110.46,Pusat kecamatan,teks+inferensi,
1173,1173,SABA Korean Dining & Cafe,Restoran,"Sleman, Yogyakarta",Restoran bernuansa Hanok Village yang tengah viral di media sosial,1,1,2026-07-19 07:00:00+00:00,2026-07-19 07:00:00+00:00,0,1.0,,0.85,https://rri.co.id/yogyakarta/kuliner/2627519/saba-sleman-hadirkan-sensasi-kuliner-korea-ala-hanok-village,,,Kabupaten Sleman,DI Yogyakarta,-7.716,110.355,Pusat kota/kabupaten,teks,
1174,46,Le Garden,Restoran,"Palembang Indah Mall, Palembang",Food court indoor garden dengan puluhan tenant,1,1,2026-07-06 07:00:00+00:00,2026-07-06 07:00:00+00:00,0,0.0,,0.8,https://www.hipwee.com/travel/tempat-makan-keluarga-di-palembang/,,Ilir Timur I,Kota Palembang,Sumatera Selatan,-2.979,104.755,Titik tempat,teks+inferensi,
1175,48,Toko Bubur Dibawah Pohon Rindang,Restoran,"Jl. Taman Cibeunying Utara No.24, Cihapit, Kec. Bandung Wetan, Kota Bandung","Sangat populer, antrean mengular, bubur kanton capit kepiting",2,1,2026-04-25 07:00:00+00:00,2026-05-15 07:00:00+00:00,20,1.0,,0.875,https://www.tripzilla.id/tempat-makan-hits-bandung/27057,Cihapit,Bandung Wetan,Kota Bandung,Jawa Barat,-6.903,107.625,Pusat kelurahan/desa,teks+inferensi,
1176,1176,Mini Museum Viva La Historia PSS Sleman,Pameran,"Stadion Maguwoharjo, Sleman",Ruang pamer sejarah PSS sejak 1976 dengan konsep perjalanan cerita,1,1,2026-07-02 07:00:00+00:00,2026-07-02 07:00:00+00:00,0,0.0,Mei 2026,0.7,https://beritadiy.pikiran-rakyat.com/diy/pr-7010220359/harga-tiket-masuk-mini-museum-viva-la-historia-pss-sleman-lengkap-jadwal-jam-buka-tutup?page=all,Maguwoharjo,Depok,Kabupaten Sleman,DI Yogyakarta,-7.7503,110.4187,Titik tempat,teks+inferensi,Stadion Maguwoharjo
1177,1177,Sunmor Ngijon,Pameran,"Ngijon, Sendangarum, Minggir, Sleman","Pasar Minggu pagi UMKM di tengah sawah, viral dalam empat bulan terakhir dan dipadati ribuan pengunjung",1,1,2026-07-24 07:00:00+00:00,2026-07-24 07:00:00+00:00,0,1.0,Empat bulan terakhir 2026,0.85,https://yogyapos.com/berita-pasar-tiban-ngijon-jadi-magnet-ekonomi-baru-di-sleman-19765,Sendangarum,Minggir,Kabupaten Sleman,DI Yogyakarta,-7.735,110.255,Pusat kelurahan/desa,teks+inferensi,
1178,1178,Pasar Ngijon,lainnya,"Sendangarum, Minggir, Sleman","Pasar tradisional yang sempat viral, cikal bakal Sunmor Ngijon",1,1,2026-07-24 07:00:00+00:00,2026-07-24 07:00:00+00:00,0,1.0,,0.55,https://yogyapos.com/berita-pasar-tiban-ngijon-jadi-magnet-ekonomi-baru-di-sleman-19765,Sendangarum,Minggir,Kabupaten Sleman,DI Yogyakarta,-7.735,110.255,Pusat kelurahan/desa,teks+inferensi,
1179,1179,Festival Cassava,Pameran,"Padukuhan Kalangan, Trimulyo, Sleman",Festival singkong mengenalkan varietas dan kuliner tradisional berbasis singkong dalam Ecolife Walk,1,1,2026-05-21 07:00:00+00:00,2026-05-21 07:00:00+00:00,0,0.0,5 Juli 2026,0.55,https://rri.co.id/yogyakarta/wisata/2547184/jalan-kaki-sambil-rekreasi-di-ecolife-walk-trimulyo-sleman,Trimulyo,Sleman,Kabupaten Sleman,DI Yogyakarta,-7.69,110.34,Pusat kelurahan/desa,teks+inferensi,Padukuhan Kalangan
1180,1180,Selarasa Fest 2026,Pameran,"Rocket Arena Godean, Sleman",Festival musik dan kuliner bertema modernitas dan tradisi,1,1,2026-08-31 07:00:00+00:00,2026-08-31 07:00:00+00:00,0,0.0,26 Juni 2026,0.5,https://radarmalioboro.jawapos.com/musik/2606070003/selarasa-fest-2026-hadir-di-rocket-arena-godean-jogja-26-juni-ndx-aka-hingga-teko-mlaku-bakal-goyang-ribuan-pengunjung,,Godean,Kabupaten Sleman,DI Yogyakarta,-7.77,110.29,Pusat kecamatan,teks+inferensi,Rocket Arena Godean
1181,1181,Cafe Sunset View,Kafe,Semarang,"Hidden gem dengan view sunset dan city light, harga mulai Rp15 ribu",1,1,2026-09-24 21:35:18+00:00,2026-09-24 21:35:18+00:00,0,0.0,,0.7,https://www.hipwee.com/travel/tempat-nongkrong-di-semarang/,,,Kota Semarang,Jawa Tengah,-7.005,110.438,Pusat kota/kabupaten,teks+inferensi,
1182,1182,Kopi Susu Bu Lurah,Kafe,Semarang,Tempat nongkrong sejuk dengan outdoor natural garden,1,1,2026-09-24 21:35:18+00:00,2026-09-24 21:35:18+00:00,0,0.0,,0.7,https://www.hipwee.com/travel/tempat-nongkrong-di-semarang/,,,Kota Semarang,Jawa Tengah,-7.005,110.438,Pusat kota/kabupaten,teks+inferensi,
1183,1183,Mbok Rawit,Restoran,"Jalan Manggis I No. 9, Lamper Lor, Semarang Selatan",Tempat makan pedas hits di kalangan mahasiswa,1,1,2026-07-27 07:00:00+00:00,2026-07-27 07:00:00+00:00,0,0.0,,0.7,https://www.kompas.com/food/read/2026/04/06/164500975/7-tempat-makan-pedas-di-semarang-bisa-pilih-level-pedas-sendiri?page=all,Lamper Lor,Semarang Selatan,Kota Semarang,Jawa Tengah,-6.995,110.44,Pusat kelurahan/desa,teks+inferensi,
1184,1184,Ayam Goreng Sayangan,Restoran,"Sayangan, Semarang","Ayam goreng kampung legendaris sejak 1970-an, favorit Nex Carlos",1,1,2026-04-13 07:00:00+00:00,2026-04-13 07:00:00+00:00,0,0.0,,0.8,https://food.detik.com/rumah-makan/d-8425342/ayam-goreng-sayangan-cobain-ayam-kampung-goreng-favorit-nex-carlos-di-semarang,,,Kota Semarang,Jawa Tengah,-7.005,110.438,Pusat kota/kabupaten,teks+inferensi,Sayangan
1185,1185,RM Padang Sederhana Semarang,Restoran,Semarang,Rekomendasi nasi Padang untuk makan malam,1,1,2026-09-25 15:13:04+00:00,2026-09-25 15:13:04+00:00,0,0.0,,0.5,https://jogja.disway.id/gaya-hidup/read/699684/kuliner-malam-semarang-ini-daftar-tempat-nasi-padang-murah-meriah-paling-wajib-dicoba,,,Kota Semarang,Jawa Tengah,-7.005,110.438,Pusat kota/kabupaten,teks+inferensi,
1186,1186,Desa Wisata Krabat (Kranggan Hebat) Pecinan,lainnya,"Kelurahan Kranggan, Semarang Tengah, Semarang",Resmi jadi desa wisata ke-14 Kota Semarang dengan wisata sejarah dan budaya Pecinan,1,1,2026-08-18 07:00:00+00:00,2026-08-18 07:00:00+00:00,0,0.0,20 September 2026,0.8,https://jateng.disway.id/disway-semarang/read/723789/pecinan-semarang-naik-kelas-krabat-resmi-jadi-desa-wisata-ke-14,Kranggan,Semarang Tengah,Kota Semarang,Jawa Tengah,-6.975,110.428,Pusat kelurahan/desa,teks+inferensi,
1187,50,Malindo,Restoran,Kebumen,"Menu Nusantara beragam, sambal jadi highlight",1,1,2026-04-10 07:00:00+00:00,2026-04-10 07:00:00+00:00,0,0.0,,0.75,https://www.hipwee.com/travel/rekomendasi-tempat-makan-di-kebumen/,,,Kabupaten Kebumen,Jawa Tengah,-7.633,109.6,Pusat kota/kabupaten,teks+inferensi,
1188,51,Momong Resto,Restoran,Kebumen,Tempat luas untuk makan keluarga besar,1,1,2026-04-10 07:00:00+00:00,2026-04-10 07:00:00+00:00,0,0.0,,0.8,https://www.hipwee.com/travel/rekomendasi-tempat-makan-di-kebumen/,,,Kabupaten Kebumen,Jawa Tengah,-7.633,109.6,Pusat kota/kabupaten,teks+inferensi,
1189,1189,Klenteng Sam Poo Kong,lainnya,Semarang,"Situs sejarah persinggahan Laksamana Cheng Ho, spot foto instagramable",1,1,2026-06-17 07:00:00+00:00,2026-06-17 07:00:00+00:00,0,0.0,,0.7,https://rri.co.id/semarang/berita-lain/2506318/liburan-sekolah-5-destinasi-wisata-seru-di-semarang,Bongsari,Semarang Barat,Kota Semarang,Jawa Tengah,-6.9962,110.3982,Titik tempat,teks+inferensi,
1190,1190,Saloka Theme Park,Wahana,Kabupaten Semarang,Taman rekreasi tematik terbesar di Jawa Tengah bertema legenda Nusantara,1,1,2026-06-17 07:00:00+00:00,2026-06-17 07:00:00+00:00,0,0.0,,0.8,https://rri.co.id/semarang/berita-lain/2506318/liburan-sekolah-5-destinasi-wisata-seru-di-semarang,Lopait,Tuntang,Kabupaten Semarang,Jawa Tengah,-7.265,110.47,Pusat kecamatan,teks+inferensi,
1191,1191,Dusun Semilir Eco Park,Wisata Alam,"Bawen, Kabupaten Semarang",Tempat wisata viral karena arsitektur menyerupai stupa raksasa,1,1,2026-06-17 07:00:00+00:00,2026-06-17 07:00:00+00:00,0,1.0,,0.75,https://rri.co.id/semarang/berita-lain/2506318/liburan-sekolah-5-destinasi-wisata-seru-di-semarang,,Bawen,Kabupaten Semarang,Jawa Tengah,-7.245,110.43,Pusat kecamatan,teks+inferensi,
1192,1192,Kampung Pelangi,lainnya,"Jl. DR. Sutomo No. 89, Randusari, Semarang Selatan, Semarang","Kampung kumuh disulap warna-warni, gratis",1,1,2026-04-14 07:00:00+00:00,2026-04-14 07:00:00+00:00,0,0.0,,0.7,https://chanelmuslim.com/wisata/berikut-beberapa-tempat-wisata-di-sekitar-pusat-kota-semarang-yang-bisa-kamu-kunjungi,Randusari,Semarang Selatan,Kota Semarang,Jawa Tengah,-6.99,110.41,Pusat kelurahan/desa,teks+inferensi,
1193,1193,Kampung Batik Gedong Semarang,lainnya,"Jalan Batik No. 698A, Rejomulyo, Semarang Timur, Semarang",Wisata edukasi produksi batik khas Semarang,1,1,2026-04-14 07:00:00+00:00,2026-04-14 07:00:00+00:00,0,0.0,,0.7,https://chanelmuslim.com/wisata/berikut-beberapa-tempat-wisata-di-sekitar-pusat-kota-semarang-yang-bisa-kamu-kunjungi,Rejomulyo,Semarang Timur,Kota Semarang,Jawa Tengah,-6.97,110.432,Pusat kelurahan/desa,teks+inferensi,
1194,1194,Eduwisata Mangrove Tapak,Wisata Alam,"Kelurahan Tugurejo, Kecamatan Tugu, Semarang","Satu-satunya wisata edukasi hutan mangrove tersisa di Semarang, paket perahu dan tanam mangrove",1,1,2026-07-30 07:00:00+00:00,2026-07-30 07:00:00+00:00,0,0.0,,0.8,https://www.teras.id/serat-id/rubrik/mendalam/tapak-dan-kampung-batik-napas-panjang-wisata-komunitas-semarang-2138801,Tugurejo,Tugu,Kota Semarang,Jawa Tengah,-6.957,110.345,Pusat kelurahan/desa,teks+inferensi,
1195,1195,Soto & Rawon Om Go,Restoran,"Jalan Kemantren II No. 3, Wonosari, Ngaliyan, Semarang",Soto dan rawon dekat Semarang Zoo,1,1,2026-06-11 07:00:00+00:00,2026-06-11 07:00:00+00:00,0,0.0,,0.65,https://travel.tribunnews.com/kuliner/144469/4-soto-enak-untuk-makan-siang-lokasi-dekat-wisata-semarang-zoo,Wonosari,Ngaliyan,Kota Semarang,Jawa Tengah,-6.985,110.313,Pusat kelurahan/desa,teks+inferensi,
1196,1196,Soto Deeprock Mas Ayyib,Restoran,"Jalan Beringin Raya, Tambakaji, Ngaliyan, Semarang",Soto porsi kecil dan besar mulai Rp 6.000,1,1,2026-06-11 07:00:00+00:00,2026-06-11 07:00:00+00:00,0,0.0,,0.65,https://travel.tribunnews.com/kuliner/144469/4-soto-enak-untuk-makan-siang-lokasi-dekat-wisata-semarang-zoo,Tambakaji,Ngaliyan,Kota Semarang,Jawa Tengah,-6.99,110.349,Pusat kelurahan/desa,teks+inferensi,
1197,1197,Soto Sapi Sodaqoh,Restoran,Semarang,Soto sapi kuah bening dekat Semarang Zoo,1,1,2026-06-11 07:00:00+00:00,2026-06-11 07:00:00+00:00,0,0.0,,0.6,https://travel.tribunnews.com/kuliner/144469/4-soto-enak-untuk-makan-siang-lokasi-dekat-wisata-semarang-zoo,,,Kota Semarang,Jawa Tengah,-7.005,110.438,Pusat kota/kabupaten,teks+inferensi,
1198,1198,Masjid Agung Jawa Tengah,lainnya,Semarang,Ikon wisata religi dengan payung hidrolik raksasa dan menara pandang,1,1,2026-08-04 06:38:18+00:00,2026-08-04 06:38:18+00:00,0,0.0,,0.7,https://lahatpos.disway.id/nasional/read/662186/ini-5-rekomendasi-wisata-religi-di-semarang-yang-wajib-dikunjungi,Sambirejo,Gayamsari,Kota Semarang,Jawa Tengah,-6.9837,110.4456,Titik tempat,teks+inferensi,
1199,1199,Sam Poo Kong,lainnya,Semarang,"Klenteng bersejarah Laksamana Cheng Ho, simbol akulturasi",1,1,2026-08-04 06:38:18+00:00,2026-08-04 06:38:18+00:00,0,0.0,,0.7,https://lahatpos.disway.id/nasional/read/662186/ini-5-rekomendasi-wisata-religi-di-semarang-yang-wajib-dikunjungi,Bongsari,Semarang Barat,Kota Semarang,Jawa Tengah,-6.9962,110.3982,Titik tempat,teks+inferensi,
1200,1200,Gereja Blenduk,lainnya,"Kota Lama, Semarang",Gereja Protestan tertua di Jawa Tengah berarsitektur Eropa,1,1,2026-08-04 06:38:18+00:00,2026-08-04 06:38:18+00:00,0,0.0,,0.65,https://lahatpos.disway.id/nasional/read/662186/ini-5-rekomendasi-wisata-religi-di-semarang-yang-wajib-dikunjungi,Tanjung Mas,Semarang Utara,Kota Semarang,Jawa Tengah,-6.9683,110.4274,Titik tempat,teks+inferensi,
1201,1201,Pura Agung Giri Natha,lainnya,Semarang,Pusat kegiatan umat Hindu dan wisata religi,1,1,2026-08-04 06:38:18+00:00,2026-08-04 06:38:18+00:00,0,0.0,,0.55,https://lahatpos.disway.id/nasional/read/662186/ini-5-rekomendasi-wisata-religi-di-semarang-yang-wajib-dikunjungi,,Gajahmungkur,Kota Semarang,Jawa Tengah,-7.015,110.41,Pusat kecamatan,teks+inferensi,
1202,1202,Makam Aulia Syeh Maulana Maghribi,lainnya,Kabupaten Batang,Wisata religi dengan 175.722 kunjungan saat libur sekolah,1,1,2026-07-02 07:00:00+00:00,2026-07-02 07:00:00+00:00,0,0.0,Libur sekolah Juli 2026,0.5,https://travel.detik.com/travel-news/d-8565611/libur-sekolah-di-jawa-tengah-kota-lama-semarang-jadi-primadona,,,Kabupaten Batang,Jawa Tengah,-7.035,109.89,Pusat kota/kabupaten,teks+inferensi,
1203,1203,Kawasan Dataran Tinggi Dieng,Wisata Alam,Kabupaten Banjarnegara,116.828 pengunjung saat libur sekolah,1,1,2026-07-02 07:00:00+00:00,2026-07-02 07:00:00+00:00,0,0.0,Libur sekolah Juli 2026,0.6,https://travel.detik.com/travel-news/d-8565611/libur-sekolah-di-jawa-tengah-kota-lama-semarang-jadi-primadona,,Batur,Kabupaten Banjarnegara,Jawa Tengah,-7.205,109.906,Titik tempat,teks+inferensi,sebagian kawasan Dieng masuk Kabupaten Wonosobo
1204,1204,Rowo Jombor,Wisata Alam,Kabupaten Klaten,77.400 wisatawan saat libur sekolah,1,1,2026-07-02 07:00:00+00:00,2026-07-02 07:00:00+00:00,0,0.0,Libur sekolah Juli 2026,0.55,https://travel.detik.com/travel-news/d-8565611/libur-sekolah-di-jawa-tengah-kota-lama-semarang-jadi-primadona,Krakitan,Bayat,Kabupaten Klaten,Jawa Tengah,-7.77,110.645,Pusat kecamatan,teks+inferensi,
1205,1205,Museum Ronggowarsito,Museum,Semarang,Siswa SD meninggal tertimpa patung dekorasi di taman museum saat rombongan wisata (isu negatif),3,1,2026-04-07 07:00:00+00:00,2026-08-22 07:00:00+00:00,137,0.0,12 Mei 2026,0.45,https://www.grid.id/read/044379760/kronologi-siswa-sd-tertimpa-patung-di-museum-ronggowarsito-semarang-korban-meninggal-dunia?page=all,,Semarang Barat,Kota Semarang,Jawa Tengah,-6.9847,110.3852,Titik tempat,teks+inferensi,
1206,1206,Museum Fotografi Indonesia,Museum,"Eks Gedung Jiwasraya, Kota Lama, Semarang",Rencana revitalisasi gedung bersejarah jadi museum fotografi nasional,1,1,2026-05-22 07:00:00+00:00,2026-05-22 07:00:00+00:00,0,0.0,21 Juli 2026,0.55,https://regional.espos.id/eks-gedung-jiwasraya-semarang-bakal-disulap-jadi-museum-fotografi-indonesia-2234871,Tanjung Mas,Semarang Utara,Kota Semarang,Jawa Tengah,-6.9681,110.427,Titik tempat,teks+inferensi,Kota Lama; koordinat kawasan
1207,52,Barayam,Restoran,"Jalan Hos Cokroaminoto, Ciledug, Tangerang","Ayam goreng bawang putih crispy, kuliner hits yang belakangan viral",1,1,2026-06-28 07:00:00+00:00,2026-06-28 07:00:00+00:00,0,1.0,,0.85,https://food.detik.com/rumah-makan/d-8550840/7-kuliner-hits-di-ciledug-yang-lagi-viral-ada-nasi-goreng-yang-antre-1-jam,,Ciledug,Kota Tangerang,Banten,-6.23,106.708,Pusat kecamatan,teks+inferensi,
1208,1208,Toko Roti Rapi,Kafe,Semarang,Toko roti jadul sejak 1958 dengan roti tradisional dan jajanan pasar,1,1,2026-09-09 07:00:00+00:00,2026-09-09 07:00:00+00:00,0,0.0,,0.7,https://travel.tribunnews.com/kuliner/144026/5-toko-roti-jadul-di-semarang-ada-yang-bertahan-sejak-tahun-1936,,,Kota Semarang,Jawa Tengah,-7.005,110.438,Pusat kota/kabupaten,teks+inferensi,
1209,1209,Tansurri (Ketan Susu RRI),Kafe,"Ruko Pasar Johar, Semarang","Lapak ketan susu viral di media sosial meski baru buka tiga minggu, diserbu wisatawan",1,1,2026-04-24 07:00:00+00:00,2026-04-24 07:00:00+00:00,0,1.0,17 Mei 2026,0.85,https://regional.kompas.com/read/2026/05/18/051000878/diserbu-wisatawan-ketan-susu-viral-hidupkan-nostalgia-pasar-johar-semarang?page=all,Kauman,Semarang Tengah,Kota Semarang,Jawa Tengah,-6.97,110.4225,Titik tempat,teks+inferensi,Pasar Johar
1210,1210,Soto Pak No,Restoran,"Lantai dua Pasar Johar, Kota Semarang",Soto ayam favorit pengunjung yang wajib dicoba di Pasar Johar,1,1,2026-07-20 07:00:00+00:00,2026-07-20 07:00:00+00:00,0,0.0,,0.7,https://www.detik.com/jateng/kuliner/d-8540914/asyiknya-kulineran-di-pasar-johar-semarang-ada-ketan-susu-hingga-es-gempol,Kauman,Semarang Tengah,Kota Semarang,Jawa Tengah,-6.97,110.4225,Titik tempat,teks+inferensi,Pasar Johar
1211,1211,Festival Kota Lama Semarang 2026,Pameran,"Kawasan Kota Lama, Kota Semarang","Festival seni budaya, kuliner nostalgia, jazz dan 1.000 Angklung Berkebaya, masuk Karisma Event Nusantara",1,1,2026-07-16 07:00:00+00:00,2026-07-16 07:00:00+00:00,0,0.0,4-20 September 2026,0.8,https://jateng.disway.id/disway-semarang/read/722991/festival-kota-lama-semarang-2026-dimulai-4-september-ada-kuliner-nostalgia-hingga-1000-angklung-berkebaya,Tanjung Mas,Semarang Utara,Kota Semarang,Jawa Tengah,-6.9681,110.427,Titik tempat,teks+inferensi,
1212,1212,Festival Bunga Bandungan 2026,Pameran,"Bandungan, Kabupaten Semarang",Festival bunga dengan workshop merangkai bunga dan parade 25 mobil hias,1,1,2026-04-06 07:00:00+00:00,2026-04-06 07:00:00+00:00,0,0.0,3-5 Juli 2026,0.8,https://travel.kompas.com/read/2026/07/01/100900927/akhir-pekan-ini-festival-bunga-bandungan-2026-digelar-di-semarang,,Bandungan,Kabupaten Semarang,Jawa Tengah,-7.215,110.36,Pusat kecamatan,teks+inferensi,
1213,1213,Gebyar Kuliner Gang Senggol Jakarta Vol. 5,Pameran,"Queen City Mall, Kota Semarang",Pesta kuliner jajanan khas dan kekinian,1,1,2026-09-16 07:00:00+00:00,2026-09-16 07:00:00+00:00,0,0.0,23 Juli - 2 Agustus 2026,0.7,https://www.ayosemarang.com/semarang-raya/7717446693/kalender-event-wisata-kota-semarang-agustus-2026-ada-festival-arak-arakan-cheng-ho,,,Kota Semarang,Jawa Tengah,-7.005,110.438,Pusat kota/kabupaten,teks+inferensi,Queen City Mall
1214,53,Liwet Bakar Derajat,Restoran,"Jalan HOS Cokroaminoto, Karang Tengah, Ciledug, Tangerang",Nasi liwet bakar hits di Karang Tengah,1,1,2026-06-28 07:00:00+00:00,2026-06-28 07:00:00+00:00,0,1.0,,0.8,https://food.detik.com/rumah-makan/d-8550840/7-kuliner-hits-di-ciledug-yang-lagi-viral-ada-nasi-goreng-yang-antre-1-jam,Karang Tengah,Karang Tengah,Kota Tangerang,Banten,-6.22,106.72,Pusat kecamatan,teks+inferensi,Karang Tengah adalah kecamatan tersendiri (bukan bagian Ciledug)
1215,1215,Jakarta Take Over The Capital's Food Festival,Pameran,"Atrium The Park Mall Semarang, Kota Semarang",Festival makanan khas Jakarta dan daerah lain,1,1,2026-08-28 07:00:00+00:00,2026-08-28 07:00:00+00:00,0,0.0,31 Juli - 9 Agustus 2026,0.7,https://aboutsemarang.id/catat-deretan-event-seru-semarang-agustus-2026-dari-festival-kuliner-hingga-konser-hut-ri/,,,Kota Semarang,Jawa Tengah,-7.005,110.438,Pusat kota/kabupaten,teks+inferensi,The Park Mall Semarang
1216,1216,Aurora Lighting Festival,Pameran,"Grand Maerakaca, Kota Semarang",Wisata malam dengan instalasi lampu instagramable,1,1,2026-08-28 07:00:00+00:00,2026-08-28 07:00:00+00:00,0,0.0,Hingga 6 September 2026,0.7,https://aboutsemarang.id/catat-deretan-event-seru-semarang-agustus-2026-dari-festival-kuliner-hingga-konser-hut-ri/,Tawangmas,Semarang Barat,Kota Semarang,Jawa Tengah,-6.96,110.392,Pusat kelurahan/desa,teks+inferensi,Grand Maerakaca (kawasan PRPP)
1217,1217,Indonesia Mahabarata Art Festival,Pameran,"Taman Indonesia Kaya, Kota Semarang",Festival seni pertunjukan bertema Mahabarata dikemas modern,1,1,2026-08-28 07:00:00+00:00,2026-08-28 07:00:00+00:00,0,0.0,23 Agustus 2026,0.6,https://aboutsemarang.id/catat-deretan-event-seru-semarang-agustus-2026-dari-festival-kuliner-hingga-konser-hut-ri/,Mugassari,Semarang Selatan,Kota Semarang,Jawa Tengah,-6.993,110.418,Pusat kelurahan/desa,teks+inferensi,
1218,1218,Sop Konro Bawakaraeng,Restoran,Pusat Kota Makassar,"Tempat makan konro legendaris dengan daging sangat lembut, selalu ramai",1,1,2026-08-31 07:00:00+00:00,2026-08-31 07:00:00+00:00,0,0.0,,0.75,https://makassar.antaranews.com/berita/632475/berikut-warung-konro-legendaris-di-kota-makassar,,,Kota Makassar,Sulawesi Selatan,-5.148,119.432,Pusat kota/kabupaten,teks+inferensi,pusat kota
1219,1219,Daeng Banna,Restoran,"Gayungsari Barat, Surabaya","Warung hidden gem kuliner Makassar dengan pallubasa, coto dan konro resep keluarga",1,1,2026-05-12 07:00:00+00:00,2026-05-12 07:00:00+00:00,0,0.0,,0.75,https://jatimnow.com/baca-84205-kuliner-makassar-di-surabaya-pallubasa-daeng-banna-bikin-nagih,,Gayungan,Kota Surabaya,Jawa Timur,-7.335,112.722,Pusat kecamatan,teks+inferensi,Gayungsari Barat
1220,1220,Ayam Goreng Kamari,Restoran,"Jalan Dharma Husada, Surabaya",Viral di media sosial berkat ayam goreng ketumbar kremesan rahasia dan ayam kukus kuah kaldu,1,1,2026-05-03 07:00:00+00:00,2026-05-03 07:00:00+00:00,0,1.0,,0.85,https://radarsurabayabisnis.jawapos.com/wisata-kuliner/2606250011/ayam-goreng-kamari-surabaya-perpaduan-rasa-makassar-dan-chinese-food-yang-viral,,,Kota Surabaya,Jawa Timur,-7.276,112.735,Pusat kota/kabupaten,teks+inferensi,Jl. Dharmahusada (lintas kecamatan)
1221,1221,Pulau Lanjukang,Wisata Alam,Kota Makassar,Dikembangkan sebagai destinasi wisata bahari berbasis konservasi,1,1,2026-04-26 07:00:00+00:00,2026-04-26 07:00:00+00:00,0,0.0,,0.7,https://m.antaranews.com/amp/video/5760968/hari-pariwisata-dunia-momentum-kembangkan-wisata-bahari-makassar,,Kepulauan Sangkarrang,Kota Makassar,Sulawesi Selatan,-5.148,119.432,Pusat kota/kabupaten,teks+inferensi,pulau terluar Makassar; koordinat centroid kota
1222,1222,Pantai Losari,Wisata Alam,Kota Makassar,Ikon wisata Makassar dengan panorama matahari terbenam dan kuliner khas,1,1,2026-04-20 07:00:00+00:00,2026-04-20 07:00:00+00:00,0,0.0,,0.8,https://mediata.id/2026/07/10-tempat-wisata-di-makassar-akhir-pekan/,Losari,Ujung Pandang,Kota Makassar,Sulawesi Selatan,-5.144,119.4077,Titik tempat,teks+inferensi,
1223,1223,Benteng Fort Rotterdam,Museum,Kota Makassar,Wisata sejarah dan museum koleksi budaya Sulawesi Selatan,1,1,2026-04-20 07:00:00+00:00,2026-04-20 07:00:00+00:00,0,0.0,,0.8,https://mediata.id/2026/07/10-tempat-wisata-di-makassar-akhir-pekan/,Bulo Gading,Ujung Pandang,Kota Makassar,Sulawesi Selatan,-5.134,119.4053,Titik tempat,teks+inferensi,
1224,1224,Masjid 99 Kubah,lainnya,"Kawasan Center Point of Indonesia, Kota Makassar","Ikon baru Makassar, wisata religi dan lokasi favorit berfoto",1,1,2026-04-20 07:00:00+00:00,2026-04-20 07:00:00+00:00,0,0.0,,0.7,https://mediata.id/2026/07/10-tempat-wisata-di-makassar-akhir-pekan/,Maccini Sombala,Tamalate,Kota Makassar,Sulawesi Selatan,-5.156,119.397,Pusat kelurahan/desa,teks+inferensi,kawasan Center Point of Indonesia
1225,1225,Kawasan Center Point of Indonesia,Wisata Alam,Kota Makassar,"Ruang publik untuk jalan kaki, olahraga dan menikmati suasana laut",1,1,2026-04-20 07:00:00+00:00,2026-04-20 07:00:00+00:00,0,0.0,,0.65,https://mediata.id/2026/07/10-tempat-wisata-di-makassar-akhir-pekan/,Maccini Sombala,Tamalate,Kota Makassar,Sulawesi Selatan,-5.156,119.397,Pusat kelurahan/desa,teks+inferensi,
1226,1226,Pulau Samalona,Wisata Alam,Makassar,Pulau kecil dengan air laut jernih dan lokasi snorkeling,1,1,2026-04-20 07:00:00+00:00,2026-04-20 07:00:00+00:00,0,0.0,,0.8,https://mediata.id/2026/07/10-tempat-wisata-di-makassar-akhir-pekan/,,Kepulauan Sangkarrang,Kota Makassar,Sulawesi Selatan,-5.125,119.342,Titik tempat,teks+inferensi,
1227,1227,Pantai Akkarena,Wisata Alam,Kota Makassar,Pantai tenang untuk bersantai keluarga dengan area bermain dan kuliner,1,1,2026-04-20 07:00:00+00:00,2026-04-20 07:00:00+00:00,0,0.0,,0.8,https://mediata.id/2026/07/10-tempat-wisata-di-makassar-akhir-pekan/,,Tamalate,Kota Makassar,Sulawesi Selatan,-5.18,119.41,Pusat kecamatan,teks+inferensi,
1228,1228,Trans Studio Makassar,Wahana,Kota Makassar,Taman hiburan indoor terbesar dengan berbagai wahana permainan,1,1,2026-04-20 07:00:00+00:00,2026-04-20 07:00:00+00:00,0,0.0,,0.8,https://mediata.id/2026/07/10-tempat-wisata-di-makassar-akhir-pekan/,Maccini Sombala,Tamalate,Kota Makassar,Sulawesi Selatan,-5.158,119.395,Pusat kelurahan/desa,teks+inferensi,
1229,1229,Ekowisata Mangrove Lakkang,Wisata Alam,"Kelurahan Lakkang, Kota Makassar",Kawasan delta mangrove digagas jadi ekowisata terpadu berbasis konservasi,1,1,2026-07-14 07:00:00+00:00,2026-07-14 07:00:00+00:00,0,0.0,9 Juni 2026,0.65,https://sulsel.suara.com/read/2026/06/09/201624/mengintip-potensi-ekowisata-lakkang-permata-tersembunyi-di-tengah-kota-makassar,Lakkang,Tallo,Kota Makassar,Sulawesi Selatan,-5.12,119.46,Pusat kelurahan/desa,teks+inferensi,
1230,1230,Pulau Liukang Loe,Wisata Alam,Sulawesi Selatan,"Pulau yang dikunjungi selebriti, berjoget bersama warga lokal",1,1,2026-06-06 07:00:00+00:00,2026-06-06 07:00:00+00:00,0,0.0,,0.5,https://20.detik.com/spot-wisata/20260715-260715104/beristirahat-sejenak-di-penginapan-nyaman-kota-makassar,,Bonto Bahari,Kabupaten Bulukumba,Sulawesi Selatan,-5.58,120.43,Pusat kecamatan,inferensi,pulau dekat Tanjung Bira
1231,1231,Trans Snow World Makassar,Wahana,"Trans Studio Mall Makassar, Jl. Metro Tanjung Bunga, Makassar","Wisata salju indoor untuk bermain salju dan berseluncur, ada promo tiket",1,1,2026-07-15 07:00:00+00:00,2026-07-15 07:00:00+00:00,0,0.0,18-24 Mei 2026,0.8,https://travel.detik.com/domestic-destination/d-8499187/promo-amayzing-deals-trans-snow-world-makassar-main-salju-makin-hemat,Maccini Sombala,Tamalate,Kota Makassar,Sulawesi Selatan,-5.158,119.395,Pusat kelurahan/desa,teks+inferensi,Trans Studio Mall Makassar
1232,1232,Museum Kota Makassar,Museum,"Jalan Balaikota, Makassar",Dimanfaatkan warga sebagai lokasi nobar Piala Dunia 2026,1,1,2026-05-23 07:00:00+00:00,2026-05-23 07:00:00+00:00,0,0.0,17 Juni 2026,0.45,https://makassar.tribunnews.com/makassar/1841601/munafri-sebut-museum-kota-makassar-bisa-dimanfaatkan-untuk-nobar-piala-dunia-2026,,Ujung Pandang,Kota Makassar,Sulawesi Selatan,-5.14,119.412,Pusat kecamatan,teks+inferensi,
1233,1233,Toko Sumber Plastik,lainnya,"Jalan Masjid Raya, Makassar","Aduan warga viral soal bongkar muat penyebab macet, disidak DPRD (isu negatif)",1,1,2026-06-30 07:00:00+00:00,2026-06-30 07:00:00+00:00,0,1.0,29 April 2026,0.35,https://rri.co.id/makassar/info-parlemen/2375815/dprd-makassar-sidak-gudang-toko-sumber-plastik,,,Kota Makassar,Sulawesi Selatan,-5.148,119.432,Pusat kota/kabupaten,teks+inferensi,Jl. Masjid Raya
1234,1234,Festival Warisan Rasa Asia,Pameran,"Phinisi Point Mall (PIPO), Makassar","Festival kuliner legendaris dan sajian viral Nusantara dan Asia, dimeriahkan SMASH",1,1,2026-06-15 07:00:00+00:00,2026-06-15 07:00:00+00:00,0,0.0,,0.75,https://makassar.terkini.id/phinisi-point-mall-hadirkan-festival-warisan-rasa-asia-smash-siap-hibur-pengunjung/,,Tamalate,Kota Makassar,Sulawesi Selatan,-5.18,119.41,Pusat kecamatan,teks+inferensi,"Phinisi Point Mall, Jl. Metro Tanjung Bunga"
1235,1235,Bakso Bioskop Lamo,Restoran,"Kertapati, Palembang","Kembali dipadati pengunjung setelah viral di media sosial, bakso legendaris sejak 1987 harga terjangkau",1,1,2026-07-27 07:00:00+00:00,2026-07-27 07:00:00+00:00,0,1.0,12 Juli 2026,0.9,https://rri.co.id/palembang/regional/2565904/viral-di-medsos-bakso-bioskop-lamo-kembali-ramai-pengunjung,,Kertapati,Kota Palembang,Sumatera Selatan,-3.03,104.745,Pusat kecamatan,teks+inferensi,
1236,54,Bakso Pentol Bang Dimas,Restoran,"Jalan H. Gedad, Paninggilan Utara, Ciledug, Tangerang","Sempat viral di media sosial, aneka kreasi bakso",1,1,2026-06-28 07:00:00+00:00,2026-06-28 07:00:00+00:00,0,1.0,,0.9,https://food.detik.com/rumah-makan/d-8550840/7-kuliner-hits-di-ciledug-yang-lagi-viral-ada-nasi-goreng-yang-antre-1-jam,Paninggilan Utara,Ciledug,Kota Tangerang,Banten,-6.225,106.705,Pusat kelurahan/desa,teks+inferensi,
1237,1237,Masjid Agung Sultan Mahmud Badaruddin I,lainnya,Kota Palembang,"Bangunan bersejarah perpaduan Melayu, Tionghoa dan Eropa untuk wisata edukasi",1,1,2026-08-13 07:00:00+00:00,2026-08-13 07:00:00+00:00,0,0.0,,0.65,https://sumsel.akurat.co/traveling/869383/liburan-sekolah-di-palembang-ini-8-destinasi-menarik-yang-wajib-masuk-daftar-kunjungan,19 Ilir,Bukit Kecil,Kota Palembang,Sumatera Selatan,-2.9884,104.7604,Titik tempat,teks+inferensi,
1238,1238,Kompleks Pemakaman Kawah Tekurep,Museum,Kota Palembang,Wisata sejarah makam tokoh Kesultanan Palembang Darussalam,1,1,2026-08-13 07:00:00+00:00,2026-08-13 07:00:00+00:00,0,0.0,,0.65,https://sumsel.akurat.co/traveling/869383/liburan-sekolah-di-palembang-ini-8-destinasi-menarik-yang-wajib-masuk-daftar-kunjungan,3 Ilir,Ilir Timur II,Kota Palembang,Sumatera Selatan,-2.979,104.787,Pusat kelurahan/desa,teks+inferensi,
1239,1239,Kampung Kapitan,Wisata Alam,Kota Palembang,Kampung wisata budaya jejak komunitas Tionghoa di tepi Sungai Musi,1,1,2026-08-13 07:00:00+00:00,2026-08-13 07:00:00+00:00,0,0.0,,0.65,https://sumsel.akurat.co/traveling/869383/liburan-sekolah-di-palembang-ini-8-destinasi-menarik-yang-wajib-masuk-daftar-kunjungan,7 Ulu,Seberang Ulu I,Kota Palembang,Sumatera Selatan,-2.997,104.763,Pusat kelurahan/desa,teks+inferensi,
1240,1240,Punti Kayu,Wisata Alam,"Jl. Kolonel Haji Burlian Km 6,5, Kecamatan Sukarami, Palembang",Hutan pinus 50 hektare di tengah kota untuk piknik keluarga,1,1,2026-09-10 07:00:00+00:00,2026-09-10 07:00:00+00:00,0,0.0,,0.8,https://www.detik.com/sumbagsel/wisata/d-8483092/wajib-tahu-ini-15-wisata-alam-sekitar-wilayah-kota-palembang,,Sukarami,Kota Palembang,Sumatera Selatan,-2.93,104.72,Pusat kecamatan,teks+inferensi,
1241,1241,Bukit Siguntang,Wisata Alam,"Kelurahan Bukit Lama, Kecamatan Ilir Barat II, Kota Palembang","Titik tertinggi Palembang, wisata alam sekaligus situs sejarah",1,1,2026-09-10 07:00:00+00:00,2026-09-10 07:00:00+00:00,0,0.0,,0.8,https://www.detik.com/sumbagsel/wisata/d-8483092/wajib-tahu-ini-15-wisata-alam-sekitar-wilayah-kota-palembang,Bukit Lama,Ilir Barat I,Kota Palembang,Sumatera Selatan,-2.992,104.731,Titik tempat,teks+inferensi,teks menyebut Ilir Barat II; Bukit Lama berada di Ilir Barat I
1242,1242,Benteng Kuto Besak,Museum,Kota Palembang,"Cagar budaya tepian Sungai Musi yang direvitalisasi, destinasi wisata sejarah",1,1,2026-08-12 07:00:00+00:00,2026-08-12 07:00:00+00:00,0,0.0,,0.55,https://jogja.disway.id/wisata/read/700870/lagi-hits-banget-ini-tempat-wisata-palembang-terbaru-2026-yang-wajib-masuk-list-liburan,19 Ilir,Bukit Kecil,Kota Palembang,Sumatera Selatan,-2.991,104.759,Titik tempat,teks+inferensi,
1243,1243,Ampera Walk,lainnya,Kota Palembang,Kawasan wisata tepi Sungai Musi yang fotogenik,1,1,2026-08-12 07:00:00+00:00,2026-08-12 07:00:00+00:00,0,0.0,,0.5,https://jogja.disway.id/wisata/read/700870/lagi-hits-banget-ini-tempat-wisata-palembang-terbaru-2026-yang-wajib-masuk-list-liburan,,,Kota Palembang,Sumatera Selatan,-2.976,104.775,Pusat kota/kabupaten,teks+inferensi,
1244,1244,Kambang Iwak,Wisata Alam,"Jalan Tasik, Talang Semut, Kecamatan Bukit Kecil, Palembang","Dipadati pengunjung saat libur sekolah, ada wahana anak memberi makan kelinci, playground dan kuliner UMKM",1,1,2026-07-29 07:00:00+00:00,2026-07-29 07:00:00+00:00,0,0.0,5 Juli 2026,0.8,https://rri.co.id/palembang/regional/2547431/jadi-destinasi-wisata-di-palembang-kambang-iwak-ramai-dikunjungi-warga-saat-libur,Talang Semut,Bukit Kecil,Kota Palembang,Sumatera Selatan,-2.985,104.748,Pusat kelurahan/desa,teks+inferensi,
1245,1245,Kisah Baru Cabin,Kafe,"Jakabaring Sport City, Palembang","Kafe konsep rumah kabin di tepi Danau Jakabaring, pengunjung bertambah setelah viral di media sosial",1,1,2026-06-14 07:00:00+00:00,2026-06-14 07:00:00+00:00,0,1.0,Sejak April 2026,0.9,https://rri.co.id/palembang/wisata/2604175/kisah-baru-cabin-jadi-kafe-viral-bernuansa-kabin-di-palembang,,Jakabaring,Kota Palembang,Sumatera Selatan,-3.0217,104.788,Titik tempat,teks+inferensi,
1246,1246,Masjid Agung Sultan Mahmud Badaruddin Jayo Wikramo,lainnya,Kota Palembang,Ditetapkan sebagai Cagar Budaya Peringkat Nasional,1,1,2026-06-17 01:12:45+00:00,2026-06-17 01:12:45+00:00,0,0.0,2 Juli 2026,0.6,https://www.rmolsumsel.id/kementerian-kebudayaan-tetapkan-empat-ikon-palembang-sebagai-cagar-budaya-peringkat-nasional,19 Ilir,Bukit Kecil,Kota Palembang,Sumatera Selatan,-2.9884,104.7604,Titik tempat,teks+inferensi,
1247,55,Festival Kuliner Gang Viral,Pameran,"Outdoor Lobby Utama GF, Cambridge City Square, Jl. S. Parman, Medan",Bazar kuliner gang viral Jakarta dengan 40+ tenant viral halal,1,1,2026-09-27 06:47:00+00:00,2026-09-27 06:47:00+00:00,0,1.0,"Minggu, 27 September 2026",0.9,https://www.hariansib.com/Kuliner/450454/festival-kuliner-gang-viral-jakarta-hadir-di-medan,Petisah Tengah,Medan Petisah,Kota Medan,Sumatera Utara,3.583,98.665,Pusat kecamatan,teks+inferensi,Cambridge City Square
1248,1248,Pasaraya Bandung,lainnya,"16 Ilir, Palembang","Video TikTok kondisi terkini eks Sumatera Shopping Center memancing nostalgia warganet, kini sepi",1,1,2026-06-18 07:00:00+00:00,2026-06-18 07:00:00+00:00,0,0.0,,0.45,https://palembang.tribunnews.com/metro/1322019/viral-tiktok-kondisi-pasaraya-bandung-16-ilir-palembang-bikin-warganet-nostalgia-masa-kejayaan-dulu,16 Ilir,Ilir Timur I,Kota Palembang,Sumatera Selatan,-2.988,104.765,Pusat kelurahan/desa,teks+inferensi,
1249,1249,Matahari Department Store IP Mall,lainnya,"Internasional Plaza (IP Mall), Palembang","Gerai legendaris resmi tutup, diskon besar-besaran, video suasana chaos penuh haru viral di media sosial",1,1,2026-08-26 07:00:00+00:00,2026-08-26 07:00:00+00:00,0,1.0,27 April 2026,0.5,https://sumselsatu.com/pamit-dari-palembang-matahari-ip-mall-tutup-pada-27-april-2026-warga-larut-dalam-diskon-dan-kenangan/,,Ilir Timur I,Kota Palembang,Sumatera Selatan,-2.975,104.755,Pusat kecamatan,teks+inferensi,Internasional Plaza
1250,1250,Bakso Condong Raos,Restoran,"Jalan Gede, Depok Timur, Depok",Bakso populer selalu ramai pembeli dengan kuah kaldu gurih,1,1,2026-04-22 07:00:00+00:00,2026-04-22 07:00:00+00:00,0,0.0,,0.75,https://food.detik.com/warung-makan/d-8660720/7-bakso-enak-di-depok-mulai-rp13-ribu-ada-bakso-gepeng-hingga-urat,,Sukmajaya,Kota Depok,Jawa Barat,-6.4,106.845,Pusat kecamatan,teks+inferensi,Depok Timur (Perumnas)
1251,1251,Bakso Malang Citra,Restoran,"Margonda Raya, Depok",Bakso Malang dengan pangsit goreng renyah dekat Stasiun UI,1,1,2026-04-22 07:00:00+00:00,2026-04-22 07:00:00+00:00,0,0.0,,0.7,https://food.detik.com/warung-makan/d-8660720/7-bakso-enak-di-depok-mulai-rp13-ribu-ada-bakso-gepeng-hingga-urat,,,Kota Depok,Jawa Barat,-6.402,106.794,Pusat kota/kabupaten,teks+inferensi,Jl. Margonda Raya
1252,1252,Pondok Bakso Pak Parjo,Restoran,"Jalan Proklamasi Abadijaya, Depok II Timur, Sukmajaya, Depok",Bakso sederhana yang bikin pelanggan kembali,1,1,2026-04-22 07:00:00+00:00,2026-04-22 07:00:00+00:00,0,0.0,,0.7,https://food.detik.com/warung-makan/d-8660720/7-bakso-enak-di-depok-mulai-rp13-ribu-ada-bakso-gepeng-hingga-urat,Abadijaya,Sukmajaya,Kota Depok,Jawa Barat,-6.395,106.84,Pusat kelurahan/desa,teks+inferensi,
1253,1253,Bakso Kraton Depok,Restoran,"Jalan Siliwangi No. 4, Pancoran Mas, Depok",Tempat makan bakso populer bertekstur lembut dan kenyal,1,1,2026-04-22 07:00:00+00:00,2026-04-22 07:00:00+00:00,0,0.0,,0.7,https://food.detik.com/warung-makan/d-8660720/7-bakso-enak-di-depok-mulai-rp13-ribu-ada-bakso-gepeng-hingga-urat,,Pancoran Mas,Kota Depok,Jawa Barat,-6.405,106.8,Pusat kecamatan,teks+inferensi,
1254,1254,Pondok Bakso dan Mie Ayam Merdeka,Restoran,"Depok II Tengah, Depok",Bakso halus dan bakso urat harga terjangkau,1,1,2026-04-22 07:00:00+00:00,2026-04-22 07:00:00+00:00,0,0.0,,0.65,https://food.detik.com/warung-makan/d-8660720/7-bakso-enak-di-depok-mulai-rp13-ribu-ada-bakso-gepeng-hingga-urat,,Sukmajaya,Kota Depok,Jawa Barat,-6.4,106.845,Pusat kecamatan,teks+inferensi,Depok II Tengah
1255,1255,Kopi Kotak Margonda,Kafe,"Margonda Raya, Depok",Kafe tematik di kawasan Margonda untuk nongkrong anak muda,1,1,2026-05-23 07:00:00+00:00,2026-05-23 07:00:00+00:00,0,0.0,,0.5,https://jogja.disway.id/gaya-hidup/read/698682/daftar-kafe-hits-di-margonda-depok-2026-ini-tempat-nongkrong-malam-favorit-paling-estetik,,,Kota Depok,Jawa Barat,-6.402,106.794,Pusat kota/kabupaten,teks+inferensi,Jl. Margonda Raya
1256,1256,The Milk Crate,Kafe,Depok,"Tengah viral lewat kreasi salt bread 8 varian rasa, ramai direkomendasikan netizen Threads",1,1,2026-04-13 07:00:00+00:00,2026-04-13 07:00:00+00:00,0,1.0,Juli-Agustus 2026,0.8,https://food.detik.com/tempat-makan/d-8623962/cicip-lezatnya-salt-bread-viral-di-depok-ada-rasa-cheesy-jalapeno,,,Kota Depok,Jawa Barat,-6.402,106.794,Pusat kota/kabupaten,teks+inferensi,
1257,1257,Alun-alun Kota Depok,Wisata Alam,"Grand Depok City, Depok",Ruang publik primadona warga dengan fasilitas olahraga dan area bermain anak,1,1,2026-07-04 07:00:00+00:00,2026-07-04 07:00:00+00:00,0,0.0,,0.75,https://depok.tribunnews.com/news/50817/libur-sekolah-tiba-ini-6-destinasi-wisata-keluarga-terhits-di-depok-yang-wajib-dikunjungi,Tirtajaya,Sukmajaya,Kota Depok,Jawa Barat,-6.42,106.822,Pusat kelurahan/desa,teks+inferensi,Grand Depok City
1258,1258,Taman Alun-alun dan Hutan Kota Wilayah Barat (Albar),Wisata Alam,Depok,Ruang terbuka hijau dengan jembatan ikonik Juara Situ Tujuh Muara,1,1,2026-07-04 07:00:00+00:00,2026-07-04 07:00:00+00:00,0,0.0,,0.75,https://depok.tribunnews.com/news/50817/libur-sekolah-tiba-ini-6-destinasi-wisata-keluarga-terhits-di-depok-yang-wajib-dikunjungi,,,Kota Depok,Jawa Barat,-6.402,106.794,Pusat kota/kabupaten,teks+inferensi,
1259,57,PIK Baking House,Kafe,"Cambridge City Square, Medan","Produk bika ambon, lapis legit, donat labu",1,1,2026-09-27 06:47:00+00:00,2026-09-27 06:47:00+00:00,0,0.0,,0.6,https://www.hariansib.com/Kuliner/450454/festival-kuliner-gang-viral-jakarta-hadir-di-medan,Petisah Tengah,Medan Petisah,Kota Medan,Sumatera Utara,3.583,98.665,Pusat kecamatan,teks+inferensi,Cambridge City Square
1260,1260,Danau Shila Sawangan,Wisata Alam,"Bojongsari, Sawangan, Depok","Spot viral beberapa bulan terakhir, danau 26 hektare di kawasan perumahan eco town, tak pernah sepi pengunjung",1,1,2026-05-04 07:49:52+00:00,2026-05-04 07:49:52+00:00,0,1.0,Sejak akhir 2025,0.85,https://www.harapanrakyat.com/2026/04/danau-shila-sawangan-depok-wisata-alam-di-tengah-perumahan-premium/,,Bojongsari,Kota Depok,Jawa Barat,-6.395,106.745,Pusat kecamatan,teks+inferensi,"teks: Bojongsari, Sawangan; Bojongsari kini kecamatan tersendiri"
1261,1261,Nara Kupu Village,Wisata Alam,"Jl. Batu Ampar Kekupu, Pasir Putih, Sawangan, Depok","Agro lifestyle dengan rusa tutul, rumah lebah dan kebun organik",1,1,2026-06-09 07:00:00+00:00,2026-06-09 07:00:00+00:00,0,0.0,,0.8,https://depok.tribunnews.com/alun-alun-depok/49593/bosan-macet-macetan-ke-puncak-ini-10-spot-healing-asri-di-depok-yang-wajib-dicoba-akhir-pekan-ini,Pasir Putih,Sawangan,Kota Depok,Jawa Barat,-6.415,106.77,Pusat kelurahan/desa,teks+inferensi,
1262,1262,Pondok Zidane,Wisata Alam,Depok,"Wisata alam dengan mini outbound, berkuda, kolam renang dan area berkemah",1,1,2026-06-09 07:00:00+00:00,2026-06-09 07:00:00+00:00,0,0.0,,0.7,https://depok.tribunnews.com/alun-alun-depok/49593/bosan-macet-macetan-ke-puncak-ini-10-spot-healing-asri-di-depok-yang-wajib-dicoba-akhir-pekan-ini,,,Kota Depok,Jawa Barat,-6.402,106.794,Pusat kota/kabupaten,teks+inferensi,
1263,1263,Bandar Djakarta Summarecon Bekasi,Restoran,"Summarecon Bekasi, Bekasi","Masuk daftar wisata kuliner viral, restoran seafood pilih sendiri",1,1,2026-07-25 07:00:00+00:00,2026-07-25 07:00:00+00:00,0,1.0,,0.7,https://chanelmuslim.com/wisata/5-tempat-wisata-kuliner-viral-di-bekasi-yang-wajib-masuk-daftar-kunjungan,Marga Mulya,Bekasi Utara,Kota Bekasi,Jawa Barat,-6.225,107.0,Pusat kelurahan/desa,teks+inferensi,kawasan Summarecon Bekasi
1264,1264,Raja Sunda Bekasi,Restoran,Bekasi,"Masuk daftar wisata kuliner viral, masakan Sunda dengan saung tradisional",1,1,2026-07-25 07:00:00+00:00,2026-07-25 07:00:00+00:00,0,1.0,,0.7,https://chanelmuslim.com/wisata/5-tempat-wisata-kuliner-viral-di-bekasi-yang-wajib-masuk-daftar-kunjungan,,,,Jawa Barat,-6.92,107.6,Pusat provinsi,teks,"""Bekasi"" tidak jelas Kota atau Kabupaten Bekasi"
1265,1265,Martabak Sinar Senayan,Restoran,Bekasi,Martabak manis dan telur enak dengan beberapa cabang,1,1,2026-05-05 07:00:00+00:00,2026-05-05 07:00:00+00:00,0,0.0,,0.7,https://food.detik.com/tempat-makan/d-8675788/5-martabak-manis-di-bekasi-yang-cocok-buat-ngemil-sore,,,,Jawa Barat,-6.92,107.6,Pusat provinsi,teks,"""Bekasi"" tidak jelas Kota atau Kabupaten Bekasi"
1266,1266,Nasi Uduk Bang Bule,Restoran,"Jl. Mayor Oking No.1, Margahayu, Bekasi",Nasi uduk legendaris sejak 1970-an dengan sate kikil favorit,1,1,2026-05-18 07:00:00+00:00,2026-05-18 07:00:00+00:00,0,0.0,,0.75,https://food.detik.com/tempat-makan/d-8629703/7-nasi-uduk-terkenal-enak-di-bekasi-ada-yang-legend-dari-70-an,Margahayu,Bekasi Timur,Kota Bekasi,Jawa Barat,-6.245,107.005,Pusat kelurahan/desa,teks+inferensi,
1267,58,Maevan Cafe,Kafe,"Jalan Andi Manappiang RW.05 Biring Kassi, Kelurahan Lembang, Kabupaten Bantaeng, Sulawesi Selatan","Tengah jadi perbincangan hangat, pemandangan sunset dekat Pantai Lamalaka",1,1,2026-09-25 08:43:14+00:00,2026-09-25 08:43:14+00:00,0,1.0,,0.9,https://lembang-bantaengkab.digitaldesa.id/potensi/-viral-di-bantaeng-maevan-cafe-hadirkan-surga-kuliner-dengan-pesona-sunset-memikat,Lembang,Bantaeng,Kabupaten Bantaeng,Sulawesi Selatan,-5.55,119.95,Pusat kecamatan,teks+inferensi,
1268,1268,Momolin Bakery,Kafe,"Jl. Cemara Permai Blok A-159, Harapan Jaya, Bekasi Utara, Bekasi",Bakery ikut tren salt bread dengan varian unik,1,1,2026-09-27 11:01:07+00:00,2026-09-27 11:01:07+00:00,0,0.0,,0.65,https://www.nibble.id/salt-bread-enak-di-bekasi/,Harapan Jaya,Bekasi Utara,Kota Bekasi,Jawa Barat,-6.2,107.02,Pusat kelurahan/desa,teks+inferensi,
1269,1269,Kolibrew,Kafe,Bekasi,Kafe family friendly dengan salt bread hasil riset setahun,1,1,2026-09-27 11:01:07+00:00,2026-09-27 11:01:07+00:00,0,0.0,,0.65,https://www.nibble.id/salt-bread-enak-di-bekasi/,,,,Jawa Barat,-6.92,107.6,Pusat provinsi,teks,"""Bekasi"" tidak jelas Kota atau Kabupaten Bekasi"
1270,1270,Seblak Prasmanan Bekasi,Restoran,"Cimuning, Mustika Jaya, Bekasi",Seblak konsep prasmanan harga murah,1,1,2026-09-12 07:00:00+00:00,2026-09-12 07:00:00+00:00,0,0.0,,0.65,https://food.detik.com/warung-makan/d-8472262/raos-pisan-7-warung-seblak-prasmanan-di-bekasi-toppingnya-bikin-kalap,Cimuning,Mustika Jaya,Kota Bekasi,Jawa Barat,-6.32,107.04,Pusat kelurahan/desa,teks+inferensi,
1271,1271,Nangkring Seblak,Restoran,Bekasi,Seblak prasmanan dengan beragam pilihan kuah,1,1,2026-09-12 07:00:00+00:00,2026-09-12 07:00:00+00:00,0,0.0,,0.65,https://food.detik.com/warung-makan/d-8472262/raos-pisan-7-warung-seblak-prasmanan-di-bekasi-toppingnya-bikin-kalap,,,,Jawa Barat,-6.92,107.6,Pusat provinsi,teks,"""Bekasi"" tidak jelas Kota atau Kabupaten Bekasi"
1272,1272,Super Seblak,Restoran,"Bekasi Timur, Bekasi",Seblak prasmanan dengan puluhan topping,1,1,2026-09-12 07:00:00+00:00,2026-09-12 07:00:00+00:00,0,0.0,,0.65,https://food.detik.com/warung-makan/d-8472262/raos-pisan-7-warung-seblak-prasmanan-di-bekasi-toppingnya-bikin-kalap,,Bekasi Timur,Kota Bekasi,Jawa Barat,-6.245,107.015,Pusat kecamatan,teks+inferensi,
1273,1273,Museum Gedung Juang,Museum,"Desa Setiadarma, Kecamatan Tambun Selatan, Kabupaten Bekasi",Destinasi wisata sejarah kini dilengkapi Pojok Baca Digital gratis,1,1,2026-09-23 16:45:18+00:00,2026-09-23 16:45:18+00:00,0,0.0,,0.7,https://beritacikarang.com/museum-gedung-juang-kini-dilengkapi-pojok-baca-digital-pengunjung-bisa-akses-ratusan-buku-gratis/,Setiadarma,Tambun Selatan,Kabupaten Bekasi,Jawa Barat,-6.262,107.06,Pusat kelurahan/desa,teks+inferensi,
1274,1274,Ikkudo Ichi,Restoran,"Lantai 2 Pakuwon Mall Bekasi, Pekayon Jaya, Bekasi Selatan",Restoran ramen Jepang dengan level pedas bisa dipilih,1,1,2026-07-24 07:00:00+00:00,2026-07-24 07:00:00+00:00,0,0.0,,0.65,https://www.nibble.id/restoran-di-pakuwon-mall/,Pekayon Jaya,Bekasi Selatan,Kota Bekasi,Jawa Barat,-6.265,106.975,Pusat kelurahan/desa,teks+inferensi,Pakuwon Mall Bekasi
1275,1275,The Misoa Story,Restoran,"UG Floor Pakuwon Mall Bekasi, Pekayon Jaya, Bekasi Selatan",Kuliner viral dari Blok M kini buka cabang di Bekasi,1,1,2026-07-24 07:00:00+00:00,2026-07-24 07:00:00+00:00,0,1.0,,0.7,https://www.nibble.id/restoran-di-pakuwon-mall/,Pekayon Jaya,Bekasi Selatan,Kota Bekasi,Jawa Barat,-6.265,106.975,Pusat kelurahan/desa,teks+inferensi,Pakuwon Mall Bekasi
1276,1276,Kitchenette,Restoran,"Pakuwon Mall Bekasi, Pekayon Jaya, Bekasi Selatan",Restoran bergaya Barat suasana rumahan untuk keluarga,1,1,2026-07-24 07:00:00+00:00,2026-07-24 07:00:00+00:00,0,0.0,,0.6,https://www.nibble.id/restoran-di-pakuwon-mall/,Pekayon Jaya,Bekasi Selatan,Kota Bekasi,Jawa Barat,-6.265,106.975,Pusat kelurahan/desa,teks+inferensi,Pakuwon Mall Bekasi
1277,59,Pantai Lamalaka,Wisata Alam,"Bantaeng, Sulawesi Selatan",Disebut sebagai lokasi dekat Maevan Cafe,1,1,2026-09-25 08:43:14+00:00,2026-09-25 08:43:14+00:00,0,0.0,,0.5,https://lembang-bantaengkab.digitaldesa.id/potensi/-viral-di-bantaeng-maevan-cafe-hadirkan-surga-kuliner-dengan-pesona-sunset-memikat,,,Kabupaten Bantaeng,Sulawesi Selatan,-5.48,119.99,Pusat kota/kabupaten,teks,
1278,60,Mie Gacoan,Restoran,"KS Tubun (gerai terdekat dari Palmerah Selatan), Jakarta","Makanan viral ramah kantong, antrean memanjang",1,1,2026-09-24 03:40:00+00:00,2026-09-24 03:40:00+00:00,0,1.0,,0.8,https://www.kompas.com/food/read/cm/2026/09/24/104012175/bagaimana-cara-mencari-mie-gacoan-terdekat-dan-kuliner-viral-lain-di,,,,DKI Jakarta,-6.2,106.845,Pusat provinsi,teks+inferensi,Jl. KS Tubun melintasi Jakarta Pusat dan Jakarta Barat
1279,1279,Klepon Gianyar Sejak 1980,Restoran,"Gianyar, Bali (tenant Hungry Playground Summarecon Mall Bekasi)","Klepon legendaris yang mempertahankan resep lama, pernah disajikan di Istana Negara",1,1,2026-06-09 07:00:00+00:00,2026-06-09 07:00:00+00:00,0,0.0,15 Agustus 2026,0.6,https://mediaindonesia.com/kuliner/922264/jaga-resep-lama-di-tengah-kuliner-viral,Marga Mulya,Bekasi Utara,Kota Bekasi,Jawa Barat,-6.2257,107.0003,Titik tempat,teks+inferensi,"tenant di Summarecon Mall Bekasi; asal usaha Gianyar, Bali"
1280,61,Blok M Hub,lainnya,"Blok M, Jakarta Selatan","Spot nongkrong nge-trend, pusat kuliner viral, antre panjang",1,1,2026-09-17 07:00:00+00:00,2026-09-17 07:00:00+00:00,0,1.0,,0.85,https://www.tripzilla.id/kuliner-blok-m-hub-jakarta/27660,Melawai,Kebayoran Baru,Kota Jakarta Selatan,DKI Jakarta,-6.244,106.8,Titik tempat,teks+inferensi,
1281,1281,Bebek Kaleyo Pasar Lama,Restoran,"Jalan A. Damyati No.11, Sukasari, Kecamatan Tangerang, Kota Tangerang",Bebek empuk porsi besar dengan sambal pedas pas,1,1,2026-06-06 07:00:00+00:00,2026-06-06 07:00:00+00:00,0,0.0,,0.75,https://travel.tribunnews.com/kuliner/142706/5-tempat-makan-malam-dekat-pasar-lama-tangerang-enak-dan-bikin-nagih,Sukasari,Tangerang,Kota Tangerang,Banten,-6.176,106.632,Pusat kelurahan/desa,teks+inferensi,
1282,1282,Pempek Kenari,Restoran,"Ruko Aniva Junction, Paramount Gading Serpong, Tangerang",Cabang baru pempek khas Palembang langsung ramai dikunjungi,1,1,2026-04-22 07:00:00+00:00,2026-04-22 07:00:00+00:00,0,0.0,20 April 2026,0.7,https://wartatangerang.com/pempek-kenari-buka-cabang-baru-di-gading-serpong/,,Kelapa Dua,Kabupaten Tangerang,Banten,-6.24,106.615,Pusat kecamatan,teks+inferensi,Gading Serpong
1283,1283,Situ Cipondoh,Wisata Alam,Kota Tangerang,"Pernah ramai pascapandemi kini mulai sepi pengunjung, pengelolaan belum maksimal",1,1,2026-04-07 07:00:00+00:00,2026-04-07 07:00:00+00:00,0,0.0,,0.55,https://travel.detik.com/fototravel/d-8451092/jejak-wisata-yang-memudar-di-situ-cipondoh-tangerang,,Cipondoh,Kota Tangerang,Banten,-6.185,106.69,Pusat kecamatan,teks+inferensi,
1284,1284,Sate Ayam H. Ishak,Restoran,"Pasar Lama, Kota Tangerang",Sate ayam legenda Pasar Lama,1,1,2026-04-15 07:00:00+00:00,2026-04-15 07:00:00+00:00,0,0.0,,0.6,https://jogja.disway.id/gaya-hidup/read/698479/surga-wisata-kuliner-malam-tangerang-legendaris-di-sekitar-pasar-lama,Sukasari,Tangerang,Kota Tangerang,Banten,-6.176,106.632,Pusat kelurahan/desa,teks+inferensi,
1285,62,Susu Murni Bahagia,Kafe,"Blok M Hub, Jakarta Selatan","Minuman susu viral, buka banyak cabang di Jabodetabek",1,1,2026-09-17 07:00:00+00:00,2026-09-17 07:00:00+00:00,0,1.0,,0.85,https://www.tripzilla.id/kuliner-blok-m-hub-jakarta/27660,Melawai,Kebayoran Baru,Kota Jakarta Selatan,DKI Jakarta,-6.244,106.8,Titik tempat,teks+inferensi,
1286,1286,Pasar Anyar Tangerang,lainnya,Pusat Kota Tangerang,"Pasar tiga lantai dengan area kuliner, ada sudut kulineran berlatar jalur KRL",1,1,2026-05-25 07:00:00+00:00,2026-05-25 07:00:00+00:00,0,0.0,21 September 2026,0.5,https://www.tangerangkota.go.id/berita/detail/69144/pasar-anyar-tangerang-jadi-pilihan-belanja-kebutuhan-dapur-sekaligus-kulineran,,Tangerang,Kota Tangerang,Banten,-6.18,106.635,Pusat kecamatan,teks+inferensi,
1287,1287,Pasar Kue Subuh Sitanala,lainnya,"Jalan Dr. Sitanala, Kecamatan Neglasari, Kota Tangerang","Sentra lebih dari 50 jenis kue basah tradisional, dipadati pembeli sore hingga pagi",1,1,2026-09-24 01:48:18+00:00,2026-09-24 01:48:18+00:00,0,0.0,,0.7,https://www.tangerangkota.go.id/berita/detail/67728/pasar-kue-subuh-sitanala-surganya-jajanan-legendaris-di-kota-tangerang,,Neglasari,Kota Tangerang,Banten,-6.145,106.64,Pusat kecamatan,teks+inferensi,
1288,1288,Tilu Geulis Cijeruk,Restoran,"Jalan Kolonel Bustomi No. 36, Warung Menteng, Bogor",Restoran Sunda modern dengan bangunan estetik dan instagramable,1,1,2026-05-15 08:46:15+00:00,2026-05-15 08:46:15+00:00,0,0.0,,0.75,https://jogja.disway.id/amp/701509/pecinta-kuliner-dekat-cibalung-happy-land-bogor-paling-enak-dan-selalu-ramai/16,Warung Menteng,Cijeruk,Kabupaten Bogor,Jawa Barat,-6.685,106.785,Pusat kelurahan/desa,teks+inferensi,"teks ""Bogor""; Cijeruk di Kabupaten Bogor"
1289,1289,Mojang Pasundan Restoran,Restoran,"Jalan Raya Sukabumi Km 15 Ciawi, Cimande Hilir, Bogor","Masakan Pasundan otentik dengan sambal dadak, dekat Cibalung Happy Land",1,1,2026-05-15 08:46:15+00:00,2026-05-15 08:46:15+00:00,0,0.0,,0.7,https://jogja.disway.id/amp/701509/pecinta-kuliner-dekat-cibalung-happy-land-bogor-paling-enak-dan-selalu-ramai/16,Cimande Hilir,Caringin,Kabupaten Bogor,Jawa Barat,-6.708,106.832,Pusat kecamatan,teks+inferensi,
1290,1290,Cibalung Happy Land,Wahana,Bogor,Destinasi wisata yang menjadi acuan kuliner sekitar,1,1,2026-05-15 08:46:15+00:00,2026-05-15 08:46:15+00:00,0,0.0,,0.4,https://jogja.disway.id/amp/701509/pecinta-kuliner-dekat-cibalung-happy-land-bogor-paling-enak-dan-selalu-ramai/16,,,,Jawa Barat,-6.92,107.6,Pusat provinsi,teks+inferensi,Bogor ambigu (Kota/Kabupaten Bogor)
1291,1291,Warung Kondang,Restoran,"Jalan Pesona Florence Raya Blok H1, Ciangsana, Gunung Putri, Kabupaten Bogor","Beragam menu bebek, ayam bakar, sop buntut dan es di Kota Wisata",1,1,2026-06-11 07:00:00+00:00,2026-06-11 07:00:00+00:00,0,0.0,,0.7,https://www.kompas.com/food/read/2026/09/15/160400075/5-rekomendasi-kuliner-di-kota-wisata-bogor-ada-kopitiam?page=all,Ciangsana,Gunung Putri,Kabupaten Bogor,Jawa Barat,-6.43,106.92,Pusat kecamatan,teks+inferensi,
1292,1292,Titik Desa,Kafe,"Jalan Pesona Taman Florence J2 No. 10, Ciangsana, Gunung Putri, Kabupaten Bogor",Tempat makan dengan pisang goreng andalan dan kopi susu,1,1,2026-06-11 07:00:00+00:00,2026-06-11 07:00:00+00:00,0,0.0,,0.7,https://www.kompas.com/food/read/2026/09/15/160400075/5-rekomendasi-kuliner-di-kota-wisata-bogor-ada-kopitiam?page=all,Ciangsana,Gunung Putri,Kabupaten Bogor,Jawa Barat,-6.43,106.92,Pusat kecamatan,teks+inferensi,
1293,1293,Toge Goreng H. Gebro,Restoran,"Jalan Pengadilan, kawasan Pasar Anyar, Kota Bogor","Ikon kuliner Bogor sejak 1940-an, toge goreng bumbu tauco",1,1,2026-06-10 07:00:00+00:00,2026-06-10 07:00:00+00:00,0,0.0,,0.8,https://www.metrotvnews.com/read/kBVCM8ae-5-rekomendasi-kuliner-kaki-lima-legendaris-dekat-stasiun-bogor,,Bogor Tengah,Kota Bogor,Jawa Barat,-6.595,106.798,Pusat kecamatan,teks+inferensi,
1294,1294,Mi Kocok Mawar,Restoran,"Jalan Dr Sumeru No. 2, Kebon Kelapa, Kota Bogor",Mi kocok legendaris sejak 1970-an dekat Stasiun Bogor,1,1,2026-06-10 07:00:00+00:00,2026-06-10 07:00:00+00:00,0,0.0,,0.8,https://www.metrotvnews.com/read/kBVCM8ae-5-rekomendasi-kuliner-kaki-lima-legendaris-dekat-stasiun-bogor,Kebon Kelapa,Bogor Tengah,Kota Bogor,Jawa Barat,-6.595,106.798,Pusat kecamatan,teks+inferensi,
1295,1295,Doclang 405,Restoran,"Jalan Veteran, Kota Bogor",Warung doclang khas Bogor buka 24 jam,1,1,2026-06-10 07:00:00+00:00,2026-06-10 07:00:00+00:00,0,0.0,,0.75,https://www.metrotvnews.com/read/kBVCM8ae-5-rekomendasi-kuliner-kaki-lima-legendaris-dekat-stasiun-bogor,,,Kota Bogor,Jawa Barat,-6.597,106.806,Pusat kota/kabupaten,teks+inferensi,
1296,1296,Bakso Gunung Kidul Taichan Bu Iwan Teplan,Restoran,"Jalan Kolonel Enjo M No. 37, Kedung Badak, Tanah Sareal, Kota Bogor",Kedai bakso kuah taichan pedas ramai dikunjungi sejak buka,1,1,2026-09-04 07:00:00+00:00,2026-09-04 07:00:00+00:00,0,0.0,Sejak Juni 2026,0.75,https://bogoronline.com/2026/09/bakso-gunung-kidul-taichan-bu-iwan-teplan-viral-di-bogor/,Kedung Badak,Tanah Sareal,Kota Bogor,Jawa Barat,-6.555,106.79,Pusat kecamatan,teks+inferensi,
1297,1297,Bakso Terbang,Restoran,"Jl. Kol Ahmad Syam, Katulampa, Bogor Timur, Kota Bogor",Cabang baru bakso urat jumbo,1,1,2026-05-18 07:00:00+00:00,2026-05-18 07:00:00+00:00,0,0.0,Juli 2026,0.7,https://www.nibble.id/restoran-baru-di-bogor-juli-2026/,Katulampa,Bogor Timur,Kota Bogor,Jawa Barat,-6.615,106.825,Pusat kecamatan,teks+inferensi,
1298,1298,Titik Seduh,Kafe,"Jl. Sholeh Iskandar No.1, Kedungbadak, Tanah Sareal, Kota Bogor",Coffee shop populer buka outlet baru yang luas dan nyaman,1,1,2026-05-18 07:00:00+00:00,2026-05-18 07:00:00+00:00,0,0.0,Juli 2026,0.7,https://www.nibble.id/restoran-baru-di-bogor-juli-2026/,Kedung Badak,Tanah Sareal,Kota Bogor,Jawa Barat,-6.555,106.79,Pusat kecamatan,teks+inferensi,
1299,1299,Halaman Baru,Restoran,Kota Bogor,Restoran baru dengan area dine-in luas indoor dan outdoor,1,1,2026-05-18 07:00:00+00:00,2026-05-18 07:00:00+00:00,0,0.0,Juli 2026,0.6,https://www.nibble.id/restoran-baru-di-bogor-juli-2026/,,,Kota Bogor,Jawa Barat,-6.597,106.806,Pusat kota/kabupaten,teks+inferensi,
1300,1300,Bubur Kabita,Restoran,"Jl. Raya Gn. Batu No.67, Kota Bogor",Bubur ayam legendaris sejak 1971,1,1,2026-08-31 07:00:00+00:00,2026-08-31 07:00:00+00:00,0,0.0,,0.75,https://food.detik.com/tempat-makan/d-8610596/cuma-rp10-ribuan-7-bubur-ayam-enak-di-bogor-dengan-topping-melimpah,,Bogor Barat,Kota Bogor,Jawa Barat,-6.575,106.77,Pusat kecamatan,teks+inferensi,
1301,1301,Bubur Ayam Tirza,Restoran,"Jl. Raya Pajajaran, Sukasari, Bogor",Bubur ayam oriental legendaris sejak 1980-an,1,1,2026-08-31 07:00:00+00:00,2026-08-31 07:00:00+00:00,0,0.0,,0.75,https://food.detik.com/tempat-makan/d-8610596/cuma-rp10-ribuan-7-bubur-ayam-enak-di-bogor-dengan-topping-melimpah,Sukasari,Bogor Timur,Kota Bogor,Jawa Barat,-6.615,106.825,Pusat kecamatan,teks+inferensi,
1302,1302,Bubur Ayam Mang Eloy,Restoran,Bogor,Bubur ayam gerobakan yang menarik perhatian,1,1,2026-08-31 07:00:00+00:00,2026-08-31 07:00:00+00:00,0,0.0,,0.6,https://food.detik.com/tempat-makan/d-8610596/cuma-rp10-ribuan-7-bubur-ayam-enak-di-bogor-dengan-topping-melimpah,,,,Jawa Barat,-6.92,107.6,Pusat provinsi,teks+inferensi,Bogor ambigu (Kota/Kabupaten Bogor)
1303,1303,Macaroni Panggang Bogor,Restoran,Kota Bogor,Makaroni panggang keju mozzarella khas Bogor,1,1,2026-06-27 07:00:00+00:00,2026-06-27 07:00:00+00:00,0,0.0,,0.7,https://jogja.disway.id/gaya-hidup/read/701706/daftar-wisata-kuliner-restoran-dan-tempat-makan-hits-di-bogor-yang-menggugah-selera/30,Babakan,Bogor Tengah,Kota Bogor,Jawa Barat,-6.595,106.798,Pusat kecamatan,teks+inferensi,
1304,1304,Bogor Permai Bakery & Restaurant,Restoran,Pusat Kota Bogor,Tempat legendaris roti klasik dan hidangan rumahan sejak 1980-an,1,1,2026-06-27 07:00:00+00:00,2026-06-27 07:00:00+00:00,0,0.0,,0.7,https://jogja.disway.id/gaya-hidup/read/701706/daftar-wisata-kuliner-restoran-dan-tempat-makan-hits-di-bogor-yang-menggugah-selera/30,,Bogor Tengah,Kota Bogor,Jawa Barat,-6.595,106.798,Pusat kecamatan,teks+inferensi,
1305,1305,Death by Chocolate & Spaghettini,Kafe,Kota Bogor,Kafe tematik olahan cokelat dan pasta,1,1,2026-06-27 07:00:00+00:00,2026-06-27 07:00:00+00:00,0,0.0,,0.65,https://jogja.disway.id/gaya-hidup/read/701706/daftar-wisata-kuliner-restoran-dan-tempat-makan-hits-di-bogor-yang-menggugah-selera/30,,,Kota Bogor,Jawa Barat,-6.597,106.806,Pusat kota/kabupaten,teks+inferensi,
1306,1306,MomMilk,Kafe,Kota Bogor,Kafe susu segar kekinian aneka rasa,1,1,2026-06-27 07:00:00+00:00,2026-06-27 07:00:00+00:00,0,0.0,,0.6,https://jogja.disway.id/gaya-hidup/read/701706/daftar-wisata-kuliner-restoran-dan-tempat-makan-hits-di-bogor-yang-menggugah-selera/30,,,Kota Bogor,Jawa Barat,-6.597,106.806,Pusat kota/kabupaten,teks+inferensi,
1307,1307,De' Leuit,Restoran,Kota Bogor,Restoran Sunda luas dengan nasi liwet komplit,1,1,2026-06-27 07:00:00+00:00,2026-06-27 07:00:00+00:00,0,0.0,,0.7,https://jogja.disway.id/gaya-hidup/read/701706/daftar-wisata-kuliner-restoran-dan-tempat-makan-hits-di-bogor-yang-menggugah-selera/30,,,Kota Bogor,Jawa Barat,-6.597,106.806,Pusat kota/kabupaten,teks+inferensi,
1308,1308,Arirang Korean BBQ,Restoran,"Jl. Raya Pajajaran No.262, Bantarjati, Bogor Utara, Kota Bogor",Korean BBQ otentik bersertifikat halal,1,1,2026-09-24 07:18:30+00:00,2026-09-24 07:18:30+00:00,0,0.0,,0.7,https://www.nibble.id/restoran-korea-di-bogor/,Bantarjati,Bogor Utara,Kota Bogor,Jawa Barat,-6.575,106.815,Pusat kecamatan,teks+inferensi,
1309,1309,Daebagyu Korean BBQ,Restoran,"Jalan Raya Pajajaran, Kota Bogor",Korean BBQ dengan interior tradisional Korea,1,1,2026-09-24 07:18:30+00:00,2026-09-24 07:18:30+00:00,0,0.0,,0.7,https://www.nibble.id/restoran-korea-di-bogor/,,,Kota Bogor,Jawa Barat,-6.597,106.806,Pusat kota/kabupaten,teks+inferensi,
1310,1310,T-Bene Social Kitchen,Restoran,"Jalan Dadali, Tanah Sareal, Bogor",Restoran steak ala Italia bernuansa elegan,1,1,2026-06-28 07:00:00+00:00,2026-06-28 07:00:00+00:00,0,0.0,,0.7,https://www.nibble.id/restoran-italia-di-bogor/,,Tanah Sareal,Kota Bogor,Jawa Barat,-6.555,106.79,Pusat kecamatan,teks+inferensi,
1311,1311,Asinan Sedap Gedung Dalam,Restoran,"Sekitar Stasiun Bogor, Kota Bogor",Tempat makan siang populer dekat Stasiun Bogor,1,1,2026-05-23 07:00:00+00:00,2026-05-23 07:00:00+00:00,0,0.0,,0.55,https://jogja.disway.id/gaya-hidup/read/700576/pilihan-tempat-makan-siang-dekat-stasiun-bogor-yang-enak-legendaris-dan-ramah-di-kantong,,,Kota Bogor,Jawa Barat,-6.597,106.806,Pusat kota/kabupaten,teks+inferensi,
1312,1312,Budiman Coffee,Kafe,"Perumahan Cimanggu Permai No.1, Tanah Sareal, Bogor",Mont Blanc creamy dengan konsep homey dan intimate,1,1,2026-09-24 07:43:49+00:00,2026-09-24 07:43:49+00:00,0,0.0,,0.7,https://food.detik.com/tempat-makan/d-8609923/catat-5-kafe-di-bogor-ini-punya-racikan-mont-blanc-yang-segar,,Tanah Sareal,Kota Bogor,Jawa Barat,-6.555,106.79,Pusat kecamatan,teks+inferensi,
1313,1313,Futura Space & Coffee,Kafe,"Jl. Batu Hulung, Margajaya, Bogor Barat, Kota Bogor",Coffee shop natural contemporary dengan Mont Blanc terjangkau,1,1,2026-09-24 07:43:49+00:00,2026-09-24 07:43:49+00:00,0,0.0,,0.7,https://food.detik.com/tempat-makan/d-8609923/catat-5-kafe-di-bogor-ini-punya-racikan-mont-blanc-yang-segar,Margajaya,Bogor Barat,Kota Bogor,Jawa Barat,-6.575,106.77,Pusat kecamatan,teks+inferensi,
1314,1314,Kopi Satu Tudju,Kafe,Bogor,Coffee shop dengan Mont Blanc bertekstur creamy,1,1,2026-09-24 07:43:49+00:00,2026-09-24 07:43:49+00:00,0,0.0,,0.6,https://food.detik.com/tempat-makan/d-8609923/catat-5-kafe-di-bogor-ini-punya-racikan-mont-blanc-yang-segar,,,,Jawa Barat,-6.92,107.6,Pusat provinsi,teks+inferensi,Bogor ambigu (Kota/Kabupaten Bogor)
1315,1315,The Rainforest Table,Restoran,"Kawasan Sentul, Bogor",Destinasi makan baru bernuansa alam di Bogor,1,1,2026-05-12 07:00:00+00:00,2026-05-12 07:00:00+00:00,0,0.0,Juni 2026,0.5,https://jogja.disway.id/wisata/read/700113/menjelajahi-wisata-kuliner-bogor-2026-hidden-gem-dan-restoran-paling-viral,,,Kabupaten Bogor,Jawa Barat,-6.56,106.75,Pusat kota/kabupaten,teks+inferensi,Kawasan Sentul
1316,1316,Taman Safari Indonesia Bogor,Wahana,"Cisarua, Bogor",Wisata satwa keluarga dengan wahana dan pertunjukan,1,1,2026-05-03 07:00:00+00:00,2026-05-03 07:00:00+00:00,0,0.0,,0.8,https://rentak.id/mau-liburan-ke-bogor-akhir-pekan-ini-ini-5-tempat-yang-cocok-untuk-keluarga/,Cibeureum,Cisarua,Kabupaten Bogor,Jawa Barat,-6.7163,106.9504,Titik tempat,teks+inferensi,
1317,1317,Restoran Caravan,Restoran,"Taman Safari Indonesia Bogor, Cisarua",Restoran di dalam kawasan Taman Safari,1,1,2026-05-03 07:00:00+00:00,2026-05-03 07:00:00+00:00,0,0.0,,0.45,https://rentak.id/mau-liburan-ke-bogor-akhir-pekan-ini-ini-5-tempat-yang-cocok-untuk-keluarga/,Cibeureum,Cisarua,Kabupaten Bogor,Jawa Barat,-6.7163,106.9504,Titik tempat,teks+inferensi,Di dalam Taman Safari Indonesia; koordinat TSI
1318,1318,MiniMania Puncak,Wahana,"Puncak, Bogor",Miniatur bangunan dan landmark dunia dengan banyak spot foto,1,1,2026-05-03 07:00:00+00:00,2026-05-03 07:00:00+00:00,0,0.0,,0.75,https://rentak.id/mau-liburan-ke-bogor-akhir-pekan-ini-ini-5-tempat-yang-cocok-untuk-keluarga/,,,Kabupaten Bogor,Jawa Barat,-6.56,106.75,Pusat kota/kabupaten,teks+inferensi,Kawasan Puncak
1319,1319,Telaga Saat Puncak,Wisata Alam,"Puncak, Bogor",Telaga dikelilingi kawasan hijau dan perkebunan untuk bersantai,1,1,2026-05-03 07:00:00+00:00,2026-05-03 07:00:00+00:00,0,0.0,,0.75,https://rentak.id/mau-liburan-ke-bogor-akhir-pekan-ini-ini-5-tempat-yang-cocok-untuk-keluarga/,Tugu Selatan,Cisarua,Kabupaten Bogor,Jawa Barat,-6.69,106.95,Pusat kecamatan,teks+inferensi,Kawasan Puncak
1320,1320,The Ranch Puncak,Wisata Alam,"Jl. Raya Puncak Km 77, Kopo, Cisarua, Kabupaten Bogor",Wisata peternakan ala Eropa murah dengan berkuda dan taman bunga,1,1,2026-06-20 03:34:58+00:00,2026-06-20 03:34:58+00:00,0,0.0,,0.8,https://www.hipwee.com/travel/tempat-wisata-di-bogor-yang-murah-dan-hits/,Kopo,Cisarua,Kabupaten Bogor,Jawa Barat,-6.69,106.95,Pusat kecamatan,teks+inferensi,
1321,1321,Taman Safari Bogor,Wahana,Bogor,Safari Malam melihat hewan nokturnal setiap Sabtu malam,1,1,2026-04-20 07:00:00+00:00,2026-04-20 07:00:00+00:00,0,0.0,,0.7,https://www.harapanrakyat.com/2026/05/wisata-malam-di-bogor-dari-destinasi-viral-hingga-kuliner-ikonik/,Cibeureum,Cisarua,Kabupaten Bogor,Jawa Barat,-6.7163,106.9504,Titik tempat,teks+inferensi,Diasumsikan Taman Safari Indonesia Cisarua
1322,1322,Pasar Malam Jalan Baru,Wahana,"Jalan Baru, Bogor",Hiburan rakyat dengan wahana permainan dan jajanan kaki lima,1,1,2026-04-20 07:00:00+00:00,2026-04-20 07:00:00+00:00,0,0.0,,0.6,https://www.harapanrakyat.com/2026/05/wisata-malam-di-bogor-dari-destinasi-viral-hingga-kuliner-ikonik/,,,Kota Bogor,Jawa Barat,-6.597,106.806,Pusat kota/kabupaten,teks+inferensi,Jalan Baru (Jl. Sholeh Iskandar) diasumsikan di Kota Bogor
1323,1323,Kawasan Kuliner Surya Kencana,lainnya,"Jalan Surya Kencana, Kota Bogor",Primadona kuliner malam berlatar bangunan kolonial dan lampion,1,1,2026-04-20 07:00:00+00:00,2026-04-20 07:00:00+00:00,0,0.0,,0.7,https://www.harapanrakyat.com/2026/05/wisata-malam-di-bogor-dari-destinasi-viral-hingga-kuliner-ikonik/,,Bogor Tengah,Kota Bogor,Jawa Barat,-6.595,106.798,Pusat kecamatan,teks+inferensi,
1324,1324,Martabak Encek,Restoran,"Jalan Surya Kencana, Kota Bogor",Martabak legendaris dimasak dengan arang,1,1,2026-04-20 07:00:00+00:00,2026-04-20 07:00:00+00:00,0,0.0,,0.7,https://www.harapanrakyat.com/2026/05/wisata-malam-di-bogor-dari-destinasi-viral-hingga-kuliner-ikonik/,,Bogor Tengah,Kota Bogor,Jawa Barat,-6.595,106.798,Pusat kecamatan,teks+inferensi,
1325,1325,Soto Kuning Pak M. Yusuf,Restoran,"Jalan Surya Kencana, Kota Bogor",Soto kuning legendaris,1,1,2026-04-20 07:00:00+00:00,2026-04-20 07:00:00+00:00,0,0.0,,0.7,https://www.harapanrakyat.com/2026/05/wisata-malam-di-bogor-dari-destinasi-viral-hingga-kuliner-ikonik/,,Bogor Tengah,Kota Bogor,Jawa Barat,-6.595,106.798,Pusat kecamatan,teks+inferensi,
1326,1326,Sate Sumsum Pak OO,Restoran,"Jalan Surya Kencana, Kota Bogor",Sate sumsum legendaris sejak 1965,1,1,2026-04-20 07:00:00+00:00,2026-04-20 07:00:00+00:00,0,0.0,,0.7,https://www.harapanrakyat.com/2026/05/wisata-malam-di-bogor-dari-destinasi-viral-hingga-kuliner-ikonik/,,Bogor Tengah,Kota Bogor,Jawa Barat,-6.595,106.798,Pusat kecamatan,teks+inferensi,
1327,1327,Bukit Pelangi,Wisata Alam,Bogor,"Spot menikmati city light dari ketinggian, tren 2026",1,1,2026-04-20 07:00:00+00:00,2026-04-20 07:00:00+00:00,0,0.0,,0.5,https://www.harapanrakyat.com/2026/05/wisata-malam-di-bogor-dari-destinasi-viral-hingga-kuliner-ikonik/,,,,Jawa Barat,-6.92,107.6,Pusat provinsi,teks+inferensi,Bogor ambigu (Kota/Kabupaten Bogor)
1328,1328,Two Stories Resto,Restoran,Bogor,Restoran dengan menu lezat yang dikunjungi selebriti,1,1,2026-09-16 08:52:00+00:00,2026-09-16 08:52:00+00:00,0,0.0,,0.5,https://20.detik.com/spot-wisata/20260505-260505023/mencicipi-kuliner-viral-di-two-stories-resto-bogor,,,,Jawa Barat,-6.92,107.6,Pusat provinsi,teks+inferensi,Bogor ambigu (Kota/Kabupaten Bogor)
1329,1329,Museum Batutulis,Museum,"Batutulis, Kota Bogor",Peresmian museum dengan artefak utama Prasasti Batutulis pada Hari Jadi Bogor ke-544,1,1,2026-07-29 07:00:00+00:00,2026-07-29 07:00:00+00:00,0,0.0,3 Juni 2026,0.75,https://bogor.viva.co.id/kabar-bogor/4890-museum-batutulis-bogor-siap-diresmikan-3-juni-jadi-pusat-sejarah-dan-wisata-budaya,Batutulis,Bogor Selatan,Kota Bogor,Jawa Barat,-6.63,106.815,Pusat kecamatan,teks+inferensi,
1330,1330,Museum Pajajaran,Museum,"Batutulis, Kota Bogor",Dibenahi jadi destinasi wisata sejarah unggulan dengan 103 koleksi termasuk karya Basuki Abdullah,1,1,2026-04-05 07:00:00+00:00,2026-04-05 07:00:00+00:00,0,0.0,22 Juli 2026,0.75,https://bogor.viva.co.id/kabar-bogor/6076-museum-pajajaran-disiapkan-jadi-destinasi-wisata-internasional,Batutulis,Bogor Selatan,Kota Bogor,Jawa Barat,-6.63,106.815,Pusat kecamatan,teks+inferensi,
1331,1331,Museum Zoologi Bogor,Museum,Kota Bogor,Museum sejak 1894 dengan teknik konservasi unik spesimen hewan dan kerangka paus ikonik,1,1,2026-04-04 07:00:00+00:00,2026-04-04 07:00:00+00:00,0,0.0,13 Mei 2026,0.75,https://travel.detik.com/domestic-destination/d-8488846/kasuari-ikan-kerapu-raksasa-di-museum-zoologi-bogor-awet-ratusan-tahun-ini-rahasianya,Paledang,Bogor Tengah,Kota Bogor,Jawa Barat,-6.6015,106.7972,Titik tempat,teks+inferensi,Di kompleks Kebun Raya Bogor
1332,63,Cimol Keju Barito,lainnya,"Blok M Hub, Jakarta Selatan","Cimol isi keju lumer, kuliner viral favorit anak muda",1,1,2026-09-17 07:00:00+00:00,2026-09-17 07:00:00+00:00,0,1.0,,0.8,https://www.tripzilla.id/kuliner-blok-m-hub-jakarta/27660,Melawai,Kebayoran Baru,Kota Jakarta Selatan,DKI Jakarta,-6.244,106.8,Titik tempat,teks+inferensi,
1333,1333,Sora Gabin,Kafe,"Pasar Jambu Dua, Kota Bogor",Tenant gabin aneka rasa yang diserbu banyak pengunjung,1,1,2026-05-11 07:00:00+00:00,2026-05-11 07:00:00+00:00,0,0.0,,0.6,https://travel.detik.com/cerita-perjalanan/d-8675144/pasar-jambu-dua-dijuluki-blok-m-nya-bogor-emang-ada-apa-saja-sih,,Tanah Sareal,Kota Bogor,Jawa Barat,-6.555,106.79,Pusat kecamatan,teks+inferensi,
1334,1334,Ayam Bakar Pak D,Restoran,Tidak disebutkan,Termasuk gerai kuliner ramah keluarga,1,1,2026-05-01 07:00:00+00:00,2026-05-01 07:00:00+00:00,0,0.0,,0.35,https://radarmalang.jawapos.com/wisata-kuliner/2605280007/rekomendasi-10-tempat-makan-keluarga-di-malang-dengan-suasana-hangat-dan-menu-tradisional,,,,,,,,,Lokasi tidak disebutkan
1335,1335,Potre Koneng,Restoran,Tidak disebutkan,Termasuk gerai kuliner ramah keluarga,1,1,2026-05-01 07:00:00+00:00,2026-05-01 07:00:00+00:00,0,0.0,,0.35,https://radarmalang.jawapos.com/wisata-kuliner/2605280007/rekomendasi-10-tempat-makan-keluarga-di-malang-dengan-suasana-hangat-dan-menu-tradisional,,,,,,,,,Lokasi tidak disebutkan
1336,1336,Lataran Sendayu,Restoran,Tidak disebutkan,Termasuk gerai kuliner ramah keluarga,1,1,2026-05-01 07:00:00+00:00,2026-05-01 07:00:00+00:00,0,0.0,,0.35,https://radarmalang.jawapos.com/wisata-kuliner/2605280007/rekomendasi-10-tempat-makan-keluarga-di-malang-dengan-suasana-hangat-dan-menu-tradisional,,,,,,,,,Lokasi tidak disebutkan
1337,1337,Waroeng Tani,Restoran,Tidak disebutkan,Termasuk gerai kuliner ramah keluarga,1,1,2026-05-01 07:00:00+00:00,2026-05-01 07:00:00+00:00,0,0.0,,0.35,https://radarmalang.jawapos.com/wisata-kuliner/2605280007/rekomendasi-10-tempat-makan-keluarga-di-malang-dengan-suasana-hangat-dan-menu-tradisional,,,,,,,,,Lokasi tidak disebutkan
1338,1338,Pawon Yang Kung,Restoran,Tidak disebutkan,Termasuk gerai kuliner ramah keluarga,1,1,2026-05-01 07:00:00+00:00,2026-05-01 07:00:00+00:00,0,0.0,,0.35,https://radarmalang.jawapos.com/wisata-kuliner/2605280007/rekomendasi-10-tempat-makan-keluarga-di-malang-dengan-suasana-hangat-dan-menu-tradisional,,,,,,,,,Lokasi tidak disebutkan
1339,1339,Ayam Goreng Balaikota,Restoran,Tidak disebutkan,Termasuk gerai kuliner ramah keluarga,1,1,2026-05-01 07:00:00+00:00,2026-05-01 07:00:00+00:00,0,0.0,,0.35,https://radarmalang.jawapos.com/wisata-kuliner/2605280007/rekomendasi-10-tempat-makan-keluarga-di-malang-dengan-suasana-hangat-dan-menu-tradisional,,,,,,,,,Lokasi tidak disebutkan
1340,1340,Ramlah Ayam Tangkap,Restoran,Tidak disebutkan,Termasuk gerai kuliner ramah keluarga,1,1,2026-05-01 07:00:00+00:00,2026-05-01 07:00:00+00:00,0,0.0,,0.35,https://radarmalang.jawapos.com/wisata-kuliner/2605280007/rekomendasi-10-tempat-makan-keluarga-di-malang-dengan-suasana-hangat-dan-menu-tradisional,,,,,,,,,Lokasi tidak disebutkan
1341,1341,Latar Bokor,Restoran,Tidak disebutkan,Termasuk gerai kuliner ramah keluarga,1,1,2026-05-01 07:00:00+00:00,2026-05-01 07:00:00+00:00,0,0.0,,0.35,https://radarmalang.jawapos.com/wisata-kuliner/2605280007/rekomendasi-10-tempat-makan-keluarga-di-malang-dengan-suasana-hangat-dan-menu-tradisional,,,,,,,,,Lokasi tidak disebutkan
1342,1342,Waroeng Pring Pethak,Restoran,Tidak disebutkan,Termasuk gerai kuliner ramah keluarga,1,1,2026-05-01 07:00:00+00:00,2026-05-01 07:00:00+00:00,0,0.0,,0.35,https://radarmalang.jawapos.com/wisata-kuliner/2605280007/rekomendasi-10-tempat-makan-keluarga-di-malang-dengan-suasana-hangat-dan-menu-tradisional,,,,,,,,,Lokasi tidak disebutkan
1343,1343,Depot Samsin,Restoran,"Jl. Brigjen Slamet Riyadi No.45/8, Oro-oro Dowo, Malang",Chinese food ala Jawa dengan sate babi paling dicari,1,1,2026-08-06 07:00:00+00:00,2026-08-06 07:00:00+00:00,0,0.0,,0.7,https://www.nibble.id/kuliner-nonhalal-malang/,Oro-oro Dowo,Klojen,Kota Malang,Jawa Timur,-7.972,112.628,Pusat kecamatan,teks+inferensi,
1344,1344,Warung Sejahtera,Restoran,"Jl. Pisang Candi Barat No. 2, Malang",Masakan babi murah favorit mahasiswa sejak 2007,1,1,2026-08-06 07:00:00+00:00,2026-08-06 07:00:00+00:00,0,0.0,,0.7,https://www.nibble.id/kuliner-nonhalal-malang/,Pisangcandi,Sukun,Kota Malang,Jawa Timur,-8.0,112.615,Pusat kecamatan,teks+inferensi,
1345,1345,Warung Ahog,Restoran,Malang,"Spesialis olahan babi dengan All Ribs Platter, punya cabang di Alam Sutera dan Gading Serpong",1,1,2026-08-06 07:00:00+00:00,2026-08-06 07:00:00+00:00,0,0.0,,0.7,https://www.nibble.id/kuliner-nonhalal-malang/,,,,Jawa Timur,-7.536,112.238,Pusat provinsi,teks+inferensi,Malang ambigu (Kota/Kabupaten Malang)
1346,1346,Depot Bang Leo,Restoran,"140 meter dari Stasiun Kota Malang, Malang",Kuliner prasmanan legendaris sejak 1995 selalu ramai,1,1,2026-05-13 07:00:00+00:00,2026-05-13 07:00:00+00:00,0,0.0,,0.75,https://malangposcomedia.id/rekomendasi-kuliner-sekitar-stasiun-kota-malang/,,Klojen,Kota Malang,Jawa Timur,-7.972,112.628,Pusat kecamatan,teks+inferensi,Dekat Stasiun Malang
1347,1347,Rawon Tessy,Restoran,"Jl. Trunojoyo, Kiduldalem, Klojen, Kota Malang",Rawon favorit dekat Stasiun Malang dengan kuah ringan,1,1,2026-04-07 07:00:00+00:00,2026-04-07 07:00:00+00:00,0,0.0,,0.75,https://jatim.idntimes.com/food/dining-guide/5-tempat-makan-dekat-stasiun-malang-cukup-dengan-jalan-kaki-c1c2-01-sq9xb-7fwyvw,Kiduldalem,Klojen,Kota Malang,Jawa Timur,-7.972,112.628,Pusat kecamatan,teks+inferensi,
1348,1348,Warung Bu Warni,Restoran,"Jl. Trunojoyo No.34, Klojen, Kota Malang",Nasi rames khas Madura pedas dengan nasi free refill,1,1,2026-04-07 07:00:00+00:00,2026-04-07 07:00:00+00:00,0,0.0,,0.7,https://jatim.idntimes.com/food/dining-guide/5-tempat-makan-dekat-stasiun-malang-cukup-dengan-jalan-kaki-c1c2-01-sq9xb-7fwyvw,,Klojen,Kota Malang,Jawa Timur,-7.972,112.628,Pusat kecamatan,teks+inferensi,
1349,1349,Kafe Rumah Loemadjang,Kafe,Kota Malang,Kafe untuk nongkrong malam di Malang,1,1,2026-05-20 07:00:00+00:00,2026-05-20 07:00:00+00:00,0,0.0,,0.5,https://jogja.disway.id/gaya-hidup/read/701502/daftar-kafe-24-jam-di-malang-paling-hits-jadi-tempat-nongkrong-asyik-dan-estetik-favorit-mahasiswa,,,Kota Malang,Jawa Timur,-7.978,112.63,Pusat kota/kabupaten,teks+inferensi,
1350,1350,Soto Tangkar Babe Ogah,Restoran,Kota Malang,Kuliner khas Betawi yang cepat merebut perhatian publik lewat media sosial,1,1,2026-04-19 07:00:00+00:00,2026-04-19 07:00:00+00:00,0,0.0,,0.6,https://jogja.disway.id/gaya-hidup/read/701715/rekomendasi-kuliner-betawi-di-malang-dengan-kelezatan-soto-tangkar-babe-ogah-bikin-ketagihan,,,Kota Malang,Jawa Timur,-7.978,112.63,Pusat kota/kabupaten,teks+inferensi,
1351,1351,Jatim Park,Wahana,"Kota Batu, Malang",Destinasi populer dengan berbagai wahana dan area edukasi,1,1,2026-07-03 07:00:00+00:00,2026-07-03 07:00:00+00:00,0,0.0,,0.75,https://lahatpos.disway.id/topik-utama/read/663279/menjelajah-malang-dan-sekitarnya-pilihan-wisata-dari-jatim-park-hingga-bromo,,,Kota Batu,Jawa Timur,-7.87,112.525,Pusat kota/kabupaten,teks+inferensi,"Jatim Park (unit tidak disebut) di Kota Batu, bukan Malang"
1352,1352,Museum Angkut,Museum,"Kota Batu, Malang",Museum tematik koleksi kendaraan,1,1,2026-07-03 07:00:00+00:00,2026-07-03 07:00:00+00:00,0,0.0,,0.75,https://lahatpos.disway.id/topik-utama/read/663279/menjelajah-malang-dan-sekitarnya-pilihan-wisata-dari-jatim-park-hingga-bromo,Ngaglik,Batu,Kota Batu,Jawa Timur,-7.8792,112.5196,Titik tempat,teks+inferensi,
1353,1353,Pantai Balekambang,Wisata Alam,Malang Selatan,Dikenal karena garis pantai dan pura di kawasan lautnya,1,1,2026-07-03 07:00:00+00:00,2026-07-03 07:00:00+00:00,0,0.0,,0.75,https://lahatpos.disway.id/topik-utama/read/663279/menjelajah-malang-dan-sekitarnya-pilihan-wisata-dari-jatim-park-hingga-bromo,Srigonco,Bantur,Kabupaten Malang,Jawa Timur,-8.403,112.5345,Titik tempat,teks+inferensi,
1354,64,Bakmie 96,Restoran,"Jalan Taman Cibeunying Utara, Kota Bandung","Olahan mi, masuk rekomendasi kuliner viral",1,1,2026-09-22 00:11:04+00:00,2026-09-22 00:11:04+00:00,0,0.0,,0.8,https://jabar.antaranews.com/berita/708412/rekomendasi-kuliner-viral-di-sepanjang-jalan-cibeunying-utara-bandung,Cihapit,Bandung Wetan,Kota Bandung,Jawa Barat,-6.903,107.625,Pusat kelurahan/desa,teks+inferensi,
1355,1355,Piataland,Wahana,Kota Malang,Wisata ramah anak dengan beragam wahana dan aktivitas seru,1,1,2026-05-14 07:00:00+00:00,2026-05-14 07:00:00+00:00,0,0.0,,0.75,https://radarmalang.jawapos.com/wisata-kuliner/2609170001/wisata-ramah-anak-di-tengah-kota-malang-ada-beragam-wahana-hingga-aktivitas-seru-di-piataland,,,Kota Malang,Jawa Timur,-7.978,112.63,Pusat kota/kabupaten,teks,
1356,1356,Bromo Hillside,Kafe,"Jemplang, Kabupaten Malang","Kebakaran hutan Bromo mendekati kafe, pengunjung dievakuasi (isu negatif)",1,1,2026-09-26 22:36:09+00:00,2026-09-26 22:36:09+00:00,0,0.0,12 September 2026,0.5,https://www.suaralandak.co.id/karhutla-bromo-meluas-malang-tnbts-tutup-wisata,Ngadas,Poncokusumo,Kabupaten Malang,Jawa Timur,-8.04,112.79,Pusat kecamatan,teks+inferensi,"Kawasan Jemplang, TNBTS"
1357,1357,Coban Sewu,Wisata Alam,Kabupaten Malang,Destinasi unggulan dipromosikan ke pasar internasional di Travel Meet Asia 2026,1,1,2026-09-07 07:00:00+00:00,2026-09-07 07:00:00+00:00,0,0.0,23-24 Juni 2026,0.6,https://timesindonesia.co.id/wisata/595956/disparbud-kenalkan-destinasi-unggulan-kabupaten-malang-di-travel-meet-asia-2026,Sidorenggo,Ampelgading,Kabupaten Malang,Jawa Timur,-8.2303,112.9177,Titik tempat,teks+inferensi,Coban Sewu/Tumpak Sewu di perbatasan Kab. Malang-Lumajang
1358,1358,Gunung Bromo,Wisata Alam,Kabupaten Malang,Destinasi ikonik Kabupaten Malang yang dipromosikan ke pasar internasional,1,1,2026-09-07 07:00:00+00:00,2026-09-07 07:00:00+00:00,0,0.0,23-24 Juni 2026,0.55,https://timesindonesia.co.id/wisata/595956/disparbud-kenalkan-destinasi-unggulan-kabupaten-malang-di-travel-meet-asia-2026,,,Kabupaten Malang,Jawa Timur,-7.9425,112.953,Titik tempat,teks+inferensi,Kawah Bromo di perbatasan Kab. Probolinggo/Pasuruan/Malang
1359,1359,Lights Wonderland,Pameran,"GOR Ken Arok, Kota Malang","Festival 5 juta lampu estetik dengan laser interaktif, viral di media sosial",1,1,2026-06-22 07:00:00+00:00,2026-06-22 07:00:00+00:00,0,1.0,12 Juni - 19 Juli 2026,0.85,https://malangposcomedia.id/jadi-alternatif-wisata-sebulan-gor-ken-arok-diterangi-5-juta-lampu/,Buring,Kedungkandang,Kota Malang,Jawa Timur,-8.0,112.66,Pusat kecamatan,teks+inferensi,
1360,1360,Kawasan Wisata Wediawu,Wisata Alam,Malang Selatan,Video penyerangan rombongan wisatawan Surabaya viral di media sosial (isu negatif),1,1,2026-06-17 07:00:00+00:00,2026-06-17 07:00:00+00:00,0,1.0,5 Mei 2026,0.55,https://malangtimes.com/baca/3331343131/20260505/022600/viral-wisatawan-asal-surabaya-diduga-diserang-di-vila-wediawu-malang,Tumpakrejo,Gedangan,Kabupaten Malang,Jawa Timur,-8.33,112.64,Pusat kecamatan,teks+inferensi,
1361,1361,Pantai Jolangkung,Wisata Alam,"Desa Gajahrejo, Kecamatan Gedangan, Kabupaten Malang","Pantai eksotis dengan benteng karang alami dan ratusan laguna, tiket murah",1,1,2026-05-31 07:00:00+00:00,2026-05-31 07:00:00+00:00,0,0.0,,0.85,https://malang.disway.id/kulineran-pelesiran/read/22385/rincian-harga-tiket-dan-fasilitas-pantai-jolangkung-malang-bisa-jadi-alternatif-wisata-murah-tapi-asyik,Gajahrejo,Gedangan,Kabupaten Malang,Jawa Timur,-8.33,112.64,Pusat kecamatan,teks,
1362,1362,Campground & Cottage Wediawu,Wisata Alam,"Malang Selatan, Kabupaten Malang",Kericuhan dan perusakan saat gathering karyawan memicu perdebatan di ruang digital (isu negatif),1,1,2026-09-26 13:03:56+00:00,2026-09-26 13:03:56+00:00,0,1.0,5 Mei 2026,0.5,https://timesindonesia.co.id/peristiwa-daerah/588678/viral-kericuhan-wediawu-selatan-di-medsos-picu-sorotan-keamanan-wisata-kabupaten-malang,Tumpakrejo,Gedangan,Kabupaten Malang,Jawa Timur,-8.33,112.64,Pusat kecamatan,teks+inferensi,
1363,1363,Wisata Wendit Malang,Wahana,Malang,Vendor CCTV memviralkan tunggakan pembayaran proyek oleh manajemen (isu negatif),1,1,2026-04-16 07:00:00+00:00,2026-04-16 07:00:00+00:00,0,1.0,April 2026,0.5,https://timesindonesia.co.id/peristiwa-daerah/583960/manajemen-wisata-wendit-malang-diberi-tenggat-seminggu-lunasi-rp105-juta-vendor-cctv-jika-tak-ada-itikad-baik-saya-ikhlaskan,Mangliawan,Pakis,Kabupaten Malang,Jawa Timur,-7.9565,112.672,Titik tempat,teks+inferensi,
1364,1364,Museum Mpu Purwa,Museum,Kota Malang,Koleksi masa Hindu-Buddha dikenalkan lewat program Museum Keliling,1,1,2026-04-09 07:00:00+00:00,2026-04-09 07:00:00+00:00,0,0.0,2 September 2026,0.4,https://malang.disway.id/malang-melintang/read/21774/museum-keliling-disdikbud-malang-ajak-siswa-kenali-tinggalan-sejarah-di-sekitar-sungai-metro,Mojolangu,Lowokwaru,Kota Malang,Jawa Timur,-7.945,112.62,Pusat kecamatan,teks+inferensi,
1365,1365,HAHA Donut & Coffe,Kafe,"Jalan Kawi, Malang",Toko donat viral dengan varian donat gurih dan desain kafe estetik,1,1,2026-08-08 07:00:00+00:00,2026-08-08 07:00:00+00:00,0,1.0,,0.8,https://indiekraf.com/5-toko-donat-viral-di-malang-yang-wajib-masuk-wishlist-ada-donat-gurih-sampai-donat-labu-kuning/,,Klojen,Kota Malang,Jawa Timur,-7.972,112.628,Pusat kecamatan,teks+inferensi,
1366,1366,Yume Donut,Kafe,Malang,Toko donat viral berbahan labu kuning yang super lembut,1,1,2026-08-08 07:00:00+00:00,2026-08-08 07:00:00+00:00,0,1.0,,0.75,https://indiekraf.com/5-toko-donat-viral-di-malang-yang-wajib-masuk-wishlist-ada-donat-gurih-sampai-donat-labu-kuning/,,,,Jawa Timur,-7.536,112.238,Pusat provinsi,teks+inferensi,Malang ambigu (Kota/Kabupaten Malang)
1367,1367,Kanenakan Donat,Kafe,Malang,Donat kentang premium viral karena topping melimpah,1,1,2026-08-08 07:00:00+00:00,2026-08-08 07:00:00+00:00,0,1.0,,0.75,https://indiekraf.com/5-toko-donat-viral-di-malang-yang-wajib-masuk-wishlist-ada-donat-gurih-sampai-donat-labu-kuning/,,,,Jawa Timur,-7.536,112.238,Pusat provinsi,teks+inferensi,Malang ambigu (Kota/Kabupaten Malang)
1368,1368,Alun-alun Merdeka Malang,lainnya,Kota Malang,Toko beroperasi di dalam toilet umum viral dan ditutup DLH (isu negatif),1,1,2026-04-30 07:00:00+00:00,2026-04-30 07:00:00+00:00,0,1.0,,0.45,https://floresku.com/read/viral-di-medsos-dlh-kota-malang-tutup-toko-di-toilet-alun-alun-merdeka,Kiduldalem,Klojen,Kota Malang,Jawa Timur,-7.9826,112.6308,Titik tempat,teks+inferensi,
1369,1369,Malang Town Square (MATOS),lainnya,Kota Malang,Kembali viral karena disebut mall terkecil di dunia,1,1,2026-07-24 07:00:00+00:00,2026-07-24 07:00:00+00:00,0,1.0,,0.5,https://malangposcomedia.id/menjelajahi-12-pusat-perbelanjaan-hits-di-kota-malang-mana-favoritmu/,Penanggungan,Klojen,Kota Malang,Jawa Timur,-7.9567,112.618,Titik tempat,teks+inferensi,
1370,1370,Pasar Klojen,Restoran,Kota Malang,Destinasi wisata kuliner dengan jajanan legend dan kekinian yang sedang viral,1,1,2026-08-05 07:00:00+00:00,2026-08-05 07:00:00+00:00,0,0.0,,0.7,https://malangposcomedia.id/jajan-kekinian-di-pasar-klojen/,Klojen,Klojen,Kota Malang,Jawa Timur,-7.972,112.628,Pusat kecamatan,teks+inferensi,
1371,1371,Yogiyo Donut & Bomboloni,Kafe,"Pasar Klojen, Kota Malang",Donat empuk dan bomboloni dengan berbagai varian,1,1,2026-08-05 07:00:00+00:00,2026-08-05 07:00:00+00:00,0,0.0,,0.6,https://malangposcomedia.id/jajan-kekinian-di-pasar-klojen/,Klojen,Klojen,Kota Malang,Jawa Timur,-7.972,112.628,Pusat kecamatan,teks+inferensi,
1372,1372,HeHang Hoheng,Restoran,"Pasar Klojen, Kota Malang",Pisang goreng gula aren murah,1,1,2026-08-05 07:00:00+00:00,2026-08-05 07:00:00+00:00,0,0.0,,0.55,https://malangposcomedia.id/jajan-kekinian-di-pasar-klojen/,Klojen,Klojen,Kota Malang,Jawa Timur,-7.972,112.628,Pusat kecamatan,teks+inferensi,
1373,1373,Tendo Gyoza,Restoran,"Pasar Klojen, Kota Malang",Gerai gyoza viral di media sosial dengan harga terjangkau,1,1,2026-04-23 07:00:00+00:00,2026-04-23 07:00:00+00:00,0,1.0,,0.8,https://malang.disway.id/kulineran-pelesiran/read/13860/tendo-gyoza-di-pasar-klojen-malang-viral-ini-review-menu-dan-harganya,Klojen,Klojen,Kota Malang,Jawa Timur,-7.972,112.628,Pusat kecamatan,teks+inferensi,
1374,1374,Gultik Pojo,Restoran,Kota Malang,Gulai tikungan khas Blok M yang tengah naik daun sebagai kuliner malam,1,1,2026-04-22 07:00:00+00:00,2026-04-22 07:00:00+00:00,0,0.0,,0.5,https://radarmalang.jawapos.com/wisata-kuliner/2604300067/kuliner-malam-wajib-coba-gultik-pojok-pasar-oro-oro-dowo-dengan-kuah-gurih-bikin-nagih,,,Kota Malang,Jawa Timur,-7.978,112.63,Pusat kota/kabupaten,teks+inferensi,
1375,1375,Malang Strudel Bakehouse,Kafe,"Jalan Soekarno-Hatta, Malang",Lini baru salt bread dan sourdough mengikuti tren roti viral,1,1,2026-09-16 07:00:00+00:00,2026-09-16 07:00:00+00:00,0,0.0,,0.7,https://malangposcomedia.id/garap-pasar-roti-viral-malang-strudel-hadirkan-bakehouse/,,Lowokwaru,Kota Malang,Jawa Timur,-7.945,112.62,Pusat kecamatan,teks+inferensi,
1376,1376,Bazaar Kuliner Pesta Rasa,Pameran,"Malang Town Square (Matos), Kota Malang",Bazaar 30+ tenant kuliner legendaris dan viral dari berbagai kota,1,1,2026-07-05 07:00:00+00:00,2026-07-05 07:00:00+00:00,0,0.0,29 April - 10 Mei 2026,0.8,https://malangposcomedia.id/pesta-rasa-di-matos-boyong-30-kuliner-legendaris-dan-viral-berbagai-kota-di-indonesia/,Penanggungan,Klojen,Kota Malang,Jawa Timur,-7.9567,112.618,Titik tempat,teks+inferensi,Koordinat Malang Town Square
1377,1377,Festival Genitri Tempo Doeloe,Pameran,"Jalan Pisang Candi Barat, Kelurahan Pisangcandi, Kecamatan Sukun, Kota Malang","Festival budaya tempo dulu ke-8 dengan kuliner tradisional, legendaris dan viral",1,1,2026-05-24 07:00:00+00:00,2026-05-24 07:00:00+00:00,0,0.0,7 Juli 2026,0.8,https://malangkota.go.id/2026/07/07/festival-genitri-tempo-doeloe-8-jadi-ruang-pelestarian-budaya-dan-penggerak-umkm/,Pisangcandi,Sukun,Kota Malang,Jawa Timur,-8.0,112.615,Pusat kecamatan,teks+inferensi,
1378,1378,Anasera Batik Experience 2026,Pameran,Bumi Kopi Malang,"Workshop batik, sharing session dan content creation",1,1,2026-06-09 07:00:00+00:00,2026-06-09 07:00:00+00:00,0,0.0,9 Mei 2026,0.45,https://malang.disway.id/karier-pendidikan/read/14118/malang-edu-fest-2026-hadirkan-ajang-kompetisi-akademik-dan-event-kreatif-di-malang,,,,Jawa Timur,-7.536,112.238,Pusat provinsi,teks+inferensi,Malang ambigu (Kota/Kabupaten Malang)
1379,1379,ESKQ Steakhouse & Wine Bar,Restoran,"Canggu, Kuta Utara, Badung, Bali",Steakhouse wood fire untuk perayaan keluarga dengan live jazz,1,1,2026-07-08 07:00:00+00:00,2026-07-08 07:00:00+00:00,0,0.0,,0.75,https://www.nibble.id/restoran-enak-di-bali/,Canggu,Kuta Utara,Kabupaten Badung,Bali,-8.648,115.138,Pusat kelurahan/desa,teks,
1380,1380,Warung Nasi Ayam Kedewatan Ibu Mangku,Restoran,"Jl. Raya Kedewatan No.18, Kedewatan, Kec. Ubud, Kab. Gianyar, Bali",Warung legendaris sejak 1963 dengan nasi ayam kedewatan spesial,1,1,2026-07-08 07:00:00+00:00,2026-07-08 07:00:00+00:00,0,0.0,,0.8,https://www.nibble.id/restoran-enak-di-bali/,Kedewatan,Ubud,Kabupaten Gianyar,Bali,-8.495,115.25,Pusat kelurahan/desa,teks,
1381,1381,Warung Nasi Tempong Bu Indra,Restoran,"Denpasar, Bali",Rekomendasi nasi tempong pedas autentik di Denpasar,1,1,2026-05-24 07:00:00+00:00,2026-05-24 07:00:00+00:00,0,0.0,,0.6,https://jogja.disway.id/gaya-hidup/read/699548/pecinta-pedas-wajib-mampir-inilah-rekomendasi-nasi-tempong-legendaris-di-denpasar,,,Kota Denpasar,Bali,-8.65,115.22,Pusat kota/kabupaten,teks,
1382,1382,Gultik Mpok Ning,Restoran,"Jalan Teuku Umar Barat, Denpasar","Gulai tikungan khas Blok M hadir di Denpasar, seporsi Rp13 ribu, antusias warga tinggi",1,1,2026-05-16 07:00:00+00:00,2026-05-16 07:00:00+00:00,0,0.0,7 Juni 2026,0.8,https://www.detik.com/bali/kuliner/d-8522186/gultik-khas-blok-m-kini-ada-di-denpasar-seporsi-cuma-rp-13-ribu,,Denpasar Barat,Kota Denpasar,Bali,-8.66,115.195,Pusat kecamatan,teks+inferensi,
1383,1383,Pasar Malam Sindhu,Restoran,"Jl. Pungutan No. 2, Sanur, Bali",Pasar malam kuliner lokal dengan sate ayam legendaris dan martabak,1,1,2026-09-26 09:18:58+00:00,2026-09-26 09:18:58+00:00,0,0.0,,0.75,https://www.tripzilla.id/rekomendasi-tempat-makan-di-sanur/26923,,Denpasar Selatan,Kota Denpasar,Bali,-8.7,115.23,Pusat kecamatan,teks+inferensi,Kawasan Sanur
1384,1384,Tandjung Sari,Restoran,"Sanur, Bali",Restoran di hotel butik bersejarah tepi pantai dengan nasi campur,1,1,2026-09-26 09:18:58+00:00,2026-09-26 09:18:58+00:00,0,0.0,,0.65,https://www.tripzilla.id/rekomendasi-tempat-makan-di-sanur/26923,,Denpasar Selatan,Kota Denpasar,Bali,-8.7,115.23,Pusat kecamatan,teks+inferensi,Kawasan Sanur
1385,1385,Kawasan Wisata Sanur,Wisata Alam,"Sanur, Kota Denpasar",Penataan kawasan wisata lanjutan oleh Pemkot Denpasar,1,1,2026-07-28 07:00:00+00:00,2026-07-28 07:00:00+00:00,0,0.0,2026,0.45,https://radarbadung.jawapos.com/bali/2607160008/pemkot-denpasar-lanjutkan-penataan-sanur-senilai-rp239-miliar-kawasan-wisata-kian-ramah-pejalan-kaki,,Denpasar Selatan,Kota Denpasar,Bali,-8.7,115.23,Pusat kecamatan,teks+inferensi,Kawasan Sanur
1386,1386,Pantai Sidakarya,Wisata Alam,"Sidakarya, Denpasar, Bali","Destinasi baru yang tengah viral di media sosial, dikelola desa adat",1,1,2026-06-21 07:00:00+00:00,2026-06-21 07:00:00+00:00,0,1.0,April 2026,0.85,"https://www.balipost.com/news/2026/04/19/544031/Ratusan-DTW-Tersebar-di-Bali,...html",Sidakarya,Denpasar Selatan,Kota Denpasar,Bali,-8.7,115.23,Pusat kecamatan,teks+inferensi,
1387,1387,Pura Uluwatu,Wisata Alam,"Kabupaten Badung, Bali",Pura di atas tebing dengan tari kecak berlatar matahari terbenam,1,1,2026-06-21 07:00:00+00:00,2026-06-21 07:00:00+00:00,0,0.0,,0.7,"https://www.balipost.com/news/2026/04/19/544031/Ratusan-DTW-Tersebar-di-Bali,...html",Pecatu,Kuta Selatan,Kabupaten Badung,Bali,-8.8291,115.0849,Titik tempat,teks+inferensi,
1388,1388,Pantai Pandawa,Wisata Alam,"Kabupaten Badung, Bali",Pantai tersembunyi dengan tebing kapur menjulang,1,1,2026-06-21 07:00:00+00:00,2026-06-21 07:00:00+00:00,0,0.0,,0.7,"https://www.balipost.com/news/2026/04/19/544031/Ratusan-DTW-Tersebar-di-Bali,...html",Kutuh,Kuta Selatan,Kabupaten Badung,Bali,-8.8456,115.188,Titik tempat,teks+inferensi,
1389,1389,Pantai Padang-Padang,Wisata Alam,"Kabupaten Badung, Bali",Surga peselancar dengan lanskap tebing eksotis,1,1,2026-06-21 07:00:00+00:00,2026-06-21 07:00:00+00:00,0,0.0,,0.7,"https://www.balipost.com/news/2026/04/19/544031/Ratusan-DTW-Tersebar-di-Bali,...html",Pecatu,Kuta Selatan,Kabupaten Badung,Bali,-8.811,115.103,Titik tempat,teks+inferensi,
1390,1390,Tirta Empul,Wisata Alam,"Kabupaten Gianyar, Bali",Tempat pelukatan dengan mata air alami,1,1,2026-06-21 07:00:00+00:00,2026-06-21 07:00:00+00:00,0,0.0,,0.7,"https://www.balipost.com/news/2026/04/19/544031/Ratusan-DTW-Tersebar-di-Bali,...html",Manukaya,Tampaksiring,Kabupaten Gianyar,Bali,-8.4153,115.3155,Titik tempat,teks+inferensi,
1391,1391,Air Terjun Tegenungan,Wisata Alam,"Kabupaten Gianyar, Bali",DTW favorit wisatawan di Gianyar,1,1,2026-06-21 07:00:00+00:00,2026-06-21 07:00:00+00:00,0,0.0,,0.65,"https://www.balipost.com/news/2026/04/19/544031/Ratusan-DTW-Tersebar-di-Bali,...html",Kemenuh,Sukawati,Kabupaten Gianyar,Bali,-8.5753,115.2893,Titik tempat,teks+inferensi,
1392,1392,Subak Sembung,Wisata Alam,"Denpasar, Bali",Kawasan ekowisata subak dengan jalur trekking dan sawah di tengah kota,1,1,2026-05-29 07:00:00+00:00,2026-05-29 07:00:00+00:00,0,0.0,,0.7,https://travel.detik.com/travel-news/d-8488620/duh-subak-yang-mempesona-di-denpasar-itu-tersisa-1-915-hektare,Peguyangan Kaja,Denpasar Utara,Kota Denpasar,Bali,-8.62,115.21,Pusat kecamatan,teks+inferensi,
1393,1393,Subak Teba Majalangu,Wisata Alam,"Denpasar, Bali",Wisata edukasi pertanian tradisional sistem subak,1,1,2026-05-29 07:00:00+00:00,2026-05-29 07:00:00+00:00,0,0.0,,0.65,https://travel.detik.com/travel-news/d-8488620/duh-subak-yang-mempesona-di-denpasar-itu-tersisa-1-915-hektare,,,Kota Denpasar,Bali,-8.65,115.22,Pusat kota/kabupaten,teks,
1394,1394,Subak Anggabaya,Wisata Alam,"Denpasar, Bali",Pengembangan konsep agrowisata subak,1,1,2026-05-29 07:00:00+00:00,2026-05-29 07:00:00+00:00,0,0.0,,0.6,https://travel.detik.com/travel-news/d-8488620/duh-subak-yang-mempesona-di-denpasar-itu-tersisa-1-915-hektare,Penatih Dangin Puri,Denpasar Timur,Kota Denpasar,Bali,-8.64,115.245,Pusat kecamatan,teks+inferensi,
1395,1395,"Food, Hotel and Tourism Bali (FHTB) 2026",Pameran,"Kabupaten Badung, Bali","Pameran kuliner dan pariwisata, promosi pertanian organik untuk wisata kuliner",1,1,2026-06-12 07:00:00+00:00,2026-06-12 07:00:00+00:00,0,0.0,2026,0.6,https://bali.antaranews.com/berita/404392/bali-kembangkan-pertanian-organik-wujudkan-destinasi-wisata-kuliner,,,Kabupaten Badung,Bali,-8.58,115.18,Pusat kota/kabupaten,teks,
1396,1396,Museum Geopark Batur,Museum,"Penelokan, Kecamatan Kintamani, Kabupaten Bangli",Video keributan dua remaja di depan museum viral di media sosial (isu negatif),1,1,2026-09-07 07:00:00+00:00,2026-09-07 07:00:00+00:00,0,1.0,18 Juni 2026,0.4,https://bali.tribunnews.com/bali/599874/video-viral-dua-remaja-wanita-adu-jotos-di-depan-museum-geopark-batur-kintamani-bali,,Kintamani,Kabupaten Bangli,Bali,-8.23,115.33,Pusat kecamatan,teks+inferensi,Kawasan Penelokan
1397,1397,Denpasar Youth Festival (D'Youth Fest) 6.0,Pameran,"Kota Denpasar, Bali","Festival ekonomi kreatif anak muda dengan 20 UMKM kuliner, food truck dan atraksi seni",1,1,2026-08-09 07:00:00+00:00,2026-08-09 07:00:00+00:00,0,0.0,2026,0.6,https://bali.antaranews.com/berita/408871/denpasar-youth-festival-2026-jadi-panggung-anak-muda-tumbuhkan-ekonomi-kreatif,,,Kota Denpasar,Bali,-8.65,115.22,Pusat kota/kabupaten,teks,
1398,1398,Balinale,Pameran,"Denpasar, Bali","Festival film internasional ke-19 berkualifikasi Oscar, 94 film dari 38 negara",1,1,2026-09-26 12:54:31+00:00,2026-09-26 12:54:31+00:00,0,0.0,1-7 Juni 2026,0.5,https://bali.antaranews.com/berita/406840/kemenbud-ajak-sineas-angkat-kearifan-lokal-indonesia-lewat-festival-film,,,Kota Denpasar,Bali,-8.65,115.22,Pusat kota/kabupaten,teks,
1399,1399,Warung Nasi Omar,Restoran,"Jl. Ki Maja No. 66, Way Halim, Bandar Lampung",Nasi nila bumbu hitam murah untuk makan siang,1,1,2026-08-25 07:00:00+00:00,2026-08-25 07:00:00+00:00,0,0.0,,0.75,https://rri.co.id/bandar-lampung/kuliner/2759543/rekomendasi-makan-siang-enak-di-bandarlampung-nasi-omar-wajib-coba,,Way Halim,Kota Bandar Lampung,Lampung,-5.385,105.278,Pusat kecamatan,teks+inferensi,
1400,1400,Sarapan 10 Ribu by Dapoer Radira,Restoran,"Jalan Raden Intan, Bandar Lampung",Paket nasi lengkap dengan lauk hanya Rp10 ribu,1,1,2026-09-16 07:00:00+00:00,2026-09-16 07:00:00+00:00,0,0.0,,0.7,https://lampung.idntimes.com/food/dining-guide/7-tempat-makan-murah-di-bandar-lampung-bikin-perut-kenyang-00-jf67w-5qbk8z,,,Kota Bandar Lampung,Lampung,-5.43,105.262,Pusat kota/kabupaten,teks+inferensi,
1401,1401,Cerita Dadar,Restoran,"Jalan Nangka, Korpri Raya, Harapan Jaya, Sukarame, Bandar Lampung",Telur dadar dengan cumi oseng harga Rp15 ribuan,1,1,2026-09-16 07:00:00+00:00,2026-09-16 07:00:00+00:00,0,0.0,,0.7,https://lampung.idntimes.com/food/dining-guide/7-tempat-makan-murah-di-bandar-lampung-bikin-perut-kenyang-00-jf67w-5qbk8z,,Sukarame,Kota Bandar Lampung,Lampung,-5.38,105.305,Pusat kecamatan,teks+inferensi,Kelurahan ambigu (Korpri Raya/Harapan Jaya)
1402,1402,Mie Khodon Bandar Lampung,Restoran,Bandar Lampung,Kuliner malam legendaris mi kenyal bumbu gurih,1,1,2026-07-20 07:00:00+00:00,2026-07-20 07:00:00+00:00,0,0.0,,0.6,https://travel.tribunnews.com/kuliner/144964/terkenal-enak-cicipi-3-kuliner-malam-di-lampung-yang-legendaris,,,Kota Bandar Lampung,Lampung,-5.43,105.262,Pusat kota/kabupaten,teks+inferensi,
1403,1403,Aneka Sari Dapur Rasa,Kafe,Bandar Lampung,Cafe resto mewah estetik dua lantai yang juga menjual oleh-oleh khas Lampung,1,1,2026-09-18 07:00:00+00:00,2026-09-18 07:00:00+00:00,0,0.0,,0.8,https://lampung.idntimes.com/food/dining-guide/aneka-sari-bandar-lampung-nongkrong-mewah-sambil-beli-oleh-oleh-00-jf67w-j3rdm2,,,Kota Bandar Lampung,Lampung,-5.43,105.262,Pusat kota/kabupaten,teks+inferensi,
1404,1404,Kopi Sheo,Kafe,Bandar Lampung,Promo spesial kemerdekaan HUT RI ke-81,1,1,2026-09-16 07:00:00+00:00,2026-09-16 07:00:00+00:00,0,0.0,16-17 Agustus 2026,0.55,https://lampung.idntimes.com/food/dining-guide/promo-hut-ri-ke-81-di-kafe-bandar-lampung-c1c2-01-g4h89-129dh4,,,Kota Bandar Lampung,Lampung,-5.43,105.262,Pusat kota/kabupaten,teks+inferensi,
1405,1405,Cupten Kopitiam,Kafe,Bandar Lampung,Promo kemerdekaan free refill Teh O dan menu hemat,1,1,2026-09-16 07:00:00+00:00,2026-09-16 07:00:00+00:00,0,0.0,14-18 Agustus 2026,0.55,https://lampung.idntimes.com/food/dining-guide/promo-hut-ri-ke-81-di-kafe-bandar-lampung-c1c2-01-g4h89-129dh4,,,Kota Bandar Lampung,Lampung,-5.43,105.262,Pusat kota/kabupaten,teks+inferensi,
1406,1406,New Town Cafe,Kafe,Bandar Lampung,Promo kuliner HUT RI,1,1,2026-09-16 07:00:00+00:00,2026-09-16 07:00:00+00:00,0,0.0,17 Agustus 2026,0.5,https://lampung.idntimes.com/food/dining-guide/promo-hut-ri-ke-81-di-kafe-bandar-lampung-c1c2-01-g4h89-129dh4,,,Kota Bandar Lampung,Lampung,-5.43,105.262,Pusat kota/kabupaten,teks+inferensi,
1407,1407,Warung Soto Bu Yanti,Restoran,"Teluk Betung Utara, Bandar Lampung",Soto rempah kuat dengan konsep semi outdoor,1,1,2026-09-17 07:00:00+00:00,2026-09-17 07:00:00+00:00,0,0.0,,0.7,https://lampung.idntimes.com/food/dining-guide/rekomendasi-soto-enak-di-bandar-lampung-01-g4h89-t8zz1z,,Teluk Betung Utara,Kota Bandar Lampung,Lampung,-5.425,105.255,Pusat kecamatan,teks+inferensi,
1408,1408,Warung Soto Cak Li,Restoran,"Sukarame, Bandar Lampung",Soto dengan taburan koya melimpah favorit warga,1,1,2026-09-17 07:00:00+00:00,2026-09-17 07:00:00+00:00,0,0.0,,0.7,https://lampung.idntimes.com/food/dining-guide/rekomendasi-soto-enak-di-bandar-lampung-01-g4h89-t8zz1z,,Sukarame,Kota Bandar Lampung,Lampung,-5.38,105.305,Pusat kecamatan,teks+inferensi,
1409,1409,Soto Khas Bekasi Mastho,Restoran,"Kampung Baru Unila, Bandar Lampung",Soto khas Bekasi langganan mahasiswa,1,1,2026-09-17 07:00:00+00:00,2026-09-17 07:00:00+00:00,0,0.0,,0.7,https://lampung.idntimes.com/food/dining-guide/rekomendasi-soto-enak-di-bandar-lampung-01-g4h89-t8zz1z,Kampung Baru,Labuhan Ratu,Kota Bandar Lampung,Lampung,-5.365,105.245,Pusat kelurahan/desa,teks+inferensi,Dekat Universitas Lampung
1410,1410,Museum Nasional,Museum,Jakarta,Delapan artefak budaya Papua hasil repatriasi dari AS jadi koleksi permanen,1,1,2026-09-11 03:44:35+00:00,2026-09-11 03:44:35+00:00,0,0.0,23 Juli 2026,0.5,https://jakarta.suaramerdeka.com/nasional/13417412665/8-artefak-budaya-papua-hasil-repatriasi-dari-fbi-jadi-koleksi-museum-nasional,Gambir,Gambir,Kota Jakarta Pusat,DKI Jakarta,-6.1762,106.8217,Titik tempat,inferensi,
1411,1411,Museum Negeri Provinsi Lampung Ruwa Jurai,Museum,"Jalan ZA Pagar Alam No. 64, Bandar Lampung",Museum terbesar di Lampung dengan 4.700 koleksi dan tiket sangat murah,1,1,2026-05-03 07:00:00+00:00,2026-05-03 07:00:00+00:00,0,0.0,,0.85,https://radartv.disway.id/ragam/read/38204/mengenal-sejarah-lampung-di-museum-ruwa-jurai-wisata-edukasi-murah-di-bandar-lampung,Gedong Meneng,Rajabasa,Kota Bandar Lampung,Lampung,-5.363,105.243,Pusat kelurahan/desa,teks+inferensi,
1412,1412,Bandar Lampung Expo 2026,Pameran,"Graha Mandala Alam Siger, Bandar Lampung",Rangkaian HUT ke-344 Kota Bandar Lampung dengan lomba masakan tradisional dan jajanan pasar,1,1,2026-09-22 07:31:00+00:00,2026-09-22 07:31:00+00:00,0,0.0,22 Juli 2026,0.55,https://radarlampung.disway.id/bandar-lampung/read/727449/lomba-masak-tradisional-hut-bandar-lampung-dorong-pelestarian-kuliner-daerah,,,Kota Bandar Lampung,Lampung,-5.43,105.262,Pusat kota/kabupaten,teks+inferensi,
1413,1413,Soto Padang Mak Datuak,Restoran,"Pujasera Blok M Square, Jakarta Selatan",Soto Padang legendaris resep otentik Bukittinggi sejak 2010,1,1,2026-09-21 13:00:00+00:00,2026-09-21 13:00:00+00:00,0,0.0,,0.75,https://food.detik.com/warung-makan/d-8680682/lamak-bana-ada-soto-padang-bukittinggi-yang-nyempil-di-pujasera-blok-m,Melawai,Kebayoran Baru,Kota Jakarta Selatan,DKI Jakarta,-6.244,106.7995,Titik tempat,teks+inferensi,Blok M Square
1414,1414,Soto Padang H. St. Mangkuto,Restoran,"Jalan Pintu Air Raya No. 26, Pasar Baru, Jakarta Pusat","Soto Padang tertua di Jakarta, berdiri sejak 1942",1,1,2026-06-30 07:00:00+00:00,2026-06-30 07:00:00+00:00,0,0.0,,0.75,https://food.detik.com/tempat-makan/d-8675709/blusukan-cari-5-soto-padang-legendaris-di-jakarta-ada-yang-sejak-1942,Pasar Baru,Sawah Besar,Kota Jakarta Pusat,DKI Jakarta,-6.165,106.834,Pusat kelurahan/desa,teks+inferensi,
1415,1415,Soto Padang Pak Malin,Restoran,"Blok M Square Lantai Basement Blok J.72, Melawai, Jakarta Selatan",Sempat viral karena banyak konten review soto,1,1,2026-06-30 07:00:00+00:00,2026-06-30 07:00:00+00:00,0,1.0,Pertengahan 2025,0.8,https://food.detik.com/tempat-makan/d-8675709/blusukan-cari-5-soto-padang-legendaris-di-jakarta-ada-yang-sejak-1942,Melawai,Kebayoran Baru,Kota Jakarta Selatan,DKI Jakarta,-6.244,106.7995,Titik tempat,teks+inferensi,Blok M Square
1416,1416,Sinar Surya,Restoran,"Dekat Pasar Benhil, Bendungan Hilir, Jakarta Pusat",Warung tenda ikan bakar khas Padang laris saat makan siang,1,1,2026-09-18 09:10:10+00:00,2026-09-18 09:10:10+00:00,0,0.0,,0.65,https://food.detik.com/warung-makan/d-8668273/sinar-surya-laris-manis-ikan-bakar-padang-tendaan-rp33-ribu-di-benhil,Bendungan Hilir,Tanah Abang,Kota Jakarta Pusat,DKI Jakarta,-6.208,106.813,Pusat kelurahan/desa,teks+inferensi,
1417,1417,Restoran Sederhana Singapura,Restoran,"Kampong Glam, Singapura","Restoran Padang baru buka mendadak viral, antrean panjang dan makanan ludes",1,1,2026-09-22 07:45:12+00:00,2026-09-22 07:45:12+00:00,0,1.0,29-30 Mei 2026,0.8,https://food.detik.com/info-kuliner/d-8511021/baru-saja-buka-restoran-sederhana-di-singapura-ludes-dalam-hitungan-jam,,,,,1.302,103.859,Titik tempat,teks,Di luar Indonesia: Singapura (Kampong Glam)
1418,1418,Wisata Dadakan Padang Ilalang Binturu,Wisata Alam,"Desa Binturu, Kecamatan Kelua, Kabupaten Tabalong","Hamparan ilalang viral di TikTok, dikunjungi ratusan orang per hari",1,1,2026-09-19 02:34:24+00:00,2026-09-19 02:34:24+00:00,0,1.0,26 September 2026,0.85,https://tvtabalong.com/viral-padang-ilalang-di-kelua-diserbu-ratusan-warga-pemandangannya-disebut-mirip-swiss/,Binturu,Kelua,Kabupaten Tabalong,Kalimantan Selatan,-1.9,115.5,Pusat kota/kabupaten,teks+inferensi,
1419,1419,Sate Padang Pariaman Merjosari,Restoran,"Merjosari, Kota Malang",Kuliner sate Padang di tengah tren kuliner murah Malang,1,1,2026-08-08 07:00:00+00:00,2026-08-08 07:00:00+00:00,0,0.0,,0.45,https://www.kompasiana.com/parlinphn/6aa52e7e34777c6c3c322003/sate-padang-pariaman-merjosari-siasat-rasa-di-kota-pelajar?page=all,Merjosari,Lowokwaru,Kota Malang,Jawa Timur,-7.945,112.595,Pusat kelurahan/desa,teks+inferensi,
1420,1420,Taman Pinggir Sungai Siak,Wisata Alam,Kota Pekanbaru,Ruang terbuka dengan pemandangan ikon Sungai Siak untuk liburan keluarga,1,1,2026-09-21 20:26:43+00:00,2026-09-21 20:26:43+00:00,0,0.0,,0.6,https://www.cakaplah.com/berita/baca/137548/2026/06/29/tak-melulu-ke-mal-ini-3-destinasi-wisata-seru-di-pekanbaru-saat-libur-sekolah/,,,Kota Pekanbaru,Riau,0.507,101.447,Pusat kota/kabupaten,teks+inferensi,
1421,1421,D'keboen Park,Wahana,"Jl. Beringin, Air Hitam, Payung Sekaki, Pekanbaru",Rekreasi keluarga dengan berbagai wahana permainan anak,1,1,2026-09-21 20:26:43+00:00,2026-09-21 20:26:43+00:00,0,0.0,,0.75,https://www.cakaplah.com/berita/baca/137548/2026/06/29/tak-melulu-ke-mal-ini-3-destinasi-wisata-seru-di-pekanbaru-saat-libur-sekolah/,Air Hitam,Payung Sekaki,Kota Pekanbaru,Riau,0.5,101.4,Pusat kecamatan,teks+inferensi,
1422,1422,Taman Aerosport,Wisata Alam,"Dekat Bandara SSK II, Pekanbaru",Taman teduh dengan wahana perahu bebek,1,1,2026-09-21 20:26:43+00:00,2026-09-21 20:26:43+00:00,0,0.0,,0.7,https://www.cakaplah.com/berita/baca/137548/2026/06/29/tak-melulu-ke-mal-ini-3-destinasi-wisata-seru-di-pekanbaru-saat-libur-sekolah/,,,Kota Pekanbaru,Riau,0.507,101.447,Pusat kota/kabupaten,teks+inferensi,Dekat Bandara Sultan Syarif Kasim II
1423,1423,AZKO Living World Pekanbaru,lainnya,"Living World, Pekanbaru, Riau",Video viral genset dan lampu darurat ludes diborong saat mati listrik se-Sumatera,1,1,2026-04-26 07:00:00+00:00,2026-04-26 07:00:00+00:00,0,1.0,22-23 Mei 2026,0.4,https://www.detik.com/properti/berita/d-8502109/heboh-genset-diborong-warga-saat-listrik-padam-di-sumatera,,,Kota Pekanbaru,Riau,0.507,101.447,Pusat kota/kabupaten,teks,Mal Living World Pekanbaru
1424,1424,Gebyar Kuliner Jakarta,Pameran,"Living World Pekanbaru, Riau","Lebih dari 45 stan makanan viral, stan bungeoppang ramai diserbu hingga habis",1,1,2026-05-29 07:00:00+00:00,2026-05-29 07:00:00+00:00,0,0.0,April 2026,0.75,https://riau.harianhaluan.com/daerah/1117055847/stan-jajanan-korea-di-event-kuliner-mal-living-world-pekanbaru-cita-rasa-autentik,,,Kota Pekanbaru,Riau,0.507,101.447,Pusat kota/kabupaten,teks,Mal Living World Pekanbaru
1425,1425,Rumah Adat Banjar Bubungan Tinggi,lainnya,"Desa Teluk Selong Ulu, Kecamatan Martapura Barat, Kabupaten Banjar","Destinasi wisata rumah adat, lokasi sosialisasi Gerakan Bersama Memviralkan Pariwisata",1,1,2026-05-02 07:00:00+00:00,2026-05-02 07:00:00+00:00,0,0.0,14 April 2026,0.65,https://rri.co.id/banjarmasin/budaya/2334694/about.html,Teluk Selong Ulu,Martapura Barat,Kabupaten Banjar,Kalimantan Selatan,-3.39,114.77,Pusat kecamatan,teks+inferensi,
1426,1426,Festival Peh Cun 2026,Pameran,"Lapangan Badminton Klenteng Suci Nurani, Banjarmasin",Festival budaya Tionghoa dengan demonstrasi pembuatan bakcang,1,1,2026-07-13 07:00:00+00:00,2026-07-13 07:00:00+00:00,0,0.0,19 Juni 2026,0.65,https://kakinews.id/sekda-banjarmasin-buka-festival-peh-cun-2026-perkuat-harmoni-melalui-tradisi/,,,Kota Banjarmasin,Kalimantan Selatan,-3.319,114.59,Pusat kota/kabupaten,teks+inferensi,
1427,1427,Pantai Kilang Mandiri,Wisata Alam,"Balikpapan, Kalimantan Timur","Panorama matahari terbenam, tetap jadi daya tarik meski kunjungan turun",1,1,2026-07-06 07:00:00+00:00,2026-07-06 07:00:00+00:00,0,0.0,,0.6,https://travel.detik.com/fototravel/d-8440275/wisata-balikpapan-sepi-jumlah-pengunjung-alami-penurunan,,,Kota Balikpapan,Kalimantan Timur,-1.24,116.87,Pusat kota/kabupaten,teks,
1428,1428,KWPLH Beruang Madu,Wisata Alam,"Balikpapan, Kalimantan Timur",Destinasi unggulan paket city tour PORPAMNAS IX,1,1,2026-07-13 07:00:00+00:00,2026-07-13 07:00:00+00:00,0,0.0,7-10 Oktober 2026,0.5,https://kotaku.co.id/balikpapan-siap-sambut-10-ribu-tamu-porpamnas-ix-2026-sport-tourism-dan-city-tour-jadi-andalan/,Karang Joang,Balikpapan Utara,Kota Balikpapan,Kalimantan Timur,-1.15,116.88,Pusat kecamatan,teks+inferensi,
1429,1429,Pantai Manggar Segara Sari,Wisata Alam,"Balikpapan, Kalimantan Timur","Destinasi unggulan dengan jet ski, wisata berkuda, villa dan sport tourism",1,1,2026-09-27 03:00:00+00:00,2026-09-27 03:00:00+00:00,0,0.0,,0.75,https://kotaku.co.id/liburan-sekolah-disporapar-balikpapan-ingatkan-pengelola-wisata-perketat-sop/,,Balikpapan Timur,Kota Balikpapan,Kalimantan Timur,-1.2,116.96,Pusat kecamatan,teks+inferensi,
1430,1430,Pasar Tumpah Pringgondani,lainnya,"Jalan Gunung Binjai, Teritip, Balikpapan Timur",Pasar jajanan tradisional bernuansa Jawa dengan transaksi unik memakai uang kayu ulin,1,1,2026-05-06 04:22:19+00:00,2026-05-06 04:22:19+00:00,0,0.0,,0.8,https://nomorsatukaltim.disway.id/balikpapan/read/80343/pasar-tumpah-pringgondani-di-teritip-balikpapan-timur-transaksi-unik-memakai-uang-kayu-dilengkapi-barcode,Teritip,Balikpapan Timur,Kota Balikpapan,Kalimantan Timur,-1.2,116.96,Pusat kecamatan,teks+inferensi,
1431,65,Dimxie,Restoran,"Jalan Taman Cibeunying Utara, Kota Bandung",Dimsum,1,1,2026-09-22 00:11:04+00:00,2026-09-22 00:11:04+00:00,0,0.0,,0.8,https://jabar.antaranews.com/berita/708412/rekomendasi-kuliner-viral-di-sepanjang-jalan-cibeunying-utara-bandung,Cihapit,Bandung Wetan,Kota Bandung,Jawa Barat,-6.903,107.625,Pusat kelurahan/desa,teks+inferensi,
1432,1432,Bukit RCTI,Wisata Alam,"Samarinda Seberang, Samarinda",Wisata perbukitan ciptaan warga yang digemari generasi muda,1,1,2026-09-07 08:19:26+00:00,2026-09-07 08:19:26+00:00,0,0.0,,0.5,https://www.niaga.asia/pemkot-diminta-bidik-wisata-alam-perbukitan-sebagai-sumber-pad/,,Samarinda Seberang,Kota Samarinda,Kalimantan Timur,-0.53,117.14,Pusat kecamatan,teks+inferensi,
1433,1433,Teras Samarinda,Wisata Alam,"Samarinda, Kalimantan Timur",Destinasi ikonik Kota Samarinda,1,1,2026-09-07 08:19:26+00:00,2026-09-07 08:19:26+00:00,0,0.0,,0.5,https://www.niaga.asia/pemkot-diminta-bidik-wisata-alam-perbukitan-sebagai-sumber-pad/,,Samarinda Kota,Kota Samarinda,Kalimantan Timur,-0.505,117.15,Pusat kecamatan,teks+inferensi,
1434,1434,Hutan Lindung Kebun Raya Samarinda,Wisata Alam,"Samarinda, Kalimantan Timur",Destinasi wisata alam yang redup dan perlu direvitalisasi (isu negatif),1,1,2026-09-07 08:19:26+00:00,2026-09-07 08:19:26+00:00,0,0.0,,0.45,https://www.niaga.asia/pemkot-diminta-bidik-wisata-alam-perbukitan-sebagai-sumber-pad/,,Samarinda Utara,Kota Samarinda,Kalimantan Timur,-0.4,117.18,Pusat kecamatan,teks+inferensi,
1435,1435,Air Terjun Tanah Merah,Wisata Alam,"Samarinda, Kalimantan Timur",Destinasi wisata alam yang redup dan perlu direvitalisasi (isu negatif),1,1,2026-09-07 08:19:26+00:00,2026-09-07 08:19:26+00:00,0,0.0,,0.45,https://www.niaga.asia/pemkot-diminta-bidik-wisata-alam-perbukitan-sebagai-sumber-pad/,Tanah Merah,Samarinda Utara,Kota Samarinda,Kalimantan Timur,-0.4,117.18,Pusat kecamatan,teks+inferensi,
1436,66,Gebros,Restoran,"Jalan Taman Cibeunying Utara, Kota Bandung",Gorengan mini seperti gehu cikur dan combro lemet,1,1,2026-09-22 00:11:04+00:00,2026-09-22 00:11:04+00:00,0,0.0,,0.8,https://jabar.antaranews.com/berita/708412/rekomendasi-kuliner-viral-di-sepanjang-jalan-cibeunying-utara-bandung,Cihapit,Bandung Wetan,Kota Bandung,Jawa Barat,-6.903,107.625,Pusat kelurahan/desa,teks+inferensi,
1437,1437,Kafe Ahmad,Kafe,"Jalan Teuku Umar, Karang Asam Ulu, Kecamatan Sungai Kunjang, Samarinda",Video viral oknum TNI bersitegang dengan Kasatpol PP saat penertiban kafe diduga jual miras (isu negatif),1,1,2026-05-05 07:00:00+00:00,2026-05-05 07:00:00+00:00,0,1.0,22 September 2026,0.5,https://www.bintangtenggara.net/news/3923054854/viral-oknum-tni-bersitegang-dengan-kasatpol-pp-samarinda-saat-penertiban-kafe-remang-remang-dandim-minta-maaf,Karang Asam Ulu,Sungai Kunjang,Kota Samarinda,Kalimantan Timur,-0.5,117.11,Pusat kecamatan,teks+inferensi,
1438,1438,Dacoffee,Kafe,"Jalan Bung Tomo, Samarinda Seberang, Samarinda",Kawasan santai tempat anak muda nongkrong malam di tepi Sungai Mahakam,1,1,2026-05-05 07:00:00+00:00,2026-05-05 07:00:00+00:00,0,0.0,,0.5,https://www.berandaindonesia.id/2026/08/06/dari-pasar-tungging-ke-pasar-pagi,,Samarinda Seberang,Kota Samarinda,Kalimantan Timur,-0.53,117.14,Pusat kecamatan,teks+inferensi,
1439,1439,Pasar Segiri,lainnya,Samarinda,Video viral wanita diduga pencuri sayur diikat di tiang listrik oleh pedagang (isu negatif),1,1,2026-04-02 07:00:00+00:00,2026-04-02 07:00:00+00:00,0,1.0,30 Juli 2026,0.4,https://kumparan.com/kumparannews/wanita-di-samarinda-diikat-di-tiang-usai-diduga-curi-sayuran-pedagang-27tqgLnOqwE,Sidodadi,Samarinda Ulu,Kota Samarinda,Kalimantan Timur,-0.48,117.14,Pusat kecamatan,teks+inferensi,
1440,1440,Expo Wonder of Paser,Pameran,Kabupaten Paser,"Expo kuliner, cendera mata khas Paser, tari tradisional dan festival band pendukung Porprov Kaltim",1,1,2026-09-12 07:00:00+00:00,2026-09-12 07:00:00+00:00,0,0.0,14-27 November 2026,0.7,https://rri.co.id/samarinda/ekonomi/umkm/2764277/ekraf-disporapar-paser-akan-gelar-expo-wonder-of-paser-di-perhelatan-porprov,,,Kabupaten Paser,Kalimantan Timur,-1.72,116.1,Pusat kota/kabupaten,teks+inferensi,
1441,1441,Rumah Makan Gratis Habib,Restoran,Pontianak,"Dikenal lewat kegiatan makan gratis rutin untuk masyarakat, dikunjungi Wakil Kepala BGN",1,1,2026-09-28 02:13:56+00:00,2026-09-28 02:13:56+00:00,0,0.0,14 Mei 2026,0.65,https://wartapontianak.pikiran-rakyat.com/kalbar/pr-11710206813/rumah-makan-gratis-habib-terima-kunjungan-wakil-kepala-badan-gizi-nasional-ri,,,Kota Pontianak,Kalimantan Barat,-0.03,109.33,Pusat kota/kabupaten,teks+inferensi,
1442,1442,Che Hun Tiau Ahien,Kafe,"Jalan WR Supratman, Pontianak",Minuman khas Pontianak che hun tiau dengan beragam topping,1,1,2026-07-22 07:00:00+00:00,2026-07-22 07:00:00+00:00,0,0.0,,0.75,https://kaltim.idntimes.com/food/dining-guide/liburan-ke-pontianak-jangan-cuma-foto-foto-cicipi-7-kuliner-ini-01-xnb32-nlsgw8,,Pontianak Selatan,Kota Pontianak,Kalimantan Barat,-0.05,109.34,Pusat kecamatan,teks+inferensi,
1443,1443,Nasi Kari Kang Ho,Restoran,"Jalan Haji Agus Salim Gang 1, Pontianak",Nasi kari berbumbu kuat ala street food di pinggir gang,1,1,2026-07-22 07:00:00+00:00,2026-07-22 07:00:00+00:00,0,0.0,,0.75,https://kaltim.idntimes.com/food/dining-guide/liburan-ke-pontianak-jangan-cuma-foto-foto-cicipi-7-kuliner-ini-01-xnb32-nlsgw8,,,Kota Pontianak,Kalimantan Barat,-0.03,109.33,Pusat kota/kabupaten,teks+inferensi,
1444,1444,Sate Kuah Sunda Rasa,Restoran,"Jalan Haji Agus Salim Gang 1, Pontianak",Sate disajikan dengan kuah khas yang gurih,1,1,2026-07-22 07:00:00+00:00,2026-07-22 07:00:00+00:00,0,0.0,,0.7,https://kaltim.idntimes.com/food/dining-guide/liburan-ke-pontianak-jangan-cuma-foto-foto-cicipi-7-kuliner-ini-01-xnb32-nlsgw8,,,Kota Pontianak,Kalimantan Barat,-0.03,109.33,Pusat kota/kabupaten,teks+inferensi,
1445,1445,RM Puring Jaya,Restoran,"Jalan Khatulistiwa No. 8, Siantan, Pontianak","Rumah makan Padang harga ramah, buka 24 jam",1,1,2026-07-22 07:00:00+00:00,2026-07-22 07:00:00+00:00,0,0.0,,0.7,https://kaltim.idntimes.com/food/dining-guide/liburan-ke-pontianak-jangan-cuma-foto-foto-cicipi-7-kuliner-ini-01-xnb32-nlsgw8,,Pontianak Utara,Kota Pontianak,Kalimantan Barat,0.0,109.33,Pusat kecamatan,teks+inferensi,Kawasan Siantan
1446,1446,La Gramma,Kafe,Pontianak,Toko kue yang melayani lonjakan pesanan saat Imlek dan Lebaran,1,1,2026-04-07 07:00:00+00:00,2026-04-07 07:00:00+00:00,0,0.0,,0.5,https://www.hops.id/viral/29417288273/begini-rahasia-sukses-toko-kue-legendaris-pontianak-hingga-produknya-diburu-para-perantau?page=2,,,Kota Pontianak,Kalimantan Barat,-0.03,109.33,Pusat kota/kabupaten,teks+inferensi,
1447,1447,Alfa Lim,lainnya,Pontianak,Toko oleh-oleh khas Pontianak dengan banyak pesanan dari luar kota,1,1,2026-04-07 07:00:00+00:00,2026-04-07 07:00:00+00:00,0,0.0,,0.45,https://www.hops.id/viral/29417288273/begini-rahasia-sukses-toko-kue-legendaris-pontianak-hingga-produknya-diburu-para-perantau?page=2,,,Kota Pontianak,Kalimantan Barat,-0.03,109.33,Pusat kota/kabupaten,teks+inferensi,
1448,1448,Toko Along,lainnya,Pontianak,Toko oleh-oleh khas Pontianak yang produknya menjangkau berbagai wilayah,1,1,2026-04-07 07:00:00+00:00,2026-04-07 07:00:00+00:00,0,0.0,,0.45,https://www.hops.id/viral/29417288273/begini-rahasia-sukses-toko-kue-legendaris-pontianak-hingga-produknya-diburu-para-perantau?page=2,,,Kota Pontianak,Kalimantan Barat,-0.03,109.33,Pusat kota/kabupaten,teks+inferensi,
1449,1449,Le Gita Cakes,Kafe,Pontianak,"Toko kue legendaris sejak 1972, kue lapis dan kue kering dikirim hingga Jakarta",1,1,2026-04-07 07:00:00+00:00,2026-04-07 07:00:00+00:00,0,0.0,,0.55,https://www.inilah.com/kuliner-pontianak-makin-cuan-jangkau-pasar-nasional-berkat-kargo-udara-terjangkau,,,Kota Pontianak,Kalimantan Barat,-0.03,109.33,Pusat kota/kabupaten,teks+inferensi,
1450,1450,Bakso Lapangan Tembak,Restoran,"Jl. Gerbang Pemuda No.1, Gelora, Tanah Abang, Jakarta Pusat","Kuliner bakso yang melekat dengan kawasan Senayan, harga terjangkau",1,1,2026-09-26 10:53:02+00:00,2026-09-26 10:53:02+00:00,0,0.0,,0.75,https://www.nibble.id/tempat-makan-di-senayan/,Gelora,Tanah Abang,Kota Jakarta Pusat,DKI Jakarta,-6.218,106.803,Pusat kelurahan/desa,teks+inferensi,
1451,1451,Sop Buntut Ibu Samino,Restoran,"Jl. Tentara Pelajar No.22, Grogol Utara, Kebayoran Lama, Jakarta Selatan",Sop buntut favorit banyak orang dengan harga sekitar 20 ribuan,1,1,2026-09-26 10:53:02+00:00,2026-09-26 10:53:02+00:00,0,0.0,,0.75,https://www.nibble.id/tempat-makan-di-senayan/,Grogol Utara,Kebayoran Lama,Kota Jakarta Selatan,DKI Jakarta,-6.221,106.781,Pusat kelurahan/desa,teks+inferensi,
1452,1452,Kapal Wisata Sapta Pesona,lainnya,"Kota Manado, Sulawesi Utara",Kapal wisata baru diluncurkan Dishub untuk tur wisata bahari Manado Bay hingga Bunaken,1,1,2026-07-29 07:00:00+00:00,2026-07-29 07:00:00+00:00,0,0.0,26 Juni 2026,0.6,https://indobrita.co/2026/06/26/inovasi-hebat-dishub-manado-launching-kapal-wisata-sapta-pesona/,,,Kota Manado,Sulawesi Utara,1.475,124.842,Pusat kota/kabupaten,teks,
1453,1453,Manado Town Square,lainnya,"Kota Manado, Sulawesi Utara","Pria diduga ODGJ mengamuk menodongkan pisau ke pengunjung mal, video beredar di media sosial (isu negatif)",1,1,2026-05-21 07:00:00+00:00,2026-05-21 07:00:00+00:00,0,0.0,15 Juni 2026,0.4,https://sulsel.idntimes.com/news/sulawesi-selatan/viral-odgj-di-manado-masuk-mal-bawa-pisau-pengunjung-panik-00-dgmbm-4qj855,,,Kota Manado,Sulawesi Utara,1.475,124.842,Pusat kota/kabupaten,teks,
1454,1454,Teluk Manado,Wisata Alam,"Kota Manado, Sulawesi Utara",Sunset Manado ramai dibagikan dan raih jutaan tayangan di media sosial,1,1,2026-07-22 07:00:00+00:00,2026-07-22 07:00:00+00:00,0,1.0,,0.75,https://beritamanado.com/5-alasan-sunset-manado-viral-di-media-sosial-netizen-tak-pernah-bosan-menikmatinya/,,,Kota Manado,Sulawesi Utara,1.475,124.842,Pusat kota/kabupaten,teks,
1455,1455,Pulau Manado Tua,Wisata Alam,"Kota Manado, Sulawesi Utara",Siluet pulau jadi latar ikonik sunset Manado yang diburu konten kreator,1,1,2026-07-22 07:00:00+00:00,2026-07-22 07:00:00+00:00,0,0.0,,0.55,https://beritamanado.com/5-alasan-sunset-manado-viral-di-media-sosial-netizen-tak-pernah-bosan-menikmatinya/,,Bunaken Kepulauan,Kota Manado,Sulawesi Utara,1.628,124.71,Titik tempat,teks+inferensi,
1456,1456,Kawasan Megamas,Wisata Alam,"Kota Manado, Sulawesi Utara",Spot festival musik pantai sambil menikmati sunset yang viral di media sosial,1,1,2026-07-22 07:00:00+00:00,2026-07-22 07:00:00+00:00,0,1.0,,0.6,https://beritamanado.com/5-alasan-sunset-manado-viral-di-media-sosial-netizen-tak-pernah-bosan-menikmatinya/,,,Kota Manado,Sulawesi Utara,1.475,124.842,Pusat kota/kabupaten,teks,Kawasan Megamas
1457,1457,Pohon Kasih,Wisata Alam,"Kota Manado, Sulawesi Utara",Spot festival musik pantai sambil menikmati sunset yang viral di media sosial,1,1,2026-07-22 07:00:00+00:00,2026-07-22 07:00:00+00:00,0,1.0,,0.55,https://beritamanado.com/5-alasan-sunset-manado-viral-di-media-sosial-netizen-tak-pernah-bosan-menikmatinya/,,,Kota Manado,Sulawesi Utara,1.475,124.842,Pusat kota/kabupaten,teks,
1458,1458,Warung Bunda,Restoran,"Jalan Kelapa 2 Entrop, belakang Terminal Tipe A Entrop, Jayapura",Destinasi kuliner olahan ikan segar dengan tiga sambal sepuasnya,1,1,2026-08-12 07:00:00+00:00,2026-08-12 07:00:00+00:00,0,0.0,,0.8,https://rri.co.id/jayapura/kuliner/2322340/warung-bunda-surga-pecinta-olahan-ikan-di-jayapura,Entrop,Jayapura Selatan,Kota Jayapura,Papua,-2.6,140.7,Pusat kecamatan,teks+inferensi,
1459,1459,Laoban Jayapura,Restoran,"Jalan Amphibi 17 Hamadi, Jayapura",Resto konsep kopitiam baru dibuka dan langsung mencuri minat pecinta kuliner,1,1,2026-09-11 07:00:00+00:00,2026-09-11 07:00:00+00:00,0,0.0,Akhir April 2026,0.8,https://rri.co.id/jayapura/kuliner/2382763/laoban-jayapura-sensasi-kopitiam-kekinian-yang-wajib-dicoba-pecinta-kuliner,Hamadi,Jayapura Selatan,Kota Jayapura,Papua,-2.6,140.7,Pusat kecamatan,teks+inferensi,
1460,1460,Kusuka Cafe & Resto,Kafe,"Jalan Kelapa 2 No 18, Entrop, Jayapura Selatan",Menawarkan laksa topping dory dan ebi furai serta ramen,1,1,2026-08-11 07:00:00+00:00,2026-08-11 07:00:00+00:00,0,0.0,,0.8,https://rri.co.id/jayapura/kuliner/2319718/dari-laksa-hingga-ramen-ini-pilihan-menu-favorit-di-kusuka-cafe-resto-jayapura,Entrop,Jayapura Selatan,Kota Jayapura,Papua,-2.6,140.7,Pusat kecamatan,teks+inferensi,
1461,1461,The Roof Jayapura,Restoran,"Lantai 11 Front One Hotel, Ruko Pacific Permai Dok 2, Jayapura",Rooftop dengan pemandangan laut dan Pelabuhan Jayapura,1,1,2026-08-11 07:00:00+00:00,2026-08-11 07:00:00+00:00,0,0.0,,0.8,https://rri.co.id/jayapura/kuliner/2580667/the-roof-jayapura-sensasi-kuliner-di-rooftop-hotel,,Jayapura Utara,Kota Jayapura,Papua,-2.53,140.71,Pusat kecamatan,teks+inferensi,Kawasan Dok II
1462,1462,You Need Mee Jayapura,Restoran,"Cibo-Land Entrop, samping Lapangan Trisila, Jayapura",Kuliner mie pedas yang sedang naik daun dengan harga terjangkau,1,1,2026-08-11 07:00:00+00:00,2026-08-11 07:00:00+00:00,0,0.0,,0.8,https://rri.co.id/jayapura/kuliner/2346530/you-need-mee-jayapura-rekomendasi-mie-pedas-dan-murah,Entrop,Jayapura Selatan,Kota Jayapura,Papua,-2.6,140.7,Pusat kecamatan,teks+inferensi,
1463,67,Sate Pak Gito,Restoran,"Jalan Taman Cibeunying Utara, Kota Bandung",Sajian sate,1,1,2026-09-22 00:11:04+00:00,2026-09-22 00:11:04+00:00,0,0.0,,0.8,https://jabar.antaranews.com/berita/708412/rekomendasi-kuliner-viral-di-sepanjang-jalan-cibeunying-utara-bandung,Cihapit,Bandung Wetan,Kota Bandung,Jawa Barat,-6.903,107.625,Pusat kelurahan/desa,teks+inferensi,
1464,1464,Onigiri Babaibun,Restoran,"Doyo, dekat Polres Jayapura",UMKM kuliner Jepang halal dengan 11 varian onigiri,1,1,2026-08-12 07:00:00+00:00,2026-08-12 07:00:00+00:00,0,0.0,,0.75,https://rri.co.id/jayapura/kuliner/2391768/onigiri-babaibun-jayapura-umkm-kuliner-jepang-halal-dengan-harga-ramah-di-kantong,Doyo Baru,Waibu,Kabupaten Jayapura,Papua,-2.57,140.46,Pusat kecamatan,teks+inferensi,
1465,1465,Kampung Piala Dunia Dok IX Kali,lainnya,"RW 07 Dok IX Kali, Kelurahan Imbi, Kota Jayapura","Kampung dihias lukisan bintang sepak bola dan replika tribun stadion, jadi pusat perhatian pecinta bola",1,1,2026-06-30 07:00:00+00:00,2026-06-30 07:00:00+00:00,0,0.0,10 Juni 2026,0.65,https://jubi.id/mendalam/2026/ekspresi-glokal-di-kampung-piala-dunia-kota-jayapura/,Imbi,Jayapura Utara,Kota Jayapura,Papua,-2.535,140.715,Pusat kelurahan/desa,teks+inferensi,
1466,1466,Soto Triwindu,Restoran,"Sekitar Pasar Triwindu, Solo",Soto daging sapi kuah bening legendaris,1,1,2026-09-17 07:00:00+00:00,2026-09-17 07:00:00+00:00,0,0.0,,0.75,https://travel.tribunnews.com/kuliner/145994/terkenal-legendaris-ini-5-soto-enak-di-solo-untuk-menu-sarapan,Keprabon,Banjarsari,Kota Surakarta,Jawa Tengah,-7.55,110.815,Pusat kecamatan,teks+inferensi,
1467,1467,Soto Kirana,Restoran,"Jayengan, Solo",Soto ayam khas Solo dengan kuah ringan,1,1,2026-09-17 07:00:00+00:00,2026-09-17 07:00:00+00:00,0,0.0,,0.7,https://travel.tribunnews.com/kuliner/145994/terkenal-legendaris-ini-5-soto-enak-di-solo-untuk-menu-sarapan,Jayengan,Serengan,Kota Surakarta,Jawa Tengah,-7.578,110.812,Pusat kecamatan,teks+inferensi,
1468,1468,Soto Seger Hj. Fatimah,Restoran,"Tipes, Serengan, Solo",Soto kuah bening segar pilihan sarapan,1,1,2026-09-17 07:00:00+00:00,2026-09-17 07:00:00+00:00,0,0.0,,0.7,https://travel.tribunnews.com/kuliner/145994/terkenal-legendaris-ini-5-soto-enak-di-solo-untuk-menu-sarapan,Tipes,Serengan,Kota Surakarta,Jawa Tengah,-7.578,110.812,Pusat kecamatan,teks+inferensi,
1469,1469,Soto Sapi Bu Hadi,Restoran,Solo,Soto daging sapi pilihan sarapan,1,1,2026-09-17 07:00:00+00:00,2026-09-17 07:00:00+00:00,0,0.0,,0.6,https://travel.tribunnews.com/kuliner/145994/terkenal-legendaris-ini-5-soto-enak-di-solo-untuk-menu-sarapan,,,Kota Surakarta,Jawa Tengah,-7.566,110.817,Pusat kota/kabupaten,teks,
1470,1470,Nasi Liwet Wongso Lemu,Restoran,Solo,"Nasi liwet legendaris sejak 1950, selalu ramai hingga antre",1,1,2026-04-07 07:00:00+00:00,2026-04-07 07:00:00+00:00,0,0.0,,0.8,https://mojok.co/terminal/8-kuliner-solo-yang-legendaris-dan-beneran-enak/,,Banjarsari,Kota Surakarta,Jawa Tengah,-7.55,110.815,Pusat kecamatan,teks+inferensi,
1471,68,Jue Kopi,Kafe,"Jalan Taman Cibeunying Utara, Kota Bandung",Kopi Vietnam,1,1,2026-09-22 00:11:04+00:00,2026-09-22 00:11:04+00:00,0,0.0,,0.8,https://jabar.antaranews.com/berita/708412/rekomendasi-kuliner-viral-di-sepanjang-jalan-cibeunying-utara-bandung,Cihapit,Bandung Wetan,Kota Bandung,Jawa Barat,-6.903,107.625,Pusat kelurahan/desa,teks+inferensi,
1472,69,Toko Kari,Restoran,"Jalan Taman Cibeunying Utara, Kota Bandung",Kuliner bercita rasa kari,1,1,2026-09-22 00:11:04+00:00,2026-09-22 00:11:04+00:00,0,0.0,,0.8,https://jabar.antaranews.com/berita/708412/rekomendasi-kuliner-viral-di-sepanjang-jalan-cibeunying-utara-bandung,Cihapit,Bandung Wetan,Kota Bandung,Jawa Barat,-6.903,107.625,Pusat kelurahan/desa,teks+inferensi,
1473,1473,Gudeg Ceker Margoyudan Bu Kasno,Restoran,"Jalan Wolter Monginsidi No.41-43, Setabelan, Banjarsari, Solo",Gudeg dengan ceker ayam empuk untuk sarapan khas Solo,1,1,2026-09-14 07:00:00+00:00,2026-09-14 07:00:00+00:00,0,0.0,,0.8,https://travel.tribunnews.com/kuliner/145448/3-tempat-sarapan-enak-dan-legendaris-di-solo-dijamin-bikin-ketagihan,Setabelan,Banjarsari,Kota Surakarta,Jawa Tengah,-7.55,110.815,Pusat kecamatan,teks,
1474,1474,Rumah Makan Pak Die Solo Balapan,Restoran,"Kestalan, Banjarsari, Solo",Masakan Jawa rumahan dekat Stasiun Solo Balapan,1,1,2026-04-12 07:00:00+00:00,2026-04-12 07:00:00+00:00,0,0.0,,0.75,https://travel.tribunnews.com/kuliner/145072/3-tempat-makan-siang-enak-dekat-stasiun-solo-balapan-ada-sate-buntel-hits,Kestalan,Banjarsari,Kota Surakarta,Jawa Tengah,-7.55,110.815,Pusat kecamatan,teks,
1475,1475,Sate Kambing-Buntel Pak H. Kasdi,Restoran,"Jalan Walter Monginsidi, Solo",Sate kambing dan sate buntel favorit dekat Stasiun Solo Balapan,1,1,2026-04-12 07:00:00+00:00,2026-04-12 07:00:00+00:00,0,0.0,,0.75,https://travel.tribunnews.com/kuliner/145072/3-tempat-makan-siang-enak-dekat-stasiun-solo-balapan-ada-sate-buntel-hits,,Banjarsari,Kota Surakarta,Jawa Tengah,-7.55,110.815,Pusat kecamatan,teks+inferensi,
1476,1476,Selat Vien's Pusat,Restoran,"Jalan Hasanudin, Punggawan, Solo",Menyajikan selat Solo khas yang menyegarkan,1,1,2026-04-12 07:00:00+00:00,2026-04-12 07:00:00+00:00,0,0.0,,0.75,https://travel.tribunnews.com/kuliner/145072/3-tempat-makan-siang-enak-dekat-stasiun-solo-balapan-ada-sate-buntel-hits,Punggawan,Banjarsari,Kota Surakarta,Jawa Tengah,-7.55,110.815,Pusat kecamatan,teks+inferensi,
1477,1477,Warung Makan Bu Las,Restoran,"Jalan Demak II, Solo","Populer dengan ayam tulang lunak berbumbu rempah, harga ekonomis",1,1,2026-09-25 21:00:00+00:00,2026-09-25 21:00:00+00:00,0,0.0,,0.75,https://jogja.disway.id/gaya-hidup/read/701393/rekomendasi-kuliner-lezat-rp-10-ribuan-di-dekat-solo-safari-yang-menggugah-selera/15,,,Kota Surakarta,Jawa Tengah,-7.566,110.817,Pusat kota/kabupaten,teks,
1478,1478,Ayam Geprek Kumlot,Restoran,"Jalan Kartika 5, Solo",Ayam geprek crispy dengan level pedas bisa disesuaikan,1,1,2026-09-25 21:00:00+00:00,2026-09-25 21:00:00+00:00,0,0.0,,0.7,https://jogja.disway.id/gaya-hidup/read/701393/rekomendasi-kuliner-lezat-rp-10-ribuan-di-dekat-solo-safari-yang-menggugah-selera/15,,,Kota Surakarta,Jawa Tengah,-7.566,110.817,Pusat kota/kabupaten,teks,
1479,1479,Kereta Hantu Solo,Wahana,"Transmart Pabelan Solo lantai F1, Jalan A. Yani No. 234, Banaran, Pabelan, Kartasura, Sukoharjo",Wahana horor baru yang ramai diperbincangkan dan viral di kalangan pengunjung,1,1,2026-05-02 07:00:00+00:00,2026-05-02 07:00:00+00:00,0,1.0,,0.85,https://travel.tribunnews.com/destinasi/146002/promo-tiket-kereta-hantu-di-solo-cuma-rp-25-ribu-cek-syaratnya,Pabelan,Kartasura,Kabupaten Sukoharjo,Jawa Tengah,-7.555,110.745,Pusat kecamatan,teks+inferensi,Transmart Pabelan; teks juga menyebut Banaran
1480,1480,De Tjolomadoe,Museum,Solo,Bekas pabrik gula Belanda jadi destinasi heritage modern yang instagramable,1,1,2026-07-04 07:00:00+00:00,2026-07-04 07:00:00+00:00,0,0.0,,0.8,https://www.hipwee.com/travel/tempat-wisata-di-solo-yang-instagramable/,Malangjiwan,Colomadu,Kabupaten Karanganyar,Jawa Tengah,-7.5336,110.7494,Titik tempat,inferensi,"Teks menyebut Solo, lokasi sebenarnya di Colomadu, Karanganyar"
1481,1481,Tumurun Private Museum,Museum,Solo,Museum privat seni kontemporer dengan interior estetik,1,1,2026-07-04 07:00:00+00:00,2026-07-04 07:00:00+00:00,0,0.0,,0.8,https://www.hipwee.com/travel/tempat-wisata-di-solo-yang-instagramable/,Sriwedari,Laweyan,Kota Surakarta,Jawa Tengah,-7.565,110.795,Pusat kecamatan,teks+inferensi,
1482,1482,Cafe Bukuku Lawas,Kafe,Solo,"Kedai kopi sekaligus toko buku bekas bernuansa vintage, favorit mahasiswa untuk foto estetik",1,1,2026-06-06 07:00:00+00:00,2026-06-06 07:00:00+00:00,0,0.0,,0.7,https://www.detik.com/jateng/wisata/d-8479034/9-toko-buku-solo-yang-instagramable-dan-punya-koleksi-menarik-pernah-mampir,,,Kota Surakarta,Jawa Tengah,-7.566,110.817,Pusat kota/kabupaten,teks,
1483,1483,Abon Mesran,lainnya,Solo,Oleh-oleh abon sapi legendaris sejak 1987,1,1,2026-09-20 02:32:55+00:00,2026-09-20 02:32:55+00:00,0,0.0,,0.55,https://www.harapanrakyat.com/2026/05/toko-oleh-oleh-di-solo-favorit-wisatawan-untuk-belanja-kuliner-legendaris-hingga-batik-keraton/,,,Kota Surakarta,Jawa Tengah,-7.566,110.817,Pusat kota/kabupaten,teks,
1484,1484,Abon Sapi KL Noeria,lainnya,"Jagalan, Solo",Abon sapi langganan keluarga Presiden Joko Widodo,1,1,2026-09-20 02:32:55+00:00,2026-09-20 02:32:55+00:00,0,0.0,,0.55,https://www.harapanrakyat.com/2026/05/toko-oleh-oleh-di-solo-favorit-wisatawan-untuk-belanja-kuliner-legendaris-hingga-batik-keraton/,Jagalan,Jebres,Kota Surakarta,Jawa Tengah,-7.555,110.85,Pusat kecamatan,teks+inferensi,
1485,1485,Toko Roti Orion,Kafe,Solo,Toko roti legendaris sejak 1932 dengan Roti Mandarijn,1,1,2026-09-20 02:32:55+00:00,2026-09-20 02:32:55+00:00,0,0.0,,0.7,https://www.harapanrakyat.com/2026/05/toko-oleh-oleh-di-solo-favorit-wisatawan-untuk-belanja-kuliner-legendaris-hingga-batik-keraton/,,Jebres,Kota Surakarta,Jawa Tengah,-7.555,110.85,Pusat kecamatan,teks+inferensi,
1486,1486,Toko Solo Floss Roll,Kafe,Solo,Oleh-oleh kekinian roti gulung abon sapi melimpah,1,1,2026-09-20 02:32:55+00:00,2026-09-20 02:32:55+00:00,0,0.0,,0.55,https://www.harapanrakyat.com/2026/05/toko-oleh-oleh-di-solo-favorit-wisatawan-untuk-belanja-kuliner-legendaris-hingga-batik-keraton/,,,Kota Surakarta,Jawa Tengah,-7.566,110.817,Pusat kota/kabupaten,teks,
1487,1487,Solo Pluffy,Kafe,Solo,Oleh-oleh cheesecake lembut aneka varian,1,1,2026-09-20 02:32:55+00:00,2026-09-20 02:32:55+00:00,0,0.0,,0.55,https://www.harapanrakyat.com/2026/05/toko-oleh-oleh-di-solo-favorit-wisatawan-untuk-belanja-kuliner-legendaris-hingga-batik-keraton/,,,Kota Surakarta,Jawa Tengah,-7.566,110.817,Pusat kota/kabupaten,teks,
1488,1488,Kampung Batik Laweyan,lainnya,"Laweyan, Solo",Kampung batik tempat melihat proses produksi batik,1,1,2026-09-20 02:32:55+00:00,2026-09-20 02:32:55+00:00,0,0.0,,0.6,https://www.harapanrakyat.com/2026/05/toko-oleh-oleh-di-solo-favorit-wisatawan-untuk-belanja-kuliner-legendaris-hingga-batik-keraton/,Laweyan,Laweyan,Kota Surakarta,Jawa Tengah,-7.572,110.792,Pusat kelurahan/desa,teks+inferensi,
1489,1489,Kampung Batik Kauman,lainnya,"Kauman, Solo",Kampung batik tempat melihat proses produksi batik,1,1,2026-09-20 02:32:55+00:00,2026-09-20 02:32:55+00:00,0,0.0,,0.6,https://www.harapanrakyat.com/2026/05/toko-oleh-oleh-di-solo-favorit-wisatawan-untuk-belanja-kuliner-legendaris-hingga-batik-keraton/,Kauman,Pasar Kliwon,Kota Surakarta,Jawa Tengah,-7.574,110.826,Pusat kelurahan/desa,teks+inferensi,
1490,70,Pempek B3doloer,Restoran,"Jalan Taman Cibeunying Utara, Kota Bandung",Pempek khas Palembang,1,1,2026-09-22 00:11:04+00:00,2026-09-22 00:11:04+00:00,0,0.0,,0.8,https://jabar.antaranews.com/berita/708412/rekomendasi-kuliner-viral-di-sepanjang-jalan-cibeunying-utara-bandung,Cihapit,Bandung Wetan,Kota Bandung,Jawa Barat,-6.903,107.625,Pusat kelurahan/desa,teks+inferensi,
1491,1491,RASAFORIA,Pameran,Main Atrium The Park Mall Solo,"Festival kuliner beragam cita rasa Nusantara, jajanan kekinian dan minuman viral",1,1,2026-07-15 07:00:00+00:00,2026-07-15 07:00:00+00:00,0,0.0,,0.75,https://mettanews.id/festival-kuliner-rasaforia-ramaikan-the-park-mall-solo-surga-kuliner-dengan-puluhan-tenant-pilihan/,,Grogol,Kabupaten Sukoharjo,Jawa Tengah,-7.6,110.81,Pusat kecamatan,inferensi,"The Park Mall Solo Baru, secara administratif di Kab. Sukoharjo"
1492,1492,Meeting of Styles 2026,Pameran,Rumah Tahanan Negara Kelas I Solo,Festival grafiti internasional 50 seniman dari 19 negara,1,1,2026-07-29 07:00:00+00:00,2026-07-29 07:00:00+00:00,0,0.0,15 Mei 2026,0.7,https://jateng.disway.id/disway-solo/read/718844/rutan-solo-jadi-panggung-seni-dunia-seniman-dari-19-negara-ramaikan-festival-grafiti-internasional,,,Kota Surakarta,Jawa Tengah,-7.566,110.817,Pusat kota/kabupaten,teks,
1493,1493,Teras Sarapan Pagi,Restoran,Cirebon,Tempat sarapan ketan bumbu dan soto hangat,1,1,2026-05-07 07:00:00+00:00,2026-05-07 07:00:00+00:00,0,0.0,,0.65,https://radarcirebon.disway.id/jawa-barat/read/229740/pagi-hari-lapar-ini-4-tempat-sarapan-enak-dan-viral-di-cirebon-yang-wajib-dicoba,,,,Jawa Barat,-6.92,107.6,Pusat provinsi,teks,Cirebon ambigu (Kota/Kabupaten Cirebon)
1494,71,RM Sari Moerni,Restoran,"Jalan Kisamaun, dekat Pasar Lama, Kota Tangerang","Destinasi kuliner baru bernuansa Betawi-Sunda, ayam kukus dan es teh kampul",1,1,2026-09-07 07:00:00+00:00,2026-09-07 07:00:00+00:00,0,0.0,,0.9,https://tangerangkota.go.id/berita/detail/68715/hadirkan-cita-rasa-betawi-sunda-rm-sari-moerni-jadi-destinasi-kuliner-baru-di-kota-tangerang,Sukasari,Tangerang,Kota Tangerang,Banten,-6.176,106.632,Pusat kelurahan/desa,teks+inferensi,
1495,1495,Empal Gentong H. Irwan Ciperna,Restoran,"Dekat Gerbang Tol Ciperna, Cirebon",Empal gentong legendaris dan sate maranggi di akses tol,1,1,2026-04-25 07:00:00+00:00,2026-04-25 07:00:00+00:00,0,0.0,,0.8,https://radarcirebon.disway.id/kabupaten-cirebon/read/219102/8-rumah-makan-enak-dekat-tol-ciperna-cirebon-favorit-pemudik-dan-wisatawan,Ciperna,Talun,Kabupaten Cirebon,Jawa Barat,-6.765,108.51,Pusat kecamatan,teks+inferensi,Dekat Gerbang Tol Ciperna
1496,1496,Empal Gentong H. Apud,Restoran,Cirebon,Empal gentong legendaris yang selalu ramai hingga antre panjang,1,1,2026-04-27 07:00:00+00:00,2026-04-27 07:00:00+00:00,0,0.0,,0.8,https://radarcirebon.disway.id/kota-cirebon/read/226715/rekomendasi-4-wisata-kuliner-di-cirebon-untuk-makan-malam-enak-legendaris-dan-viral,Battembat,Tengah Tani,Kabupaten Cirebon,Jawa Barat,-6.74,108.51,Pusat kecamatan,inferensi,
1497,1497,Kopi Montong,Kafe,Cirebon,Tempat ngopi bernuansa alam di tengah rimbun pepohonan,1,1,2026-09-25 08:15:00+00:00,2026-09-25 08:15:00+00:00,0,0.0,,0.7,https://radarcirebon.disway.id/trend/read/228457/bosan-nongkrong-di-kafe-biasa-ini-7-tempat-bernuansa-alam-di-cirebon-yang-bikin-pikiran-adem,,,,Jawa Barat,-6.92,107.6,Pusat provinsi,teks,Cirebon ambigu (Kota/Kabupaten Cirebon)
1498,1498,GTC Kota Cirebon,lainnya,"Area parkir GTC, Kota Cirebon",Dua pengamen ditangkap usai video adu jotos dengan pengunjung tempat makan viral (isu negatif),1,1,2026-06-07 07:00:00+00:00,2026-06-07 07:00:00+00:00,0,1.0,Agustus 2026,0.4,https://news.detik.com/berita/d-8604733/2-pengamen-pemukul-pengunjung-gtc-cirebon-ditangkap,,,Kota Cirebon,Jawa Barat,-6.732,108.552,Pusat kota/kabupaten,teks,Gunungsari Trade Center
1499,1499,Nasi Jamblang Mang Dul,Restoran,Cirebon,Rumah makan nasi jamblang yang dipadati pelanggan,1,1,2026-09-14 07:00:00+00:00,2026-09-14 07:00:00+00:00,0,0.0,,0.65,https://radarcirebon.disway.id/kota-cirebon/read/219100/rekomendasi-4-nasi-jamblang-di-cirebon-untuk-makan-siang-enak-dan-legendaris,,Kesambi,Kota Cirebon,Jawa Barat,-6.725,108.545,Pusat kecamatan,inferensi,
1500,1500,Nasi Jamblang Ibu Nur,Restoran,Cirebon,Nasi jamblang legendaris nyaris tak pernah sepi dengan lauk lengkap,1,1,2026-09-14 07:00:00+00:00,2026-09-14 07:00:00+00:00,0,0.0,,0.8,https://radarcirebon.disway.id/kota-cirebon/read/219100/rekomendasi-4-nasi-jamblang-di-cirebon-untuk-makan-siang-enak-dan-legendaris,,,,Jawa Barat,-6.92,107.6,Pusat provinsi,teks,Cirebon ambigu (Kota/Kabupaten Cirebon)
1501,1501,Cita Rasa Amak,Restoran,"Jalan Sukasari No. 49/07, Kelurahan Sukapura, Kecamatan Kejaksan, Kota Cirebon",Kedai Padang konsep kalcer baru dibuka dengan soto Padang,1,1,2026-04-13 07:00:00+00:00,2026-04-13 07:00:00+00:00,0,0.0,10 April 2026,0.8,https://radarcirebon.disway.id/kota-cirebon/read/218888/cita-rasa-amak-rumah-makan-padang-kalcer-dengan-rasa-autentik-di-cirebon,Sukapura,Kejaksan,Kota Cirebon,Jawa Barat,-6.712,108.555,Pusat kecamatan,teks,
1502,1502,Festival Kuliner dan Budaya Kenduri Kue Bulan 2026,Pameran,"Kawasan Pecinan, Kota Cirebon",Festival kuliner dan budaya Tionghoa bersamaan peresmian Gapura Pecinan,1,1,2026-05-16 07:00:00+00:00,2026-05-16 07:00:00+00:00,0,0.0,26 September 2026,0.75,https://radarcirebon.disway.id/kota-cirebon/read/231851/gapura-pecinan-cirebon-diresmikan-jadi-penanda-wisata-sejarah-dan-budaya,,,Kota Cirebon,Jawa Barat,-6.732,108.552,Pusat kota/kabupaten,teks,Kawasan Pecinan
1503,30,Laksa Pak Masitar,Restoran,Tangerang,"Laksa khas Tangerang legendaris, berjualan 36 tahun",1,1,2026-07-22 07:00:00+00:00,2026-07-22 07:00:00+00:00,0,0.0,,0.8,https://www.hipwee.com/travel/tempat-makan-murah-di-tangerang/,,,,Banten,-6.405,106.064,Pusat provinsi,teks+inferensi,Tangerang ambigu (Kota/Kabupaten Tangerang)
1504,16,Sop Janda,Restoran,"Jl. Raya Pekayon No. 11, Pekayon Jaya, Kec. Bekasi Selatan, Bekasi","Perpaduan masakan Jawa-Sunda, sop janda daging dan sate maranggi, selalu ramai",1,1,2026-09-22 16:00:00+00:00,2026-09-22 16:00:00+00:00,0,0.0,,0.8,https://www.tripzilla.id/tempat-makan-di-bekasi-hits-legendaris-dan-ramah-kantong/27718,Pekayon Jaya,Bekasi Selatan,Kota Bekasi,Jawa Barat,-6.26,106.988,Pusat kelurahan/desa,teks+inferensi,
1505,72,Festival Kuliner Nusantarasa by Roadshow Kuliner Viral Indonesia,Pameran,"Mal Ratu Indah, Makassar, Sulawesi Selatan",Festival kuliner viral dengan ratusan menu dan UMKM,1,1,2026-08-26 07:00:00+00:00,2026-08-26 07:00:00+00:00,0,1.0,26 Agustus - 6 September 2026,0.85,https://www.antarafoto.com/id/view/2850808/festival-kuliner-viral-indonesia-di-makassar,,,Kota Makassar,Sulawesi Selatan,-5.147,119.432,Pusat kota/kabupaten,teks,Mal Ratu Indah
1506,18,Fish n' Chops,Restoran,"Jl. Boulevard Raya Ruko RGB No. 57-58, Jaka Setia, Bekasi",Seafood platter krispi dengan harga bersahabat,1,1,2026-09-22 16:00:00+00:00,2026-09-22 16:00:00+00:00,0,0.0,,0.8,https://www.tripzilla.id/tempat-makan-di-bekasi-hits-legendaris-dan-ramah-kantong/27718,Jaka Setia,Bekasi Selatan,Kota Bekasi,Jawa Barat,-6.268,106.97,Pusat kelurahan/desa,teks+inferensi,
1507,73,Sop Durian Margando,Kafe,Depok,"Ikon kuliner Depok, sop durian dengan durian asli melimpah, hampir selalu ramai; viral lewat food vlogger dan medsos",1,1,2026-07-30 07:00:00+00:00,2026-07-30 07:00:00+00:00,0,1.0,,0.85,https://chanelmuslim.com/wisata/5-wisata-kuliner-viral-di-depok-yang-wajib-dicoba-dijamin-bikin-ketagihan,,,Kota Depok,Jawa Barat,-6.402,106.795,Pusat kota/kabupaten,teks+inferensi,
1508,20,Warung Amanda,Restoran,"Jl. Raya Taman Pinang Indah No.6, Banjarbendo, Kec. Sidoarjo","Sego sambel lento khas Sidoarjo, buka 24 jam, harga murah",1,1,2026-09-16 07:00:00+00:00,2026-09-16 07:00:00+00:00,0,0.0,,0.85,https://jatim.idntimes.com/food/dining-guide/10-rekomendasi-kuliner-malam-di-sidoarjo-cocok-bagi-pencinta-kuliner-c1c2-01-njfwj-gnsrbz,Banjarbendo,Sidoarjo,Kabupaten Sidoarjo,Jawa Timur,-7.439,112.696,Pusat kelurahan/desa,teks+inferensi,
1509,21,Warung sego babat Jalan Diponegoro,Restoran,"Jalan Diponegoro, Sidoarjo","Sego babat terkenal, selalu antre setiap malam, nasi empal",1,1,2026-09-16 07:00:00+00:00,2026-09-16 07:00:00+00:00,0,0.0,,0.6,https://jatim.idntimes.com/food/dining-guide/10-rekomendasi-kuliner-malam-di-sidoarjo-cocok-bagi-pencinta-kuliner-c1c2-01-njfwj-gnsrbz,,Sidoarjo,Kabupaten Sidoarjo,Jawa Timur,-7.45,112.715,Pusat kecamatan,teks+inferensi,
1510,22,Riung Tenda,Restoran,"Jl. Balai Pustaka Timur No.2, Rawamangun, Pulo Gadung, Jakarta Timur","Masakan Sunda murah, sambal dadak",1,1,2026-04-18 07:21:45+00:00,2026-04-18 07:21:45+00:00,0,0.0,,0.8,https://www.rumah123.com/explore/kota-jakarta-timur/tempat-makan-di-jakarta-timur-yang-murah-dan-enak/,Rawamangun,Pulo Gadung,Kota Jakarta Timur,DKI Jakarta,-6.196,106.887,Pusat kelurahan/desa,teks+inferensi,
1511,23,Sari Idaman,Restoran,"Jl. Cipinang Jaya Raya No.25A, Cipinang Muara, Jakarta Timur","Menu Sunda, olahan gurame dan ayam goreng",1,1,2026-04-18 07:21:45+00:00,2026-04-18 07:21:45+00:00,0,0.0,,0.8,https://www.rumah123.com/explore/kota-jakarta-timur/tempat-makan-di-jakarta-timur-yang-murah-dan-enak/,Cipinang Muara,Jatinegara,Kota Jakarta Timur,DKI Jakarta,-6.229,106.892,Pusat kelurahan/desa,teks+inferensi,
1512,24,Lesehan Gurame Pemuda,Restoran,"Jl. Pemuda No.77, Rawamangun, Jakarta Timur",Olahan gurame dan seafood konsep lesehan,1,1,2026-04-18 07:21:45+00:00,2026-04-18 07:21:45+00:00,0,0.0,,0.8,https://www.rumah123.com/explore/kota-jakarta-timur/tempat-makan-di-jakarta-timur-yang-murah-dan-enak/,Rawamangun,Pulo Gadung,Kota Jakarta Timur,DKI Jakarta,-6.196,106.887,Pusat kelurahan/desa,teks+inferensi,
1513,25,Sambal Bakar Indonesia,Restoran,"Jl. Lingkar Duren Sawit No.3, Duren Sawit, Jakarta Timur",Sedang populer dengan konsep sambal bakar unik,1,1,2026-04-18 07:21:45+00:00,2026-04-18 07:21:45+00:00,0,0.0,,0.8,https://www.rumah123.com/explore/kota-jakarta-timur/tempat-makan-di-jakarta-timur-yang-murah-dan-enak/,,Duren Sawit,Kota Jakarta Timur,DKI Jakarta,-6.23,106.915,Pusat kecamatan,teks+inferensi,
1514,26,Teras Rumah Nenek,Kafe,"Jl. Abdulrahman No.46, Cibubur, Ciracas, Jakarta Timur",Tempat makan sekaligus kafe asri dengan area outdoor luas,1,1,2026-04-18 07:21:45+00:00,2026-04-18 07:21:45+00:00,0,0.0,,0.8,https://www.rumah123.com/explore/kota-jakarta-timur/tempat-makan-di-jakarta-timur-yang-murah-dan-enak/,Cibubur,Ciracas,Kota Jakarta Timur,DKI Jakarta,-6.364,106.883,Pusat kelurahan/desa,teks+inferensi,
1515,27,Bakso President,Restoran,Malang,Bakso legendaris sejak 1977 di sisi rel kereta api aktif,1,1,2026-08-18 07:00:00+00:00,2026-08-18 07:00:00+00:00,0,0.0,,0.9,https://erafone.com/artikel/post/wisata-kuliner-malang-04,,,Kota Malang,Jawa Timur,-7.98,112.63,Pusat kota/kabupaten,teks+inferensi,Malang diasumsikan Kota Malang
1516,74,Soto Bu Tjondro,Restoran,Depok,Kuah soto gurih kaya rempah; masuk daftar kuliner viral Depok,1,1,2026-07-30 07:00:00+00:00,2026-07-30 07:00:00+00:00,0,1.0,,0.75,https://chanelmuslim.com/wisata/5-wisata-kuliner-viral-di-depok-yang-wajib-dicoba-dijamin-bikin-ketagihan,,,Kota Depok,Jawa Barat,-6.402,106.795,Pusat kota/kabupaten,teks+inferensi,
1517,75,Warung Pancong Mang Kumis & Mang Dadang,Kafe,Depok,Mengubah pancong tradisional menjadi kuliner viral,1,1,2026-07-30 07:00:00+00:00,2026-07-30 07:00:00+00:00,0,1.0,,0.85,https://chanelmuslim.com/wisata/5-wisata-kuliner-viral-di-depok-yang-wajib-dicoba-dijamin-bikin-ketagihan,,,Kota Depok,Jawa Barat,-6.402,106.795,Pusat kota/kabupaten,teks+inferensi,
1518,15,Aldi's Burger,Restoran,"Tenant TikTok Food Fest, GBK, Jakarta",Burger populer di media sosial,1,1,2026-09-27 10:22:00+00:00,2026-09-27 10:22:00+00:00,0,1.0,,0.7,https://aktualita.co/ragam/tiktok-food-fest-2026-hari-terakhir-gbk,Gelora,Tanah Abang,Kota Jakarta Pusat,DKI Jakarta,-6.2186,106.8019,Titik tempat,teks+inferensi,Kawasan GBK Senayan
1519,1518,Pasar Jagasatru,lainnya,Kota Cirebon,Aksi pencurian sayur berulang terekam CCTV viral dan jadi perbincangan warganet (isu negatif),1,1,2026-08-05 07:00:00+00:00,2026-08-05 07:00:00+00:00,0,1.0,6 Agustus 2026,0.35,https://mediacirebon.id/pelaku-pencurian-di-pasar-jagasatru-yang-viral-di-instagram-akhirnya-ditangkap/,,,Kota Cirebon,Jawa Barat,-6.732,108.552,Pusat kota/kabupaten,teks,
1520,1504,Embung Wanakaya,Wisata Alam,"Kecamatan Tengah Tani, Kabupaten Cirebon","Embung mengering jadi hamparan rumput, viral di media sosial dan jadi wisata dadakan",1,1,2026-09-24 03:02:30+00:00,2026-09-24 03:02:30+00:00,0,1.0,September 2026,0.85,https://aboutcirebon.id/embung-wanakaya-cirebon-mengering-jadi-wisata-dadakan-dan-ramai-dikunjungi-warga/,Wanakaya,Tengah Tani,Kabupaten Cirebon,Jawa Barat,-6.74,108.51,Pusat kecamatan,teks+inferensi,
1521,1505,Pantai Kejawanan,Wisata Alam,Cirebon,Wisata Cirebon yang lagi hits,1,1,2026-09-24 02:46:43+00:00,2026-09-24 02:46:43+00:00,0,0.0,,0.55,https://radarcirebon.disway.id/kota-cirebon/read/222041/lagi-hits-dan-ramai-pengunjung-ini-daftar-tempat-wisata-di-cirebon-terbaru-2026,,Lemahwungkuk,Kota Cirebon,Jawa Barat,-6.725,108.57,Pusat kecamatan,inferensi,
1522,1506,Keraton Kasepuhan,Museum,Cirebon,Wisata sejarah Cirebon yang lagi hits,1,1,2026-09-24 02:46:43+00:00,2026-09-24 02:46:43+00:00,0,0.0,,0.6,https://radarcirebon.disway.id/kota-cirebon/read/222041/lagi-hits-dan-ramai-pengunjung-ini-daftar-tempat-wisata-di-cirebon-terbaru-2026,Kasepuhan,Lemahwungkuk,Kota Cirebon,Jawa Barat,-6.7263,108.5708,Titik tempat,inferensi,
1523,1507,Goa Sunyaragi,lainnya,Cirebon,Wisata sejarah Cirebon yang lagi hits,1,1,2026-09-24 02:46:43+00:00,2026-09-24 02:46:43+00:00,0,0.0,,0.6,https://radarcirebon.disway.id/kota-cirebon/read/222041/lagi-hits-dan-ramai-pengunjung-ini-daftar-tempat-wisata-di-cirebon-terbaru-2026,Sunyaragi,Kesambi,Kota Cirebon,Jawa Barat,-6.7298,108.5397,Titik tempat,inferensi,
1524,1508,Batik Trusmi,lainnya,"Trusmi, Cirebon",Wisata belanja batik Cirebon yang lagi hits,1,1,2026-09-24 02:46:43+00:00,2026-09-24 02:46:43+00:00,0,0.0,,0.55,https://radarcirebon.disway.id/kota-cirebon/read/222041/lagi-hits-dan-ramai-pengunjung-ini-daftar-tempat-wisata-di-cirebon-terbaru-2026,,Plered,Kabupaten Cirebon,Jawa Barat,-6.705,108.505,Pusat kecamatan,inferensi,Desa Trusmi Wetan/Trusmi Kulon
1525,1509,Taman Air Goa Sunyaragi,lainnya,Kota Cirebon,"Kompleks bersejarah berarsitektur unik menyerupai gua, destinasi favorit wisatawan",1,1,2026-09-12 16:00:00+00:00,2026-09-12 16:00:00+00:00,0,0.0,,0.75,https://mediacirebon.id/yuk-liburan-ke-cirebon-turun-kereta-10-menit-sudah-berwisata/,Sunyaragi,Kesambi,Kota Cirebon,Jawa Barat,-6.7298,108.5397,Titik tempat,teks+inferensi,
1526,1510,Kampung Batik Trusmi,lainnya,"Trusmi, Cirebon",Kawasan pusat batik khas Cirebon dekat stasiun,1,1,2026-09-12 16:00:00+00:00,2026-09-12 16:00:00+00:00,0,0.0,,0.65,https://mediacirebon.id/yuk-liburan-ke-cirebon-turun-kereta-10-menit-sudah-berwisata/,,Plered,Kabupaten Cirebon,Jawa Barat,-6.705,108.505,Pusat kecamatan,inferensi,Desa Trusmi Wetan/Trusmi Kulon
1527,1511,Panggung Rakyat Taman Parkir Sumber,lainnya,"Sumber, Kabupaten Cirebon","Ruang publik dengan hiburan musik, kesenian tradisional dan stan kuliner UMKM tiap akhir pekan",1,1,2026-07-04 07:00:00+00:00,2026-07-04 07:00:00+00:00,0,0.0,,0.6,https://mediacirebon.id/taman-parkir-sumber-jadi-destinasi-wisata-malam-di-cirebon/,,Sumber,Kabupaten Cirebon,Jawa Barat,-6.76,108.48,Pusat kecamatan,teks,
1528,1512,Taman Ade Irma Suryani,Wahana,"Jalan Yos Sudarso, pinggir pantai Kota Cirebon",Cirebon Waterland kembali ke nama lama dan dipercantik untuk dongkrak kunjungan yang lesu,1,1,2026-09-05 07:00:00+00:00,2026-09-05 07:00:00+00:00,0,0.0,,0.7,https://mediacirebon.id/cirebon-waterland-akan-berganti-nama-jadi-taman-ade-irma-suryani/,,Lemahwungkuk,Kota Cirebon,Jawa Barat,-6.725,108.57,Pusat kecamatan,teks+inferensi,
1529,1513,Lembur Pakuan,lainnya,Subang,Destinasi wisata edukatif yang dikunjungi rombongan anak yatim,1,1,2026-05-16 07:00:00+00:00,2026-05-16 07:00:00+00:00,0,0.0,27-28 Juni 2026,0.45,https://mediacirebon.id/bkprmi-kota-cirebon-ajak-anak-yatim-jelajahi-lembur-pakuan-dan-bandung/,,,Kabupaten Subang,Jawa Barat,-6.5,107.76,Pusat kota/kabupaten,teks+inferensi,
1530,1514,Museum Geologi Bandung,Museum,Bandung,Destinasi wisata edukatif yang dikunjungi rombongan anak yatim,1,1,2026-05-16 07:00:00+00:00,2026-05-16 07:00:00+00:00,0,0.0,27-28 Juni 2026,0.45,https://mediacirebon.id/bkprmi-kota-cirebon-ajak-anak-yatim-jelajahi-lembur-pakuan-dan-bandung/,Cihaur Geulis,Cibeunying Kaler,Kota Bandung,Jawa Barat,-6.9008,107.6217,Titik tempat,teks+inferensi,
1531,1515,Museum Linggarjati,Museum,"Linggarjati, Kuningan",Pedagang museum berjuang di tengah sepinya pengunjung pasca COVID-19,1,1,2026-07-21 07:00:00+00:00,2026-07-21 07:00:00+00:00,0,0.0,,0.5,https://www.detik.com/jabar/cirebon-raya/d-8428858/nestapa-pedagang-di-museum-linggarjati-kuningan-berteman-kesepian,Linggarjati,Cilimus,Kabupaten Kuningan,Jawa Barat,-6.88,108.49,Pusat kecamatan,teks+inferensi,
1532,1516,Pasar Rumput Plumbon,lainnya,"Desa Karangmulya, Kecamatan Plumbon, Kabupaten Cirebon",Tumpukan sampah setinggi dua meter di belakang pasar viral di media sosial (isu negatif),1,1,2026-09-24 05:29:59+00:00,2026-09-24 05:29:59+00:00,0,1.0,31 Juli 2026,0.4,https://bandung.kompas.com/read/2026/07/31/141239378/sampah-menggunung-hingga-2-meter-di-pasar-warga-cirebon-keluhkan-bau?page=all,Karangmulya,Plumbon,Kabupaten Cirebon,Jawa Barat,-6.705,108.47,Pusat kecamatan,teks,
1533,77,Brownies Tjihapit,Kafe,"Pasar Cihapit, Kota Bandung","Brownies fudgy varian kunafa pistachio, kuliner yang tengah ramai",1,1,2026-09-14 08:13:47+00:00,2026-09-14 08:13:47+00:00,0,1.0,,0.8,https://jabar.antaranews.com/berita/707015/rekomendasi-kuliner-viral-pasar-cihapit-bandung-dari-brownies-kunafa-hingga-warung-bu-eha-legendaris,Cihapit,Bandung Wetan,Kota Bandung,Jawa Barat,-6.903,107.625,Pusat kelurahan/desa,teks+inferensi,
1534,0,Soto Mie Agih,Restoran,"Jalan Suryakencana No.313, Babakan Pasar, Bogor Tengah, Bogor","Soto mie legendaris Bogor sejak 1965-an, menu babat hingga jumbo",1,1,2026-09-26 08:00:30+00:00,2026-09-26 08:00:30+00:00,0,0.0,,0.9,https://food.detik.com/rumah-makan/d-8679688/awas-kalap-ini-7-tempat-makan-soto-mie-legendaris-di-jakarta-dan-bogor,Babakan Pasar,Bogor Tengah,Kota Bogor,Jawa Barat,-6.605,106.8,Pusat kelurahan/desa,teks+inferensi,
